/*******************************************************************************
 * Size: 28 px
 * Bpp: 4
 * Opts: --font build/fonts/extras/ttf/Inter-SemiBold.ttf -r 0x20-0x7E,0xA0-0x17F,0x370-0x3FF,0x400-0x45F,0x2010-0x2027,0x20AC --size 28 --bpp 4 --no-compress --format lvgl --lv-include lvgl.h --lv-font-name owl_font_28 --lv-fallback lv_font_montserrat_28 -o firmware/components/owl_ui/fonts/owl_font_28.c
 ******************************************************************************/

#ifdef LV_LVGL_H_INCLUDE_SIMPLE
#include "lvgl.h"
#else
#include "lvgl.h"
#endif

#ifndef OWL_FONT_28
#define OWL_FONT_28 1
#endif

#if OWL_FONT_28

/*-----------------
 *    BITMAPS
 *----------------*/

/*Store the image of the glyphs*/
static LV_ATTRIBUTE_LARGE_CONST const uint8_t glyph_bitmap[] = {
    /* U+0020 " " */

    /* U+0021 "!" */
    0x6f, 0xff, 0x66, 0xff, 0xf6, 0x6f, 0xff, 0x66,
    0xff, 0xf5, 0x5f, 0xff, 0x55, 0xff, 0xf5, 0x5f,
    0xff, 0x45, 0xff, 0xf4, 0x4f, 0xff, 0x44, 0xff,
    0xf4, 0x4f, 0xff, 0x34, 0xff, 0xf3, 0x3f, 0xff,
    0x33, 0xff, 0xf2, 0x15, 0x55, 0x0, 0x0, 0x0,
    0x2, 0x62, 0x4, 0xff, 0xf4, 0xaf, 0xff, 0xa9,
    0xff, 0xf9, 0x1b, 0xfb, 0x10,

    /* U+0022 "\"" */
    0x2f, 0xff, 0x40, 0xaf, 0xfd, 0x2f, 0xff, 0x30,
    0x9f, 0xfc, 0x1f, 0xff, 0x30, 0x9f, 0xfb, 0xf,
    0xff, 0x20, 0x8f, 0xfb, 0xf, 0xff, 0x10, 0x7f,
    0xfa, 0xf, 0xff, 0x10, 0x6f, 0xf9, 0xe, 0xff,
    0x0, 0x6f, 0xf8, 0xe, 0xff, 0x0, 0x5f, 0xf8,
    0x6, 0x87, 0x0, 0x28, 0x83,

    /* U+0023 "#" */
    0x0, 0x0, 0x5, 0xff, 0x60, 0x0, 0x3f, 0xf8,
    0x0, 0x0, 0x0, 0x8, 0xff, 0x30, 0x0, 0x6f,
    0xf6, 0x0, 0x0, 0x0, 0xb, 0xff, 0x0, 0x0,
    0x8f, 0xf3, 0x0, 0x0, 0x0, 0xe, 0xfd, 0x0,
    0x0, 0xbf, 0xf0, 0x0, 0x0, 0x0, 0xf, 0xfb,
    0x0, 0x0, 0xef, 0xd0, 0x0, 0x1, 0xff, 0xff,
    0xff, 0xff, 0xff, 0xff, 0xff, 0xf9, 0x3, 0xff,
    0xff, 0xff, 0xff, 0xff, 0xff, 0xff, 0xf6, 0x5,
    0xdd, 0xff, 0xfe, 0xdd, 0xde, 0xff, 0xed, 0xd3,
    0x0, 0x0, 0xaf, 0xf1, 0x0, 0x8, 0xff, 0x30,
    0x0, 0x0, 0x0, 0xdf, 0xf0, 0x0, 0xa, 0xff,
    0x10, 0x0, 0x0, 0x0, 0xff, 0xc0, 0x0, 0xc,
    0xff, 0x0, 0x0, 0x0, 0x1, 0xff, 0xa0, 0x0,
    0xf, 0xfd, 0x0, 0x0, 0x0, 0x3, 0xff, 0x80,
    0x0, 0x1f, 0xfb, 0x0, 0x0, 0x4f, 0xff, 0xff,
    0xff, 0xff, 0xff, 0xff, 0xff, 0x60, 0x6f, 0xff,
    0xff, 0xff, 0xff, 0xff, 0xff, 0xff, 0x30, 0x7d,
    0xdf, 0xff, 0xdd, 0xdd, 0xff, 0xfe, 0xdd, 0x10,
    0x0, 0xe, 0xfe, 0x0, 0x0, 0xbf, 0xf1, 0x0,
    0x0, 0x0, 0xf, 0xfb, 0x0, 0x0, 0xef, 0xe0,
    0x0, 0x0, 0x0, 0x3f, 0xf8, 0x0, 0x0, 0xff,
    0xb0, 0x0, 0x0, 0x0, 0x6f, 0xf6, 0x0, 0x3,
    0xff, 0x80, 0x0, 0x0, 0x0, 0x8f, 0xf3, 0x0,
    0x6, 0xff, 0x60, 0x0, 0x0,

    /* U+0024 "$" */
    0x0, 0x0, 0x0, 0xa, 0xf0, 0x0, 0x0, 0x0,
    0x0, 0x0, 0x0, 0xa, 0xf0, 0x0, 0x0, 0x0,
    0x0, 0x0, 0x0, 0xa, 0xf0, 0x0, 0x0, 0x0,
    0x0, 0x0, 0x4a, 0xef, 0xff, 0xd8, 0x20, 0x0,
    0x0, 0x1b, 0xff, 0xff, 0xff, 0xff, 0xf7, 0x0,
    0x0, 0xdf, 0xff, 0xff, 0xff, 0xff, 0xff, 0x60,
    0x8, 0xff, 0xfd, 0x5a, 0xf3, 0x9f, 0xff, 0xf1,
    0xe, 0xff, 0xe0, 0xa, 0xf0, 0x7, 0xff, 0xf6,
    0x1f, 0xff, 0x90, 0xa, 0xf0, 0x0, 0xdd, 0xd7,
    0x1f, 0xff, 0xb0, 0xa, 0xf0, 0x0, 0x0, 0x0,
    0xe, 0xff, 0xf8, 0xa, 0xf0, 0x0, 0x0, 0x0,
    0x7, 0xff, 0xff, 0xed, 0xf0, 0x0, 0x0, 0x0,
    0x0, 0xaf, 0xff, 0xff, 0xff, 0xb6, 0x0, 0x0,
    0x0, 0x6, 0xef, 0xff, 0xff, 0xff, 0xe5, 0x0,
    0x0, 0x0, 0x4, 0x8e, 0xff, 0xff, 0xff, 0x70,
    0x0, 0x0, 0x0, 0xa, 0xf6, 0xcf, 0xff, 0xf3,
    0x0, 0x0, 0x0, 0xa, 0xf0, 0x6, 0xff, 0xfa,
    0x24, 0x43, 0x0, 0xa, 0xf0, 0x0, 0xdf, 0xfd,
    0x9f, 0xff, 0x10, 0xa, 0xf0, 0x0, 0xdf, 0xfd,
    0x6f, 0xff, 0x90, 0xa, 0xf0, 0x4, 0xff, 0xfb,
    0x1f, 0xff, 0xfb, 0x4a, 0xf3, 0x8f, 0xff, 0xf6,
    0x7, 0xff, 0xff, 0xff, 0xff, 0xff, 0xff, 0xc0,
    0x0, 0x7f, 0xff, 0xff, 0xff, 0xff, 0xfc, 0x10,
    0x0, 0x2, 0x8d, 0xff, 0xff, 0xea, 0x50, 0x0,
    0x0, 0x0, 0x0, 0xa, 0xf0, 0x0, 0x0, 0x0,
    0x0, 0x0, 0x0, 0xa, 0xf0, 0x0, 0x0, 0x0,
    0x0, 0x0, 0x0, 0x8, 0xd0, 0x0, 0x0, 0x0,

    /* U+0025 "%" */
    0x0, 0x4b, 0xef, 0xc4, 0x0, 0x0, 0x0, 0x0,
    0xa, 0xfe, 0x10, 0x0, 0x5, 0xff, 0xff, 0xff,
    0x60, 0x0, 0x0, 0x0, 0x5f, 0xf5, 0x0, 0x0,
    0xe, 0xff, 0x76, 0xef, 0xf0, 0x0, 0x0, 0x1,
    0xef, 0xa0, 0x0, 0x0, 0x3f, 0xf7, 0x0, 0x6f,
    0xf4, 0x0, 0x0, 0xa, 0xfe, 0x10, 0x0, 0x0,
    0x4f, 0xf5, 0x0, 0x4f, 0xf5, 0x0, 0x0, 0x5f,
    0xf5, 0x0, 0x0, 0x0, 0x3f, 0xf6, 0x0, 0x5f,
    0xf4, 0x0, 0x1, 0xef, 0xa0, 0x0, 0x0, 0x0,
    0x1f, 0xfc, 0x11, 0xbf, 0xf1, 0x0, 0xa, 0xfe,
    0x10, 0x0, 0x0, 0x0, 0x9, 0xff, 0xff, 0xff,
    0xa0, 0x0, 0x5f, 0xf5, 0x0, 0x0, 0x0, 0x0,
    0x0, 0x9f, 0xff, 0xfa, 0x0, 0x1, 0xef, 0xa0,
    0x0, 0x0, 0x0, 0x0, 0x0, 0x1, 0x44, 0x10,
    0x0, 0xa, 0xfe, 0x10, 0x0, 0x0, 0x0, 0x0,
    0x0, 0x0, 0x0, 0x0, 0x0, 0x5f, 0xf5, 0x0,
    0x0, 0x0, 0x0, 0x0, 0x0, 0x0, 0x0, 0x0,
    0x1, 0xef, 0xa0, 0x0, 0x3b, 0xef, 0xc4, 0x0,
    0x0, 0x0, 0x0, 0x0, 0xa, 0xfe, 0x10, 0x3,
    0xff, 0xff, 0xff, 0x50, 0x0, 0x0, 0x0, 0x0,
    0x5f, 0xf5, 0x0, 0xc, 0xff, 0x76, 0xef, 0xe0,
    0x0, 0x0, 0x0, 0x1, 0xef, 0xa0, 0x0, 0x1f,
    0xf9, 0x0, 0x6f, 0xf4, 0x0, 0x0, 0x0, 0xa,
    0xfe, 0x10, 0x0, 0x3f, 0xf6, 0x0, 0x3f, 0xf5,
    0x0, 0x0, 0x0, 0x5f, 0xf5, 0x0, 0x0, 0x3f,
    0xf6, 0x0, 0x3f, 0xf5, 0x0, 0x0, 0x1, 0xef,
    0xa0, 0x0, 0x0, 0x1f, 0xf9, 0x0, 0x6f, 0xf4,
    0x0, 0x0, 0xa, 0xfe, 0x10, 0x0, 0x0, 0xc,
    0xff, 0x76, 0xef, 0xe0, 0x0, 0x0, 0x5f, 0xf5,
    0x0, 0x0, 0x0, 0x3, 0xff, 0xff, 0xff, 0x60,
    0x0, 0x1, 0xef, 0xa0, 0x0, 0x0, 0x0, 0x0,
    0x3b, 0xef, 0xc5, 0x0,

    /* U+0026 "&" */
    0x0, 0x0, 0x4b, 0xef, 0xd8, 0x10, 0x0, 0x0,
    0x0, 0x0, 0x9, 0xff, 0xff, 0xff, 0xe2, 0x0,
    0x0, 0x0, 0x0, 0x5f, 0xff, 0xff, 0xff, 0xfd,
    0x0, 0x0, 0x0, 0x0, 0xcf, 0xfd, 0x30, 0x5f,
    0xff, 0x40, 0x0, 0x0, 0x0, 0xff, 0xf4, 0x0,
    0xa, 0xff, 0x60, 0x0, 0x0, 0x0, 0xff, 0xf2,
    0x0, 0xb, 0xff, 0x50, 0x0, 0x0, 0x0, 0xdf,
    0xf7, 0x0, 0x3f, 0xff, 0x10, 0x0, 0x0, 0x0,
    0x7f, 0xfe, 0x15, 0xff, 0xf8, 0x0, 0x0, 0x0,
    0x0, 0xd, 0xff, 0xef, 0xff, 0xa0, 0x0, 0x0,
    0x0, 0x0, 0x3, 0xff, 0xff, 0xf8, 0x0, 0x0,
    0x0, 0x0, 0x0, 0x1b, 0xff, 0xff, 0xb0, 0x0,
    0x0, 0x0, 0x0, 0x1, 0xdf, 0xff, 0xff, 0xf7,
    0x0, 0xe, 0xee, 0x10, 0xd, 0xff, 0xf6, 0xaf,
    0xff, 0x50, 0x2f, 0xff, 0x0, 0x6f, 0xff, 0x50,
    0xc, 0xff, 0xf3, 0x6f, 0xfe, 0x0, 0xbf, 0xfd,
    0x0, 0x1, 0xdf, 0xfe, 0xdf, 0xfa, 0x0, 0xbf,
    0xfc, 0x0, 0x0, 0x1e, 0xff, 0xff, 0xf4, 0x0,
    0xaf, 0xff, 0x20, 0x0, 0x3, 0xff, 0xff, 0xb0,
    0x0, 0x4f, 0xff, 0xd5, 0x10, 0x4a, 0xff, 0xff,
    0xa0, 0x0, 0xb, 0xff, 0xff, 0xff, 0xff, 0xff,
    0xff, 0xf6, 0x0, 0x0, 0xbf, 0xff, 0xff, 0xff,
    0xfb, 0xbf, 0xff, 0x30, 0x0, 0x4, 0xad, 0xff,
    0xd9, 0x40, 0xd, 0xff, 0xd1,

    /* U+0027 "'" */
    0x2f, 0xff, 0x42, 0xff, 0xf3, 0x1f, 0xff, 0x30,
    0xff, 0xf2, 0xf, 0xff, 0x10, 0xff, 0xf1, 0xe,
    0xff, 0x0, 0xef, 0xf0, 0x6, 0x87, 0x0,

    /* U+0028 "(" */
    0x0, 0x0, 0x44, 0x41, 0x0, 0x5, 0xff, 0xf1,
    0x0, 0xd, 0xff, 0xa0, 0x0, 0x4f, 0xff, 0x40,
    0x0, 0xaf, 0xfe, 0x0, 0x0, 0xff, 0xf9, 0x0,
    0x4, 0xff, 0xf5, 0x0, 0x8, 0xff, 0xf1, 0x0,
    0xc, 0xff, 0xd0, 0x0, 0xf, 0xff, 0xa0, 0x0,
    0x1f, 0xff, 0x70, 0x0, 0x4f, 0xff, 0x50, 0x0,
    0x5f, 0xff, 0x30, 0x0, 0x6f, 0xff, 0x30, 0x0,
    0x7f, 0xff, 0x20, 0x0, 0x6f, 0xff, 0x30, 0x0,
    0x5f, 0xff, 0x40, 0x0, 0x3f, 0xff, 0x60, 0x0,
    0xf, 0xff, 0x80, 0x0, 0xd, 0xff, 0xc0, 0x0,
    0xa, 0xff, 0xf0, 0x0, 0x5, 0xff, 0xf5, 0x0,
    0x0, 0xff, 0xfa, 0x0, 0x0, 0x9f, 0xff, 0x0,
    0x0, 0x3f, 0xff, 0x50, 0x0, 0xa, 0xff, 0xc0,
    0x0, 0x2, 0xff, 0xf2,

    /* U+0029 ")" */
    0x34, 0x41, 0x0, 0xa, 0xff, 0xc0, 0x0, 0x3f,
    0xff, 0x40, 0x0, 0xdf, 0xfb, 0x0, 0x8, 0xff,
    0xf1, 0x0, 0x2f, 0xff, 0x60, 0x0, 0xef, 0xfb,
    0x0, 0x9, 0xff, 0xf0, 0x0, 0x6f, 0xff, 0x30,
    0x3, 0xff, 0xf6, 0x0, 0xf, 0xff, 0x90, 0x0,
    0xef, 0xfb, 0x0, 0xc, 0xff, 0xc0, 0x0, 0xcf,
    0xfd, 0x0, 0xb, 0xff, 0xe0, 0x0, 0xcf, 0xfd,
    0x0, 0xd, 0xff, 0xc0, 0x0, 0xff, 0xfa, 0x0,
    0x1f, 0xff, 0x80, 0x5, 0xff, 0xf4, 0x0, 0x9f,
    0xff, 0x10, 0xd, 0xff, 0xc0, 0x2, 0xff, 0xf6,
    0x0, 0x8f, 0xff, 0x10, 0xe, 0xff, 0xa0, 0x5,
    0xff, 0xf2, 0x0, 0xbf, 0xfa, 0x0, 0x0,

    /* U+002A "*" */
    0x0, 0x0, 0xa, 0xfb, 0x0, 0x0, 0x0, 0x0,
    0x0, 0x9f, 0xa0, 0x0, 0x0, 0x2, 0xd4, 0x8,
    0xf9, 0x3, 0xd4, 0x0, 0xbf, 0xf9, 0x8f, 0x97,
    0xff, 0xc0, 0x5, 0xdf, 0xff, 0xff, 0xff, 0xe6,
    0x0, 0x0, 0x5d, 0xff, 0xfe, 0x60, 0x0, 0x0,
    0x8, 0xff, 0xff, 0xf9, 0x10, 0x0, 0x7e, 0xff,
    0xef, 0xef, 0xff, 0x80, 0x9, 0xff, 0x67, 0xf9,
    0x5e, 0xfb, 0x0, 0x1b, 0x20, 0x8f, 0xa0, 0x1a,
    0x30, 0x0, 0x0, 0x9, 0xfa, 0x0, 0x0, 0x0,
    0x0, 0x0, 0x8d, 0x90, 0x0, 0x0,

    /* U+002B "+" */
    0x0, 0x0, 0x2, 0xff, 0xf0, 0x0, 0x0, 0x0,
    0x0, 0x0, 0x2f, 0xff, 0x0, 0x0, 0x0, 0x0,
    0x0, 0x2, 0xff, 0xf0, 0x0, 0x0, 0x0, 0x0,
    0x0, 0x2f, 0xff, 0x0, 0x0, 0x0, 0x0, 0x0,
    0x2, 0xff, 0xf0, 0x0, 0x0, 0x0, 0x0, 0x0,
    0x2f, 0xff, 0x0, 0x0, 0x0, 0x7f, 0xff, 0xff,
    0xff, 0xff, 0xff, 0xff, 0x47, 0xff, 0xff, 0xff,
    0xff, 0xff, 0xff, 0xf4, 0x7f, 0xff, 0xff, 0xff,
    0xff, 0xff, 0xff, 0x40, 0x0, 0x0, 0x2f, 0xff,
    0x0, 0x0, 0x0, 0x0, 0x0, 0x2, 0xff, 0xf0,
    0x0, 0x0, 0x0, 0x0, 0x0, 0x2f, 0xff, 0x0,
    0x0, 0x0, 0x0, 0x0, 0x2, 0xff, 0xf0, 0x0,
    0x0, 0x0, 0x0, 0x0, 0x2f, 0xff, 0x0, 0x0,
    0x0, 0x0, 0x0, 0x0, 0x33, 0x30, 0x0, 0x0,
    0x0,

    /* U+002C "," */
    0x1, 0x88, 0x83, 0x4, 0xff, 0xf4, 0x6, 0xff,
    0xf0, 0x8, 0xff, 0xb0, 0xa, 0xff, 0x60, 0xd,
    0xff, 0x20, 0xf, 0xfd, 0x0, 0x1f, 0xf9, 0x0,
    0x3f, 0xf4, 0x0,

    /* U+002D "-" */
    0x0, 0x0, 0x0, 0x0, 0x0, 0x1, 0xff, 0xff,
    0xff, 0xff, 0xf1, 0x1f, 0xff, 0xff, 0xff, 0xff,
    0x11, 0xff, 0xff, 0xff, 0xff, 0xf1,

    /* U+002E "." */
    0x3, 0x73, 0x5, 0xff, 0xf3, 0xaf, 0xff, 0x99,
    0xff, 0xf7, 0x1b, 0xfb, 0x0,

    /* U+002F "/" */
    0x0, 0x0, 0x0, 0x1f, 0xff, 0x0, 0x0, 0x0,
    0x5, 0xff, 0xb0, 0x0, 0x0, 0x0, 0xaf, 0xf7,
    0x0, 0x0, 0x0, 0xe, 0xff, 0x30, 0x0, 0x0,
    0x2, 0xff, 0xf0, 0x0, 0x0, 0x0, 0x6f, 0xfb,
    0x0, 0x0, 0x0, 0xa, 0xff, 0x60, 0x0, 0x0,
    0x0, 0xef, 0xf2, 0x0, 0x0, 0x0, 0x3f, 0xfe,
    0x0, 0x0, 0x0, 0x7, 0xff, 0xa0, 0x0, 0x0,
    0x0, 0xbf, 0xf6, 0x0, 0x0, 0x0, 0xf, 0xff,
    0x10, 0x0, 0x0, 0x4, 0xff, 0xd0, 0x0, 0x0,
    0x0, 0x8f, 0xf9, 0x0, 0x0, 0x0, 0xc, 0xff,
    0x50, 0x0, 0x0, 0x0, 0xff, 0xf1, 0x0, 0x0,
    0x0, 0x4f, 0xfc, 0x0, 0x0, 0x0, 0x9, 0xff,
    0x80, 0x0, 0x0, 0x0, 0xdf, 0xf4, 0x0, 0x0,
    0x0, 0x1f, 0xff, 0x0, 0x0, 0x0, 0x5, 0xff,
    0xc0, 0x0, 0x0, 0x0, 0x9f, 0xf7, 0x0, 0x0,
    0x0, 0xe, 0xff, 0x30, 0x0, 0x0, 0x2, 0xff,
    0xf0, 0x0, 0x0, 0x0, 0x6f, 0xfb, 0x0, 0x0,
    0x0, 0x0,

    /* U+0030 "0" */
    0x0, 0x0, 0x17, 0xce, 0xfd, 0xa4, 0x0, 0x0,
    0x0, 0x0, 0x4e, 0xff, 0xff, 0xff, 0xfa, 0x0,
    0x0, 0x0, 0x4f, 0xff, 0xff, 0xff, 0xff, 0xfb,
    0x0, 0x0, 0xe, 0xff, 0xfa, 0x42, 0x6e, 0xff,
    0xf6, 0x0, 0x7, 0xff, 0xf9, 0x0, 0x0, 0x2f,
    0xff, 0xe0, 0x0, 0xdf, 0xfe, 0x0, 0x0, 0x0,
    0x8f, 0xff, 0x50, 0x2f, 0xff, 0x90, 0x0, 0x0,
    0x1, 0xff, 0xf9, 0x5, 0xff, 0xf5, 0x0, 0x0,
    0x0, 0xe, 0xff, 0xc0, 0x7f, 0xff, 0x30, 0x0,
    0x0, 0x0, 0xbf, 0xff, 0x8, 0xff, 0xf2, 0x0,
    0x0, 0x0, 0xa, 0xff, 0xf0, 0x9f, 0xff, 0x10,
    0x0, 0x0, 0x0, 0x9f, 0xff, 0x8, 0xff, 0xf2,
    0x0, 0x0, 0x0, 0xa, 0xff, 0xf0, 0x7f, 0xff,
    0x30, 0x0, 0x0, 0x0, 0xbf, 0xff, 0x5, 0xff,
    0xf5, 0x0, 0x0, 0x0, 0xd, 0xff, 0xd0, 0x2f,
    0xff, 0x90, 0x0, 0x0, 0x1, 0xff, 0xfa, 0x0,
    0xdf, 0xfe, 0x0, 0x0, 0x0, 0x7f, 0xff, 0x50,
    0x8, 0xff, 0xf9, 0x0, 0x0, 0x2f, 0xff, 0xf0,
    0x0, 0x1e, 0xff, 0xfa, 0x43, 0x6e, 0xff, 0xf7,
    0x0, 0x0, 0x4f, 0xff, 0xff, 0xff, 0xff, 0xfb,
    0x0, 0x0, 0x0, 0x5e, 0xff, 0xff, 0xff, 0xfb,
    0x0, 0x0, 0x0, 0x0, 0x18, 0xce, 0xfe, 0xa4,
    0x0, 0x0, 0x0,

    /* U+0031 "1" */
    0x0, 0x2, 0xcf, 0xff, 0xc0, 0x5, 0xff, 0xff,
    0xfc, 0x9, 0xff, 0xff, 0xff, 0xca, 0xff, 0xfc,
    0xef, 0xfc, 0xbf, 0xf8, 0xd, 0xff, 0xcb, 0xe3,
    0x0, 0xdf, 0xfc, 0x71, 0x0, 0xd, 0xff, 0xc0,
    0x0, 0x0, 0xdf, 0xfc, 0x0, 0x0, 0xd, 0xff,
    0xc0, 0x0, 0x0, 0xdf, 0xfc, 0x0, 0x0, 0xd,
    0xff, 0xc0, 0x0, 0x0, 0xdf, 0xfc, 0x0, 0x0,
    0xd, 0xff, 0xc0, 0x0, 0x0, 0xdf, 0xfc, 0x0,
    0x0, 0xd, 0xff, 0xc0, 0x0, 0x0, 0xdf, 0xfc,
    0x0, 0x0, 0xd, 0xff, 0xc0, 0x0, 0x0, 0xdf,
    0xfc, 0x0, 0x0, 0xd, 0xff, 0xc0, 0x0, 0x0,
    0xdf, 0xfc, 0x0, 0x0, 0xd, 0xff, 0xc0,

    /* U+0032 "2" */
    0x0, 0x0, 0x5b, 0xef, 0xec, 0x71, 0x0, 0x0,
    0x2, 0xcf, 0xff, 0xff, 0xff, 0xe4, 0x0, 0x1,
    0xdf, 0xff, 0xff, 0xff, 0xff, 0xf4, 0x0, 0x9f,
    0xff, 0xc4, 0x13, 0xaf, 0xff, 0xd0, 0xf, 0xff,
    0xc0, 0x0, 0x0, 0x9f, 0xff, 0x32, 0xff, 0xf5,
    0x0, 0x0, 0x2, 0xff, 0xf6, 0x28, 0x88, 0x10,
    0x0, 0x0, 0x1f, 0xff, 0x60, 0x0, 0x0, 0x0,
    0x0, 0x4, 0xff, 0xf4, 0x0, 0x0, 0x0, 0x0,
    0x0, 0xcf, 0xfe, 0x0, 0x0, 0x0, 0x0, 0x0,
    0x8f, 0xff, 0x60, 0x0, 0x0, 0x0, 0x0, 0x6f,
    0xff, 0xb0, 0x0, 0x0, 0x0, 0x0, 0x5f, 0xff,
    0xd0, 0x0, 0x0, 0x0, 0x0, 0x5f, 0xff, 0xe1,
    0x0, 0x0, 0x0, 0x0, 0x5f, 0xff, 0xe2, 0x0,
    0x0, 0x0, 0x0, 0x5f, 0xff, 0xe2, 0x0, 0x0,
    0x0, 0x0, 0x5f, 0xff, 0xe2, 0x0, 0x0, 0x0,
    0x0, 0x6f, 0xff, 0xe3, 0x0, 0x0, 0x0, 0x0,
    0x6f, 0xff, 0xf6, 0x33, 0x33, 0x33, 0x32, 0x2f,
    0xff, 0xff, 0xff, 0xff, 0xff, 0xff, 0xc2, 0xff,
    0xff, 0xff, 0xff, 0xff, 0xff, 0xfc, 0x2f, 0xff,
    0xff, 0xff, 0xff, 0xff, 0xff, 0xc0,

    /* U+0033 "3" */
    0x0, 0x0, 0x5a, 0xdf, 0xfd, 0x93, 0x0, 0x0,
    0x0, 0x2c, 0xff, 0xff, 0xff, 0xff, 0xa0, 0x0,
    0x1, 0xef, 0xff, 0xff, 0xff, 0xff, 0xfb, 0x0,
    0x9, 0xff, 0xfb, 0x52, 0x26, 0xef, 0xff, 0x40,
    0xf, 0xff, 0xb0, 0x0, 0x0, 0x3f, 0xff, 0x80,
    0x7, 0x77, 0x30, 0x0, 0x0, 0xf, 0xff, 0xa0,
    0x0, 0x0, 0x0, 0x0, 0x0, 0x2f, 0xff, 0x70,
    0x0, 0x0, 0x0, 0x0, 0x5, 0xef, 0xfe, 0x10,
    0x0, 0x0, 0x3, 0xee, 0xff, 0xff, 0xc1, 0x0,
    0x0, 0x0, 0x4, 0xff, 0xff, 0xf8, 0x10, 0x0,
    0x0, 0x0, 0x4, 0xff, 0xff, 0xff, 0xf7, 0x0,
    0x0, 0x0, 0x0, 0x0, 0x26, 0xef, 0xff, 0x60,
    0x0, 0x0, 0x0, 0x0, 0x0, 0x1e, 0xff, 0xf0,
    0x0, 0x0, 0x0, 0x0, 0x0, 0x8, 0xff, 0xf4,
    0x12, 0x22, 0x0, 0x0, 0x0, 0x6, 0xff, 0xf6,
    0x6f, 0xff, 0x50, 0x0, 0x0, 0x8, 0xff, 0xf4,
    0x3f, 0xff, 0xc0, 0x0, 0x0, 0x2e, 0xff, 0xf1,
    0xc, 0xff, 0xfd, 0x63, 0x37, 0xff, 0xff, 0xa0,
    0x2, 0xef, 0xff, 0xff, 0xff, 0xff, 0xfd, 0x10,
    0x0, 0x3d, 0xff, 0xff, 0xff, 0xff, 0xb1, 0x0,
    0x0, 0x0, 0x5a, 0xdf, 0xfd, 0x94, 0x0, 0x0,

    /* U+0034 "4" */
    0x0, 0x0, 0x0, 0x0, 0x3f, 0xff, 0xfa, 0x0,
    0x0, 0x0, 0x0, 0x0, 0xc, 0xff, 0xff, 0xa0,
    0x0, 0x0, 0x0, 0x0, 0x6, 0xff, 0xff, 0xfa,
    0x0, 0x0, 0x0, 0x0, 0x1, 0xef, 0xff, 0xff,
    0xa0, 0x0, 0x0, 0x0, 0x0, 0xaf, 0xfe, 0xdf,
    0xfa, 0x0, 0x0, 0x0, 0x0, 0x4f, 0xff, 0x5c,
    0xff, 0xa0, 0x0, 0x0, 0x0, 0xd, 0xff, 0xb0,
    0xcf, 0xfa, 0x0, 0x0, 0x0, 0x7, 0xff, 0xf2,
    0xc, 0xff, 0xa0, 0x0, 0x0, 0x2, 0xff, 0xf8,
    0x0, 0xcf, 0xfa, 0x0, 0x0, 0x0, 0xbf, 0xfe,
    0x0, 0xc, 0xff, 0xa0, 0x0, 0x0, 0x5f, 0xff,
    0x50, 0x0, 0xcf, 0xfa, 0x0, 0x0, 0xe, 0xff,
    0xb0, 0x0, 0xc, 0xff, 0xa0, 0x0, 0x8, 0xff,
    0xf2, 0x0, 0x0, 0xcf, 0xfa, 0x0, 0x2, 0xff,
    0xf8, 0x0, 0x0, 0xc, 0xff, 0xa0, 0x0, 0x8f,
    0xff, 0xff, 0xff, 0xff, 0xff, 0xff, 0xff, 0x48,
    0xff, 0xff, 0xff, 0xff, 0xff, 0xff, 0xff, 0xf4,
    0x8f, 0xff, 0xff, 0xff, 0xff, 0xff, 0xff, 0xff,
    0x40, 0x11, 0x11, 0x11, 0x11, 0x1d, 0xff, 0xb1,
    0x10, 0x0, 0x0, 0x0, 0x0, 0x0, 0xdf, 0xfa,
    0x0, 0x0, 0x0, 0x0, 0x0, 0x0, 0xd, 0xff,
    0xa0, 0x0, 0x0, 0x0, 0x0, 0x0, 0x0, 0xdf,
    0xfa, 0x0, 0x0,

    /* U+0035 "5" */
    0x2, 0xff, 0xff, 0xff, 0xff, 0xff, 0xfa, 0x0,
    0x4f, 0xff, 0xff, 0xff, 0xff, 0xff, 0xa0, 0x5,
    0xff, 0xff, 0xff, 0xff, 0xff, 0xfa, 0x0, 0x7f,
    0xfe, 0x22, 0x22, 0x22, 0x22, 0x10, 0x9, 0xff,
    0xc0, 0x0, 0x0, 0x0, 0x0, 0x0, 0xaf, 0xfa,
    0x0, 0x0, 0x0, 0x0, 0x0, 0xc, 0xff, 0x80,
    0x0, 0x0, 0x0, 0x0, 0x0, 0xdf, 0xf7, 0x3b,
    0xef, 0xd9, 0x20, 0x0, 0xf, 0xff, 0xcf, 0xff,
    0xff, 0xff, 0x60, 0x1, 0xff, 0xff, 0xff, 0xff,
    0xff, 0xff, 0x40, 0x1c, 0xef, 0xd5, 0x0, 0x19,
    0xff, 0xfe, 0x0, 0x0, 0x10, 0x0, 0x0, 0x9,
    0xff, 0xf5, 0x0, 0x0, 0x0, 0x0, 0x0, 0x1f,
    0xff, 0x90, 0x0, 0x0, 0x0, 0x0, 0x0, 0xdf,
    0xfb, 0x0, 0x0, 0x0, 0x0, 0x0, 0xd, 0xff,
    0xa7, 0xee, 0xe1, 0x0, 0x0, 0x1, 0xff, 0xf8,
    0x5f, 0xff, 0x80, 0x0, 0x0, 0x9f, 0xff, 0x30,
    0xef, 0xff, 0x93, 0x13, 0xaf, 0xff, 0xc0, 0x4,
    0xff, 0xff, 0xff, 0xff, 0xff, 0xf2, 0x0, 0x4,
    0xef, 0xff, 0xff, 0xff, 0xd2, 0x0, 0x0, 0x1,
    0x7c, 0xef, 0xeb, 0x60, 0x0, 0x0,

    /* U+0036 "6" */
    0x0, 0x0, 0x6, 0xce, 0xfe, 0xb5, 0x0, 0x0,
    0x0, 0x2, 0xdf, 0xff, 0xff, 0xff, 0xc1, 0x0,
    0x0, 0x2e, 0xff, 0xff, 0xff, 0xff, 0xfd, 0x10,
    0x0, 0xcf, 0xff, 0xc6, 0x47, 0xdf, 0xff, 0x90,
    0x5, 0xff, 0xf9, 0x0, 0x0, 0xd, 0xff, 0xf0,
    0xb, 0xff, 0xd0, 0x0, 0x0, 0x3, 0x99, 0x92,
    0xf, 0xff, 0x70, 0x0, 0x0, 0x0, 0x0, 0x0,
    0x4f, 0xff, 0x30, 0x5b, 0xef, 0xd8, 0x10, 0x0,
    0x6f, 0xff, 0x1b, 0xff, 0xff, 0xff, 0xe3, 0x0,
    0x7f, 0xff, 0x9f, 0xff, 0xef, 0xff, 0xff, 0x20,
    0x8f, 0xff, 0xfe, 0x50, 0x2, 0xbf, 0xff, 0xb0,
    0x9f, 0xff, 0xf3, 0x0, 0x0, 0xc, 0xff, 0xf1,
    0x8f, 0xff, 0xa0, 0x0, 0x0, 0x4, 0xff, 0xf5,
    0x6f, 0xff, 0x60, 0x0, 0x0, 0x1, 0xff, 0xf7,
    0x3f, 0xff, 0x70, 0x0, 0x0, 0x1, 0xff, 0xf6,
    0xf, 0xff, 0xb0, 0x0, 0x0, 0x5, 0xff, 0xf4,
    0xa, 0xff, 0xf4, 0x0, 0x0, 0x1d, 0xff, 0xf0,
    0x2, 0xff, 0xff, 0x72, 0x15, 0xdf, 0xff, 0x80,
    0x0, 0x6f, 0xff, 0xff, 0xff, 0xff, 0xfc, 0x0,
    0x0, 0x6, 0xff, 0xff, 0xff, 0xff, 0xb1, 0x0,
    0x0, 0x0, 0x18, 0xcf, 0xfd, 0xa4, 0x0, 0x0,

    /* U+0037 "7" */
    0xdf, 0xff, 0xff, 0xff, 0xff, 0xff, 0xff, 0xdf,
    0xff, 0xff, 0xff, 0xff, 0xff, 0xff, 0xdf, 0xff,
    0xff, 0xff, 0xff, 0xff, 0xff, 0x33, 0x33, 0x33,
    0x33, 0x34, 0xff, 0xfd, 0x0, 0x0, 0x0, 0x0,
    0x6, 0xff, 0xf6, 0x0, 0x0, 0x0, 0x0, 0xe,
    0xff, 0xe0, 0x0, 0x0, 0x0, 0x0, 0x6f, 0xff,
    0x60, 0x0, 0x0, 0x0, 0x0, 0xdf, 0xfe, 0x0,
    0x0, 0x0, 0x0, 0x5, 0xff, 0xf6, 0x0, 0x0,
    0x0, 0x0, 0xd, 0xff, 0xe0, 0x0, 0x0, 0x0,
    0x0, 0x5f, 0xff, 0x70, 0x0, 0x0, 0x0, 0x0,
    0xdf, 0xfe, 0x0, 0x0, 0x0, 0x0, 0x5, 0xff,
    0xf7, 0x0, 0x0, 0x0, 0x0, 0xc, 0xff, 0xe0,
    0x0, 0x0, 0x0, 0x0, 0x4f, 0xff, 0x80, 0x0,
    0x0, 0x0, 0x0, 0xcf, 0xff, 0x10, 0x0, 0x0,
    0x0, 0x4, 0xff, 0xf8, 0x0, 0x0, 0x0, 0x0,
    0xc, 0xff, 0xf1, 0x0, 0x0, 0x0, 0x0, 0x4f,
    0xff, 0x80, 0x0, 0x0, 0x0, 0x0, 0xbf, 0xff,
    0x10, 0x0, 0x0, 0x0, 0x3, 0xff, 0xf9, 0x0,
    0x0, 0x0, 0x0,

    /* U+0038 "8" */
    0x0, 0x0, 0x5a, 0xdf, 0xfd, 0x94, 0x0, 0x0,
    0x0, 0x1c, 0xff, 0xff, 0xff, 0xff, 0xb1, 0x0,
    0x1, 0xdf, 0xff, 0xff, 0xff, 0xff, 0xfc, 0x0,
    0x8, 0xff, 0xfc, 0x30, 0x4, 0xdf, 0xff, 0x60,
    0xc, 0xff, 0xf1, 0x0, 0x0, 0x1f, 0xff, 0xa0,
    0xc, 0xff, 0xc0, 0x0, 0x0, 0xd, 0xff, 0xb0,
    0x9, 0xff, 0xe0, 0x0, 0x0, 0x1f, 0xff, 0x70,
    0x1, 0xff, 0xfb, 0x20, 0x2, 0xcf, 0xfe, 0x0,
    0x0, 0x3e, 0xff, 0xfe, 0xef, 0xff, 0xd2, 0x0,
    0x0, 0x2, 0xcf, 0xff, 0xff, 0xfb, 0x10, 0x0,
    0x0, 0x8f, 0xff, 0xff, 0xff, 0xff, 0xf6, 0x0,
    0x7, 0xff, 0xfc, 0x40, 0x4, 0xdf, 0xff, 0x50,
    0x1f, 0xff, 0xc0, 0x0, 0x0, 0x1e, 0xff, 0xe0,
    0x6f, 0xff, 0x50, 0x0, 0x0, 0x7, 0xff, 0xf5,
    0x8f, 0xff, 0x20, 0x0, 0x0, 0x4, 0xff, 0xf7,
    0x8f, 0xff, 0x40, 0x0, 0x0, 0x5, 0xff, 0xf6,
    0x5f, 0xff, 0xa0, 0x0, 0x0, 0xc, 0xff, 0xf3,
    0xd, 0xff, 0xfa, 0x20, 0x3, 0xbf, 0xff, 0xc0,
    0x3, 0xff, 0xff, 0xff, 0xff, 0xff, 0xfe, 0x20,
    0x0, 0x3d, 0xff, 0xff, 0xff, 0xff, 0xc3, 0x0,
    0x0, 0x0, 0x5b, 0xdf, 0xfd, 0xa5, 0x0, 0x0,

    /* U+0039 "9" */
    0x0, 0x0, 0x4a, 0xdf, 0xec, 0x81, 0x0, 0x0,
    0x0, 0x1b, 0xff, 0xff, 0xff, 0xff, 0x50, 0x0,
    0x0, 0xdf, 0xff, 0xff, 0xff, 0xff, 0xf5, 0x0,
    0xa, 0xff, 0xfd, 0x51, 0x28, 0xff, 0xff, 0x10,
    0x1f, 0xff, 0xd0, 0x0, 0x0, 0x5f, 0xff, 0x80,
    0x6f, 0xff, 0x40, 0x0, 0x0, 0xc, 0xff, 0xe0,
    0x8f, 0xff, 0x0, 0x0, 0x0, 0x8, 0xff, 0xf2,
    0x8f, 0xff, 0x0, 0x0, 0x0, 0x7, 0xff, 0xf5,
    0x7f, 0xff, 0x30, 0x0, 0x0, 0xb, 0xff, 0xf6,
    0x3f, 0xff, 0xc0, 0x0, 0x0, 0x5f, 0xff, 0xf7,
    0xc, 0xff, 0xfb, 0x30, 0x17, 0xff, 0xff, 0xf7,
    0x2, 0xff, 0xff, 0xff, 0xff, 0xf8, 0xff, 0xf6,
    0x0, 0x3e, 0xff, 0xff, 0xff, 0x82, 0xff, 0xf5,
    0x0, 0x1, 0x7b, 0xdc, 0x93, 0x4, 0xff, 0xf2,
    0x0, 0x0, 0x0, 0x0, 0x0, 0x8, 0xff, 0xf0,
    0x3b, 0xbb, 0x30, 0x0, 0x0, 0xe, 0xff, 0xa0,
    0x1f, 0xff, 0xc0, 0x0, 0x0, 0xaf, 0xff, 0x30,
    0xa, 0xff, 0xfd, 0x64, 0x6c, 0xff, 0xfb, 0x0,
    0x1, 0xef, 0xff, 0xff, 0xff, 0xff, 0xe1, 0x0,
    0x0, 0x2d, 0xff, 0xff, 0xff, 0xfd, 0x20, 0x0,
    0x0, 0x0, 0x6b, 0xef, 0xeb, 0x60, 0x0, 0x0,

    /* U+003A ":" */
    0x3, 0x73, 0x5, 0xff, 0xf4, 0xaf, 0xff, 0x98,
    0xff, 0xf7, 0x1b, 0xfa, 0x0, 0x0, 0x0, 0x0,
    0x0, 0x0, 0x0, 0x0, 0x0, 0x0, 0x0, 0x0,
    0x0, 0x0, 0x0, 0x0, 0x37, 0x30, 0x5f, 0xff,
    0x3a, 0xff, 0xf9, 0x9f, 0xff, 0x71, 0xbf, 0xb0,

    /* U+003B ";" */
    0x0, 0x17, 0x50, 0x1, 0xef, 0xf8, 0x5, 0xff,
    0xfe, 0x4, 0xff, 0xfc, 0x0, 0x8f, 0xd2, 0x0,
    0x0, 0x0, 0x0, 0x0, 0x0, 0x0, 0x0, 0x0,
    0x0, 0x0, 0x0, 0x0, 0x0, 0x0, 0x0, 0x0,
    0x0, 0x0, 0x0, 0x0, 0x1, 0x88, 0x83, 0x4,
    0xff, 0xf4, 0x6, 0xff, 0xf0, 0x8, 0xff, 0xb0,
    0xa, 0xff, 0x60, 0xd, 0xff, 0x20, 0xf, 0xfd,
    0x0, 0x1f, 0xf9, 0x0, 0x3f, 0xf4, 0x0,

    /* U+003C "<" */
    0x0, 0x0, 0x0, 0x0, 0x0, 0x0, 0x1, 0x0,
    0x0, 0x0, 0x0, 0x0, 0x2, 0xae, 0x0, 0x0,
    0x0, 0x0, 0x3, 0xaf, 0xfe, 0x0, 0x0, 0x0,
    0x3, 0xbf, 0xff, 0xfe, 0x0, 0x0, 0x4, 0xcf,
    0xff, 0xff, 0xe7, 0x0, 0x5, 0xcf, 0xff, 0xff,
    0xd6, 0x0, 0x5, 0xdf, 0xff, 0xff, 0xb4, 0x0,
    0x0, 0xaf, 0xff, 0xff, 0x92, 0x0, 0x0, 0x0,
    0xbf, 0xff, 0xb1, 0x0, 0x0, 0x0, 0x0, 0xbf,
    0xff, 0xfb, 0x40, 0x0, 0x0, 0x0, 0x3a, 0xff,
    0xff, 0xfd, 0x60, 0x0, 0x0, 0x0, 0x2a, 0xff,
    0xff, 0xfe, 0x81, 0x0, 0x0, 0x0, 0x29, 0xff,
    0xff, 0xff, 0x92, 0x0, 0x0, 0x0, 0x18, 0xff,
    0xff, 0xfe, 0x0, 0x0, 0x0, 0x0, 0x18, 0xef,
    0xfe, 0x0, 0x0, 0x0, 0x0, 0x0, 0x7, 0xee,
    0x0, 0x0, 0x0, 0x0, 0x0, 0x0, 0x5,

    /* U+003D "=" */
    0x2f, 0xff, 0xff, 0xff, 0xff, 0xff, 0xff, 0x2,
    0xff, 0xff, 0xff, 0xff, 0xff, 0xff, 0xf0, 0x2f,
    0xff, 0xff, 0xff, 0xff, 0xff, 0xff, 0x0, 0x22,
    0x22, 0x22, 0x22, 0x22, 0x22, 0x20, 0x0, 0x0,
    0x0, 0x0, 0x0, 0x0, 0x0, 0x0, 0x0, 0x0,
    0x0, 0x0, 0x0, 0x0, 0x0, 0x2, 0x22, 0x22,
    0x22, 0x22, 0x22, 0x22, 0x2, 0xff, 0xff, 0xff,
    0xff, 0xff, 0xff, 0xf0, 0x2f, 0xff, 0xff, 0xff,
    0xff, 0xff, 0xff, 0x2, 0xff, 0xff, 0xff, 0xff,
    0xff, 0xff, 0xf0,

    /* U+003E ">" */
    0x1, 0x0, 0x0, 0x0, 0x0, 0x0, 0x0, 0x0,
    0xf9, 0x10, 0x0, 0x0, 0x0, 0x0, 0x0, 0xf,
    0xff, 0x92, 0x0, 0x0, 0x0, 0x0, 0x0, 0xff,
    0xff, 0xfa, 0x20, 0x0, 0x0, 0x0, 0x9, 0xff,
    0xff, 0xff, 0xb3, 0x0, 0x0, 0x0, 0x0, 0x7e,
    0xff, 0xff, 0xfb, 0x30, 0x0, 0x0, 0x0, 0x5,
    0xcf, 0xff, 0xff, 0xc4, 0x0, 0x0, 0x0, 0x0,
    0x3a, 0xff, 0xff, 0xf7, 0x0, 0x0, 0x0, 0x0,
    0x1, 0xcf, 0xff, 0x80, 0x0, 0x0, 0x0, 0x5,
    0xcf, 0xff, 0xf8, 0x0, 0x0, 0x1, 0x7e, 0xff,
    0xff, 0xf9, 0x20, 0x0, 0x29, 0xff, 0xff, 0xff,
    0x91, 0x0, 0x3, 0xaf, 0xff, 0xff, 0xf8, 0x10,
    0x0, 0x0, 0xff, 0xff, 0xfe, 0x70, 0x0, 0x0,
    0x0, 0xf, 0xff, 0xe7, 0x0, 0x0, 0x0, 0x0,
    0x0, 0xfd, 0x60, 0x0, 0x0, 0x0, 0x0, 0x0,
    0x5, 0x0, 0x0, 0x0, 0x0, 0x0, 0x0, 0x0,

    /* U+003F "?" */
    0x0, 0x6, 0xbe, 0xfe, 0xb6, 0x0, 0x0, 0x2d,
    0xff, 0xff, 0xff, 0xfd, 0x20, 0xd, 0xff, 0xff,
    0xff, 0xff, 0xfe, 0x16, 0xff, 0xfc, 0x30, 0x3c,
    0xff, 0xf7, 0xbf, 0xfe, 0x0, 0x0, 0x1f, 0xff,
    0xba, 0xcc, 0x80, 0x0, 0x0, 0xdf, 0xfd, 0x0,
    0x0, 0x0, 0x0, 0xe, 0xff, 0xb0, 0x0, 0x0,
    0x0, 0x8, 0xff, 0xf7, 0x0, 0x0, 0x0, 0xa,
    0xff, 0xfd, 0x0, 0x0, 0x0, 0x2d, 0xff, 0xfd,
    0x20, 0x0, 0x0, 0xe, 0xff, 0xf9, 0x0, 0x0,
    0x0, 0x5, 0xff, 0xf6, 0x0, 0x0, 0x0, 0x0,
    0x9f, 0xfd, 0x0, 0x0, 0x0, 0x0, 0xa, 0xff,
    0x90, 0x0, 0x0, 0x0, 0x0, 0x47, 0x74, 0x0,
    0x0, 0x0, 0x0, 0x0, 0x0, 0x0, 0x0, 0x0,
    0x0, 0x0, 0x5, 0x50, 0x0, 0x0, 0x0, 0x0,
    0xd, 0xff, 0xb0, 0x0, 0x0, 0x0, 0x3, 0xff,
    0xff, 0x20, 0x0, 0x0, 0x0, 0x2f, 0xff, 0xf0,
    0x0, 0x0, 0x0, 0x0, 0x6e, 0xe5, 0x0, 0x0,
    0x0,

    /* U+0040 "@" */
    0x0, 0x0, 0x0, 0x0, 0x49, 0xce, 0xff, 0xec,
    0x95, 0x0, 0x0, 0x0, 0x0, 0x0, 0x0, 0x0,
    0x6e, 0xff, 0xff, 0xff, 0xff, 0xff, 0xf7, 0x0,
    0x0, 0x0, 0x0, 0x0, 0x1c, 0xff, 0xff, 0xff,
    0xed, 0xef, 0xff, 0xff, 0xe2, 0x0, 0x0, 0x0,
    0x2, 0xef, 0xff, 0xd7, 0x20, 0x0, 0x0, 0x39,
    0xff, 0xff, 0x30, 0x0, 0x0, 0xd, 0xff, 0xf7,
    0x0, 0x0, 0x0, 0x0, 0x0, 0x2c, 0xff, 0xe1,
    0x0, 0x0, 0x8f, 0xff, 0x40, 0x0, 0x0, 0x0,
    0x0, 0x0, 0x0, 0xbf, 0xfb, 0x0, 0x2, 0xff,
    0xf7, 0x0, 0x0, 0x0, 0x0, 0x0, 0x0, 0x0,
    0x1e, 0xff, 0x30, 0x8, 0xff, 0xc0, 0x0, 0x2,
    0x9d, 0xfe, 0x91, 0x8b, 0x90, 0x6, 0xff, 0xb0,
    0xe, 0xff, 0x50, 0x0, 0x4f, 0xff, 0xff, 0xfe,
    0xdf, 0xd0, 0x0, 0xff, 0xf0, 0x2f, 0xff, 0x0,
    0x1, 0xff, 0xff, 0xef, 0xff, 0xff, 0xd0, 0x0,
    0xbf, 0xf4, 0x5f, 0xfc, 0x0, 0xa, 0xff, 0xb1,
    0x0, 0x4e, 0xff, 0xd0, 0x0, 0x8f, 0xf6, 0x7f,
    0xf9, 0x0, 0xf, 0xff, 0x10, 0x0, 0x4, 0xff,
    0xd0, 0x0, 0x6f, 0xf7, 0x8f, 0xf8, 0x0, 0x3f,
    0xf9, 0x0, 0x0, 0x0, 0xff, 0xd0, 0x0, 0x6f,
    0xf8, 0x9f, 0xf8, 0x0, 0x4f, 0xf7, 0x0, 0x0,
    0x0, 0xdf, 0xd0, 0x0, 0x6f, 0xf8, 0x8f, 0xf8,
    0x0, 0x4f, 0xf7, 0x0, 0x0, 0x0, 0xdf, 0xd0,
    0x0, 0x7f, 0xf6, 0x7f, 0xf9, 0x0, 0x3f, 0xf9,
    0x0, 0x0, 0x0, 0xff, 0xd0, 0x0, 0x8f, 0xf4,
    0x5f, 0xfc, 0x0, 0xf, 0xfe, 0x0, 0x0, 0x4,
    0xff, 0xd0, 0x0, 0xbf, 0xf1, 0x3f, 0xff, 0x0,
    0xa, 0xff, 0x70, 0x0, 0xc, 0xff, 0xf0, 0x2,
    0xff, 0xc0, 0xe, 0xff, 0x50, 0x2, 0xff, 0xfb,
    0x89, 0xef, 0xef, 0xfc, 0x9e, 0xff, 0x50, 0xa,
    0xff, 0xc0, 0x0, 0x5f, 0xff, 0xff, 0xfd, 0x3f,
    0xff, 0xff, 0xfa, 0x0, 0x3, 0xff, 0xf6, 0x0,
    0x3, 0xae, 0xfd, 0x81, 0x3, 0xbe, 0xfd, 0x60,
    0x0, 0x0, 0xaf, 0xff, 0x40, 0x0, 0x0, 0x0,
    0x0, 0x0, 0x0, 0x0, 0x0, 0x0, 0x0, 0x1e,
    0xff, 0xf7, 0x0, 0x0, 0x0, 0x0, 0x0, 0x0,
    0x0, 0x0, 0x0, 0x0, 0x3, 0xef, 0xff, 0xe7,
    0x30, 0x0, 0x0, 0x26, 0xa2, 0x0, 0x0, 0x0,
    0x0, 0x0, 0x2d, 0xff, 0xff, 0xff, 0xfe, 0xef,
    0xff, 0xf8, 0x0, 0x0, 0x0, 0x0, 0x0, 0x0,
    0x7e, 0xff, 0xff, 0xff, 0xff, 0xff, 0xfb, 0x0,
    0x0, 0x0, 0x0, 0x0, 0x0, 0x0, 0x49, 0xce,
    0xff, 0xfd, 0xb7, 0x30, 0x0, 0x0, 0x0,

    /* U+0041 "A" */
    0x0, 0x0, 0x0, 0x6, 0xff, 0xff, 0x90, 0x0,
    0x0, 0x0, 0x0, 0x0, 0x0, 0xb, 0xff, 0xff,
    0xe0, 0x0, 0x0, 0x0, 0x0, 0x0, 0x0, 0x1f,
    0xff, 0xff, 0xf4, 0x0, 0x0, 0x0, 0x0, 0x0,
    0x0, 0x6f, 0xff, 0xcf, 0xfa, 0x0, 0x0, 0x0,
    0x0, 0x0, 0x0, 0xbf, 0xfb, 0x8f, 0xff, 0x0,
    0x0, 0x0, 0x0, 0x0, 0x1, 0xff, 0xf7, 0x4f,
    0xff, 0x50, 0x0, 0x0, 0x0, 0x0, 0x6, 0xff,
    0xf3, 0xf, 0xff, 0xa0, 0x0, 0x0, 0x0, 0x0,
    0xb, 0xff, 0xe0, 0xb, 0xff, 0xf0, 0x0, 0x0,
    0x0, 0x0, 0x1f, 0xff, 0xa0, 0x7, 0xff, 0xf5,
    0x0, 0x0, 0x0, 0x0, 0x6f, 0xff, 0x60, 0x2,
    0xff, 0xfb, 0x0, 0x0, 0x0, 0x0, 0xcf, 0xff,
    0x10, 0x0, 0xdf, 0xff, 0x10, 0x0, 0x0, 0x1,
    0xff, 0xfc, 0x0, 0x0, 0x8f, 0xff, 0x60, 0x0,
    0x0, 0x7, 0xff, 0xf7, 0x0, 0x0, 0x3f, 0xff,
    0xc0, 0x0, 0x0, 0xc, 0xff, 0xff, 0xff, 0xff,
    0xff, 0xff, 0xf1, 0x0, 0x0, 0x1f, 0xff, 0xff,
    0xff, 0xff, 0xff, 0xff, 0xf7, 0x0, 0x0, 0x7f,
    0xff, 0xff, 0xff, 0xff, 0xff, 0xff, 0xfc, 0x0,
    0x0, 0xcf, 0xff, 0x20, 0x0, 0x0, 0x0, 0xdf,
    0xff, 0x20, 0x2, 0xff, 0xfd, 0x0, 0x0, 0x0,
    0x0, 0x8f, 0xff, 0x70, 0x7, 0xff, 0xf8, 0x0,
    0x0, 0x0, 0x0, 0x2f, 0xff, 0xd0, 0xc, 0xff,
    0xf2, 0x0, 0x0, 0x0, 0x0, 0xd, 0xff, 0xf2,
    0x2f, 0xff, 0xd0, 0x0, 0x0, 0x0, 0x0, 0x7,
    0xff, 0xf8,

    /* U+0042 "B" */
    0xff, 0xff, 0xff, 0xff, 0xfd, 0x93, 0x0, 0x0,
    0xff, 0xff, 0xff, 0xff, 0xff, 0xff, 0x90, 0x0,
    0xff, 0xff, 0xff, 0xff, 0xff, 0xff, 0xf8, 0x0,
    0xff, 0xfb, 0x22, 0x22, 0x4a, 0xff, 0xff, 0x10,
    0xff, 0xfb, 0x0, 0x0, 0x0, 0xaf, 0xff, 0x40,
    0xff, 0xfb, 0x0, 0x0, 0x0, 0x5f, 0xff, 0x60,
    0xff, 0xfb, 0x0, 0x0, 0x0, 0x5f, 0xff, 0x50,
    0xff, 0xfb, 0x0, 0x0, 0x0, 0xbf, 0xff, 0x10,
    0xff, 0xfb, 0x0, 0x0, 0x3a, 0xff, 0xf5, 0x0,
    0xff, 0xff, 0xff, 0xff, 0xff, 0xfb, 0x30, 0x0,
    0xff, 0xff, 0xff, 0xff, 0xff, 0xfb, 0x50, 0x0,
    0xff, 0xfe, 0xbb, 0xbb, 0xdf, 0xff, 0xfa, 0x0,
    0xff, 0xfb, 0x0, 0x0, 0x1, 0xbf, 0xff, 0x70,
    0xff, 0xfb, 0x0, 0x0, 0x0, 0xd, 0xff, 0xe0,
    0xff, 0xfb, 0x0, 0x0, 0x0, 0x9, 0xff, 0xf2,
    0xff, 0xfb, 0x0, 0x0, 0x0, 0x9, 0xff, 0xf2,
    0xff, 0xfb, 0x0, 0x0, 0x0, 0x1e, 0xff, 0xf1,
    0xff, 0xfb, 0x22, 0x22, 0x36, 0xdf, 0xff, 0xc0,
    0xff, 0xff, 0xff, 0xff, 0xff, 0xff, 0xff, 0x30,
    0xff, 0xff, 0xff, 0xff, 0xff, 0xff, 0xe5, 0x0,
    0xff, 0xff, 0xff, 0xff, 0xfe, 0xc7, 0x10, 0x0,

    /* U+0043 "C" */
    0x0, 0x0, 0x1, 0x7b, 0xef, 0xed, 0x93, 0x0,
    0x0, 0x0, 0x0, 0x6, 0xff, 0xff, 0xff, 0xff,
    0xfb, 0x20, 0x0, 0x0, 0xa, 0xff, 0xff, 0xff,
    0xff, 0xff, 0xfe, 0x20, 0x0, 0x8, 0xff, 0xff,
    0xd8, 0x67, 0xaf, 0xff, 0xfd, 0x0, 0x2, 0xff,
    0xff, 0x70, 0x0, 0x0, 0x2d, 0xff, 0xf7, 0x0,
    0xaf, 0xff, 0x80, 0x0, 0x0, 0x0, 0x1f, 0xff,
    0xe0, 0xf, 0xff, 0xd0, 0x0, 0x0, 0x0, 0x0,
    0x9f, 0xff, 0x24, 0xff, 0xf7, 0x0, 0x0, 0x0,
    0x0, 0x0, 0x22, 0x20, 0x7f, 0xff, 0x40, 0x0,
    0x0, 0x0, 0x0, 0x0, 0x0, 0x8, 0xff, 0xf2,
    0x0, 0x0, 0x0, 0x0, 0x0, 0x0, 0x0, 0x9f,
    0xff, 0x10, 0x0, 0x0, 0x0, 0x0, 0x0, 0x0,
    0x8, 0xff, 0xf2, 0x0, 0x0, 0x0, 0x0, 0x0,
    0x0, 0x0, 0x7f, 0xff, 0x40, 0x0, 0x0, 0x0,
    0x0, 0x0, 0x0, 0x4, 0xff, 0xf7, 0x0, 0x0,
    0x0, 0x0, 0x0, 0x22, 0x20, 0xf, 0xff, 0xd0,
    0x0, 0x0, 0x0, 0x0, 0x9f, 0xff, 0x20, 0xaf,
    0xff, 0x70, 0x0, 0x0, 0x0, 0x1f, 0xff, 0xe0,
    0x2, 0xff, 0xff, 0x70, 0x0, 0x0, 0x2d, 0xff,
    0xf7, 0x0, 0x8, 0xff, 0xff, 0xd8, 0x67, 0xaf,
    0xff, 0xfd, 0x0, 0x0, 0xa, 0xff, 0xff, 0xff,
    0xff, 0xff, 0xfe, 0x10, 0x0, 0x0, 0x7, 0xff,
    0xff, 0xff, 0xff, 0xfa, 0x10, 0x0, 0x0, 0x0,
    0x1, 0x7b, 0xef, 0xed, 0x93, 0x0, 0x0, 0x0,

    /* U+0044 "D" */
    0xff, 0xff, 0xff, 0xff, 0xeb, 0x72, 0x0, 0x0,
    0xf, 0xff, 0xff, 0xff, 0xff, 0xff, 0xf9, 0x0,
    0x0, 0xff, 0xff, 0xff, 0xff, 0xff, 0xff, 0xfc,
    0x10, 0xf, 0xff, 0xc4, 0x44, 0x56, 0xbf, 0xff,
    0xfb, 0x0, 0xff, 0xfb, 0x0, 0x0, 0x0, 0x3d,
    0xff, 0xf6, 0xf, 0xff, 0xb0, 0x0, 0x0, 0x0,
    0x2f, 0xff, 0xd0, 0xff, 0xfb, 0x0, 0x0, 0x0,
    0x0, 0x8f, 0xff, 0x3f, 0xff, 0xb0, 0x0, 0x0,
    0x0, 0x2, 0xff, 0xf7, 0xff, 0xfb, 0x0, 0x0,
    0x0, 0x0, 0xf, 0xff, 0xaf, 0xff, 0xb0, 0x0,
    0x0, 0x0, 0x0, 0xdf, 0xfc, 0xff, 0xfb, 0x0,
    0x0, 0x0, 0x0, 0xd, 0xff, 0xcf, 0xff, 0xb0,
    0x0, 0x0, 0x0, 0x0, 0xdf, 0xfb, 0xff, 0xfb,
    0x0, 0x0, 0x0, 0x0, 0xf, 0xff, 0xaf, 0xff,
    0xb0, 0x0, 0x0, 0x0, 0x2, 0xff, 0xf7, 0xff,
    0xfb, 0x0, 0x0, 0x0, 0x0, 0x8f, 0xff, 0x3f,
    0xff, 0xb0, 0x0, 0x0, 0x0, 0x2f, 0xff, 0xd0,
    0xff, 0xfb, 0x0, 0x0, 0x0, 0x3e, 0xff, 0xf6,
    0xf, 0xff, 0xc4, 0x44, 0x57, 0xbf, 0xff, 0xfb,
    0x0, 0xff, 0xff, 0xff, 0xff, 0xff, 0xff, 0xfc,
    0x10, 0xf, 0xff, 0xff, 0xff, 0xff, 0xff, 0xf8,
    0x0, 0x0, 0xff, 0xff, 0xff, 0xff, 0xeb, 0x71,
    0x0, 0x0, 0x0,

    /* U+0045 "E" */
    0xff, 0xff, 0xff, 0xff, 0xff, 0xff, 0xf4, 0xff,
    0xff, 0xff, 0xff, 0xff, 0xff, 0xf4, 0xff, 0xff,
    0xff, 0xff, 0xff, 0xff, 0xf4, 0xff, 0xfc, 0x22,
    0x22, 0x22, 0x22, 0x20, 0xff, 0xfb, 0x0, 0x0,
    0x0, 0x0, 0x0, 0xff, 0xfb, 0x0, 0x0, 0x0,
    0x0, 0x0, 0xff, 0xfb, 0x0, 0x0, 0x0, 0x0,
    0x0, 0xff, 0xfb, 0x0, 0x0, 0x0, 0x0, 0x0,
    0xff, 0xfb, 0x22, 0x22, 0x22, 0x22, 0x10, 0xff,
    0xff, 0xff, 0xff, 0xff, 0xff, 0x90, 0xff, 0xff,
    0xff, 0xff, 0xff, 0xff, 0x90, 0xff, 0xff, 0xff,
    0xff, 0xff, 0xff, 0x90, 0xff, 0xfb, 0x0, 0x0,
    0x0, 0x0, 0x0, 0xff, 0xfb, 0x0, 0x0, 0x0,
    0x0, 0x0, 0xff, 0xfb, 0x0, 0x0, 0x0, 0x0,
    0x0, 0xff, 0xfb, 0x0, 0x0, 0x0, 0x0, 0x0,
    0xff, 0xfb, 0x0, 0x0, 0x0, 0x0, 0x0, 0xff,
    0xfc, 0x22, 0x22, 0x22, 0x22, 0x20, 0xff, 0xff,
    0xff, 0xff, 0xff, 0xff, 0xf5, 0xff, 0xff, 0xff,
    0xff, 0xff, 0xff, 0xf5, 0xff, 0xff, 0xff, 0xff,
    0xff, 0xff, 0xf5,

    /* U+0046 "F" */
    0xff, 0xff, 0xff, 0xff, 0xff, 0xff, 0xf1, 0xff,
    0xff, 0xff, 0xff, 0xff, 0xff, 0xf1, 0xff, 0xff,
    0xff, 0xff, 0xff, 0xff, 0xf1, 0xff, 0xfc, 0x22,
    0x22, 0x22, 0x22, 0x20, 0xff, 0xfb, 0x0, 0x0,
    0x0, 0x0, 0x0, 0xff, 0xfb, 0x0, 0x0, 0x0,
    0x0, 0x0, 0xff, 0xfb, 0x0, 0x0, 0x0, 0x0,
    0x0, 0xff, 0xfb, 0x0, 0x0, 0x0, 0x0, 0x0,
    0xff, 0xfb, 0x0, 0x0, 0x0, 0x0, 0x0, 0xff,
    0xfb, 0x22, 0x22, 0x22, 0x22, 0x0, 0xff, 0xff,
    0xff, 0xff, 0xff, 0xff, 0x20, 0xff, 0xff, 0xff,
    0xff, 0xff, 0xff, 0x20, 0xff, 0xff, 0xff, 0xff,
    0xff, 0xff, 0x20, 0xff, 0xfb, 0x0, 0x0, 0x0,
    0x0, 0x0, 0xff, 0xfb, 0x0, 0x0, 0x0, 0x0,
    0x0, 0xff, 0xfb, 0x0, 0x0, 0x0, 0x0, 0x0,
    0xff, 0xfb, 0x0, 0x0, 0x0, 0x0, 0x0, 0xff,
    0xfb, 0x0, 0x0, 0x0, 0x0, 0x0, 0xff, 0xfb,
    0x0, 0x0, 0x0, 0x0, 0x0, 0xff, 0xfb, 0x0,
    0x0, 0x0, 0x0, 0x0, 0xff, 0xfb, 0x0, 0x0,
    0x0, 0x0, 0x0,

    /* U+0047 "G" */
    0x0, 0x0, 0x1, 0x7b, 0xef, 0xed, 0x93, 0x0,
    0x0, 0x0, 0x0, 0x6, 0xff, 0xff, 0xff, 0xff,
    0xfb, 0x10, 0x0, 0x0, 0x9, 0xff, 0xff, 0xff,
    0xff, 0xff, 0xfe, 0x20, 0x0, 0x7, 0xff, 0xff,
    0xe8, 0x67, 0xaf, 0xff, 0xfd, 0x0, 0x2, 0xff,
    0xff, 0x80, 0x0, 0x0, 0x2d, 0xff, 0xf8, 0x0,
    0xaf, 0xff, 0x80, 0x0, 0x0, 0x0, 0x2f, 0xff,
    0xe0, 0xf, 0xff, 0xe0, 0x0, 0x0, 0x0, 0x0,
    0x8d, 0xdd, 0x24, 0xff, 0xf8, 0x0, 0x0, 0x0,
    0x0, 0x0, 0x0, 0x0, 0x7f, 0xff, 0x40, 0x0,
    0x0, 0x0, 0x0, 0x0, 0x0, 0x8, 0xff, 0xf2,
    0x0, 0x0, 0x0, 0x0, 0x0, 0x0, 0x0, 0x9f,
    0xff, 0x10, 0x0, 0x0, 0xcf, 0xff, 0xff, 0xff,
    0x78, 0xff, 0xf2, 0x0, 0x0, 0xc, 0xff, 0xff,
    0xff, 0xf7, 0x7f, 0xff, 0x40, 0x0, 0x0, 0xbf,
    0xff, 0xff, 0xff, 0x74, 0xff, 0xf7, 0x0, 0x0,
    0x0, 0x0, 0x1, 0xff, 0xf6, 0xf, 0xff, 0xd0,
    0x0, 0x0, 0x0, 0x0, 0x5f, 0xff, 0x40, 0xaf,
    0xff, 0x70, 0x0, 0x0, 0x0, 0xc, 0xff, 0xf0,
    0x3, 0xff, 0xff, 0x70, 0x0, 0x0, 0xa, 0xff,
    0xf9, 0x0, 0x8, 0xff, 0xff, 0xd8, 0x66, 0x9e,
    0xff, 0xfe, 0x10, 0x0, 0xa, 0xff, 0xff, 0xff,
    0xff, 0xff, 0xff, 0x30, 0x0, 0x0, 0x7, 0xff,
    0xff, 0xff, 0xff, 0xfc, 0x20, 0x0, 0x0, 0x0,
    0x1, 0x7b, 0xef, 0xfd, 0xa5, 0x0, 0x0, 0x0,

    /* U+0048 "H" */
    0xff, 0xfb, 0x0, 0x0, 0x0, 0x0, 0xd, 0xff,
    0xdf, 0xff, 0xb0, 0x0, 0x0, 0x0, 0x0, 0xdf,
    0xfd, 0xff, 0xfb, 0x0, 0x0, 0x0, 0x0, 0xd,
    0xff, 0xdf, 0xff, 0xb0, 0x0, 0x0, 0x0, 0x0,
    0xdf, 0xfd, 0xff, 0xfb, 0x0, 0x0, 0x0, 0x0,
    0xd, 0xff, 0xdf, 0xff, 0xb0, 0x0, 0x0, 0x0,
    0x0, 0xdf, 0xfd, 0xff, 0xfb, 0x0, 0x0, 0x0,
    0x0, 0xd, 0xff, 0xdf, 0xff, 0xb0, 0x0, 0x0,
    0x0, 0x0, 0xdf, 0xfd, 0xff, 0xfc, 0x22, 0x22,
    0x22, 0x22, 0x2d, 0xff, 0xdf, 0xff, 0xff, 0xff,
    0xff, 0xff, 0xff, 0xff, 0xfd, 0xff, 0xff, 0xff,
    0xff, 0xff, 0xff, 0xff, 0xff, 0xdf, 0xff, 0xff,
    0xff, 0xff, 0xff, 0xff, 0xff, 0xfd, 0xff, 0xfb,
    0x0, 0x0, 0x0, 0x0, 0xd, 0xff, 0xdf, 0xff,
    0xb0, 0x0, 0x0, 0x0, 0x0, 0xdf, 0xfd, 0xff,
    0xfb, 0x0, 0x0, 0x0, 0x0, 0xd, 0xff, 0xdf,
    0xff, 0xb0, 0x0, 0x0, 0x0, 0x0, 0xdf, 0xfd,
    0xff, 0xfb, 0x0, 0x0, 0x0, 0x0, 0xd, 0xff,
    0xdf, 0xff, 0xb0, 0x0, 0x0, 0x0, 0x0, 0xdf,
    0xfd, 0xff, 0xfb, 0x0, 0x0, 0x0, 0x0, 0xd,
    0xff, 0xdf, 0xff, 0xb0, 0x0, 0x0, 0x0, 0x0,
    0xdf, 0xfd, 0xff, 0xfb, 0x0, 0x0, 0x0, 0x0,
    0xd, 0xff, 0xd0,

    /* U+0049 "I" */
    0xff, 0xfb, 0xff, 0xfb, 0xff, 0xfb, 0xff, 0xfb,
    0xff, 0xfb, 0xff, 0xfb, 0xff, 0xfb, 0xff, 0xfb,
    0xff, 0xfb, 0xff, 0xfb, 0xff, 0xfb, 0xff, 0xfb,
    0xff, 0xfb, 0xff, 0xfb, 0xff, 0xfb, 0xff, 0xfb,
    0xff, 0xfb, 0xff, 0xfb, 0xff, 0xfb, 0xff, 0xfb,
    0xff, 0xfb,

    /* U+004A "J" */
    0x0, 0x0, 0x0, 0x0, 0x7, 0xff, 0xf3, 0x0,
    0x0, 0x0, 0x0, 0x7, 0xff, 0xf3, 0x0, 0x0,
    0x0, 0x0, 0x7, 0xff, 0xf3, 0x0, 0x0, 0x0,
    0x0, 0x7, 0xff, 0xf3, 0x0, 0x0, 0x0, 0x0,
    0x7, 0xff, 0xf3, 0x0, 0x0, 0x0, 0x0, 0x7,
    0xff, 0xf3, 0x0, 0x0, 0x0, 0x0, 0x7, 0xff,
    0xf3, 0x0, 0x0, 0x0, 0x0, 0x7, 0xff, 0xf3,
    0x0, 0x0, 0x0, 0x0, 0x7, 0xff, 0xf3, 0x0,
    0x0, 0x0, 0x0, 0x7, 0xff, 0xf3, 0x0, 0x0,
    0x0, 0x0, 0x7, 0xff, 0xf3, 0x0, 0x0, 0x0,
    0x0, 0x7, 0xff, 0xf3, 0x0, 0x0, 0x0, 0x0,
    0x7, 0xff, 0xf3, 0x9a, 0xa7, 0x0, 0x0, 0x7,
    0xff, 0xf3, 0xef, 0xfb, 0x0, 0x0, 0x7, 0xff,
    0xf2, 0xdf, 0xfd, 0x0, 0x0, 0x9, 0xff, 0xf1,
    0xbf, 0xff, 0x30, 0x0, 0xe, 0xff, 0xf0, 0x6f,
    0xff, 0xe5, 0x24, 0xcf, 0xff, 0xa0, 0xc, 0xff,
    0xff, 0xff, 0xff, 0xff, 0x20, 0x1, 0xcf, 0xff,
    0xff, 0xff, 0xe4, 0x0, 0x0, 0x6, 0xbe, 0xff,
    0xc8, 0x10, 0x0,

    /* U+004B "K" */
    0xff, 0xfb, 0x0, 0x0, 0x0, 0x3, 0xff, 0xff,
    0x6f, 0xff, 0xb0, 0x0, 0x0, 0x1, 0xef, 0xff,
    0x80, 0xff, 0xfb, 0x0, 0x0, 0x0, 0xcf, 0xff,
    0xa0, 0xf, 0xff, 0xb0, 0x0, 0x0, 0xbf, 0xff,
    0xc0, 0x0, 0xff, 0xfb, 0x0, 0x0, 0x8f, 0xff,
    0xd1, 0x0, 0xf, 0xff, 0xb0, 0x0, 0x6f, 0xff,
    0xe2, 0x0, 0x0, 0xff, 0xfb, 0x0, 0x4f, 0xff,
    0xf4, 0x0, 0x0, 0xf, 0xff, 0xa0, 0x1e, 0xff,
    0xf5, 0x0, 0x0, 0x0, 0xff, 0xfa, 0xc, 0xff,
    0xf8, 0x0, 0x0, 0x0, 0xf, 0xff, 0xa8, 0xff,
    0xff, 0x40, 0x0, 0x0, 0x0, 0xff, 0xfd, 0xff,
    0xff, 0xfe, 0x0, 0x0, 0x0, 0xf, 0xff, 0xff,
    0xfd, 0xff, 0xf9, 0x0, 0x0, 0x0, 0xff, 0xff,
    0xfa, 0xd, 0xff, 0xf4, 0x0, 0x0, 0xf, 0xff,
    0xfb, 0x0, 0x4f, 0xff, 0xe0, 0x0, 0x0, 0xff,
    0xfd, 0x0, 0x0, 0x9f, 0xff, 0x90, 0x0, 0xf,
    0xff, 0xb0, 0x0, 0x0, 0xef, 0xff, 0x40, 0x0,
    0xff, 0xfb, 0x0, 0x0, 0x4, 0xff, 0xfe, 0x10,
    0xf, 0xff, 0xb0, 0x0, 0x0, 0xa, 0xff, 0xf9,
    0x0, 0xff, 0xfb, 0x0, 0x0, 0x0, 0x1e, 0xff,
    0xf4, 0xf, 0xff, 0xb0, 0x0, 0x0, 0x0, 0x5f,
    0xff, 0xe1, 0xff, 0xfb, 0x0, 0x0, 0x0, 0x0,
    0xaf, 0xff, 0xa0,

    /* U+004C "L" */
    0xff, 0xfb, 0x0, 0x0, 0x0, 0x0, 0xf, 0xff,
    0xb0, 0x0, 0x0, 0x0, 0x0, 0xff, 0xfb, 0x0,
    0x0, 0x0, 0x0, 0xf, 0xff, 0xb0, 0x0, 0x0,
    0x0, 0x0, 0xff, 0xfb, 0x0, 0x0, 0x0, 0x0,
    0xf, 0xff, 0xb0, 0x0, 0x0, 0x0, 0x0, 0xff,
    0xfb, 0x0, 0x0, 0x0, 0x0, 0xf, 0xff, 0xb0,
    0x0, 0x0, 0x0, 0x0, 0xff, 0xfb, 0x0, 0x0,
    0x0, 0x0, 0xf, 0xff, 0xb0, 0x0, 0x0, 0x0,
    0x0, 0xff, 0xfb, 0x0, 0x0, 0x0, 0x0, 0xf,
    0xff, 0xb0, 0x0, 0x0, 0x0, 0x0, 0xff, 0xfb,
    0x0, 0x0, 0x0, 0x0, 0xf, 0xff, 0xb0, 0x0,
    0x0, 0x0, 0x0, 0xff, 0xfb, 0x0, 0x0, 0x0,
    0x0, 0xf, 0xff, 0xb0, 0x0, 0x0, 0x0, 0x0,
    0xff, 0xfb, 0x0, 0x0, 0x0, 0x0, 0xf, 0xff,
    0xc2, 0x22, 0x22, 0x22, 0x21, 0xff, 0xff, 0xff,
    0xff, 0xff, 0xff, 0xbf, 0xff, 0xff, 0xff, 0xff,
    0xff, 0xfb, 0xff, 0xff, 0xff, 0xff, 0xff, 0xff,
    0xb0,

    /* U+004D "M" */
    0xff, 0xff, 0xfb, 0x0, 0x0, 0x0, 0x0, 0x0,
    0xef, 0xff, 0xfc, 0xff, 0xff, 0xff, 0x10, 0x0,
    0x0, 0x0, 0x4, 0xff, 0xff, 0xfc, 0xff, 0xff,
    0xff, 0x70, 0x0, 0x0, 0x0, 0x9, 0xff, 0xff,
    0xfc, 0xff, 0xff, 0xff, 0xc0, 0x0, 0x0, 0x0,
    0xf, 0xff, 0xff, 0xfc, 0xff, 0xfc, 0xff, 0xf2,
    0x0, 0x0, 0x0, 0x5f, 0xff, 0xcf, 0xfc, 0xff,
    0xf9, 0xef, 0xf8, 0x0, 0x0, 0x0, 0xaf, 0xfb,
    0xcf, 0xfc, 0xff, 0xf9, 0xaf, 0xfd, 0x0, 0x0,
    0x0, 0xff, 0xf6, 0xcf, 0xfc, 0xff, 0xf9, 0x6f,
    0xff, 0x30, 0x0, 0x6, 0xff, 0xf1, 0xdf, 0xfc,
    0xff, 0xf9, 0x1f, 0xff, 0x90, 0x0, 0xb, 0xff,
    0xd0, 0xdf, 0xfc, 0xff, 0xfa, 0xc, 0xff, 0xe0,
    0x0, 0x1f, 0xff, 0x80, 0xdf, 0xfc, 0xff, 0xfa,
    0x6, 0xff, 0xf4, 0x0, 0x7f, 0xff, 0x20, 0xdf,
    0xfc, 0xff, 0xfa, 0x1, 0xff, 0xf9, 0x0, 0xcf,
    0xfd, 0x0, 0xdf, 0xfc, 0xff, 0xfa, 0x0, 0xbf,
    0xfe, 0x0, 0xff, 0xf7, 0x0, 0xdf, 0xfc, 0xff,
    0xfa, 0x0, 0x5f, 0xff, 0x24, 0xff, 0xf1, 0x0,
    0xdf, 0xfc, 0xff, 0xfa, 0x0, 0xf, 0xff, 0x68,
    0xff, 0xc0, 0x0, 0xdf, 0xfc, 0xff, 0xfa, 0x0,
    0x9, 0xff, 0xac, 0xff, 0x60, 0x0, 0xdf, 0xfc,
    0xff, 0xfa, 0x0, 0x4, 0xff, 0xef, 0xff, 0x10,
    0x0, 0xdf, 0xfc, 0xff, 0xfa, 0x0, 0x0, 0xef,
    0xff, 0xfb, 0x0, 0x0, 0xdf, 0xfc, 0xff, 0xfa,
    0x0, 0x0, 0x8f, 0xff, 0xf5, 0x0, 0x0, 0xdf,
    0xfc, 0xff, 0xfa, 0x0, 0x0, 0x2f, 0xff, 0xf0,
    0x0, 0x0, 0xdf, 0xfc, 0xff, 0xfa, 0x0, 0x0,
    0xd, 0xff, 0xa0, 0x0, 0x0, 0xdf, 0xfc,

    /* U+004E "N" */
    0xff, 0xff, 0x70, 0x0, 0x0, 0x0, 0x8, 0xff,
    0xf3, 0xff, 0xff, 0xf2, 0x0, 0x0, 0x0, 0x8,
    0xff, 0xf3, 0xff, 0xff, 0xfb, 0x0, 0x0, 0x0,
    0x8, 0xff, 0xf3, 0xff, 0xff, 0xff, 0x40, 0x0,
    0x0, 0x8, 0xff, 0xf3, 0xff, 0xff, 0xff, 0xe0,
    0x0, 0x0, 0x8, 0xff, 0xf3, 0xff, 0xfa, 0xff,
    0xf8, 0x0, 0x0, 0x8, 0xff, 0xf3, 0xff, 0xf9,
    0x8f, 0xff, 0x20, 0x0, 0x8, 0xff, 0xf3, 0xff,
    0xfa, 0x1f, 0xff, 0xb0, 0x0, 0x8, 0xff, 0xf3,
    0xff, 0xfb, 0x7, 0xff, 0xf5, 0x0, 0x8, 0xff,
    0xf3, 0xff, 0xfb, 0x0, 0xef, 0xfe, 0x0, 0x8,
    0xff, 0xf3, 0xff, 0xfc, 0x0, 0x5f, 0xff, 0x90,
    0x8, 0xff, 0xf3, 0xff, 0xfc, 0x0, 0xb, 0xff,
    0xf2, 0x7, 0xff, 0xf3, 0xff, 0xfc, 0x0, 0x2,
    0xff, 0xfc, 0x7, 0xff, 0xf3, 0xff, 0xfc, 0x0,
    0x0, 0x8f, 0xff, 0x47, 0xff, 0xf3, 0xff, 0xfc,
    0x0, 0x0, 0xd, 0xff, 0xc6, 0xff, 0xf3, 0xff,
    0xfc, 0x0, 0x0, 0x4, 0xff, 0xf9, 0xff, 0xf3,
    0xff, 0xfc, 0x0, 0x0, 0x0, 0xaf, 0xff, 0xff,
    0xf3, 0xff, 0xfc, 0x0, 0x0, 0x0, 0x1f, 0xff,
    0xff, 0xf3, 0xff, 0xfc, 0x0, 0x0, 0x0, 0x7,
    0xff, 0xff, 0xf3, 0xff, 0xfc, 0x0, 0x0, 0x0,
    0x0, 0xdf, 0xff, 0xf3, 0xff, 0xfc, 0x0, 0x0,
    0x0, 0x0, 0x3f, 0xff, 0xf3,

    /* U+004F "O" */
    0x0, 0x0, 0x1, 0x7b, 0xef, 0xfd, 0x94, 0x0,
    0x0, 0x0, 0x0, 0x0, 0x6f, 0xff, 0xff, 0xff,
    0xff, 0xc2, 0x0, 0x0, 0x0, 0x9, 0xff, 0xff,
    0xff, 0xff, 0xff, 0xfe, 0x30, 0x0, 0x0, 0x7f,
    0xff, 0xfd, 0x86, 0x7a, 0xff, 0xff, 0xe1, 0x0,
    0x2, 0xff, 0xff, 0x70, 0x0, 0x0, 0x2d, 0xff,
    0xfa, 0x0, 0xa, 0xff, 0xf7, 0x0, 0x0, 0x0,
    0x1, 0xef, 0xff, 0x20, 0xf, 0xff, 0xd0, 0x0,
    0x0, 0x0, 0x0, 0x5f, 0xff, 0x80, 0x4f, 0xff,
    0x70, 0x0, 0x0, 0x0, 0x0, 0xf, 0xff, 0xc0,
    0x7f, 0xff, 0x40, 0x0, 0x0, 0x0, 0x0, 0xb,
    0xff, 0xf0, 0x8f, 0xff, 0x20, 0x0, 0x0, 0x0,
    0x0, 0xa, 0xff, 0xf0, 0x9f, 0xff, 0x10, 0x0,
    0x0, 0x0, 0x0, 0x9, 0xff, 0xf1, 0x8f, 0xff,
    0x20, 0x0, 0x0, 0x0, 0x0, 0xa, 0xff, 0xf0,
    0x7f, 0xff, 0x40, 0x0, 0x0, 0x0, 0x0, 0xb,
    0xff, 0xf0, 0x4f, 0xff, 0x70, 0x0, 0x0, 0x0,
    0x0, 0xf, 0xff, 0xc0, 0xf, 0xff, 0xd0, 0x0,
    0x0, 0x0, 0x0, 0x5f, 0xff, 0x80, 0xa, 0xff,
    0xf7, 0x0, 0x0, 0x0, 0x1, 0xef, 0xff, 0x20,
    0x2, 0xff, 0xff, 0x70, 0x0, 0x0, 0x2d, 0xff,
    0xfb, 0x0, 0x0, 0x7f, 0xff, 0xfd, 0x86, 0x7a,
    0xff, 0xff, 0xe1, 0x0, 0x0, 0x9, 0xff, 0xff,
    0xff, 0xff, 0xff, 0xfe, 0x30, 0x0, 0x0, 0x0,
    0x6f, 0xff, 0xff, 0xff, 0xff, 0xc2, 0x0, 0x0,
    0x0, 0x0, 0x1, 0x7b, 0xef, 0xfd, 0x94, 0x0,
    0x0, 0x0,

    /* U+0050 "P" */
    0xff, 0xff, 0xff, 0xff, 0xec, 0x81, 0x0, 0xf,
    0xff, 0xff, 0xff, 0xff, 0xff, 0xf6, 0x0, 0xff,
    0xff, 0xff, 0xff, 0xff, 0xff, 0xf5, 0xf, 0xff,
    0xb2, 0x22, 0x25, 0xbf, 0xff, 0xf1, 0xff, 0xfb,
    0x0, 0x0, 0x0, 0xbf, 0xff, 0x6f, 0xff, 0xb0,
    0x0, 0x0, 0x2, 0xff, 0xfa, 0xff, 0xfb, 0x0,
    0x0, 0x0, 0xf, 0xff, 0xcf, 0xff, 0xb0, 0x0,
    0x0, 0x0, 0xff, 0xfc, 0xff, 0xfb, 0x0, 0x0,
    0x0, 0x2f, 0xff, 0xaf, 0xff, 0xb0, 0x0, 0x0,
    0xa, 0xff, 0xf6, 0xff, 0xfb, 0x11, 0x12, 0x4b,
    0xff, 0xff, 0x1f, 0xff, 0xff, 0xff, 0xff, 0xff,
    0xff, 0x50, 0xff, 0xff, 0xff, 0xff, 0xff, 0xff,
    0x60, 0xf, 0xff, 0xff, 0xff, 0xfe, 0xc8, 0x10,
    0x0, 0xff, 0xfb, 0x0, 0x0, 0x0, 0x0, 0x0,
    0xf, 0xff, 0xb0, 0x0, 0x0, 0x0, 0x0, 0x0,
    0xff, 0xfb, 0x0, 0x0, 0x0, 0x0, 0x0, 0xf,
    0xff, 0xb0, 0x0, 0x0, 0x0, 0x0, 0x0, 0xff,
    0xfb, 0x0, 0x0, 0x0, 0x0, 0x0, 0xf, 0xff,
    0xb0, 0x0, 0x0, 0x0, 0x0, 0x0, 0xff, 0xfb,
    0x0, 0x0, 0x0, 0x0, 0x0, 0x0,

    /* U+0051 "Q" */
    0x0, 0x0, 0x1, 0x7b, 0xef, 0xfd, 0x94, 0x0,
    0x0, 0x0, 0x0, 0x0, 0x6f, 0xff, 0xff, 0xff,
    0xff, 0xc2, 0x0, 0x0, 0x0, 0x9, 0xff, 0xff,
    0xff, 0xff, 0xff, 0xfe, 0x30, 0x0, 0x0, 0x7f,
    0xff, 0xfd, 0x86, 0x7a, 0xff, 0xff, 0xe1, 0x0,
    0x2, 0xff, 0xff, 0x70, 0x0, 0x0, 0x2d, 0xff,
    0xfb, 0x0, 0xa, 0xff, 0xf7, 0x0, 0x0, 0x0,
    0x1, 0xef, 0xff, 0x20, 0xf, 0xff, 0xd0, 0x0,
    0x0, 0x0, 0x0, 0x5f, 0xff, 0x80, 0x4f, 0xff,
    0x70, 0x0, 0x0, 0x0, 0x0, 0xf, 0xff, 0xc0,
    0x7f, 0xff, 0x40, 0x0, 0x0, 0x0, 0x0, 0xb,
    0xff, 0xf0, 0x8f, 0xff, 0x20, 0x0, 0x0, 0x0,
    0x0, 0xa, 0xff, 0xf0, 0x9f, 0xff, 0x10, 0x0,
    0x0, 0x0, 0x0, 0x9, 0xff, 0xf1, 0x8f, 0xff,
    0x20, 0x0, 0x0, 0x0, 0x0, 0xa, 0xff, 0xf0,
    0x7f, 0xff, 0x40, 0x0, 0x0, 0x0, 0x0, 0xc,
    0xff, 0xe0, 0x4f, 0xff, 0x70, 0x0, 0x2, 0x22,
    0x0, 0xf, 0xff, 0xc0, 0xf, 0xff, 0xd0, 0x0,
    0xd, 0xff, 0x60, 0x6f, 0xff, 0x70, 0xa, 0xff,
    0xf7, 0x0, 0x2, 0xff, 0xf4, 0xef, 0xff, 0x20,
    0x2, 0xff, 0xff, 0x70, 0x0, 0x5f, 0xff, 0xff,
    0xf9, 0x0, 0x0, 0x7f, 0xff, 0xfd, 0x86, 0x7e,
    0xff, 0xff, 0xd1, 0x0, 0x0, 0x9, 0xff, 0xff,
    0xff, 0xff, 0xff, 0xff, 0x20, 0x0, 0x0, 0x0,
    0x6f, 0xff, 0xff, 0xff, 0xff, 0xff, 0x50, 0x0,
    0x0, 0x0, 0x1, 0x7b, 0xef, 0xed, 0x98, 0xff,
    0xf2, 0x0, 0x0, 0x0, 0x0, 0x0, 0x0, 0x0,
    0x0, 0xaf, 0xfd, 0x0, 0x0, 0x0, 0x0, 0x0,
    0x0, 0x0, 0x0, 0x7, 0x88, 0x30,

    /* U+0052 "R" */
    0xff, 0xff, 0xff, 0xff, 0xfd, 0x93, 0x0, 0x0,
    0xff, 0xff, 0xff, 0xff, 0xff, 0xff, 0x90, 0x0,
    0xff, 0xff, 0xff, 0xff, 0xff, 0xff, 0xf8, 0x0,
    0xff, 0xfb, 0x22, 0x22, 0x4a, 0xff, 0xff, 0x20,
    0xff, 0xfb, 0x0, 0x0, 0x0, 0x9f, 0xff, 0x80,
    0xff, 0xfb, 0x0, 0x0, 0x0, 0x1f, 0xff, 0xb0,
    0xff, 0xfb, 0x0, 0x0, 0x0, 0xe, 0xff, 0xd0,
    0xff, 0xfb, 0x0, 0x0, 0x0, 0xf, 0xff, 0xb0,
    0xff, 0xfb, 0x0, 0x0, 0x0, 0x6f, 0xff, 0x90,
    0xff, 0xfb, 0x0, 0x0, 0x27, 0xff, 0xff, 0x30,
    0xff, 0xff, 0xff, 0xff, 0xff, 0xff, 0xfa, 0x0,
    0xff, 0xff, 0xff, 0xff, 0xff, 0xff, 0xb0, 0x0,
    0xff, 0xff, 0xff, 0xff, 0xff, 0xf7, 0x0, 0x0,
    0xff, 0xfb, 0x11, 0x15, 0xff, 0xfb, 0x0, 0x0,
    0xff, 0xfb, 0x0, 0x0, 0xcf, 0xff, 0x30, 0x0,
    0xff, 0xfb, 0x0, 0x0, 0x4f, 0xff, 0xc0, 0x0,
    0xff, 0xfb, 0x0, 0x0, 0xc, 0xff, 0xf4, 0x0,
    0xff, 0xfb, 0x0, 0x0, 0x4, 0xff, 0xfc, 0x0,
    0xff, 0xfb, 0x0, 0x0, 0x0, 0xcf, 0xff, 0x40,
    0xff, 0xfb, 0x0, 0x0, 0x0, 0x3f, 0xff, 0xc0,
    0xff, 0xfb, 0x0, 0x0, 0x0, 0xb, 0xff, 0xf5,

    /* U+0053 "S" */
    0x0, 0x0, 0x39, 0xde, 0xfe, 0xb6, 0x10, 0x0,
    0x0, 0x1a, 0xff, 0xff, 0xff, 0xff, 0xe5, 0x0,
    0x0, 0xcf, 0xff, 0xff, 0xff, 0xff, 0xff, 0x50,
    0x8, 0xff, 0xfe, 0x84, 0x35, 0xbf, 0xff, 0xe0,
    0xe, 0xff, 0xe2, 0x0, 0x0, 0x8, 0xff, 0xf6,
    0x1f, 0xff, 0xa0, 0x0, 0x0, 0x0, 0xee, 0xe8,
    0x1f, 0xff, 0xa0, 0x0, 0x0, 0x0, 0x0, 0x0,
    0xe, 0xff, 0xf6, 0x0, 0x0, 0x0, 0x0, 0x0,
    0x7, 0xff, 0xff, 0xd8, 0x30, 0x0, 0x0, 0x0,
    0x0, 0xaf, 0xff, 0xff, 0xff, 0xa5, 0x0, 0x0,
    0x0, 0x5, 0xdf, 0xff, 0xff, 0xff, 0xe5, 0x0,
    0x0, 0x0, 0x3, 0x7b, 0xff, 0xff, 0xff, 0x70,
    0x0, 0x0, 0x0, 0x0, 0x5, 0xbf, 0xff, 0xf3,
    0x0, 0x0, 0x0, 0x0, 0x0, 0x4, 0xff, 0xfa,
    0x46, 0x65, 0x0, 0x0, 0x0, 0x0, 0xcf, 0xfd,
    0x9f, 0xff, 0x10, 0x0, 0x0, 0x0, 0xdf, 0xfd,
    0x5f, 0xff, 0xa0, 0x0, 0x0, 0x6, 0xff, 0xfa,
    0xe, 0xff, 0xfd, 0x74, 0x46, 0xbf, 0xff, 0xf4,
    0x4, 0xff, 0xff, 0xff, 0xff, 0xff, 0xff, 0xa0,
    0x0, 0x4e, 0xff, 0xff, 0xff, 0xff, 0xf8, 0x0,
    0x0, 0x0, 0x6b, 0xef, 0xfe, 0xc8, 0x20, 0x0,

    /* U+0054 "T" */
    0xdf, 0xff, 0xff, 0xff, 0xff, 0xff, 0xff, 0xff,
    0x5d, 0xff, 0xff, 0xff, 0xff, 0xff, 0xff, 0xff,
    0xf5, 0xdf, 0xff, 0xff, 0xff, 0xff, 0xff, 0xff,
    0xff, 0x52, 0x22, 0x22, 0x2a, 0xff, 0xf3, 0x22,
    0x22, 0x20, 0x0, 0x0, 0x0, 0x9f, 0xff, 0x10,
    0x0, 0x0, 0x0, 0x0, 0x0, 0x9, 0xff, 0xf1,
    0x0, 0x0, 0x0, 0x0, 0x0, 0x0, 0x9f, 0xff,
    0x10, 0x0, 0x0, 0x0, 0x0, 0x0, 0x9, 0xff,
    0xf1, 0x0, 0x0, 0x0, 0x0, 0x0, 0x0, 0x9f,
    0xff, 0x10, 0x0, 0x0, 0x0, 0x0, 0x0, 0x9,
    0xff, 0xf1, 0x0, 0x0, 0x0, 0x0, 0x0, 0x0,
    0x9f, 0xff, 0x10, 0x0, 0x0, 0x0, 0x0, 0x0,
    0x9, 0xff, 0xf1, 0x0, 0x0, 0x0, 0x0, 0x0,
    0x0, 0x9f, 0xff, 0x10, 0x0, 0x0, 0x0, 0x0,
    0x0, 0x9, 0xff, 0xf1, 0x0, 0x0, 0x0, 0x0,
    0x0, 0x0, 0x9f, 0xff, 0x10, 0x0, 0x0, 0x0,
    0x0, 0x0, 0x9, 0xff, 0xf1, 0x0, 0x0, 0x0,
    0x0, 0x0, 0x0, 0x9f, 0xff, 0x10, 0x0, 0x0,
    0x0, 0x0, 0x0, 0x9, 0xff, 0xf1, 0x0, 0x0,
    0x0, 0x0, 0x0, 0x0, 0x9f, 0xff, 0x10, 0x0,
    0x0, 0x0, 0x0, 0x0, 0x9, 0xff, 0xf1, 0x0,
    0x0, 0x0, 0x0, 0x0, 0x0, 0x9f, 0xff, 0x10,
    0x0, 0x0, 0x0,

    /* U+0055 "U" */
    0xff, 0xfb, 0x0, 0x0, 0x0, 0x0, 0x1f, 0xff,
    0x9f, 0xff, 0xb0, 0x0, 0x0, 0x0, 0x1, 0xff,
    0xf9, 0xff, 0xfb, 0x0, 0x0, 0x0, 0x0, 0x1f,
    0xff, 0x9f, 0xff, 0xb0, 0x0, 0x0, 0x0, 0x1,
    0xff, 0xf9, 0xff, 0xfb, 0x0, 0x0, 0x0, 0x0,
    0x1f, 0xff, 0x9f, 0xff, 0xb0, 0x0, 0x0, 0x0,
    0x1, 0xff, 0xf9, 0xff, 0xfb, 0x0, 0x0, 0x0,
    0x0, 0x1f, 0xff, 0x9f, 0xff, 0xb0, 0x0, 0x0,
    0x0, 0x1, 0xff, 0xf9, 0xff, 0xfb, 0x0, 0x0,
    0x0, 0x0, 0x1f, 0xff, 0x9f, 0xff, 0xb0, 0x0,
    0x0, 0x0, 0x1, 0xff, 0xf9, 0xff, 0xfb, 0x0,
    0x0, 0x0, 0x0, 0x1f, 0xff, 0x9f, 0xff, 0xb0,
    0x0, 0x0, 0x0, 0x1, 0xff, 0xf9, 0xff, 0xfb,
    0x0, 0x0, 0x0, 0x0, 0x1f, 0xff, 0x9f, 0xff,
    0xb0, 0x0, 0x0, 0x0, 0x1, 0xff, 0xf8, 0xef,
    0xfe, 0x0, 0x0, 0x0, 0x0, 0x4f, 0xff, 0x7b,
    0xff, 0xf5, 0x0, 0x0, 0x0, 0xb, 0xff, 0xf4,
    0x5f, 0xff, 0xe3, 0x0, 0x0, 0x8, 0xff, 0xfe,
    0x0, 0xcf, 0xff, 0xfb, 0x76, 0x8d, 0xff, 0xff,
    0x60, 0x1, 0xef, 0xff, 0xff, 0xff, 0xff, 0xff,
    0xa0, 0x0, 0x1, 0xbf, 0xff, 0xff, 0xff, 0xff,
    0x70, 0x0, 0x0, 0x0, 0x39, 0xde, 0xfe, 0xc7,
    0x10, 0x0, 0x0,

    /* U+0056 "V" */
    0x2f, 0xff, 0xd0, 0x0, 0x0, 0x0, 0x0, 0x7,
    0xff, 0xf8, 0xc, 0xff, 0xf2, 0x0, 0x0, 0x0,
    0x0, 0xc, 0xff, 0xf3, 0x7, 0xff, 0xf8, 0x0,
    0x0, 0x0, 0x0, 0x1f, 0xff, 0xd0, 0x1, 0xff,
    0xfd, 0x0, 0x0, 0x0, 0x0, 0x6f, 0xff, 0x80,
    0x0, 0xcf, 0xff, 0x20, 0x0, 0x0, 0x0, 0xbf,
    0xff, 0x20, 0x0, 0x6f, 0xff, 0x80, 0x0, 0x0,
    0x1, 0xff, 0xfd, 0x0, 0x0, 0x1f, 0xff, 0xd0,
    0x0, 0x0, 0x6, 0xff, 0xf7, 0x0, 0x0, 0xb,
    0xff, 0xf2, 0x0, 0x0, 0xb, 0xff, 0xf2, 0x0,
    0x0, 0x6, 0xff, 0xf7, 0x0, 0x0, 0xf, 0xff,
    0xc0, 0x0, 0x0, 0x0, 0xff, 0xfd, 0x0, 0x0,
    0x5f, 0xff, 0x70, 0x0, 0x0, 0x0, 0xbf, 0xff,
    0x20, 0x0, 0xaf, 0xff, 0x20, 0x0, 0x0, 0x0,
    0x5f, 0xff, 0x70, 0x0, 0xff, 0xfc, 0x0, 0x0,
    0x0, 0x0, 0xf, 0xff, 0xc0, 0x4, 0xff, 0xf7,
    0x0, 0x0, 0x0, 0x0, 0xa, 0xff, 0xf1, 0x8,
    0xff, 0xf1, 0x0, 0x0, 0x0, 0x0, 0x4, 0xff,
    0xf5, 0xc, 0xff, 0xc0, 0x0, 0x0, 0x0, 0x0,
    0x0, 0xef, 0xf9, 0x1f, 0xff, 0x60, 0x0, 0x0,
    0x0, 0x0, 0x0, 0x9f, 0xfe, 0x5f, 0xff, 0x10,
    0x0, 0x0, 0x0, 0x0, 0x0, 0x4f, 0xff, 0xbf,
    0xfc, 0x0, 0x0, 0x0, 0x0, 0x0, 0x0, 0xe,
    0xff, 0xff, 0xf6, 0x0, 0x0, 0x0, 0x0, 0x0,
    0x0, 0x9, 0xff, 0xff, 0xf1, 0x0, 0x0, 0x0,
    0x0, 0x0, 0x0, 0x3, 0xff, 0xff, 0xb0, 0x0,
    0x0, 0x0,

    /* U+0057 "W" */
    0x2f, 0xff, 0xb0, 0x0, 0x0, 0x0, 0xcf, 0xff,
    0x50, 0x0, 0x0, 0x2, 0xff, 0xfb, 0xe, 0xff,
    0xf0, 0x0, 0x0, 0x0, 0xff, 0xff, 0x90, 0x0,
    0x0, 0x6, 0xff, 0xf7, 0xa, 0xff, 0xf3, 0x0,
    0x0, 0x4, 0xff, 0xff, 0xd0, 0x0, 0x0, 0xa,
    0xff, 0xf3, 0x6, 0xff, 0xf7, 0x0, 0x0, 0x8,
    0xff, 0xff, 0xf1, 0x0, 0x0, 0xe, 0xff, 0xf0,
    0x2, 0xff, 0xfa, 0x0, 0x0, 0xc, 0xff, 0xff,
    0xf5, 0x0, 0x0, 0x2f, 0xff, 0xb0, 0x0, 0xdf,
    0xfe, 0x0, 0x0, 0xf, 0xff, 0xaf, 0xf9, 0x0,
    0x0, 0x5f, 0xff, 0x60, 0x0, 0x9f, 0xff, 0x20,
    0x0, 0x4f, 0xfe, 0x6f, 0xfd, 0x0, 0x0, 0x9f,
    0xff, 0x20, 0x0, 0x5f, 0xff, 0x60, 0x0, 0x8f,
    0xfb, 0x3f, 0xff, 0x10, 0x0, 0xdf, 0xfe, 0x0,
    0x0, 0x1f, 0xff, 0xa0, 0x0, 0xcf, 0xf8, 0xf,
    0xff, 0x40, 0x1, 0xff, 0xfa, 0x0, 0x0, 0xd,
    0xff, 0xd0, 0x0, 0xff, 0xf4, 0xc, 0xff, 0x80,
    0x4, 0xff, 0xf6, 0x0, 0x0, 0x9, 0xff, 0xf1,
    0x4, 0xff, 0xf0, 0x8, 0xff, 0xc0, 0x8, 0xff,
    0xf1, 0x0, 0x0, 0x4, 0xff, 0xf5, 0x7, 0xff,
    0xc0, 0x3, 0xff, 0xf0, 0xc, 0xff, 0xd0, 0x0,
    0x0, 0x0, 0xff, 0xf8, 0xb, 0xff, 0x80, 0x0,
    0xff, 0xf3, 0xf, 0xff, 0x90, 0x0, 0x0, 0x0,
    0xcf, 0xfb, 0xe, 0xff, 0x40, 0x0, 0xbf, 0xf7,
    0x2f, 0xff, 0x50, 0x0, 0x0, 0x0, 0x8f, 0xfe,
    0x1f, 0xff, 0x0, 0x0, 0x7f, 0xfa, 0x5f, 0xff,
    0x10, 0x0, 0x0, 0x0, 0x4f, 0xff, 0x5f, 0xfc,
    0x0, 0x0, 0x3f, 0xfd, 0x8f, 0xfd, 0x0, 0x0,
    0x0, 0x0, 0xf, 0xff, 0xbf, 0xf8, 0x0, 0x0,
    0xf, 0xff, 0xbf, 0xf8, 0x0, 0x0, 0x0, 0x0,
    0xb, 0xff, 0xff, 0xf4, 0x0, 0x0, 0xb, 0xff,
    0xff, 0xf4, 0x0, 0x0, 0x0, 0x0, 0x7, 0xff,
    0xff, 0xf0, 0x0, 0x0, 0x7, 0xff, 0xff, 0xf0,
    0x0, 0x0, 0x0, 0x0, 0x3, 0xff, 0xff, 0xb0,
    0x0, 0x0, 0x3, 0xff, 0xff, 0xc0, 0x0, 0x0,
    0x0, 0x0, 0x0, 0xef, 0xff, 0x70, 0x0, 0x0,
    0x0, 0xef, 0xff, 0x80, 0x0, 0x0,

    /* U+0058 "X" */
    0x5, 0xff, 0xfd, 0x0, 0x0, 0x0, 0x0, 0x9f,
    0xff, 0x80, 0x0, 0xbf, 0xff, 0x70, 0x0, 0x0,
    0x3, 0xff, 0xfd, 0x0, 0x0, 0x1f, 0xff, 0xf2,
    0x0, 0x0, 0xd, 0xff, 0xf3, 0x0, 0x0, 0x6,
    0xff, 0xfc, 0x0, 0x0, 0x8f, 0xff, 0x90, 0x0,
    0x0, 0x0, 0xbf, 0xff, 0x60, 0x2, 0xff, 0xfd,
    0x0, 0x0, 0x0, 0x0, 0x2f, 0xff, 0xe0, 0xb,
    0xff, 0xf4, 0x0, 0x0, 0x0, 0x0, 0x6, 0xff,
    0xf8, 0x4f, 0xff, 0x90, 0x0, 0x0, 0x0, 0x0,
    0x0, 0xcf, 0xff, 0xcf, 0xfe, 0x0, 0x0, 0x0,
    0x0, 0x0, 0x0, 0x2f, 0xff, 0xff, 0xf4, 0x0,
    0x0, 0x0, 0x0, 0x0, 0x0, 0x7, 0xff, 0xff,
    0x90, 0x0, 0x0, 0x0, 0x0, 0x0, 0x0, 0x2,
    0xff, 0xff, 0x70, 0x0, 0x0, 0x0, 0x0, 0x0,
    0x0, 0xc, 0xff, 0xff, 0xf2, 0x0, 0x0, 0x0,
    0x0, 0x0, 0x0, 0x7f, 0xff, 0xff, 0xfc, 0x0,
    0x0, 0x0, 0x0, 0x0, 0x2, 0xff, 0xfb, 0x9f,
    0xff, 0x60, 0x0, 0x0, 0x0, 0x0, 0xd, 0xff,
    0xf3, 0x1f, 0xff, 0xf2, 0x0, 0x0, 0x0, 0x0,
    0x8f, 0xff, 0x90, 0x7, 0xff, 0xfc, 0x0, 0x0,
    0x0, 0x3, 0xff, 0xfe, 0x0, 0x0, 0xcf, 0xff,
    0x60, 0x0, 0x0, 0xd, 0xff, 0xf4, 0x0, 0x0,
    0x2f, 0xff, 0xf2, 0x0, 0x0, 0x9f, 0xff, 0x90,
    0x0, 0x0, 0x8, 0xff, 0xfc, 0x0, 0x4, 0xff,
    0xfd, 0x0, 0x0, 0x0, 0x0, 0xdf, 0xff, 0x60,
    0xe, 0xff, 0xf4, 0x0, 0x0, 0x0, 0x0, 0x3f,
    0xff, 0xf2,

    /* U+0059 "Y" */
    0x1f, 0xff, 0xf3, 0x0, 0x0, 0x0, 0x0, 0x3f,
    0xff, 0xe1, 0x7, 0xff, 0xfc, 0x0, 0x0, 0x0,
    0x0, 0xcf, 0xff, 0x60, 0x0, 0xdf, 0xff, 0x50,
    0x0, 0x0, 0x4, 0xff, 0xfd, 0x0, 0x0, 0x4f,
    0xff, 0xd0, 0x0, 0x0, 0xd, 0xff, 0xf4, 0x0,
    0x0, 0xb, 0xff, 0xf6, 0x0, 0x0, 0x6f, 0xff,
    0xb0, 0x0, 0x0, 0x2, 0xff, 0xfe, 0x0, 0x0,
    0xef, 0xff, 0x20, 0x0, 0x0, 0x0, 0x8f, 0xff,
    0x80, 0x7, 0xff, 0xf8, 0x0, 0x0, 0x0, 0x0,
    0xe, 0xff, 0xf1, 0xe, 0xff, 0xe0, 0x0, 0x0,
    0x0, 0x0, 0x5, 0xff, 0xf8, 0x7f, 0xff, 0x60,
    0x0, 0x0, 0x0, 0x0, 0x0, 0xcf, 0xfe, 0xdf,
    0xfc, 0x0, 0x0, 0x0, 0x0, 0x0, 0x0, 0x3f,
    0xff, 0xff, 0xf3, 0x0, 0x0, 0x0, 0x0, 0x0,
    0x0, 0x9, 0xff, 0xff, 0xa0, 0x0, 0x0, 0x0,
    0x0, 0x0, 0x0, 0x1, 0xff, 0xff, 0x10, 0x0,
    0x0, 0x0, 0x0, 0x0, 0x0, 0x0, 0xcf, 0xfd,
    0x0, 0x0, 0x0, 0x0, 0x0, 0x0, 0x0, 0x0,
    0xcf, 0xfd, 0x0, 0x0, 0x0, 0x0, 0x0, 0x0,
    0x0, 0x0, 0xcf, 0xfd, 0x0, 0x0, 0x0, 0x0,
    0x0, 0x0, 0x0, 0x0, 0xcf, 0xfd, 0x0, 0x0,
    0x0, 0x0, 0x0, 0x0, 0x0, 0x0, 0xcf, 0xfd,
    0x0, 0x0, 0x0, 0x0, 0x0, 0x0, 0x0, 0x0,
    0xcf, 0xfd, 0x0, 0x0, 0x0, 0x0, 0x0, 0x0,
    0x0, 0x0, 0xcf, 0xfd, 0x0, 0x0, 0x0, 0x0,
    0x0, 0x0, 0x0, 0x0, 0xcf, 0xfd, 0x0, 0x0,
    0x0, 0x0,

    /* U+005A "Z" */
    0x6f, 0xff, 0xff, 0xff, 0xff, 0xff, 0xff, 0xfa,
    0x6f, 0xff, 0xff, 0xff, 0xff, 0xff, 0xff, 0xfa,
    0x6f, 0xff, 0xff, 0xff, 0xff, 0xff, 0xff, 0xf7,
    0x2, 0x22, 0x22, 0x22, 0x22, 0x3e, 0xff, 0xd0,
    0x0, 0x0, 0x0, 0x0, 0x0, 0xbf, 0xff, 0x30,
    0x0, 0x0, 0x0, 0x0, 0x7, 0xff, 0xf8, 0x0,
    0x0, 0x0, 0x0, 0x0, 0x2f, 0xff, 0xc0, 0x0,
    0x0, 0x0, 0x0, 0x0, 0xcf, 0xff, 0x20, 0x0,
    0x0, 0x0, 0x0, 0x8, 0xff, 0xf7, 0x0, 0x0,
    0x0, 0x0, 0x0, 0x3f, 0xff, 0xc0, 0x0, 0x0,
    0x0, 0x0, 0x0, 0xdf, 0xff, 0x20, 0x0, 0x0,
    0x0, 0x0, 0x8, 0xff, 0xf7, 0x0, 0x0, 0x0,
    0x0, 0x0, 0x3f, 0xff, 0xc0, 0x0, 0x0, 0x0,
    0x0, 0x0, 0xdf, 0xff, 0x20, 0x0, 0x0, 0x0,
    0x0, 0x8, 0xff, 0xf6, 0x0, 0x0, 0x0, 0x0,
    0x0, 0x3f, 0xff, 0xb0, 0x0, 0x0, 0x0, 0x0,
    0x0, 0xdf, 0xfe, 0x10, 0x0, 0x0, 0x0, 0x0,
    0x9, 0xff, 0xf5, 0x22, 0x22, 0x22, 0x22, 0x21,
    0x3f, 0xff, 0xff, 0xff, 0xff, 0xff, 0xff, 0xfb,
    0x5f, 0xff, 0xff, 0xff, 0xff, 0xff, 0xff, 0xfb,
    0x5f, 0xff, 0xff, 0xff, 0xff, 0xff, 0xff, 0xfb,

    /* U+005B "[" */
    0x5f, 0xff, 0xff, 0xf5, 0xff, 0xff, 0xff, 0x5f,
    0xff, 0xdd, 0xd5, 0xff, 0xf1, 0x0, 0x5f, 0xff,
    0x10, 0x5, 0xff, 0xf1, 0x0, 0x5f, 0xff, 0x10,
    0x5, 0xff, 0xf1, 0x0, 0x5f, 0xff, 0x10, 0x5,
    0xff, 0xf1, 0x0, 0x5f, 0xff, 0x10, 0x5, 0xff,
    0xf1, 0x0, 0x5f, 0xff, 0x10, 0x5, 0xff, 0xf1,
    0x0, 0x5f, 0xff, 0x10, 0x5, 0xff, 0xf1, 0x0,
    0x5f, 0xff, 0x10, 0x5, 0xff, 0xf1, 0x0, 0x5f,
    0xff, 0x10, 0x5, 0xff, 0xf1, 0x0, 0x5f, 0xff,
    0x10, 0x5, 0xff, 0xf1, 0x0, 0x5f, 0xff, 0x10,
    0x5, 0xff, 0xfd, 0xdd, 0x5f, 0xff, 0xff, 0xf5,
    0xff, 0xff, 0xff,

    /* U+005C "\\" */
    0x6f, 0xfb, 0x0, 0x0, 0x0, 0x2, 0xff, 0xf0,
    0x0, 0x0, 0x0, 0xe, 0xff, 0x30, 0x0, 0x0,
    0x0, 0x9f, 0xf7, 0x0, 0x0, 0x0, 0x5, 0xff,
    0xc0, 0x0, 0x0, 0x0, 0x1f, 0xff, 0x0, 0x0,
    0x0, 0x0, 0xdf, 0xf4, 0x0, 0x0, 0x0, 0x9,
    0xff, 0x80, 0x0, 0x0, 0x0, 0x4f, 0xfc, 0x0,
    0x0, 0x0, 0x0, 0xff, 0xf1, 0x0, 0x0, 0x0,
    0xc, 0xff, 0x50, 0x0, 0x0, 0x0, 0x8f, 0xf9,
    0x0, 0x0, 0x0, 0x4, 0xff, 0xd0, 0x0, 0x0,
    0x0, 0xf, 0xff, 0x10, 0x0, 0x0, 0x0, 0xbf,
    0xf6, 0x0, 0x0, 0x0, 0x7, 0xff, 0xa0, 0x0,
    0x0, 0x0, 0x3f, 0xfe, 0x0, 0x0, 0x0, 0x0,
    0xef, 0xf2, 0x0, 0x0, 0x0, 0xa, 0xff, 0x60,
    0x0, 0x0, 0x0, 0x6f, 0xfb, 0x0, 0x0, 0x0,
    0x2, 0xff, 0xf0, 0x0, 0x0, 0x0, 0xe, 0xff,
    0x30, 0x0, 0x0, 0x0, 0xaf, 0xf7, 0x0, 0x0,
    0x0, 0x5, 0xff, 0xb0, 0x0, 0x0, 0x0, 0x1f,
    0xff, 0x0,

    /* U+005D "]" */
    0x8f, 0xff, 0xff, 0xc8, 0xff, 0xff, 0xfc, 0x7d,
    0xdf, 0xff, 0xc0, 0x0, 0xaf, 0xfc, 0x0, 0xa,
    0xff, 0xc0, 0x0, 0xaf, 0xfc, 0x0, 0xa, 0xff,
    0xc0, 0x0, 0xaf, 0xfc, 0x0, 0xa, 0xff, 0xc0,
    0x0, 0xaf, 0xfc, 0x0, 0xa, 0xff, 0xc0, 0x0,
    0xaf, 0xfc, 0x0, 0xa, 0xff, 0xc0, 0x0, 0xaf,
    0xfc, 0x0, 0xa, 0xff, 0xc0, 0x0, 0xaf, 0xfc,
    0x0, 0xa, 0xff, 0xc0, 0x0, 0xaf, 0xfc, 0x0,
    0xa, 0xff, 0xc0, 0x0, 0xaf, 0xfc, 0x0, 0xa,
    0xff, 0xc0, 0x0, 0xaf, 0xfc, 0x0, 0xa, 0xff,
    0xc7, 0xdd, 0xff, 0xfc, 0x8f, 0xff, 0xff, 0xc8,
    0xff, 0xff, 0xfc,

    /* U+005E "^" */
    0x0, 0x1, 0xff, 0xf8, 0x0, 0x0, 0x0, 0x8,
    0xff, 0xff, 0x0, 0x0, 0x0, 0xe, 0xfe, 0xff,
    0x70, 0x0, 0x0, 0x7f, 0xf4, 0xdf, 0xe0, 0x0,
    0x0, 0xef, 0xd0, 0x6f, 0xf6, 0x0, 0x6, 0xff,
    0x60, 0xe, 0xfd, 0x0, 0xd, 0xff, 0x0, 0x8,
    0xff, 0x50, 0x4f, 0xf9, 0x0, 0x1, 0xff, 0xc0,
    0xcf, 0xf2, 0x0, 0x0, 0xaf, 0xf4,

    /* U+005F "_" */
    0xff, 0xff, 0xff, 0xff, 0xff, 0xff, 0xf2, 0xff,
    0xff, 0xff, 0xff, 0xff, 0xff, 0xf2, 0xff, 0xff,
    0xff, 0xff, 0xff, 0xff, 0xf2,

    /* U+0060 "`" */
    0x35, 0x53, 0x0, 0x5f, 0xfe, 0x0, 0xb, 0xff,
    0x60, 0x1, 0xff, 0xd0, 0x0, 0x6f, 0xf4,

    /* U+0061 "a" */
    0x0, 0x4, 0xad, 0xff, 0xd9, 0x30, 0x0, 0x0,
    0xbf, 0xff, 0xff, 0xff, 0xf8, 0x0, 0xb, 0xff,
    0xff, 0xde, 0xff, 0xff, 0x60, 0x4f, 0xff, 0xb1,
    0x0, 0x3e, 0xff, 0xd0, 0x14, 0x7a, 0x0, 0x0,
    0x7, 0xff, 0xf1, 0x0, 0x0, 0x0, 0x0, 0x7,
    0xff, 0xf2, 0x0, 0x0, 0x14, 0x68, 0xbf, 0xff,
    0xf3, 0x0, 0x7d, 0xff, 0xff, 0xff, 0xff, 0xf3,
    0x1d, 0xff, 0xff, 0xfd, 0xaa, 0xff, 0xf3, 0x9f,
    0xff, 0xa3, 0x0, 0x5, 0xff, 0xf3, 0xdf, 0xfb,
    0x0, 0x0, 0x6, 0xff, 0xf3, 0xef, 0xf8, 0x0,
    0x0, 0xb, 0xff, 0xf3, 0xcf, 0xfe, 0x20, 0x0,
    0x9f, 0xff, 0xf3, 0x7f, 0xff, 0xfc, 0xcf, 0xfd,
    0xff, 0xf3, 0xb, 0xff, 0xff, 0xff, 0xd4, 0xff,
    0xf3, 0x0, 0x6c, 0xff, 0xd7, 0x3, 0xff, 0xf3,

    /* U+0062 "b" */
    0x1f, 0xff, 0x70, 0x0, 0x0, 0x0, 0x0, 0x0,
    0x1f, 0xff, 0x70, 0x0, 0x0, 0x0, 0x0, 0x0,
    0x1f, 0xff, 0x70, 0x0, 0x0, 0x0, 0x0, 0x0,
    0x1f, 0xff, 0x70, 0x0, 0x0, 0x0, 0x0, 0x0,
    0x1f, 0xff, 0x70, 0x0, 0x0, 0x0, 0x0, 0x0,
    0x1f, 0xff, 0x70, 0x5c, 0xfe, 0xc6, 0x0, 0x0,
    0x1f, 0xff, 0x78, 0xff, 0xff, 0xff, 0xb1, 0x0,
    0x1f, 0xff, 0xaf, 0xff, 0xff, 0xff, 0xfb, 0x0,
    0x1f, 0xff, 0xfe, 0x51, 0x15, 0xef, 0xff, 0x50,
    0x1f, 0xff, 0xf4, 0x0, 0x0, 0x4f, 0xff, 0xb0,
    0x1f, 0xff, 0xc0, 0x0, 0x0, 0xd, 0xff, 0xf0,
    0x1f, 0xff, 0x80, 0x0, 0x0, 0x8, 0xff, 0xf2,
    0x1f, 0xff, 0x60, 0x0, 0x0, 0x6, 0xff, 0xf3,
    0x1f, 0xff, 0x60, 0x0, 0x0, 0x7, 0xff, 0xf3,
    0x1f, 0xff, 0x80, 0x0, 0x0, 0x8, 0xff, 0xf2,
    0x1f, 0xff, 0xd0, 0x0, 0x0, 0xd, 0xff, 0xf0,
    0x1f, 0xff, 0xf4, 0x0, 0x0, 0x4f, 0xff, 0xb0,
    0x1f, 0xff, 0xfe, 0x61, 0x16, 0xff, 0xff, 0x50,
    0x1f, 0xff, 0xaf, 0xff, 0xff, 0xff, 0xfb, 0x0,
    0x1f, 0xff, 0x58, 0xff, 0xff, 0xff, 0xc0, 0x0,
    0x1f, 0xff, 0x50, 0x5c, 0xfe, 0xc6, 0x0, 0x0,

    /* U+0063 "c" */
    0x0, 0x0, 0x5b, 0xef, 0xec, 0x60, 0x0, 0x0,
    0x2, 0xdf, 0xff, 0xff, 0xff, 0xd2, 0x0, 0x1,
    0xef, 0xff, 0xff, 0xff, 0xff, 0xe1, 0x0, 0xaf,
    0xff, 0xa2, 0x2, 0xaf, 0xff, 0x90, 0x2f, 0xff,
    0xc0, 0x0, 0x0, 0xbf, 0xfe, 0x7, 0xff, 0xf4,
    0x0, 0x0, 0x3, 0x73, 0x0, 0xaf, 0xff, 0x0,
    0x0, 0x0, 0x0, 0x0, 0xb, 0xff, 0xe0, 0x0,
    0x0, 0x0, 0x0, 0x0, 0xbf, 0xfe, 0x0, 0x0,
    0x0, 0x0, 0x0, 0xa, 0xff, 0xf0, 0x0, 0x0,
    0x0, 0x0, 0x0, 0x7f, 0xff, 0x40, 0x0, 0x0,
    0x39, 0x52, 0x2, 0xff, 0xfb, 0x0, 0x0, 0xb,
    0xff, 0xf0, 0xa, 0xff, 0xfa, 0x20, 0x2a, 0xff,
    0xf9, 0x0, 0x1e, 0xff, 0xff, 0xff, 0xff, 0xfe,
    0x10, 0x0, 0x2d, 0xff, 0xff, 0xff, 0xfd, 0x20,
    0x0, 0x0, 0x5, 0xbe, 0xfe, 0xc6, 0x0, 0x0,

    /* U+0064 "d" */
    0x0, 0x0, 0x0, 0x0, 0x0, 0xf, 0xff, 0x90,
    0x0, 0x0, 0x0, 0x0, 0x0, 0xff, 0xf9, 0x0,
    0x0, 0x0, 0x0, 0x0, 0xf, 0xff, 0x90, 0x0,
    0x0, 0x0, 0x0, 0x0, 0xff, 0xf9, 0x0, 0x0,
    0x0, 0x0, 0x0, 0xf, 0xff, 0x90, 0x0, 0x29,
    0xdf, 0xe9, 0x10, 0xff, 0xf9, 0x0, 0x5f, 0xff,
    0xff, 0xfe, 0x1f, 0xff, 0x90, 0x4f, 0xff, 0xff,
    0xff, 0xfb, 0xff, 0xf9, 0xd, 0xff, 0xfa, 0x20,
    0x2b, 0xff, 0xff, 0x93, 0xff, 0xfc, 0x0, 0x0,
    0xc, 0xff, 0xf9, 0x8f, 0xff, 0x40, 0x0, 0x0,
    0x5f, 0xff, 0x9a, 0xff, 0xf0, 0x0, 0x0, 0x1,
    0xff, 0xf9, 0xbf, 0xfe, 0x0, 0x0, 0x0, 0xf,
    0xff, 0x9b, 0xff, 0xe0, 0x0, 0x0, 0x0, 0xff,
    0xf9, 0xaf, 0xff, 0x0, 0x0, 0x0, 0x1f, 0xff,
    0x98, 0xff, 0xf5, 0x0, 0x0, 0x5, 0xff, 0xf9,
    0x3f, 0xff, 0xc0, 0x0, 0x0, 0xcf, 0xff, 0x90,
    0xdf, 0xff, 0xa2, 0x2, 0xbf, 0xff, 0xf9, 0x4,
    0xff, 0xff, 0xff, 0xff, 0xbe, 0xff, 0x90, 0x5,
    0xff, 0xff, 0xff, 0xe1, 0xef, 0xf9, 0x0, 0x2,
    0x9d, 0xfe, 0x91, 0xe, 0xff, 0x90,

    /* U+0065 "e" */
    0x0, 0x0, 0x6c, 0xef, 0xda, 0x40, 0x0, 0x0,
    0x2, 0xdf, 0xff, 0xff, 0xff, 0xb1, 0x0, 0x1,
    0xef, 0xff, 0xfe, 0xff, 0xff, 0xb0, 0x0, 0xaf,
    0xff, 0x60, 0x1, 0x9f, 0xff, 0x70, 0x2f, 0xff,
    0x70, 0x0, 0x0, 0xbf, 0xfe, 0x7, 0xff, 0xf0,
    0x0, 0x0, 0x4, 0xff, 0xf2, 0xaf, 0xfe, 0x88,
    0x88, 0x88, 0x8f, 0xff, 0x4b, 0xff, 0xff, 0xff,
    0xff, 0xff, 0xff, 0xf5, 0xbf, 0xff, 0xff, 0xff,
    0xff, 0xff, 0xff, 0x6a, 0xff, 0xd0, 0x0, 0x0,
    0x0, 0x0, 0x0, 0x7f, 0xff, 0x0, 0x0, 0x0,
    0x0, 0x0, 0x2, 0xff, 0xf8, 0x0, 0x0, 0x4,
    0xb8, 0x50, 0xb, 0xff, 0xf7, 0x10, 0x5, 0xef,
    0xfd, 0x0, 0x1e, 0xff, 0xff, 0xef, 0xff, 0xff,
    0x40, 0x0, 0x2d, 0xff, 0xff, 0xff, 0xff, 0x50,
    0x0, 0x0, 0x5, 0xbd, 0xff, 0xc8, 0x10, 0x0,

    /* U+0066 "f" */
    0x0, 0x0, 0x7, 0xdf, 0xed, 0x50, 0x0, 0xc,
    0xff, 0xff, 0xf4, 0x0, 0x7, 0xff, 0xff, 0xff,
    0x0, 0x0, 0xcf, 0xff, 0x41, 0x20, 0x0, 0xe,
    0xff, 0xa0, 0x0, 0x0, 0x0, 0xef, 0xfa, 0x0,
    0x0, 0xbf, 0xff, 0xff, 0xff, 0xfe, 0xb, 0xff,
    0xff, 0xff, 0xff, 0xe0, 0xae, 0xef, 0xff, 0xfe,
    0xed, 0x0, 0x0, 0xef, 0xfa, 0x0, 0x0, 0x0,
    0xe, 0xff, 0xa0, 0x0, 0x0, 0x0, 0xef, 0xfa,
    0x0, 0x0, 0x0, 0xe, 0xff, 0xa0, 0x0, 0x0,
    0x0, 0xef, 0xfa, 0x0, 0x0, 0x0, 0xe, 0xff,
    0xa0, 0x0, 0x0, 0x0, 0xef, 0xfa, 0x0, 0x0,
    0x0, 0xe, 0xff, 0xa0, 0x0, 0x0, 0x0, 0xef,
    0xfa, 0x0, 0x0, 0x0, 0xe, 0xff, 0xa0, 0x0,
    0x0, 0x0, 0xef, 0xfa, 0x0, 0x0, 0x0, 0xe,
    0xff, 0xa0, 0x0, 0x0, 0x0, 0xef, 0xfa, 0x0,
    0x0,

    /* U+0067 "g" */
    0x0, 0x2, 0x9d, 0xfe, 0x91, 0xd, 0xff, 0xa0,
    0x4, 0xff, 0xff, 0xff, 0xe2, 0xdf, 0xfa, 0x3,
    0xff, 0xff, 0xff, 0xff, 0xce, 0xff, 0xa0, 0xcf,
    0xff, 0xb2, 0x2, 0xbf, 0xff, 0xfa, 0x2f, 0xff,
    0xc0, 0x0, 0x0, 0xcf, 0xff, 0xa7, 0xff, 0xf5,
    0x0, 0x0, 0x5, 0xff, 0xfa, 0xaf, 0xff, 0x0,
    0x0, 0x0, 0xf, 0xff, 0xab, 0xff, 0xe0, 0x0,
    0x0, 0x0, 0xff, 0xfa, 0xcf, 0xfe, 0x0, 0x0,
    0x0, 0xe, 0xff, 0xaa, 0xff, 0xf0, 0x0, 0x0,
    0x0, 0xff, 0xfa, 0x8f, 0xff, 0x30, 0x0, 0x0,
    0x3f, 0xff, 0xa4, 0xff, 0xfa, 0x0, 0x0, 0xa,
    0xff, 0xfa, 0xe, 0xff, 0xf8, 0x10, 0x19, 0xff,
    0xff, 0xa0, 0x4f, 0xff, 0xff, 0xef, 0xfc, 0xef,
    0xfa, 0x0, 0x6f, 0xff, 0xff, 0xfe, 0x2e, 0xff,
    0xa0, 0x0, 0x3a, 0xdf, 0xea, 0x20, 0xef, 0xf9,
    0x0, 0x0, 0x0, 0x0, 0x0, 0xf, 0xff, 0x80,
    0x1, 0x60, 0x0, 0x0, 0x3, 0xff, 0xf6, 0xc,
    0xff, 0xb2, 0x0, 0x3, 0xdf, 0xff, 0x10, 0x9f,
    0xff, 0xfe, 0xde, 0xff, 0xff, 0x70, 0x0, 0x9f,
    0xff, 0xff, 0xff, 0xff, 0x70, 0x0, 0x0, 0x39,
    0xdf, 0xfe, 0xc8, 0x20, 0x0,

    /* U+0068 "h" */
    0x1f, 0xff, 0x60, 0x0, 0x0, 0x0, 0x0, 0x1,
    0xff, 0xf6, 0x0, 0x0, 0x0, 0x0, 0x0, 0x1f,
    0xff, 0x60, 0x0, 0x0, 0x0, 0x0, 0x1, 0xff,
    0xf6, 0x0, 0x0, 0x0, 0x0, 0x0, 0x1f, 0xff,
    0x60, 0x0, 0x0, 0x0, 0x0, 0x1, 0xff, 0xf6,
    0x5, 0xce, 0xfc, 0x60, 0x0, 0x1f, 0xff, 0x68,
    0xff, 0xff, 0xff, 0xb0, 0x1, 0xff, 0xfa, 0xff,
    0xff, 0xff, 0xff, 0x70, 0x1f, 0xff, 0xfe, 0x52,
    0x4b, 0xff, 0xfe, 0x1, 0xff, 0xff, 0x20, 0x0,
    0xd, 0xff, 0xf2, 0x1f, 0xff, 0xa0, 0x0, 0x0,
    0x7f, 0xff, 0x31, 0xff, 0xf7, 0x0, 0x0, 0x5,
    0xff, 0xf4, 0x1f, 0xff, 0x70, 0x0, 0x0, 0x5f,
    0xff, 0x41, 0xff, 0xf7, 0x0, 0x0, 0x5, 0xff,
    0xf4, 0x1f, 0xff, 0x70, 0x0, 0x0, 0x5f, 0xff,
    0x41, 0xff, 0xf7, 0x0, 0x0, 0x5, 0xff, 0xf4,
    0x1f, 0xff, 0x70, 0x0, 0x0, 0x5f, 0xff, 0x41,
    0xff, 0xf7, 0x0, 0x0, 0x5, 0xff, 0xf4, 0x1f,
    0xff, 0x70, 0x0, 0x0, 0x5f, 0xff, 0x41, 0xff,
    0xf7, 0x0, 0x0, 0x5, 0xff, 0xf4, 0x1f, 0xff,
    0x70, 0x0, 0x0, 0x5f, 0xff, 0x40,

    /* U+0069 "i" */
    0x0, 0x0, 0x0, 0x9f, 0xc2, 0x4f, 0xff, 0xa4,
    0xff, 0xfa, 0x9, 0xfc, 0x20, 0x0, 0x0, 0x0,
    0x0, 0x1, 0xff, 0xf7, 0x1f, 0xff, 0x71, 0xff,
    0xf7, 0x1f, 0xff, 0x71, 0xff, 0xf7, 0x1f, 0xff,
    0x71, 0xff, 0xf7, 0x1f, 0xff, 0x71, 0xff, 0xf7,
    0x1f, 0xff, 0x71, 0xff, 0xf7, 0x1f, 0xff, 0x71,
    0xff, 0xf7, 0x1f, 0xff, 0x71, 0xff, 0xf7, 0x1f,
    0xff, 0x70,

    /* U+006A "j" */
    0x0, 0x9, 0xfc, 0x10, 0x4, 0xff, 0xf9, 0x0,
    0x4f, 0xff, 0x90, 0x0, 0x9f, 0xc2, 0x0, 0x0,
    0x0, 0x0, 0x0, 0x0, 0x0, 0x0, 0x2f, 0xff,
    0x70, 0x2, 0xff, 0xf7, 0x0, 0x2f, 0xff, 0x70,
    0x2, 0xff, 0xf7, 0x0, 0x2f, 0xff, 0x70, 0x2,
    0xff, 0xf7, 0x0, 0x2f, 0xff, 0x70, 0x2, 0xff,
    0xf7, 0x0, 0x2f, 0xff, 0x70, 0x2, 0xff, 0xf7,
    0x0, 0x2f, 0xff, 0x70, 0x2, 0xff, 0xf7, 0x0,
    0x2f, 0xff, 0x70, 0x2, 0xff, 0xf7, 0x0, 0x2f,
    0xff, 0x70, 0x2, 0xff, 0xf7, 0x0, 0x2f, 0xff,
    0x60, 0x3, 0xff, 0xf6, 0x1, 0xaf, 0xff, 0x49,
    0xff, 0xff, 0xe0, 0x9f, 0xff, 0xf4, 0x9, 0xfe,
    0xa2, 0x0,

    /* U+006B "k" */
    0x1f, 0xff, 0x70, 0x0, 0x0, 0x0, 0x0, 0x1,
    0xff, 0xf7, 0x0, 0x0, 0x0, 0x0, 0x0, 0x1f,
    0xff, 0x70, 0x0, 0x0, 0x0, 0x0, 0x1, 0xff,
    0xf7, 0x0, 0x0, 0x0, 0x0, 0x0, 0x1f, 0xff,
    0x70, 0x0, 0x0, 0x0, 0x0, 0x1, 0xff, 0xf7,
    0x0, 0x0, 0x3f, 0xff, 0xd1, 0x1f, 0xff, 0x70,
    0x0, 0x2e, 0xff, 0xe2, 0x1, 0xff, 0xf7, 0x0,
    0x1d, 0xff, 0xf4, 0x0, 0x1f, 0xff, 0x70, 0xb,
    0xff, 0xf6, 0x0, 0x1, 0xff, 0xf7, 0xa, 0xff,
    0xf8, 0x0, 0x0, 0x1f, 0xff, 0x77, 0xff, 0xfa,
    0x0, 0x0, 0x1, 0xff, 0xfc, 0xff, 0xfc, 0x0,
    0x0, 0x0, 0x1f, 0xff, 0xff, 0xff, 0xd0, 0x0,
    0x0, 0x1, 0xff, 0xff, 0xff, 0xff, 0x90, 0x0,
    0x0, 0x1f, 0xff, 0xf8, 0xef, 0xff, 0x40, 0x0,
    0x1, 0xff, 0xf9, 0x5, 0xff, 0xfe, 0x0, 0x0,
    0x1f, 0xff, 0x70, 0xa, 0xff, 0xfa, 0x0, 0x1,
    0xff, 0xf7, 0x0, 0xe, 0xff, 0xf5, 0x0, 0x1f,
    0xff, 0x70, 0x0, 0x4f, 0xff, 0xe1, 0x1, 0xff,
    0xf7, 0x0, 0x0, 0x9f, 0xff, 0xb0, 0x1f, 0xff,
    0x70, 0x0, 0x0, 0xdf, 0xff, 0x60,

    /* U+006C "l" */
    0x1f, 0xff, 0x71, 0xff, 0xf7, 0x1f, 0xff, 0x71,
    0xff, 0xf7, 0x1f, 0xff, 0x71, 0xff, 0xf7, 0x1f,
    0xff, 0x71, 0xff, 0xf7, 0x1f, 0xff, 0x71, 0xff,
    0xf7, 0x1f, 0xff, 0x71, 0xff, 0xf7, 0x1f, 0xff,
    0x71, 0xff, 0xf7, 0x1f, 0xff, 0x71, 0xff, 0xf7,
    0x1f, 0xff, 0x71, 0xff, 0xf7, 0x1f, 0xff, 0x71,
    0xff, 0xf7, 0x1f, 0xff, 0x70,

    /* U+006D "m" */
    0x1f, 0xff, 0x30, 0x6c, 0xfd, 0x70, 0x0, 0x29,
    0xdf, 0xe9, 0x10, 0x1, 0xff, 0xf4, 0x9f, 0xff,
    0xff, 0x90, 0x3e, 0xff, 0xff, 0xfe, 0x10, 0x1f,
    0xff, 0x9f, 0xff, 0xff, 0xff, 0x3e, 0xff, 0xff,
    0xff, 0xfb, 0x1, 0xff, 0xff, 0xc4, 0x37, 0xff,
    0xfe, 0xfa, 0x43, 0x8f, 0xff, 0xf1, 0x1f, 0xff,
    0xe0, 0x0, 0x7, 0xff, 0xfc, 0x0, 0x0, 0x9f,
    0xff, 0x41, 0xff, 0xf9, 0x0, 0x0, 0x2f, 0xff,
    0x60, 0x0, 0x4, 0xff, 0xf5, 0x1f, 0xff, 0x70,
    0x0, 0x2, 0xff, 0xf5, 0x0, 0x0, 0x3f, 0xff,
    0x51, 0xff, 0xf7, 0x0, 0x0, 0x2f, 0xff, 0x50,
    0x0, 0x3, 0xff, 0xf5, 0x1f, 0xff, 0x70, 0x0,
    0x2, 0xff, 0xf5, 0x0, 0x0, 0x3f, 0xff, 0x51,
    0xff, 0xf7, 0x0, 0x0, 0x2f, 0xff, 0x50, 0x0,
    0x3, 0xff, 0xf5, 0x1f, 0xff, 0x70, 0x0, 0x2,
    0xff, 0xf5, 0x0, 0x0, 0x3f, 0xff, 0x51, 0xff,
    0xf7, 0x0, 0x0, 0x2f, 0xff, 0x50, 0x0, 0x3,
    0xff, 0xf5, 0x1f, 0xff, 0x70, 0x0, 0x2, 0xff,
    0xf5, 0x0, 0x0, 0x3f, 0xff, 0x51, 0xff, 0xf7,
    0x0, 0x0, 0x2f, 0xff, 0x50, 0x0, 0x3, 0xff,
    0xf5, 0x1f, 0xff, 0x70, 0x0, 0x2, 0xff, 0xf5,
    0x0, 0x0, 0x3f, 0xff, 0x51, 0xff, 0xf7, 0x0,
    0x0, 0x2f, 0xff, 0x50, 0x0, 0x3, 0xff, 0xf5,

    /* U+006E "n" */
    0x1f, 0xff, 0x40, 0x5c, 0xef, 0xc6, 0x0, 0x1,
    0xff, 0xf4, 0x9f, 0xff, 0xff, 0xfb, 0x0, 0x1f,
    0xff, 0x9f, 0xff, 0xff, 0xff, 0xf7, 0x1, 0xff,
    0xff, 0xc3, 0x1, 0x8f, 0xff, 0xe0, 0x1f, 0xff,
    0xe1, 0x0, 0x0, 0xcf, 0xff, 0x11, 0xff, 0xf9,
    0x0, 0x0, 0x6, 0xff, 0xf3, 0x1f, 0xff, 0x70,
    0x0, 0x0, 0x5f, 0xff, 0x41, 0xff, 0xf7, 0x0,
    0x0, 0x5, 0xff, 0xf4, 0x1f, 0xff, 0x70, 0x0,
    0x0, 0x5f, 0xff, 0x41, 0xff, 0xf7, 0x0, 0x0,
    0x5, 0xff, 0xf4, 0x1f, 0xff, 0x70, 0x0, 0x0,
    0x5f, 0xff, 0x41, 0xff, 0xf7, 0x0, 0x0, 0x5,
    0xff, 0xf4, 0x1f, 0xff, 0x70, 0x0, 0x0, 0x5f,
    0xff, 0x41, 0xff, 0xf7, 0x0, 0x0, 0x5, 0xff,
    0xf4, 0x1f, 0xff, 0x70, 0x0, 0x0, 0x5f, 0xff,
    0x41, 0xff, 0xf7, 0x0, 0x0, 0x5, 0xff, 0xf4,

    /* U+006F "o" */
    0x0, 0x0, 0x5b, 0xef, 0xeb, 0x50, 0x0, 0x0,
    0x2, 0xdf, 0xff, 0xff, 0xff, 0xd2, 0x0, 0x1,
    0xef, 0xff, 0xff, 0xff, 0xff, 0xe1, 0x0, 0xaf,
    0xff, 0xa2, 0x2, 0xaf, 0xff, 0xb0, 0x2f, 0xff,
    0xb0, 0x0, 0x0, 0xbf, 0xff, 0x27, 0xff, 0xf3,
    0x0, 0x0, 0x3, 0xff, 0xf8, 0xaf, 0xff, 0x0,
    0x0, 0x0, 0xe, 0xff, 0xab, 0xff, 0xe0, 0x0,
    0x0, 0x0, 0xdf, 0xfc, 0xbf, 0xfe, 0x0, 0x0,
    0x0, 0xd, 0xff, 0xca, 0xff, 0xf0, 0x0, 0x0,
    0x0, 0xef, 0xfa, 0x7f, 0xff, 0x40, 0x0, 0x0,
    0x3f, 0xff, 0x82, 0xff, 0xfb, 0x0, 0x0, 0xb,
    0xff, 0xf2, 0xa, 0xff, 0xfa, 0x20, 0x2a, 0xff,
    0xfb, 0x0, 0x1e, 0xff, 0xff, 0xff, 0xff, 0xfe,
    0x10, 0x0, 0x2d, 0xff, 0xff, 0xff, 0xfd, 0x20,
    0x0, 0x0, 0x5, 0xbe, 0xfe, 0xb6, 0x0, 0x0,

    /* U+0070 "p" */
    0x1f, 0xff, 0x50, 0x6c, 0xfe, 0xc6, 0x0, 0x0,
    0x1f, 0xff, 0x59, 0xff, 0xff, 0xff, 0xb1, 0x0,
    0x1f, 0xff, 0xbf, 0xfe, 0xef, 0xff, 0xfb, 0x0,
    0x1f, 0xff, 0xfd, 0x30, 0x3, 0xdf, 0xff, 0x50,
    0x1f, 0xff, 0xf3, 0x0, 0x0, 0x3f, 0xff, 0xb0,
    0x1f, 0xff, 0xb0, 0x0, 0x0, 0xc, 0xff, 0xf0,
    0x1f, 0xff, 0x80, 0x0, 0x0, 0x8, 0xff, 0xf2,
    0x1f, 0xff, 0x60, 0x0, 0x0, 0x6, 0xff, 0xf3,
    0x1f, 0xff, 0x70, 0x0, 0x0, 0x7, 0xff, 0xf3,
    0x1f, 0xff, 0x80, 0x0, 0x0, 0x9, 0xff, 0xf2,
    0x1f, 0xff, 0xd0, 0x0, 0x0, 0xd, 0xff, 0xf0,
    0x1f, 0xff, 0xf5, 0x0, 0x0, 0x5f, 0xff, 0xb0,
    0x1f, 0xff, 0xff, 0x61, 0x16, 0xff, 0xff, 0x50,
    0x1f, 0xff, 0xbf, 0xff, 0xff, 0xff, 0xfb, 0x0,
    0x1f, 0xff, 0x78, 0xff, 0xff, 0xff, 0xc0, 0x0,
    0x1f, 0xff, 0x70, 0x5c, 0xfe, 0xc6, 0x0, 0x0,
    0x1f, 0xff, 0x70, 0x0, 0x0, 0x0, 0x0, 0x0,
    0x1f, 0xff, 0x70, 0x0, 0x0, 0x0, 0x0, 0x0,
    0x1f, 0xff, 0x70, 0x0, 0x0, 0x0, 0x0, 0x0,
    0x1f, 0xff, 0x70, 0x0, 0x0, 0x0, 0x0, 0x0,
    0x1f, 0xff, 0x70, 0x0, 0x0, 0x0, 0x0, 0x0,
    0x1f, 0xff, 0x70, 0x0, 0x0, 0x0, 0x0, 0x0,

    /* U+0071 "q" */
    0x0, 0x2, 0x9d, 0xfe, 0x91, 0xe, 0xff, 0x90,
    0x5, 0xff, 0xff, 0xff, 0xe1, 0xef, 0xf9, 0x4,
    0xff, 0xff, 0xff, 0xff, 0xbe, 0xff, 0x90, 0xdf,
    0xff, 0xa2, 0x2, 0xbf, 0xff, 0xf9, 0x3f, 0xff,
    0xc0, 0x0, 0x0, 0xcf, 0xff, 0x98, 0xff, 0xf4,
    0x0, 0x0, 0x5, 0xff, 0xf9, 0xaf, 0xff, 0x0,
    0x0, 0x0, 0x1f, 0xff, 0x9b, 0xff, 0xe0, 0x0,
    0x0, 0x0, 0xff, 0xf9, 0xbf, 0xfe, 0x0, 0x0,
    0x0, 0xf, 0xff, 0x9a, 0xff, 0xf0, 0x0, 0x0,
    0x1, 0xff, 0xf9, 0x8f, 0xff, 0x50, 0x0, 0x0,
    0x5f, 0xff, 0x93, 0xff, 0xfc, 0x0, 0x0, 0xc,
    0xff, 0xf9, 0xd, 0xff, 0xfa, 0x20, 0x2b, 0xff,
    0xff, 0x90, 0x4f, 0xff, 0xff, 0xff, 0xfb, 0xff,
    0xf9, 0x0, 0x5f, 0xff, 0xff, 0xfe, 0x1f, 0xff,
    0x90, 0x0, 0x29, 0xdf, 0xe9, 0x10, 0xff, 0xf9,
    0x0, 0x0, 0x0, 0x0, 0x0, 0xf, 0xff, 0x90,
    0x0, 0x0, 0x0, 0x0, 0x0, 0xff, 0xf9, 0x0,
    0x0, 0x0, 0x0, 0x0, 0xf, 0xff, 0x90, 0x0,
    0x0, 0x0, 0x0, 0x0, 0xff, 0xf9, 0x0, 0x0,
    0x0, 0x0, 0x0, 0xf, 0xff, 0x90, 0x0, 0x0,
    0x0, 0x0, 0x0, 0xff, 0xf9,

    /* U+0072 "r" */
    0x0, 0x0, 0x0, 0x0, 0x0, 0x1f, 0xff, 0x51,
    0x9e, 0xf9, 0x1f, 0xff, 0x5d, 0xff, 0xf9, 0x1f,
    0xff, 0xcf, 0xff, 0xf9, 0x1f, 0xff, 0xfe, 0x62,
    0x11, 0x1f, 0xff, 0xf2, 0x0, 0x0, 0x1f, 0xff,
    0xa0, 0x0, 0x0, 0x1f, 0xff, 0x70, 0x0, 0x0,
    0x1f, 0xff, 0x70, 0x0, 0x0, 0x1f, 0xff, 0x70,
    0x0, 0x0, 0x1f, 0xff, 0x70, 0x0, 0x0, 0x1f,
    0xff, 0x70, 0x0, 0x0, 0x1f, 0xff, 0x70, 0x0,
    0x0, 0x1f, 0xff, 0x70, 0x0, 0x0, 0x1f, 0xff,
    0x70, 0x0, 0x0, 0x1f, 0xff, 0x70, 0x0, 0x0,
    0x1f, 0xff, 0x70, 0x0, 0x0,

    /* U+0073 "s" */
    0x0, 0x5, 0xbe, 0xff, 0xd9, 0x20, 0x0, 0x1,
    0xcf, 0xff, 0xff, 0xff, 0xf5, 0x0, 0xb, 0xff,
    0xff, 0xcd, 0xff, 0xff, 0x30, 0x2f, 0xff, 0xa0,
    0x0, 0x3e, 0xff, 0xa0, 0x5f, 0xff, 0x30, 0x0,
    0x4, 0x84, 0x10, 0x4f, 0xff, 0x90, 0x0, 0x0,
    0x0, 0x0, 0xe, 0xff, 0xfe, 0xa6, 0x30, 0x0,
    0x0, 0x4, 0xff, 0xff, 0xff, 0xff, 0xa2, 0x0,
    0x0, 0x19, 0xef, 0xff, 0xff, 0xff, 0x40, 0x0,
    0x0, 0x2, 0x59, 0xef, 0xff, 0xe0, 0x0, 0x0,
    0x0, 0x0, 0xb, 0xff, 0xf2, 0x6a, 0xdc, 0x0,
    0x0, 0x7, 0xff, 0xf2, 0x8f, 0xff, 0x80, 0x0,
    0x3e, 0xff, 0xe0, 0x1e, 0xff, 0xff, 0xde, 0xff,
    0xff, 0x60, 0x3, 0xef, 0xff, 0xff, 0xff, 0xf7,
    0x0, 0x0, 0x7, 0xce, 0xfe, 0xd8, 0x20, 0x0,

    /* U+0074 "t" */
    0x0, 0x8f, 0xff, 0x0, 0x0, 0x0, 0x8f, 0xff,
    0x0, 0x0, 0x0, 0x8f, 0xff, 0x0, 0x0, 0x0,
    0x8f, 0xff, 0x0, 0x0, 0xbf, 0xff, 0xff, 0xff,
    0xf0, 0xbf, 0xff, 0xff, 0xff, 0xf0, 0xae, 0xff,
    0xff, 0xee, 0xd0, 0x0, 0x8f, 0xff, 0x0, 0x0,
    0x0, 0x8f, 0xff, 0x0, 0x0, 0x0, 0x8f, 0xff,
    0x0, 0x0, 0x0, 0x8f, 0xff, 0x0, 0x0, 0x0,
    0x8f, 0xff, 0x0, 0x0, 0x0, 0x8f, 0xff, 0x0,
    0x0, 0x0, 0x8f, 0xff, 0x0, 0x0, 0x0, 0x8f,
    0xff, 0x0, 0x0, 0x0, 0x8f, 0xff, 0x0, 0x0,
    0x0, 0x7f, 0xff, 0x60, 0x10, 0x0, 0x3f, 0xff,
    0xff, 0xf0, 0x0, 0xa, 0xff, 0xff, 0xf2, 0x0,
    0x0, 0x7d, 0xff, 0xd3,

    /* U+0075 "u" */
    0x1f, 0xff, 0x70, 0x0, 0x0, 0x5f, 0xff, 0x41,
    0xff, 0xf7, 0x0, 0x0, 0x5, 0xff, 0xf4, 0x1f,
    0xff, 0x70, 0x0, 0x0, 0x5f, 0xff, 0x41, 0xff,
    0xf7, 0x0, 0x0, 0x5, 0xff, 0xf4, 0x1f, 0xff,
    0x70, 0x0, 0x0, 0x5f, 0xff, 0x41, 0xff, 0xf7,
    0x0, 0x0, 0x5, 0xff, 0xf4, 0x1f, 0xff, 0x70,
    0x0, 0x0, 0x5f, 0xff, 0x41, 0xff, 0xf7, 0x0,
    0x0, 0x5, 0xff, 0xf4, 0x1f, 0xff, 0x70, 0x0,
    0x0, 0x5f, 0xff, 0x41, 0xff, 0xf7, 0x0, 0x0,
    0x5, 0xff, 0xf4, 0x1f, 0xff, 0x90, 0x0, 0x0,
    0x8f, 0xff, 0x40, 0xff, 0xfe, 0x0, 0x0, 0x1e,
    0xff, 0xf4, 0xb, 0xff, 0xfd, 0x42, 0x5d, 0xff,
    0xff, 0x40, 0x5f, 0xff, 0xff, 0xff, 0xf8, 0xff,
    0xf4, 0x0, 0x9f, 0xff, 0xff, 0xfa, 0x2f, 0xff,
    0x40, 0x0, 0x5c, 0xff, 0xc6, 0x2, 0xff, 0xf4,

    /* U+0076 "v" */
    0x4f, 0xff, 0x70, 0x0, 0x0, 0x0, 0xff, 0xfb,
    0xe, 0xff, 0xc0, 0x0, 0x0, 0x5, 0xff, 0xf6,
    0x9, 0xff, 0xf2, 0x0, 0x0, 0xa, 0xff, 0xf0,
    0x3, 0xff, 0xf7, 0x0, 0x0, 0xf, 0xff, 0xa0,
    0x0, 0xdf, 0xfc, 0x0, 0x0, 0x4f, 0xff, 0x40,
    0x0, 0x8f, 0xff, 0x10, 0x0, 0x9f, 0xfe, 0x0,
    0x0, 0x2f, 0xff, 0x60, 0x0, 0xef, 0xf9, 0x0,
    0x0, 0xc, 0xff, 0xb0, 0x4, 0xff, 0xf3, 0x0,
    0x0, 0x7, 0xff, 0xf1, 0x9, 0xff, 0xe0, 0x0,
    0x0, 0x1, 0xff, 0xf5, 0xd, 0xff, 0x80, 0x0,
    0x0, 0x0, 0xbf, 0xfa, 0x2f, 0xff, 0x20, 0x0,
    0x0, 0x0, 0x6f, 0xfe, 0x6f, 0xfc, 0x0, 0x0,
    0x0, 0x0, 0xf, 0xff, 0xcf, 0xf7, 0x0, 0x0,
    0x0, 0x0, 0xa, 0xff, 0xff, 0xf1, 0x0, 0x0,
    0x0, 0x0, 0x5, 0xff, 0xff, 0xb0, 0x0, 0x0,
    0x0, 0x0, 0x0, 0xef, 0xff, 0x60, 0x0, 0x0,

    /* U+0077 "w" */
    0x4f, 0xff, 0x70, 0x0, 0x0, 0xff, 0xf9, 0x0,
    0x0, 0xf, 0xff, 0xc0, 0xff, 0xfb, 0x0, 0x0,
    0x4f, 0xff, 0xd0, 0x0, 0x3, 0xff, 0xf7, 0xa,
    0xff, 0xe0, 0x0, 0x8, 0xff, 0xff, 0x10, 0x0,
    0x7f, 0xff, 0x30, 0x6f, 0xff, 0x30, 0x0, 0xcf,
    0xff, 0xf4, 0x0, 0xb, 0xff, 0xe0, 0x1, 0xff,
    0xf6, 0x0, 0xf, 0xfe, 0xff, 0x80, 0x0, 0xff,
    0xf9, 0x0, 0xd, 0xff, 0xa0, 0x4, 0xff, 0x7f,
    0xfc, 0x0, 0x3f, 0xff, 0x50, 0x0, 0x8f, 0xfe,
    0x0, 0x8f, 0xf3, 0xcf, 0xf0, 0x6, 0xff, 0xf0,
    0x0, 0x4, 0xff, 0xf2, 0xc, 0xff, 0x8, 0xff,
    0x30, 0xaf, 0xfc, 0x0, 0x0, 0xf, 0xff, 0x50,
    0xff, 0xc0, 0x4f, 0xf7, 0xe, 0xff, 0x70, 0x0,
    0x0, 0xbf, 0xf9, 0x3f, 0xf8, 0x0, 0xff, 0xb1,
    0xff, 0xf2, 0x0, 0x0, 0x6, 0xff, 0xc6, 0xff,
    0x40, 0xc, 0xfe, 0x4f, 0xfe, 0x0, 0x0, 0x0,
    0x1f, 0xff, 0xaf, 0xf0, 0x0, 0x7f, 0xf9, 0xff,
    0x90, 0x0, 0x0, 0x0, 0xdf, 0xff, 0xfb, 0x0,
    0x3, 0xff, 0xff, 0xf5, 0x0, 0x0, 0x0, 0x8,
    0xff, 0xff, 0x60, 0x0, 0xe, 0xff, 0xff, 0x0,
    0x0, 0x0, 0x0, 0x4f, 0xff, 0xf2, 0x0, 0x0,
    0xaf, 0xff, 0xc0, 0x0, 0x0, 0x0, 0x0, 0xff,
    0xfe, 0x0, 0x0, 0x6, 0xff, 0xf7, 0x0, 0x0,

    /* U+0078 "x" */
    0xb, 0xff, 0xf3, 0x0, 0x0, 0x2f, 0xff, 0xb0,
    0x2, 0xff, 0xfc, 0x0, 0x0, 0xbf, 0xff, 0x20,
    0x0, 0x7f, 0xff, 0x50, 0x4, 0xff, 0xf7, 0x0,
    0x0, 0xd, 0xff, 0xd0, 0xd, 0xff, 0xd0, 0x0,
    0x0, 0x4, 0xff, 0xf5, 0x5f, 0xff, 0x40, 0x0,
    0x0, 0x0, 0xaf, 0xfd, 0xdf, 0xfa, 0x0, 0x0,
    0x0, 0x0, 0x1f, 0xff, 0xff, 0xe1, 0x0, 0x0,
    0x0, 0x0, 0x7, 0xff, 0xff, 0x60, 0x0, 0x0,
    0x0, 0x0, 0xb, 0xff, 0xff, 0x80, 0x0, 0x0,
    0x0, 0x0, 0x4f, 0xff, 0xff, 0xf3, 0x0, 0x0,
    0x0, 0x0, 0xef, 0xf9, 0xbf, 0xfc, 0x0, 0x0,
    0x0, 0x8, 0xff, 0xf1, 0x3f, 0xff, 0x60, 0x0,
    0x0, 0x2f, 0xff, 0x80, 0xa, 0xff, 0xf1, 0x0,
    0x0, 0xcf, 0xfe, 0x10, 0x2, 0xff, 0xfa, 0x0,
    0x6, 0xff, 0xf6, 0x0, 0x0, 0x8f, 0xff, 0x40,
    0x1e, 0xff, 0xc0, 0x0, 0x0, 0xe, 0xff, 0xe0,

    /* U+0079 "y" */
    0x4f, 0xff, 0x70, 0x0, 0x0, 0x0, 0xff, 0xfc,
    0xe, 0xff, 0xc0, 0x0, 0x0, 0x5, 0xff, 0xf6,
    0x9, 0xff, 0xf2, 0x0, 0x0, 0xa, 0xff, 0xf0,
    0x3, 0xff, 0xf7, 0x0, 0x0, 0xf, 0xff, 0xa0,
    0x0, 0xdf, 0xfc, 0x0, 0x0, 0x5f, 0xff, 0x40,
    0x0, 0x7f, 0xff, 0x10, 0x0, 0xaf, 0xfe, 0x0,
    0x0, 0x2f, 0xff, 0x60, 0x0, 0xff, 0xf9, 0x0,
    0x0, 0xc, 0xff, 0xb0, 0x5, 0xff, 0xf3, 0x0,
    0x0, 0x6, 0xff, 0xf1, 0xa, 0xff, 0xd0, 0x0,
    0x0, 0x1, 0xff, 0xf5, 0xe, 0xff, 0x70, 0x0,
    0x0, 0x0, 0xaf, 0xf9, 0x3f, 0xff, 0x10, 0x0,
    0x0, 0x0, 0x5f, 0xfd, 0x8f, 0xfb, 0x0, 0x0,
    0x0, 0x0, 0xe, 0xff, 0xdf, 0xf6, 0x0, 0x0,
    0x0, 0x0, 0x9, 0xff, 0xff, 0xf0, 0x0, 0x0,
    0x0, 0x0, 0x3, 0xff, 0xff, 0xa0, 0x0, 0x0,
    0x0, 0x0, 0x0, 0xdf, 0xff, 0x40, 0x0, 0x0,
    0x0, 0x0, 0x0, 0xdf, 0xfe, 0x0, 0x0, 0x0,
    0x0, 0x0, 0x1, 0xff, 0xf8, 0x0, 0x0, 0x0,
    0x0, 0x11, 0x1b, 0xff, 0xf2, 0x0, 0x0, 0x0,
    0x0, 0xaf, 0xff, 0xff, 0x90, 0x0, 0x0, 0x0,
    0x0, 0xef, 0xff, 0xfc, 0x0, 0x0, 0x0, 0x0,
    0x1, 0xdf, 0xfd, 0x80, 0x0, 0x0, 0x0, 0x0,

    /* U+007A "z" */
    0x1f, 0xff, 0xff, 0xff, 0xff, 0xff, 0xe0, 0x1f,
    0xff, 0xff, 0xff, 0xff, 0xff, 0xe0, 0x1f, 0xff,
    0xff, 0xff, 0xff, 0xff, 0xd0, 0x2, 0x22, 0x22,
    0x22, 0xcf, 0xff, 0x30, 0x0, 0x0, 0x0, 0x7,
    0xff, 0xf8, 0x0, 0x0, 0x0, 0x0, 0x3f, 0xff,
    0xc0, 0x0, 0x0, 0x0, 0x1, 0xef, 0xfe, 0x10,
    0x0, 0x0, 0x0, 0xb, 0xff, 0xf5, 0x0, 0x0,
    0x0, 0x0, 0x7f, 0xff, 0x90, 0x0, 0x0, 0x0,
    0x3, 0xff, 0xfd, 0x0, 0x0, 0x0, 0x0, 0x1e,
    0xff, 0xf2, 0x0, 0x0, 0x0, 0x0, 0xbf, 0xff,
    0x60, 0x0, 0x0, 0x0, 0x7, 0xff, 0xfc, 0x22,
    0x22, 0x22, 0x20, 0x2f, 0xff, 0xff, 0xff, 0xff,
    0xff, 0xf2, 0x5f, 0xff, 0xff, 0xff, 0xff, 0xff,
    0xf2, 0x5f, 0xff, 0xff, 0xff, 0xff, 0xff, 0xf2,

    /* U+007B "{" */
    0x0, 0x0, 0x0, 0x6b, 0xef, 0x30, 0x0, 0x0,
    0xcf, 0xff, 0xf3, 0x0, 0x0, 0x8f, 0xff, 0xfe,
    0x30, 0x0, 0xd, 0xff, 0xe2, 0x0, 0x0, 0x0,
    0xff, 0xf7, 0x0, 0x0, 0x0, 0xf, 0xff, 0x40,
    0x0, 0x0, 0x0, 0xff, 0xf4, 0x0, 0x0, 0x0,
    0xf, 0xff, 0x40, 0x0, 0x0, 0x1, 0xff, 0xf4,
    0x0, 0x0, 0x0, 0x4f, 0xff, 0x20, 0x0, 0x0,
    0x3d, 0xff, 0xf0, 0x0, 0x1, 0xff, 0xff, 0xf5,
    0x0, 0x0, 0x1f, 0xff, 0x92, 0x0, 0x0, 0x1,
    0xff, 0xff, 0x90, 0x0, 0x0, 0x8, 0xbf, 0xff,
    0xa0, 0x0, 0x0, 0x0, 0x8f, 0xff, 0x10, 0x0,
    0x0, 0x2, 0xff, 0xf3, 0x0, 0x0, 0x0, 0xf,
    0xff, 0x40, 0x0, 0x0, 0x0, 0xff, 0xf4, 0x0,
    0x0, 0x0, 0xf, 0xff, 0x40, 0x0, 0x0, 0x0,
    0xff, 0xf4, 0x0, 0x0, 0x0, 0xf, 0xff, 0x70,
    0x0, 0x0, 0x0, 0xcf, 0xfe, 0x20, 0x0, 0x0,
    0x7, 0xff, 0xff, 0xe3, 0x0, 0x0, 0xb, 0xff,
    0xff, 0x30, 0x0, 0x0, 0x5, 0xae, 0xf3,

    /* U+007C "|" */
    0x58, 0x85, 0xaf, 0xfa, 0xaf, 0xfa, 0xaf, 0xfa,
    0xaf, 0xfa, 0xaf, 0xfa, 0xaf, 0xfa, 0xaf, 0xfa,
    0xaf, 0xfa, 0xaf, 0xfa, 0xaf, 0xfa, 0xaf, 0xfa,
    0xaf, 0xfa, 0xaf, 0xfa, 0xaf, 0xfa, 0xaf, 0xfa,
    0xaf, 0xfa, 0xaf, 0xfa, 0xaf, 0xfa, 0xaf, 0xfa,
    0xaf, 0xfa, 0xaf, 0xfa, 0xaf, 0xfa, 0xaf, 0xfa,
    0xaf, 0xfa, 0xaf, 0xfa, 0xaf, 0xfa, 0xaf, 0xfa,
    0xaf, 0xfa, 0xaf, 0xfa, 0xaf, 0xfa, 0xaf, 0xfa,
    0xaf, 0xfa, 0xaf, 0xfa, 0xaf, 0xfa,

    /* U+007D "}" */
    0x8f, 0xda, 0x30, 0x0, 0x0, 0x8f, 0xff, 0xf8,
    0x0, 0x0, 0x7e, 0xff, 0xff, 0x30, 0x0, 0x0,
    0x5f, 0xff, 0x80, 0x0, 0x0, 0xb, 0xff, 0xb0,
    0x0, 0x0, 0x8, 0xff, 0xc0, 0x0, 0x0, 0x8,
    0xff, 0xc0, 0x0, 0x0, 0x8, 0xff, 0xc0, 0x0,
    0x0, 0x8, 0xff, 0xd0, 0x0, 0x0, 0x7, 0xff,
    0xf0, 0x0, 0x0, 0x3, 0xff, 0xfa, 0x20, 0x0,
    0x0, 0x9f, 0xff, 0xfc, 0x0, 0x0, 0x3, 0xbf,
    0xfc, 0x0, 0x0, 0x2c, 0xff, 0xfc, 0x0, 0x1,
    0xef, 0xff, 0x95, 0x0, 0x5, 0xff, 0xf3, 0x0,
    0x0, 0x7, 0xff, 0xe0, 0x0, 0x0, 0x8, 0xff,
    0xc0, 0x0, 0x0, 0x8, 0xff, 0xc0, 0x0, 0x0,
    0x8, 0xff, 0xc0, 0x0, 0x0, 0x9, 0xff, 0xc0,
    0x0, 0x0, 0xb, 0xff, 0xb0, 0x0, 0x0, 0x5f,
    0xff, 0x80, 0x0, 0x6e, 0xff, 0xff, 0x20, 0x0,
    0x8f, 0xff, 0xf7, 0x0, 0x0, 0x8f, 0xd9, 0x30,
    0x0, 0x0,

    /* U+007E "~" */
    0x0, 0x8e, 0xfd, 0x60, 0x0, 0x2, 0x88, 0x50,
    0xbf, 0xff, 0xff, 0xb0, 0x0, 0x5f, 0xf9, 0x5f,
    0xff, 0xff, 0xff, 0xd4, 0x3d, 0xff, 0x79, 0xff,
    0xb3, 0x5e, 0xff, 0xff, 0xff, 0xf2, 0xcf, 0xf3,
    0x0, 0x2d, 0xff, 0xff, 0xf8, 0x6, 0x88, 0x0,
    0x0, 0x7, 0xdf, 0xd6, 0x0,

    /* U+00A0 "?" */

    /* U+00A1 "?" */
    0x1b, 0xfb, 0x19, 0xff, 0xf9, 0xaf, 0xff, 0xa5,
    0xff, 0xf5, 0x3, 0x63, 0x0, 0x0, 0x0, 0x0,
    0x0, 0x2, 0xff, 0xf3, 0x3f, 0xff, 0x33, 0xff,
    0xf3, 0x3f, 0xff, 0x34, 0xff, 0xf4, 0x4f, 0xff,
    0x44, 0xff, 0xf4, 0x4f, 0xff, 0x55, 0xff, 0xf5,
    0x5f, 0xff, 0x55, 0xff, 0xf5, 0x6f, 0xff, 0x66,
    0xff, 0xf6, 0x6f, 0xff, 0x62, 0x55, 0x52,

    /* U+00A2 "?" */
    0x0, 0x0, 0x0, 0x6f, 0x40, 0x0, 0x0, 0x0,
    0x0, 0x0, 0x6, 0xf4, 0x0, 0x0, 0x0, 0x0,
    0x0, 0x15, 0xbf, 0xa6, 0x10, 0x0, 0x0, 0x0,
    0x7e, 0xff, 0xff, 0xff, 0x80, 0x0, 0x0, 0x9f,
    0xff, 0xff, 0xff, 0xff, 0xb0, 0x0, 0x6f, 0xff,
    0xeb, 0xfa, 0xef, 0xff, 0x60, 0xe, 0xff, 0xe1,
    0x6f, 0x41, 0xef, 0xfd, 0x5, 0xff, 0xf6, 0x6,
    0xf4, 0x6, 0xea, 0x70, 0x9f, 0xff, 0x10, 0x6f,
    0x40, 0x0, 0x0, 0xb, 0xff, 0xf0, 0x6, 0xf4,
    0x0, 0x0, 0x0, 0xcf, 0xfd, 0x0, 0x6f, 0x40,
    0x0, 0x0, 0xb, 0xff, 0xf0, 0x6, 0xf4, 0x0,
    0x0, 0x0, 0x9f, 0xff, 0x10, 0x6f, 0x40, 0x0,
    0x0, 0x5, 0xff, 0xf6, 0x6, 0xf4, 0x6, 0xfc,
    0x80, 0xf, 0xff, 0xe1, 0x6f, 0x41, 0xef, 0xfe,
    0x0, 0x6f, 0xff, 0xeb, 0xfa, 0xef, 0xff, 0x60,
    0x0, 0xaf, 0xff, 0xff, 0xff, 0xff, 0xb0, 0x0,
    0x0, 0x7f, 0xff, 0xff, 0xff, 0x80, 0x0, 0x0,
    0x0, 0x15, 0xbf, 0xa6, 0x10, 0x0, 0x0, 0x0,
    0x0, 0x6, 0xf4, 0x0, 0x0, 0x0, 0x0, 0x0,
    0x0, 0x6f, 0x40, 0x0, 0x0, 0x0,

    /* U+00A3 "?" */
    0x0, 0x0, 0x3, 0xad, 0xff, 0xc7, 0x10, 0x0,
    0x0, 0x0, 0x9f, 0xff, 0xff, 0xff, 0xe3, 0x0,
    0x0, 0x9, 0xff, 0xff, 0xff, 0xff, 0xfe, 0x10,
    0x0, 0x2f, 0xff, 0xe7, 0x34, 0xaf, 0xff, 0xa0,
    0x0, 0x8f, 0xff, 0x30, 0x0, 0xa, 0xff, 0xf0,
    0x0, 0xaf, 0xfd, 0x0, 0x0, 0x3, 0xb9, 0x61,
    0x0, 0xbf, 0xfb, 0x0, 0x0, 0x0, 0x0, 0x0,
    0x0, 0xbf, 0xfc, 0x0, 0x0, 0x0, 0x0, 0x0,
    0x0, 0xaf, 0xfc, 0x0, 0x0, 0x0, 0x0, 0x0,
    0xaf, 0xff, 0xff, 0xff, 0xff, 0xf9, 0x0, 0x0,
    0xaf, 0xff, 0xff, 0xff, 0xff, 0xf9, 0x0, 0x0,
    0x58, 0xcf, 0xff, 0x88, 0x88, 0x84, 0x0, 0x0,
    0x0, 0x7f, 0xfe, 0x0, 0x0, 0x0, 0x0, 0x0,
    0x0, 0x6f, 0xff, 0x0, 0x0, 0x0, 0x0, 0x0,
    0x0, 0x6f, 0xff, 0x0, 0x0, 0x0, 0x0, 0x0,
    0x0, 0x6f, 0xfe, 0x0, 0x0, 0x0, 0x0, 0x0,
    0x0, 0x8f, 0xf9, 0x0, 0x0, 0x0, 0xff, 0xf5,
    0x26, 0xff, 0xc3, 0x22, 0x22, 0x26, 0xff, 0xf4,
    0xaf, 0xff, 0xff, 0xff, 0xff, 0xff, 0xff, 0xf1,
    0xaf, 0xff, 0xff, 0xff, 0xff, 0xff, 0xff, 0x90,
    0xaf, 0xff, 0xff, 0xff, 0xff, 0xff, 0xd7, 0x0,

    /* U+00A4 "?" */
    0x0, 0x91, 0x0, 0x3, 0x67, 0x63, 0x0, 0x1,
    0x90, 0x0, 0xbf, 0xd1, 0x6e, 0xff, 0xff, 0xfd,
    0x61, 0xdf, 0xb0, 0xb, 0xff, 0xff, 0xff, 0xff,
    0xff, 0xff, 0xff, 0xfc, 0x0, 0xc, 0xff, 0xfd,
    0x62, 0x2, 0x6e, 0xff, 0xfc, 0x0, 0x0, 0x8f,
    0xfa, 0x0, 0x0, 0x0, 0x1b, 0xff, 0x60, 0x0,
    0x1f, 0xfc, 0x0, 0x0, 0x0, 0x0, 0xd, 0xfe,
    0x0, 0x6, 0xff, 0x30, 0x0, 0x0, 0x0, 0x0,
    0x5f, 0xf5, 0x0, 0xaf, 0xd0, 0x0, 0x0, 0x0,
    0x0, 0x0, 0xef, 0x90, 0xc, 0xfa, 0x0, 0x0,
    0x0, 0x0, 0x0, 0xc, 0xfb, 0x0, 0xcf, 0xa0,
    0x0, 0x0, 0x0, 0x0, 0x0, 0xbf, 0xb0, 0xb,
    0xfb, 0x0, 0x0, 0x0, 0x0, 0x0, 0xd, 0xfa,
    0x0, 0x8f, 0xf0, 0x0, 0x0, 0x0, 0x0, 0x2,
    0xff, 0x70, 0x3, 0xff, 0x70, 0x0, 0x0, 0x0,
    0x0, 0x9f, 0xf2, 0x0, 0xc, 0xff, 0x30, 0x0,
    0x0, 0x0, 0x5f, 0xfb, 0x0, 0x0, 0xaf, 0xff,
    0x60, 0x0, 0x0, 0x7f, 0xff, 0xa0, 0x0, 0xaf,
    0xff, 0xff, 0xea, 0x9a, 0xef, 0xff, 0xff, 0xa0,
    0xc, 0xfe, 0x5e, 0xff, 0xff, 0xff, 0xfd, 0x5e,
    0xfc, 0x0, 0x1b, 0x20, 0x6, 0xbe, 0xfe, 0xb6,
    0x0, 0x2b, 0x10, 0x0, 0x0, 0x0, 0x0, 0x0,
    0x0, 0x0, 0x0, 0x0, 0x0,

    /* U+00A5 "?" */
    0x5f, 0xff, 0x60, 0x0, 0x0, 0xa, 0xff, 0xf2,
    0xd, 0xff, 0xd0, 0x0, 0x0, 0x1f, 0xff, 0xa0,
    0x6, 0xff, 0xf4, 0x0, 0x0, 0x8f, 0xff, 0x30,
    0x0, 0xef, 0xfb, 0x0, 0x0, 0xef, 0xfb, 0x0,
    0x0, 0x7f, 0xff, 0x20, 0x5, 0xff, 0xf4, 0x0,
    0x0, 0x1f, 0xff, 0x90, 0xc, 0xff, 0xc0, 0x0,
    0x0, 0x8, 0xff, 0xf0, 0x3f, 0xff, 0x50, 0x0,
    0x0, 0x1, 0xff, 0xf6, 0xaf, 0xfd, 0x0, 0x0,
    0x0, 0x0, 0x9f, 0xfe, 0xff, 0xf6, 0x0, 0x0,
    0x0, 0x0, 0x2f, 0xff, 0xff, 0xe0, 0x0, 0x0,
    0x5, 0xff, 0xff, 0xff, 0xff, 0xff, 0xfd, 0x0,
    0x5, 0xff, 0xff, 0xff, 0xff, 0xff, 0xfd, 0x0,
    0x1, 0x44, 0x44, 0xff, 0xfc, 0x44, 0x44, 0x0,
    0x0, 0x0, 0x0, 0xff, 0xfa, 0x0, 0x0, 0x0,
    0x5, 0xff, 0xff, 0xff, 0xff, 0xff, 0xfd, 0x0,
    0x5, 0xff, 0xff, 0xff, 0xff, 0xff, 0xfd, 0x0,
    0x1, 0x55, 0x55, 0xff, 0xfc, 0x55, 0x54, 0x0,
    0x0, 0x0, 0x0, 0xff, 0xfa, 0x0, 0x0, 0x0,
    0x0, 0x0, 0x0, 0xff, 0xfa, 0x0, 0x0, 0x0,
    0x0, 0x0, 0x0, 0xff, 0xfa, 0x0, 0x0, 0x0,
    0x0, 0x0, 0x0, 0xff, 0xfa, 0x0, 0x0, 0x0,

    /* U+00A6 "?" */
    0x3f, 0xff, 0x3, 0xff, 0xf0, 0x3f, 0xff, 0x3,
    0xff, 0xf0, 0x3f, 0xff, 0x3, 0xff, 0xf0, 0x3f,
    0xff, 0x3, 0xff, 0xf0, 0x3f, 0xff, 0x2, 0xbb,
    0xb0, 0x0, 0x0, 0x0, 0x0, 0x0, 0x0, 0x0,
    0x0, 0x0, 0x0, 0x0, 0x0, 0x2, 0xcc, 0xc0,
    0x3f, 0xff, 0x3, 0xff, 0xf0, 0x3f, 0xff, 0x3,
    0xff, 0xf0, 0x3f, 0xff, 0x3, 0xff, 0xf0, 0x3f,
    0xff, 0x3, 0xff, 0xf0, 0x3f, 0xff, 0x0,

    /* U+00A7 "?" */
    0x0, 0x2, 0x9d, 0xff, 0xd8, 0x0, 0x0, 0x0,
    0x4f, 0xff, 0xff, 0xff, 0xd1, 0x0, 0x1, 0xef,
    0xff, 0xff, 0xff, 0xfa, 0x0, 0x6, 0xff, 0xf5,
    0x0, 0x7f, 0xff, 0x20, 0x8, 0xff, 0xb0, 0x0,
    0xb, 0xfe, 0x50, 0x8, 0xff, 0xc0, 0x0, 0x1,
    0x10, 0x0, 0x4, 0xff, 0xf6, 0x0, 0x0, 0x0,
    0x0, 0x0, 0xbf, 0xff, 0xc3, 0x0, 0x0, 0x0,
    0x0, 0x1b, 0xff, 0xff, 0xb3, 0x0, 0x0, 0x3,
    0xcf, 0xff, 0xff, 0xff, 0xb2, 0x0, 0x1f, 0xfb,
    0x1, 0x8f, 0xff, 0xff, 0x30, 0x7f, 0xf5, 0x0,
    0x1, 0x8f, 0xff, 0xe0, 0x8f, 0xf5, 0x0, 0x0,
    0x2, 0xef, 0xf5, 0x6f, 0xfd, 0x10, 0x0, 0x0,
    0x7f, 0xf7, 0xe, 0xff, 0xe7, 0x0, 0x0, 0x7f,
    0xf5, 0x3, 0xff, 0xff, 0xe7, 0x12, 0xdf, 0xd0,
    0x0, 0x2b, 0xff, 0xff, 0xff, 0xea, 0x10, 0x0,
    0x0, 0x4c, 0xff, 0xff, 0xb1, 0x0, 0x0, 0x0,
    0x0, 0x3c, 0xff, 0xfb, 0x0, 0x0, 0x0, 0x0,
    0x0, 0x7f, 0xff, 0x30, 0x0, 0x14, 0x0, 0x0,
    0xd, 0xff, 0x70, 0xd, 0xff, 0x50, 0x0, 0xd,
    0xff, 0x70, 0xb, 0xff, 0xe4, 0x1, 0x8f, 0xff,
    0x40, 0x3, 0xff, 0xff, 0xff, 0xff, 0xfd, 0x0,
    0x0, 0x5f, 0xff, 0xff, 0xff, 0xd2, 0x0, 0x0,
    0x2, 0x9d, 0xee, 0xb7, 0x0, 0x0,

    /* U+00A8 "?" */
    0x7, 0xc9, 0x0, 0x7, 0xc8, 0x2, 0xff, 0xf5,
    0x3, 0xff, 0xf5, 0x3f, 0xff, 0x60, 0x4f, 0xff,
    0x50, 0x9f, 0xb0, 0x0, 0x9f, 0xa0,

    /* U+00A9 "?" */
    0x0, 0x0, 0x0, 0x16, 0xbd, 0xfe, 0xd9, 0x40,
    0x0, 0x0, 0x0, 0x0, 0x0, 0x7, 0xef, 0xff,
    0xff, 0xff, 0xfc, 0x30, 0x0, 0x0, 0x0, 0x0,
    0xbf, 0xff, 0xff, 0xff, 0xff, 0xff, 0xf6, 0x0,
    0x0, 0x0, 0xc, 0xff, 0xfd, 0x73, 0x11, 0x49,
    0xff, 0xff, 0x60, 0x0, 0x0, 0xaf, 0xff, 0x70,
    0x0, 0x0, 0x0, 0x2c, 0xff, 0xf3, 0x0, 0x4,
    0xff, 0xf6, 0x0, 0x27, 0xaa, 0x61, 0x0, 0xcf,
    0xfd, 0x0, 0xc, 0xff, 0x90, 0x8, 0xff, 0xff,
    0xfe, 0x50, 0x1e, 0xff, 0x50, 0x1f, 0xff, 0x10,
    0x8f, 0xff, 0xff, 0xff, 0xf4, 0x7, 0xff, 0xb0,
    0x6f, 0xfa, 0x2, 0xff, 0xe5, 0x1, 0x8f, 0xfd,
    0x1, 0xff, 0xf0, 0x9f, 0xf6, 0x9, 0xff, 0x40,
    0x0, 0xa, 0xff, 0x20, 0xdf, 0xf2, 0xaf, 0xf4,
    0xc, 0xfe, 0x0, 0x0, 0x0, 0x0, 0x0, 0xbf,
    0xf4, 0xaf, 0xf4, 0xc, 0xfd, 0x0, 0x0, 0x0,
    0x0, 0x0, 0xbf, 0xf3, 0x9f, 0xf6, 0xa, 0xff,
    0x20, 0x0, 0x7, 0xaa, 0x0, 0xdf, 0xf2, 0x6f,
    0xfa, 0x4, 0xff, 0xc1, 0x0, 0x4f, 0xfd, 0x1,
    0xff, 0xf0, 0x1f, 0xff, 0x10, 0xbf, 0xff, 0xcc,
    0xff, 0xf5, 0x7, 0xff, 0xb0, 0xc, 0xff, 0x90,
    0x1c, 0xff, 0xff, 0xff, 0x90, 0x1e, 0xff, 0x50,
    0x4, 0xff, 0xf6, 0x0, 0x6c, 0xfe, 0xb5, 0x0,
    0xcf, 0xfd, 0x0, 0x0, 0xaf, 0xff, 0x70, 0x0,
    0x0, 0x0, 0x2c, 0xff, 0xf3, 0x0, 0x0, 0xc,
    0xff, 0xfd, 0x72, 0x11, 0x49, 0xff, 0xff, 0x60,
    0x0, 0x0, 0x0, 0xbf, 0xff, 0xff, 0xff, 0xff,
    0xff, 0xf6, 0x0, 0x0, 0x0, 0x0, 0x7, 0xff,
    0xff, 0xff, 0xff, 0xfc, 0x30, 0x0, 0x0, 0x0,
    0x0, 0x0, 0x16, 0xbd, 0xfe, 0xd9, 0x40, 0x0,
    0x0, 0x0,

    /* U+00AA "?" */
    0x0, 0x5, 0xbe, 0xfe, 0xa3, 0x0, 0x0, 0xbf,
    0xff, 0xff, 0xff, 0x60, 0x8, 0xff, 0xc5, 0x36,
    0xff, 0xf1, 0x2, 0x58, 0x0, 0x0, 0x9f, 0xf5,
    0x0, 0x0, 0x0, 0x25, 0xdf, 0xf6, 0x0, 0x4a,
    0xdf, 0xff, 0xff, 0xf6, 0x7, 0xff, 0xfe, 0xc9,
    0xbf, 0xf6, 0xf, 0xfe, 0x40, 0x0, 0x8f, 0xf6,
    0x2f, 0xfb, 0x0, 0x0, 0xcf, 0xf6, 0xf, 0xff,
    0x52, 0x3a, 0xff, 0xf6, 0x9, 0xff, 0xff, 0xff,
    0xaf, 0xf6, 0x0, 0x5c, 0xff, 0xb3, 0x6f, 0xf6,

    /* U+00AB "?" */
    0x0, 0x0, 0xa, 0xff, 0xf3, 0x8, 0xff, 0xf5,
    0x0, 0x0, 0x7f, 0xff, 0x60, 0x5f, 0xff, 0x80,
    0x0, 0x4, 0xff, 0xf9, 0x3, 0xff, 0xfb, 0x0,
    0x0, 0x2f, 0xff, 0xb0, 0x1e, 0xff, 0xd0, 0x0,
    0x1, 0xdf, 0xfe, 0x10, 0xcf, 0xfe, 0x20, 0x0,
    0xc, 0xff, 0xf3, 0xa, 0xff, 0xf4, 0x0, 0x0,
    0x8f, 0xff, 0x60, 0x6f, 0xff, 0x80, 0x0, 0x0,
    0x2e, 0xff, 0xd0, 0x1d, 0xff, 0xe1, 0x0, 0x0,
    0x4, 0xff, 0xfa, 0x2, 0xff, 0xfc, 0x0, 0x0,
    0x0, 0x6f, 0xff, 0x70, 0x4f, 0xff, 0x90, 0x0,
    0x0, 0x9, 0xff, 0xf4, 0x7, 0xff, 0xf6, 0x0,
    0x0, 0x0, 0xbf, 0xff, 0x20, 0xaf, 0xff, 0x30,
    0x0, 0x0, 0x1d, 0xff, 0xd0, 0xc, 0xff, 0xe1,
    0x0, 0x0, 0x2, 0x55, 0x52, 0x1, 0x55, 0x53,

    /* U+00AC "?" */
    0x0, 0x0, 0x0, 0x0, 0x0, 0x0, 0x0, 0xf,
    0xff, 0xff, 0xff, 0xff, 0xff, 0xf0, 0xf, 0xff,
    0xff, 0xff, 0xff, 0xff, 0xf0, 0xf, 0xff, 0xff,
    0xff, 0xff, 0xff, 0xf0, 0x0, 0x0, 0x0, 0x0,
    0x0, 0xff, 0xf0, 0x0, 0x0, 0x0, 0x0, 0x0,
    0xff, 0xf0, 0x0, 0x0, 0x0, 0x0, 0x0, 0xff,
    0xf0, 0x0, 0x0, 0x0, 0x0, 0x0, 0x88, 0x80,

    /* U+00AE "?" */
    0x0, 0x0, 0x0, 0x0, 0x10, 0x0, 0x0, 0x0,
    0x0, 0x0, 0x1, 0x8d, 0xff, 0xfb, 0x60, 0x0,
    0x0, 0x0, 0x6, 0xff, 0xff, 0xff, 0xff, 0xd2,
    0x0, 0x0, 0x8, 0xff, 0xb5, 0x10, 0x27, 0xef,
    0xe2, 0x0, 0x4, 0xff, 0x70, 0x11, 0x10, 0x1,
    0xcf, 0xd0, 0x0, 0xdf, 0x80, 0x9f, 0xff, 0xf8,
    0x1, 0xdf, 0x70, 0x4f, 0xe0, 0x9, 0xf7, 0x4c,
    0xf4, 0x5, 0xfd, 0x8, 0xf8, 0x0, 0x9f, 0x40,
    0x7f, 0x70, 0xf, 0xf1, 0x9f, 0x60, 0x9, 0xf4,
    0x1b, 0xf5, 0x0, 0xdf, 0x39, 0xf6, 0x0, 0x9f,
    0xff, 0xfb, 0x0, 0xd, 0xf2, 0x7f, 0x90, 0x9,
    0xf6, 0x6f, 0xa0, 0x0, 0xff, 0x13, 0xfe, 0x0,
    0x9f, 0x40, 0xcf, 0x30, 0x6f, 0xc0, 0xc, 0xf9,
    0x5, 0xa2, 0x3, 0xa6, 0x1e, 0xf6, 0x0, 0x3f,
    0xf8, 0x0, 0x0, 0x0, 0x2d, 0xfc, 0x0, 0x0,
    0x6f, 0xfd, 0x63, 0x24, 0x9f, 0xfe, 0x10, 0x0,
    0x0, 0x5e, 0xff, 0xff, 0xff, 0xfb, 0x10, 0x0,
    0x0, 0x0, 0x17, 0xce, 0xfe, 0xa4, 0x0, 0x0,
    0x0,

    /* U+00AF "?" */
    0x47, 0x77, 0x77, 0x77, 0x19, 0xff, 0xff, 0xff,
    0xf3, 0x9f, 0xff, 0xff, 0xff, 0x30,

    /* U+00B0 "?" */
    0x0, 0x8, 0xdf, 0xd7, 0x0, 0x0, 0x1d, 0xff,
    0xff, 0xfb, 0x0, 0xa, 0xff, 0xda, 0xef, 0xf8,
    0x1, 0xff, 0xb0, 0x1, 0xdf, 0xe0, 0x4f, 0xf4,
    0x0, 0x6, 0xff, 0x14, 0xff, 0x40, 0x0, 0x6f,
    0xf2, 0x1f, 0xfb, 0x0, 0xd, 0xfe, 0x0, 0xbf,
    0xfd, 0xae, 0xff, 0x80, 0x1, 0xdf, 0xff, 0xff,
    0xb0, 0x0, 0x0, 0x8d, 0xfd, 0x70, 0x0,

    /* U+00B1 "?" */
    0x0, 0x0, 0x1, 0xff, 0xf0, 0x0, 0x0, 0x0,
    0x0, 0x0, 0x1f, 0xff, 0x0, 0x0, 0x0, 0x0,
    0x0, 0x1, 0xff, 0xf0, 0x0, 0x0, 0x0, 0x0,
    0x0, 0x1f, 0xff, 0x0, 0x0, 0x0, 0x6f, 0xff,
    0xff, 0xff, 0xff, 0xff, 0xff, 0x36, 0xff, 0xff,
    0xff, 0xff, 0xff, 0xff, 0xf3, 0x5f, 0xff, 0xff,
    0xff, 0xff, 0xff, 0xff, 0x30, 0x0, 0x0, 0x1f,
    0xff, 0x0, 0x0, 0x0, 0x0, 0x0, 0x1, 0xff,
    0xf0, 0x0, 0x0, 0x0, 0x0, 0x0, 0x1f, 0xff,
    0x0, 0x0, 0x0, 0x0, 0x0, 0x1, 0x99, 0x90,
    0x0, 0x0, 0x0, 0x0, 0x0, 0x0, 0x0, 0x0,
    0x0, 0x0, 0x6f, 0xff, 0xff, 0xff, 0xff, 0xff,
    0xff, 0x36, 0xff, 0xff, 0xff, 0xff, 0xff, 0xff,
    0xf3, 0x6f, 0xff, 0xff, 0xff, 0xff, 0xff, 0xff,
    0x30, 0x11, 0x11, 0x11, 0x11, 0x11, 0x11, 0x10,

    /* U+00B2 "?" */
    0x0, 0x6c, 0xef, 0xd9, 0x20, 0x0, 0xcf, 0xff,
    0xff, 0xff, 0x30, 0x6f, 0xfc, 0x54, 0xaf, 0xfc,
    0x6, 0xbb, 0x20, 0x0, 0xef, 0xf0, 0x0, 0x0,
    0x0, 0x2f, 0xfd, 0x0, 0x0, 0x0, 0x2d, 0xff,
    0x70, 0x0, 0x0, 0x4e, 0xff, 0xa0, 0x0, 0x0,
    0x6f, 0xff, 0x80, 0x0, 0x0, 0x9f, 0xfe, 0x30,
    0x0, 0x1, 0xcf, 0xff, 0x75, 0x55, 0x51, 0x6f,
    0xff, 0xff, 0xff, 0xff, 0x56, 0xff, 0xff, 0xff,
    0xff, 0xf5,

    /* U+00B3 "?" */
    0x0, 0x4a, 0xef, 0xeb, 0x30, 0x0, 0x7f, 0xff,
    0xff, 0xff, 0x50, 0x2f, 0xfe, 0x75, 0x8f, 0xff,
    0x3, 0x99, 0x40, 0x0, 0xbf, 0xf2, 0x0, 0x0,
    0x0, 0x1e, 0xfe, 0x0, 0x0, 0xc, 0xdf, 0xfb,
    0x20, 0x0, 0x0, 0xff, 0xff, 0xb5, 0x0, 0x0,
    0x0, 0x3, 0xdf, 0xf5, 0x47, 0x72, 0x0, 0x8,
    0xff, 0xa6, 0xff, 0xe7, 0x58, 0xff, 0xf7, 0xb,
    0xff, 0xff, 0xff, 0xfc, 0x0, 0x5, 0xbe, 0xfe,
    0xb6, 0x0,

    /* U+00B4 "?" */
    0x0, 0x45, 0x52, 0x2, 0xff, 0xf2, 0x9, 0xff,
    0x70, 0x1f, 0xfd, 0x0, 0x7f, 0xf3, 0x0,

    /* U+00B5 "?" */
    0x1f, 0xff, 0x60, 0x0, 0x0, 0x4f, 0xff, 0x40,
    0x1, 0xff, 0xf6, 0x0, 0x0, 0x4, 0xff, 0xf4,
    0x0, 0x1f, 0xff, 0x60, 0x0, 0x0, 0x4f, 0xff,
    0x40, 0x1, 0xff, 0xf6, 0x0, 0x0, 0x4, 0xff,
    0xf4, 0x0, 0x1f, 0xff, 0x60, 0x0, 0x0, 0x4f,
    0xff, 0x40, 0x1, 0xff, 0xf6, 0x0, 0x0, 0x4,
    0xff, 0xf4, 0x0, 0x1f, 0xff, 0x60, 0x0, 0x0,
    0x4f, 0xff, 0x40, 0x1, 0xff, 0xf6, 0x0, 0x0,
    0x4, 0xff, 0xf4, 0x0, 0x1f, 0xff, 0x60, 0x0,
    0x0, 0x4f, 0xff, 0x40, 0x1, 0xff, 0xf6, 0x0,
    0x0, 0x4, 0xff, 0xf4, 0x0, 0x1f, 0xff, 0x80,
    0x0, 0x0, 0x6f, 0xff, 0x40, 0x1, 0xff, 0xfd,
    0x0, 0x0, 0xb, 0xff, 0xf4, 0x0, 0x1f, 0xff,
    0xf9, 0x0, 0x7, 0xff, 0xff, 0x60, 0x1, 0xff,
    0xff, 0xff, 0xdf, 0xff, 0xff, 0xff, 0xd0, 0x1f,
    0xff, 0x9f, 0xff, 0xff, 0x78, 0xff, 0xff, 0x11,
    0xff, 0xf6, 0x3c, 0xfd, 0x60, 0x7, 0xdf, 0xf1,
    0x1f, 0xff, 0x60, 0x0, 0x0, 0x0, 0x0, 0x0,
    0x1, 0xff, 0xf6, 0x0, 0x0, 0x0, 0x0, 0x0,
    0x0, 0x1f, 0xff, 0x60, 0x0, 0x0, 0x0, 0x0,
    0x0, 0x1, 0xff, 0xf6, 0x0, 0x0, 0x0, 0x0,
    0x0, 0x0, 0x1f, 0xff, 0x60, 0x0, 0x0, 0x0,
    0x0, 0x0, 0x1, 0xff, 0xf6, 0x0, 0x0, 0x0,
    0x0, 0x0, 0x0,

    /* U+00B6 "?" */
    0x0, 0x2, 0x9d, 0xff, 0xff, 0xff, 0xfc, 0x0,
    0x7f, 0xff, 0xff, 0xff, 0xff, 0xfc, 0x7, 0xff,
    0xff, 0xff, 0xff, 0xff, 0xfc, 0x1f, 0xff, 0xff,
    0xff, 0x30, 0x5f, 0xfc, 0x7f, 0xff, 0xff, 0xff,
    0x30, 0x5f, 0xfc, 0xaf, 0xff, 0xff, 0xff, 0x30,
    0x5f, 0xfc, 0xcf, 0xff, 0xff, 0xff, 0x30, 0x5f,
    0xfc, 0xaf, 0xff, 0xff, 0xff, 0x30, 0x5f, 0xfc,
    0x8f, 0xff, 0xff, 0xff, 0x30, 0x5f, 0xfc, 0x2f,
    0xff, 0xff, 0xff, 0x30, 0x5f, 0xfc, 0xa, 0xff,
    0xff, 0xff, 0x30, 0x5f, 0xfc, 0x0, 0xbf, 0xff,
    0xff, 0x30, 0x5f, 0xfc, 0x0, 0x6, 0xcf, 0xff,
    0x30, 0x5f, 0xfc, 0x0, 0x0, 0x0, 0x23, 0x0,
    0x5f, 0xfc, 0x0, 0x0, 0x0, 0x0, 0x0, 0x5f,
    0xfc, 0x0, 0x0, 0x0, 0x0, 0x0, 0x5f, 0xfc,
    0x0, 0x0, 0x0, 0x0, 0x0, 0x5f, 0xfc, 0x0,
    0x0, 0x0, 0x0, 0x0, 0x5f, 0xfc, 0x0, 0x0,
    0x0, 0x0, 0x0, 0x5f, 0xfc, 0x0, 0x0, 0x0,
    0x0, 0x0, 0x5f, 0xfc, 0x0, 0x0, 0x0, 0x0,
    0x0, 0x5f, 0xfc,

    /* U+00B7 "?" */
    0x3, 0x73, 0x5, 0xff, 0xf3, 0xaf, 0xff, 0x99,
    0xff, 0xf7, 0x1b, 0xfb, 0x0,

    /* U+00B8 "?" */
    0x0, 0x20, 0x0, 0x4, 0xf4, 0x0, 0x6, 0xf7,
    0x10, 0x9, 0xff, 0xf6, 0x0, 0x5, 0xfd, 0x19,
    0x9c, 0xfc, 0x2f, 0xfe, 0xb2,

    /* U+00B9 "?" */
    0x0, 0x7f, 0xff, 0x73, 0xdf, 0xff, 0xf7, 0x8f,
    0xfd, 0xff, 0x78, 0xc3, 0x7f, 0xf7, 0x20, 0x7,
    0xff, 0x70, 0x0, 0x7f, 0xf7, 0x0, 0x7, 0xff,
    0x70, 0x0, 0x7f, 0xf7, 0x0, 0x7, 0xff, 0x70,
    0x0, 0x7f, 0xf7, 0x0, 0x7, 0xff, 0x70, 0x0,
    0x7f, 0xf7,

    /* U+00BA "?" */
    0x0, 0x2, 0x8d, 0xfe, 0xc6, 0x0, 0x0, 0x4,
    0xff, 0xff, 0xff, 0xfc, 0x10, 0x1, 0xff, 0xfa,
    0x56, 0xdf, 0xfb, 0x0, 0x9f, 0xfa, 0x0, 0x1,
    0xef, 0xf3, 0xd, 0xff, 0x20, 0x0, 0x8, 0xff,
    0x80, 0xff, 0xf0, 0x0, 0x0, 0x5f, 0xfa, 0xf,
    0xff, 0x0, 0x0, 0x5, 0xff, 0xa0, 0xef, 0xf2,
    0x0, 0x0, 0x8f, 0xf8, 0x9, 0xff, 0xa0, 0x0,
    0xe, 0xff, 0x30, 0x2f, 0xff, 0xa5, 0x6d, 0xff,
    0xb0, 0x0, 0x4f, 0xff, 0xff, 0xff, 0xc1, 0x0,
    0x0, 0x29, 0xdf, 0xec, 0x60, 0x0,

    /* U+00BB "?" */
    0x8f, 0xff, 0x40, 0x6f, 0xff, 0x60, 0x0, 0x0,
    0xb, 0xff, 0xf2, 0x9, 0xff, 0xf4, 0x0, 0x0,
    0x1, 0xdf, 0xfd, 0x10, 0xcf, 0xfe, 0x20, 0x0,
    0x0, 0x2f, 0xff, 0xb0, 0x1e, 0xff, 0xd0, 0x0,
    0x0, 0x5, 0xff, 0xf9, 0x3, 0xff, 0xfb, 0x0,
    0x0, 0x0, 0x8f, 0xff, 0x60, 0x6f, 0xff, 0x80,
    0x0, 0x0, 0xc, 0xff, 0xf2, 0xa, 0xff, 0xf4,
    0x0, 0x0, 0x4f, 0xff, 0xa0, 0x2f, 0xff, 0xc0,
    0x0, 0x2, 0xef, 0xfd, 0x1, 0xdf, 0xfe, 0x10,
    0x0, 0xd, 0xff, 0xe1, 0xb, 0xff, 0xf3, 0x0,
    0x0, 0xaf, 0xff, 0x30, 0x8f, 0xff, 0x50, 0x0,
    0x7, 0xff, 0xf6, 0x5, 0xff, 0xf8, 0x0, 0x0,
    0x4f, 0xff, 0x90, 0x3f, 0xff, 0xa0, 0x0, 0x0,
    0x45, 0x55, 0x0, 0x35, 0x55, 0x0, 0x0, 0x0,

    /* U+00BC "?" */
    0x1, 0x9a, 0xa3, 0x0, 0x0, 0x0, 0x0, 0x4,
    0xaa, 0x20, 0x0, 0x3e, 0xff, 0xf5, 0x0, 0x0,
    0x0, 0x0, 0xe, 0xfb, 0x0, 0x0, 0xef, 0xdf,
    0xf5, 0x0, 0x0, 0x0, 0x0, 0x9f, 0xf1, 0x0,
    0x0, 0xe8, 0x4f, 0xf5, 0x0, 0x0, 0x0, 0x4,
    0xff, 0x60, 0x0, 0x0, 0x30, 0x4f, 0xf5, 0x0,
    0x0, 0x0, 0xe, 0xfb, 0x0, 0x0, 0x0, 0x0,
    0x4f, 0xf5, 0x0, 0x0, 0x0, 0x9f, 0xf1, 0x0,
    0x0, 0x0, 0x0, 0x4f, 0xf5, 0x0, 0x0, 0x4,
    0xff, 0x60, 0x0, 0x0, 0x0, 0x0, 0x4f, 0xf5,
    0x0, 0x0, 0xe, 0xfb, 0x0, 0x0, 0x0, 0x0,
    0x0, 0x4f, 0xf5, 0x0, 0x0, 0x9f, 0xf2, 0x0,
    0x0, 0x0, 0x0, 0x0, 0x4f, 0xf5, 0x0, 0x4,
    0xff, 0x60, 0x0, 0x13, 0x33, 0x0, 0x0, 0x4f,
    0xf5, 0x0, 0xd, 0xfc, 0x0, 0x0, 0xaf, 0xff,
    0x0, 0x0, 0x4f, 0xf5, 0x0, 0x9f, 0xf2, 0x0,
    0x3, 0xff, 0xff, 0x0, 0x0, 0x0, 0x0, 0x3,
    0xff, 0x60, 0x0, 0xc, 0xff, 0xff, 0x0, 0x0,
    0x0, 0x0, 0xd, 0xfc, 0x0, 0x0, 0x4f, 0xf9,
    0xff, 0x0, 0x0, 0x0, 0x0, 0x9f, 0xf2, 0x0,
    0x0, 0xdf, 0x97, 0xff, 0x0, 0x0, 0x0, 0x3,
    0xff, 0x70, 0x0, 0x6, 0xff, 0x27, 0xff, 0x0,
    0x0, 0x0, 0xd, 0xfc, 0x0, 0x0, 0xe, 0xf9,
    0x7, 0xff, 0x0, 0x0, 0x0, 0x8f, 0xf2, 0x0,
    0x0, 0x7f, 0xf4, 0x28, 0xff, 0x20, 0x0, 0x3,
    0xff, 0x70, 0x0, 0x0, 0xbf, 0xff, 0xff, 0xff,
    0xf4, 0x0, 0xd, 0xfc, 0x0, 0x0, 0x0, 0xbf,
    0xff, 0xff, 0xff, 0xf4, 0x0, 0x8f, 0xf2, 0x0,
    0x0, 0x0, 0x0, 0x0, 0x8, 0xff, 0x0, 0x0,
    0x78, 0x50, 0x0, 0x0, 0x0, 0x0, 0x0, 0x4,
    0x87, 0x0,

    /* U+00BD "?" */
    0x0, 0x34, 0x41, 0x0, 0x0, 0x0, 0x0, 0x1,
    0x44, 0x10, 0x0, 0x0, 0xaf, 0xff, 0x50, 0x0,
    0x0, 0x0, 0x0, 0xbf, 0xe0, 0x0, 0x0, 0xcf,
    0xff, 0xf5, 0x0, 0x0, 0x0, 0x0, 0x6f, 0xf4,
    0x0, 0x0, 0xe, 0xc5, 0xff, 0x50, 0x0, 0x0,
    0x0, 0x1f, 0xfa, 0x0, 0x0, 0x0, 0x80, 0x4f,
    0xf5, 0x0, 0x0, 0x0, 0xb, 0xfe, 0x10, 0x0,
    0x0, 0x0, 0x4, 0xff, 0x50, 0x0, 0x0, 0x5,
    0xff, 0x50, 0x0, 0x0, 0x0, 0x0, 0x4f, 0xf5,
    0x0, 0x0, 0x1, 0xef, 0xa0, 0x0, 0x0, 0x0,
    0x0, 0x4, 0xff, 0x50, 0x0, 0x0, 0xaf, 0xe1,
    0x0, 0x0, 0x0, 0x0, 0x0, 0x4f, 0xf5, 0x0,
    0x0, 0x5f, 0xf5, 0x0, 0x0, 0x0, 0x0, 0x0,
    0x4, 0xff, 0x50, 0x0, 0x1e, 0xfa, 0x0, 0x0,
    0x0, 0x0, 0x0, 0x0, 0x4f, 0xf5, 0x0, 0xa,
    0xfe, 0x10, 0x3, 0xbe, 0xec, 0x40, 0x0, 0x4,
    0xff, 0x50, 0x4, 0xff, 0x50, 0x4, 0xff, 0xff,
    0xff, 0x60, 0x0, 0x15, 0x51, 0x1, 0xef, 0xb0,
    0x0, 0xcf, 0xe6, 0x7e, 0xfe, 0x0, 0x0, 0x0,
    0x0, 0x9f, 0xf1, 0x0, 0x6, 0x74, 0x0, 0x8f,
    0xf0, 0x0, 0x0, 0x0, 0x4f, 0xf6, 0x0, 0x0,
    0x0, 0x0, 0x9, 0xfd, 0x0, 0x0, 0x0, 0xe,
    0xfb, 0x0, 0x0, 0x0, 0x0, 0x4, 0xff, 0x50,
    0x0, 0x0, 0x9, 0xff, 0x20, 0x0, 0x0, 0x0,
    0x3, 0xff, 0xa0, 0x0, 0x0, 0x4, 0xff, 0x60,
    0x0, 0x0, 0x0, 0x3, 0xff, 0xc0, 0x0, 0x0,
    0x0, 0xdf, 0xc0, 0x0, 0x0, 0x0, 0x3, 0xef,
    0xd1, 0x0, 0x0, 0x0, 0x9f, 0xf2, 0x0, 0x0,
    0x0, 0x2, 0xef, 0xf6, 0x44, 0x40, 0x0, 0x3f,
    0xf7, 0x0, 0x0, 0x0, 0x0, 0xbf, 0xff, 0xff,
    0xff, 0x30, 0xd, 0xfc, 0x0, 0x0, 0x0, 0x0,
    0xb, 0xff, 0xff, 0xff, 0xf3,

    /* U+00BE "?" */
    0x0, 0x0, 0x20, 0x0, 0x0, 0x0, 0x0, 0x0,
    0x0, 0x22, 0x10, 0x0, 0x3, 0xcf, 0xff, 0xb2,
    0x0, 0x0, 0x0, 0x0, 0x8, 0xff, 0x20, 0x0,
    0x3f, 0xff, 0xff, 0xfe, 0x0, 0x0, 0x0, 0x0,
    0x3f, 0xf7, 0x0, 0x0, 0x6c, 0xb3, 0x6, 0xff,
    0x50, 0x0, 0x0, 0x0, 0xdf, 0xc0, 0x0, 0x0,
    0x0, 0x0, 0x7, 0xff, 0x20, 0x0, 0x0, 0x8,
    0xff, 0x20, 0x0, 0x0, 0x0, 0xe, 0xff, 0xd6,
    0x0, 0x0, 0x0, 0x3f, 0xf6, 0x0, 0x0, 0x0,
    0x0, 0xe, 0xff, 0xe8, 0x0, 0x0, 0x0, 0xdf,
    0xc0, 0x0, 0x0, 0x0, 0x0, 0x0, 0x7, 0xff,
    0x80, 0x0, 0x9, 0xff, 0x20, 0x0, 0x0, 0x0,
    0x0, 0x0, 0x0, 0xff, 0xc0, 0x0, 0x4f, 0xf6,
    0x0, 0x0, 0x0, 0x0, 0x9c, 0xb3, 0x6, 0xff,
    0xb0, 0x0, 0xef, 0xb0, 0x0, 0x0, 0x0, 0x0,
    0x7f, 0xff, 0xff, 0xff, 0x40, 0xa, 0xff, 0x10,
    0x0, 0x7f, 0xff, 0x10, 0x6, 0xef, 0xff, 0xd4,
    0x0, 0x4f, 0xf5, 0x0, 0x1, 0xef, 0xff, 0x10,
    0x0, 0x2, 0x31, 0x0, 0x1, 0xef, 0xb0, 0x0,
    0x9, 0xff, 0xff, 0x10, 0x0, 0x0, 0x0, 0x0,
    0xa, 0xfe, 0x10, 0x0, 0x2f, 0xf9, 0xff, 0x10,
    0x0, 0x0, 0x0, 0x0, 0x5f, 0xf5, 0x0, 0x0,
    0xaf, 0xc5, 0xff, 0x10, 0x0, 0x0, 0x0, 0x1,
    0xef, 0xa0, 0x0, 0x3, 0xff, 0x35, 0xff, 0x10,
    0x0, 0x0, 0x0, 0xb, 0xfe, 0x10, 0x0, 0xc,
    0xfb, 0x5, 0xff, 0x10, 0x0, 0x0, 0x0, 0x5f,
    0xf4, 0x0, 0x0, 0x5f, 0xf5, 0x26, 0xff, 0x31,
    0x0, 0x0, 0x1, 0xef, 0xa0, 0x0, 0x0, 0x9f,
    0xff, 0xff, 0xff, 0xf6, 0x0, 0x0, 0xb, 0xfe,
    0x0, 0x0, 0x0, 0x9f, 0xff, 0xff, 0xff, 0xf6,
    0x0, 0x0, 0x6f, 0xf4, 0x0, 0x0, 0x0, 0x0,
    0x0, 0x6, 0xff, 0x10, 0x0, 0x0, 0x78, 0x60,
    0x0, 0x0, 0x0, 0x0, 0x0, 0x3, 0x88, 0x0,

    /* U+00BF "?" */
    0x0, 0x0, 0x3, 0xdf, 0x90, 0x0, 0x0, 0x0,
    0x0, 0xd, 0xff, 0xf5, 0x0, 0x0, 0x0, 0x0,
    0xe, 0xff, 0xf7, 0x0, 0x0, 0x0, 0x0, 0x8,
    0xff, 0xf2, 0x0, 0x0, 0x0, 0x0, 0x0, 0x46,
    0x10, 0x0, 0x0, 0x0, 0x0, 0x0, 0x0, 0x0,
    0x0, 0x0, 0x0, 0x0, 0x1, 0x44, 0x30, 0x0,
    0x0, 0x0, 0x0, 0x6, 0xff, 0xe0, 0x0, 0x0,
    0x0, 0x0, 0x8, 0xff, 0xd0, 0x0, 0x0, 0x0,
    0x0, 0xe, 0xff, 0xa0, 0x0, 0x0, 0x0, 0x1,
    0xcf, 0xff, 0x50, 0x0, 0x0, 0x0, 0x4e, 0xff,
    0xfb, 0x0, 0x0, 0x0, 0x5, 0xff, 0xff, 0xa0,
    0x0, 0x0, 0x0, 0xf, 0xff, 0xf6, 0x0, 0x0,
    0x0, 0x0, 0x6f, 0xff, 0x80, 0x0, 0x0, 0x0,
    0x0, 0x9f, 0xff, 0x10, 0x0, 0x0, 0x0, 0x0,
    0x9f, 0xff, 0x0, 0x0, 0x7, 0xff, 0xf0, 0x7f,
    0xff, 0x50, 0x0, 0xc, 0xff, 0xe0, 0x3f, 0xff,
    0xe5, 0x12, 0xaf, 0xff, 0x90, 0xa, 0xff, 0xff,
    0xff, 0xff, 0xfe, 0x10, 0x0, 0xbf, 0xff, 0xff,
    0xff, 0xe3, 0x0, 0x0, 0x4, 0xae, 0xfe, 0xc7,
    0x0, 0x0,

    /* U+00C0 "?" */
    0x0, 0x0, 0x0, 0x35, 0x53, 0x0, 0x0, 0x0,
    0x0, 0x0, 0x0, 0x0, 0x0, 0x5f, 0xfe, 0x0,
    0x0, 0x0, 0x0, 0x0, 0x0, 0x0, 0x0, 0xb,
    0xff, 0x60, 0x0, 0x0, 0x0, 0x0, 0x0, 0x0,
    0x0, 0x1, 0xff, 0xd0, 0x0, 0x0, 0x0, 0x0,
    0x0, 0x0, 0x0, 0x0, 0x6f, 0xf4, 0x0, 0x0,
    0x0, 0x0, 0x0, 0x0, 0x0, 0x0, 0x0, 0x0,
    0x0, 0x0, 0x0, 0x0, 0x0, 0x0, 0x0, 0x0,
    0x0, 0x0, 0x0, 0x0, 0x0, 0x0, 0x0, 0x0,
    0x0, 0x6, 0xff, 0xff, 0x90, 0x0, 0x0, 0x0,
    0x0, 0x0, 0x0, 0xb, 0xff, 0xff, 0xe0, 0x0,
    0x0, 0x0, 0x0, 0x0, 0x0, 0x1f, 0xff, 0xff,
    0xf4, 0x0, 0x0, 0x0, 0x0, 0x0, 0x0, 0x6f,
    0xff, 0xcf, 0xfa, 0x0, 0x0, 0x0, 0x0, 0x0,
    0x0, 0xbf, 0xfb, 0x8f, 0xff, 0x0, 0x0, 0x0,
    0x0, 0x0, 0x1, 0xff, 0xf7, 0x4f, 0xff, 0x50,
    0x0, 0x0, 0x0, 0x0, 0x6, 0xff, 0xf3, 0xf,
    0xff, 0xa0, 0x0, 0x0, 0x0, 0x0, 0xb, 0xff,
    0xe0, 0xb, 0xff, 0xf0, 0x0, 0x0, 0x0, 0x0,
    0x1f, 0xff, 0xa0, 0x7, 0xff, 0xf5, 0x0, 0x0,
    0x0, 0x0, 0x6f, 0xff, 0x60, 0x2, 0xff, 0xfb,
    0x0, 0x0, 0x0, 0x0, 0xcf, 0xff, 0x10, 0x0,
    0xdf, 0xff, 0x10, 0x0, 0x0, 0x1, 0xff, 0xfc,
    0x0, 0x0, 0x8f, 0xff, 0x60, 0x0, 0x0, 0x7,
    0xff, 0xf7, 0x0, 0x0, 0x3f, 0xff, 0xc0, 0x0,
    0x0, 0xc, 0xff, 0xff, 0xff, 0xff, 0xff, 0xff,
    0xf1, 0x0, 0x0, 0x1f, 0xff, 0xff, 0xff, 0xff,
    0xff, 0xff, 0xf7, 0x0, 0x0, 0x7f, 0xff, 0xff,
    0xff, 0xff, 0xff, 0xff, 0xfc, 0x0, 0x0, 0xcf,
    0xff, 0x20, 0x0, 0x0, 0x0, 0xdf, 0xff, 0x20,
    0x2, 0xff, 0xfd, 0x0, 0x0, 0x0, 0x0, 0x8f,
    0xff, 0x70, 0x7, 0xff, 0xf8, 0x0, 0x0, 0x0,
    0x0, 0x2f, 0xff, 0xd0, 0xc, 0xff, 0xf2, 0x0,
    0x0, 0x0, 0x0, 0xd, 0xff, 0xf2, 0x2f, 0xff,
    0xd0, 0x0, 0x0, 0x0, 0x0, 0x7, 0xff, 0xf8,

    /* U+00C1 "?" */
    0x0, 0x0, 0x0, 0x0, 0x0, 0x15, 0x55, 0x0,
    0x0, 0x0, 0x0, 0x0, 0x0, 0x0, 0x0, 0xaf,
    0xfa, 0x0, 0x0, 0x0, 0x0, 0x0, 0x0, 0x0,
    0x1, 0xff, 0xe1, 0x0, 0x0, 0x0, 0x0, 0x0,
    0x0, 0x0, 0x8, 0xff, 0x50, 0x0, 0x0, 0x0,
    0x0, 0x0, 0x0, 0x0, 0xe, 0xfb, 0x0, 0x0,
    0x0, 0x0, 0x0, 0x0, 0x0, 0x0, 0x0, 0x0,
    0x0, 0x0, 0x0, 0x0, 0x0, 0x0, 0x0, 0x0,
    0x0, 0x0, 0x0, 0x0, 0x0, 0x0, 0x0, 0x0,
    0x0, 0x6, 0xff, 0xff, 0x90, 0x0, 0x0, 0x0,
    0x0, 0x0, 0x0, 0xb, 0xff, 0xff, 0xe0, 0x0,
    0x0, 0x0, 0x0, 0x0, 0x0, 0x1f, 0xff, 0xff,
    0xf4, 0x0, 0x0, 0x0, 0x0, 0x0, 0x0, 0x6f,
    0xff, 0xcf, 0xfa, 0x0, 0x0, 0x0, 0x0, 0x0,
    0x0, 0xbf, 0xfb, 0x8f, 0xff, 0x0, 0x0, 0x0,
    0x0, 0x0, 0x1, 0xff, 0xf7, 0x4f, 0xff, 0x50,
    0x0, 0x0, 0x0, 0x0, 0x6, 0xff, 0xf3, 0xf,
    0xff, 0xa0, 0x0, 0x0, 0x0, 0x0, 0xb, 0xff,
    0xe0, 0xb, 0xff, 0xf0, 0x0, 0x0, 0x0, 0x0,
    0x1f, 0xff, 0xa0, 0x7, 0xff, 0xf5, 0x0, 0x0,
    0x0, 0x0, 0x6f, 0xff, 0x60, 0x2, 0xff, 0xfb,
    0x0, 0x0, 0x0, 0x0, 0xcf, 0xff, 0x10, 0x0,
    0xdf, 0xff, 0x10, 0x0, 0x0, 0x1, 0xff, 0xfc,
    0x0, 0x0, 0x8f, 0xff, 0x60, 0x0, 0x0, 0x7,
    0xff, 0xf7, 0x0, 0x0, 0x3f, 0xff, 0xc0, 0x0,
    0x0, 0xc, 0xff, 0xff, 0xff, 0xff, 0xff, 0xff,
    0xf1, 0x0, 0x0, 0x1f, 0xff, 0xff, 0xff, 0xff,
    0xff, 0xff, 0xf7, 0x0, 0x0, 0x7f, 0xff, 0xff,
    0xff, 0xff, 0xff, 0xff, 0xfc, 0x0, 0x0, 0xcf,
    0xff, 0x20, 0x0, 0x0, 0x0, 0xdf, 0xff, 0x20,
    0x2, 0xff, 0xfd, 0x0, 0x0, 0x0, 0x0, 0x8f,
    0xff, 0x70, 0x7, 0xff, 0xf8, 0x0, 0x0, 0x0,
    0x0, 0x2f, 0xff, 0xd0, 0xc, 0xff, 0xf2, 0x0,
    0x0, 0x0, 0x0, 0xd, 0xff, 0xf2, 0x2f, 0xff,
    0xd0, 0x0, 0x0, 0x0, 0x0, 0x7, 0xff, 0xf8,

    /* U+00C2 "?" */
    0x0, 0x0, 0x0, 0x0, 0x38, 0x86, 0x0, 0x0,
    0x0, 0x0, 0x0, 0x0, 0x0, 0x2, 0xff, 0xff,
    0x60, 0x0, 0x0, 0x0, 0x0, 0x0, 0x0, 0x1e,
    0xfe, 0xcf, 0xf4, 0x0, 0x0, 0x0, 0x0, 0x0,
    0x0, 0xcf, 0xf5, 0x1e, 0xfe, 0x20, 0x0, 0x0,
    0x0, 0x0, 0xa, 0xff, 0x90, 0x4, 0xff, 0xd0,
    0x0, 0x0, 0x0, 0x0, 0x0, 0x0, 0x0, 0x0,
    0x0, 0x0, 0x0, 0x0, 0x0, 0x0, 0x0, 0x0,
    0x0, 0x0, 0x0, 0x0, 0x0, 0x0, 0x0, 0x0,
    0x0, 0x6, 0xff, 0xff, 0x90, 0x0, 0x0, 0x0,
    0x0, 0x0, 0x0, 0xb, 0xff, 0xff, 0xe0, 0x0,
    0x0, 0x0, 0x0, 0x0, 0x0, 0x1f, 0xff, 0xff,
    0xf4, 0x0, 0x0, 0x0, 0x0, 0x0, 0x0, 0x6f,
    0xff, 0xcf, 0xfa, 0x0, 0x0, 0x0, 0x0, 0x0,
    0x0, 0xbf, 0xfb, 0x8f, 0xff, 0x0, 0x0, 0x0,
    0x0, 0x0, 0x1, 0xff, 0xf7, 0x4f, 0xff, 0x50,
    0x0, 0x0, 0x0, 0x0, 0x6, 0xff, 0xf3, 0xf,
    0xff, 0xa0, 0x0, 0x0, 0x0, 0x0, 0xb, 0xff,
    0xe0, 0xb, 0xff, 0xf0, 0x0, 0x0, 0x0, 0x0,
    0x1f, 0xff, 0xa0, 0x7, 0xff, 0xf5, 0x0, 0x0,
    0x0, 0x0, 0x6f, 0xff, 0x60, 0x2, 0xff, 0xfb,
    0x0, 0x0, 0x0, 0x0, 0xcf, 0xff, 0x10, 0x0,
    0xdf, 0xff, 0x10, 0x0, 0x0, 0x1, 0xff, 0xfc,
    0x0, 0x0, 0x8f, 0xff, 0x60, 0x0, 0x0, 0x7,
    0xff, 0xf7, 0x0, 0x0, 0x3f, 0xff, 0xc0, 0x0,
    0x0, 0xc, 0xff, 0xff, 0xff, 0xff, 0xff, 0xff,
    0xf1, 0x0, 0x0, 0x1f, 0xff, 0xff, 0xff, 0xff,
    0xff, 0xff, 0xf7, 0x0, 0x0, 0x7f, 0xff, 0xff,
    0xff, 0xff, 0xff, 0xff, 0xfc, 0x0, 0x0, 0xcf,
    0xff, 0x20, 0x0, 0x0, 0x0, 0xdf, 0xff, 0x20,
    0x2, 0xff, 0xfd, 0x0, 0x0, 0x0, 0x0, 0x8f,
    0xff, 0x70, 0x7, 0xff, 0xf8, 0x0, 0x0, 0x0,
    0x0, 0x2f, 0xff, 0xd0, 0xc, 0xff, 0xf2, 0x0,
    0x0, 0x0, 0x0, 0xd, 0xff, 0xf2, 0x2f, 0xff,
    0xd0, 0x0, 0x0, 0x0, 0x0, 0x7, 0xff, 0xf8,

    /* U+00C3 "?" */
    0x0, 0x0, 0x0, 0x3d, 0xfc, 0x61, 0x9f, 0x90,
    0x0, 0x0, 0x0, 0x0, 0x0, 0xef, 0xff, 0xff,
    0xff, 0x50, 0x0, 0x0, 0x0, 0x0, 0x3, 0xff,
    0x47, 0xef, 0xfa, 0x0, 0x0, 0x0, 0x0, 0x0,
    0x1, 0x32, 0x0, 0x2, 0x10, 0x0, 0x0, 0x0,
    0x0, 0x0, 0x0, 0x0, 0x0, 0x0, 0x0, 0x0,
    0x0, 0x0, 0x0, 0x0, 0x0, 0x0, 0x0, 0x0,
    0x0, 0x0, 0x0, 0x0, 0x0, 0x0, 0x0, 0x6,
    0xff, 0xff, 0x90, 0x0, 0x0, 0x0, 0x0, 0x0,
    0x0, 0xb, 0xff, 0xff, 0xe0, 0x0, 0x0, 0x0,
    0x0, 0x0, 0x0, 0x1f, 0xff, 0xff, 0xf4, 0x0,
    0x0, 0x0, 0x0, 0x0, 0x0, 0x6f, 0xff, 0xcf,
    0xfa, 0x0, 0x0, 0x0, 0x0, 0x0, 0x0, 0xbf,
    0xfb, 0x8f, 0xff, 0x0, 0x0, 0x0, 0x0, 0x0,
    0x1, 0xff, 0xf7, 0x4f, 0xff, 0x50, 0x0, 0x0,
    0x0, 0x0, 0x6, 0xff, 0xf3, 0xf, 0xff, 0xa0,
    0x0, 0x0, 0x0, 0x0, 0xb, 0xff, 0xe0, 0xb,
    0xff, 0xf0, 0x0, 0x0, 0x0, 0x0, 0x1f, 0xff,
    0xa0, 0x7, 0xff, 0xf5, 0x0, 0x0, 0x0, 0x0,
    0x6f, 0xff, 0x60, 0x2, 0xff, 0xfb, 0x0, 0x0,
    0x0, 0x0, 0xcf, 0xff, 0x10, 0x0, 0xdf, 0xff,
    0x10, 0x0, 0x0, 0x1, 0xff, 0xfc, 0x0, 0x0,
    0x8f, 0xff, 0x60, 0x0, 0x0, 0x7, 0xff, 0xf7,
    0x0, 0x0, 0x3f, 0xff, 0xc0, 0x0, 0x0, 0xc,
    0xff, 0xff, 0xff, 0xff, 0xff, 0xff, 0xf1, 0x0,
    0x0, 0x1f, 0xff, 0xff, 0xff, 0xff, 0xff, 0xff,
    0xf7, 0x0, 0x0, 0x7f, 0xff, 0xff, 0xff, 0xff,
    0xff, 0xff, 0xfc, 0x0, 0x0, 0xcf, 0xff, 0x20,
    0x0, 0x0, 0x0, 0xdf, 0xff, 0x20, 0x2, 0xff,
    0xfd, 0x0, 0x0, 0x0, 0x0, 0x8f, 0xff, 0x70,
    0x7, 0xff, 0xf8, 0x0, 0x0, 0x0, 0x0, 0x2f,
    0xff, 0xd0, 0xc, 0xff, 0xf2, 0x0, 0x0, 0x0,
    0x0, 0xd, 0xff, 0xf2, 0x2f, 0xff, 0xd0, 0x0,
    0x0, 0x0, 0x0, 0x7, 0xff, 0xf8,

    /* U+00C4 "?" */
    0x0, 0x0, 0x2, 0xde, 0x60, 0x2, 0xde, 0x50,
    0x0, 0x0, 0x0, 0x0, 0x9, 0xff, 0xf0, 0xa,
    0xff, 0xf0, 0x0, 0x0, 0x0, 0x0, 0x9, 0xff,
    0xf0, 0xa, 0xff, 0xe0, 0x0, 0x0, 0x0, 0x0,
    0x1, 0xac, 0x40, 0x1, 0xbc, 0x40, 0x0, 0x0,
    0x0, 0x0, 0x0, 0x0, 0x0, 0x0, 0x0, 0x0,
    0x0, 0x0, 0x0, 0x0, 0x0, 0x0, 0x0, 0x0,
    0x0, 0x0, 0x0, 0x0, 0x0, 0x0, 0x0, 0x6,
    0xff, 0xff, 0x90, 0x0, 0x0, 0x0, 0x0, 0x0,
    0x0, 0xb, 0xff, 0xff, 0xe0, 0x0, 0x0, 0x0,
    0x0, 0x0, 0x0, 0x1f, 0xff, 0xff, 0xf4, 0x0,
    0x0, 0x0, 0x0, 0x0, 0x0, 0x6f, 0xff, 0xcf,
    0xfa, 0x0, 0x0, 0x0, 0x0, 0x0, 0x0, 0xbf,
    0xfb, 0x8f, 0xff, 0x0, 0x0, 0x0, 0x0, 0x0,
    0x1, 0xff, 0xf7, 0x4f, 0xff, 0x50, 0x0, 0x0,
    0x0, 0x0, 0x6, 0xff, 0xf3, 0xf, 0xff, 0xa0,
    0x0, 0x0, 0x0, 0x0, 0xb, 0xff, 0xe0, 0xb,
    0xff, 0xf0, 0x0, 0x0, 0x0, 0x0, 0x1f, 0xff,
    0xa0, 0x7, 0xff, 0xf5, 0x0, 0x0, 0x0, 0x0,
    0x6f, 0xff, 0x60, 0x2, 0xff, 0xfb, 0x0, 0x0,
    0x0, 0x0, 0xcf, 0xff, 0x10, 0x0, 0xdf, 0xff,
    0x10, 0x0, 0x0, 0x1, 0xff, 0xfc, 0x0, 0x0,
    0x8f, 0xff, 0x60, 0x0, 0x0, 0x7, 0xff, 0xf7,
    0x0, 0x0, 0x3f, 0xff, 0xc0, 0x0, 0x0, 0xc,
    0xff, 0xff, 0xff, 0xff, 0xff, 0xff, 0xf1, 0x0,
    0x0, 0x1f, 0xff, 0xff, 0xff, 0xff, 0xff, 0xff,
    0xf7, 0x0, 0x0, 0x7f, 0xff, 0xff, 0xff, 0xff,
    0xff, 0xff, 0xfc, 0x0, 0x0, 0xcf, 0xff, 0x20,
    0x0, 0x0, 0x0, 0xdf, 0xff, 0x20, 0x2, 0xff,
    0xfd, 0x0, 0x0, 0x0, 0x0, 0x8f, 0xff, 0x70,
    0x7, 0xff, 0xf8, 0x0, 0x0, 0x0, 0x0, 0x2f,
    0xff, 0xd0, 0xc, 0xff, 0xf2, 0x0, 0x0, 0x0,
    0x0, 0xd, 0xff, 0xf2, 0x2f, 0xff, 0xd0, 0x0,
    0x0, 0x0, 0x0, 0x7, 0xff, 0xf8,

    /* U+00C5 "?" */
    0x0, 0x0, 0x0, 0x0, 0x6b, 0xc9, 0x10, 0x0,
    0x0, 0x0, 0x0, 0x0, 0x0, 0xb, 0xff, 0xff,
    0xe2, 0x0, 0x0, 0x0, 0x0, 0x0, 0x0, 0x5f,
    0xe2, 0x1a, 0xfa, 0x0, 0x0, 0x0, 0x0, 0x0,
    0x0, 0x8f, 0x80, 0x3, 0xfd, 0x0, 0x0, 0x0,
    0x0, 0x0, 0x0, 0x6f, 0xd0, 0x8, 0xfb, 0x0,
    0x0, 0x0, 0x0, 0x0, 0x0, 0xd, 0xff, 0xef,
    0xf4, 0x0, 0x0, 0x0, 0x0, 0x0, 0x0, 0x1,
    0x9e, 0xfb, 0x30, 0x0, 0x0, 0x0, 0x0, 0x0,
    0x0, 0x0, 0x0, 0x0, 0x0, 0x0, 0x0, 0x0,
    0x0, 0x0, 0x0, 0x6, 0xff, 0xff, 0x90, 0x0,
    0x0, 0x0, 0x0, 0x0, 0x0, 0xb, 0xff, 0xff,
    0xe0, 0x0, 0x0, 0x0, 0x0, 0x0, 0x0, 0x1f,
    0xff, 0xff, 0xf4, 0x0, 0x0, 0x0, 0x0, 0x0,
    0x0, 0x6f, 0xff, 0xcf, 0xfa, 0x0, 0x0, 0x0,
    0x0, 0x0, 0x0, 0xbf, 0xfb, 0x8f, 0xff, 0x0,
    0x0, 0x0, 0x0, 0x0, 0x1, 0xff, 0xf7, 0x4f,
    0xff, 0x50, 0x0, 0x0, 0x0, 0x0, 0x6, 0xff,
    0xf3, 0xf, 0xff, 0xa0, 0x0, 0x0, 0x0, 0x0,
    0xb, 0xff, 0xe0, 0xb, 0xff, 0xf0, 0x0, 0x0,
    0x0, 0x0, 0x1f, 0xff, 0xa0, 0x7, 0xff, 0xf5,
    0x0, 0x0, 0x0, 0x0, 0x6f, 0xff, 0x60, 0x2,
    0xff, 0xfb, 0x0, 0x0, 0x0, 0x0, 0xcf, 0xff,
    0x10, 0x0, 0xdf, 0xff, 0x10, 0x0, 0x0, 0x1,
    0xff, 0xfc, 0x0, 0x0, 0x8f, 0xff, 0x60, 0x0,
    0x0, 0x7, 0xff, 0xf7, 0x0, 0x0, 0x3f, 0xff,
    0xc0, 0x0, 0x0, 0xc, 0xff, 0xff, 0xff, 0xff,
    0xff, 0xff, 0xf1, 0x0, 0x0, 0x1f, 0xff, 0xff,
    0xff, 0xff, 0xff, 0xff, 0xf7, 0x0, 0x0, 0x7f,
    0xff, 0xff, 0xff, 0xff, 0xff, 0xff, 0xfc, 0x0,
    0x0, 0xcf, 0xff, 0x20, 0x0, 0x0, 0x0, 0xdf,
    0xff, 0x20, 0x2, 0xff, 0xfd, 0x0, 0x0, 0x0,
    0x0, 0x8f, 0xff, 0x70, 0x7, 0xff, 0xf8, 0x0,
    0x0, 0x0, 0x0, 0x2f, 0xff, 0xd0, 0xc, 0xff,
    0xf2, 0x0, 0x0, 0x0, 0x0, 0xd, 0xff, 0xf2,
    0x2f, 0xff, 0xd0, 0x0, 0x0, 0x0, 0x0, 0x7,
    0xff, 0xf8,

    /* U+00C6 "?" */
    0x0, 0x0, 0x0, 0x0, 0x6, 0xff, 0xff, 0xff,
    0xff, 0xff, 0xff, 0xff, 0xff, 0xa0, 0x0, 0x0,
    0x0, 0x0, 0xdf, 0xff, 0xff, 0xff, 0xff, 0xff,
    0xff, 0xff, 0xfa, 0x0, 0x0, 0x0, 0x0, 0x4f,
    0xff, 0xaa, 0xff, 0xff, 0xff, 0xff, 0xff, 0xff,
    0xa0, 0x0, 0x0, 0x0, 0xb, 0xff, 0xf1, 0x6f,
    0xff, 0x42, 0x22, 0x22, 0x22, 0x21, 0x0, 0x0,
    0x0, 0x2, 0xff, 0xfa, 0x6, 0xff, 0xf2, 0x0,
    0x0, 0x0, 0x0, 0x0, 0x0, 0x0, 0x0, 0x9f,
    0xff, 0x30, 0x6f, 0xff, 0x20, 0x0, 0x0, 0x0,
    0x0, 0x0, 0x0, 0x0, 0xf, 0xff, 0xc0, 0x6,
    0xff, 0xf2, 0x0, 0x0, 0x0, 0x0, 0x0, 0x0,
    0x0, 0x7, 0xff, 0xf6, 0x0, 0x6f, 0xff, 0x20,
    0x0, 0x0, 0x0, 0x0, 0x0, 0x0, 0x0, 0xdf,
    0xfe, 0x0, 0x6, 0xff, 0xf3, 0x22, 0x22, 0x22,
    0x22, 0x0, 0x0, 0x0, 0x5f, 0xff, 0x80, 0x0,
    0x6f, 0xff, 0xff, 0xff, 0xff, 0xff, 0xf0, 0x0,
    0x0, 0xc, 0xff, 0xf2, 0x0, 0x6, 0xff, 0xff,
    0xff, 0xff, 0xff, 0xff, 0x0, 0x0, 0x2, 0xff,
    0xfb, 0x0, 0x0, 0x6f, 0xff, 0xff, 0xff, 0xff,
    0xff, 0xf0, 0x0, 0x0, 0x9f, 0xff, 0x40, 0x0,
    0x6, 0xff, 0xf2, 0x0, 0x0, 0x0, 0x0, 0x0,
    0x0, 0x1f, 0xff, 0xff, 0xff, 0xff, 0xff, 0xff,
    0x20, 0x0, 0x0, 0x0, 0x0, 0x0, 0x7, 0xff,
    0xff, 0xff, 0xff, 0xff, 0xff, 0xf2, 0x0, 0x0,
    0x0, 0x0, 0x0, 0x0, 0xef, 0xff, 0xcc, 0xcc,
    0xcc, 0xdf, 0xff, 0x20, 0x0, 0x0, 0x0, 0x0,
    0x0, 0x5f, 0xff, 0x90, 0x0, 0x0, 0x6, 0xff,
    0xf2, 0x0, 0x0, 0x0, 0x0, 0x0, 0xc, 0xff,
    0xf3, 0x0, 0x0, 0x0, 0x6f, 0xff, 0x42, 0x22,
    0x22, 0x22, 0x22, 0x3, 0xff, 0xfc, 0x0, 0x0,
    0x0, 0x6, 0xff, 0xff, 0xff, 0xff, 0xff, 0xff,
    0xc0, 0xaf, 0xff, 0x50, 0x0, 0x0, 0x0, 0x6f,
    0xff, 0xff, 0xff, 0xff, 0xff, 0xfc, 0x1f, 0xff,
    0xe0, 0x0, 0x0, 0x0, 0x6, 0xff, 0xff, 0xff,
    0xff, 0xff, 0xff, 0xc0,

    /* U+00C7 "?" */
    0x0, 0x0, 0x1, 0x7b, 0xef, 0xed, 0x93, 0x0,
    0x0, 0x0, 0x0, 0x6, 0xff, 0xff, 0xff, 0xff,
    0xfb, 0x20, 0x0, 0x0, 0xa, 0xff, 0xff, 0xff,
    0xff, 0xff, 0xfe, 0x20, 0x0, 0x8, 0xff, 0xff,
    0xd8, 0x67, 0xaf, 0xff, 0xfd, 0x0, 0x2, 0xff,
    0xff, 0x70, 0x0, 0x0, 0x2d, 0xff, 0xf7, 0x0,
    0xaf, 0xff, 0x80, 0x0, 0x0, 0x0, 0x1f, 0xff,
    0xe0, 0xf, 0xff, 0xd0, 0x0, 0x0, 0x0, 0x0,
    0x9f, 0xff, 0x24, 0xff, 0xf7, 0x0, 0x0, 0x0,
    0x0, 0x0, 0x22, 0x20, 0x7f, 0xff, 0x40, 0x0,
    0x0, 0x0, 0x0, 0x0, 0x0, 0x8, 0xff, 0xf2,
    0x0, 0x0, 0x0, 0x0, 0x0, 0x0, 0x0, 0x9f,
    0xff, 0x10, 0x0, 0x0, 0x0, 0x0, 0x0, 0x0,
    0x8, 0xff, 0xf2, 0x0, 0x0, 0x0, 0x0, 0x0,
    0x0, 0x0, 0x7f, 0xff, 0x40, 0x0, 0x0, 0x0,
    0x0, 0x0, 0x0, 0x4, 0xff, 0xf7, 0x0, 0x0,
    0x0, 0x0, 0x0, 0x22, 0x20, 0xf, 0xff, 0xd0,
    0x0, 0x0, 0x0, 0x0, 0x9f, 0xff, 0x20, 0xaf,
    0xff, 0x70, 0x0, 0x0, 0x0, 0x1f, 0xff, 0xe0,
    0x2, 0xff, 0xff, 0x70, 0x0, 0x0, 0x2d, 0xff,
    0xf7, 0x0, 0x8, 0xff, 0xff, 0xd8, 0x67, 0xaf,
    0xff, 0xfd, 0x0, 0x0, 0xa, 0xff, 0xff, 0xff,
    0xff, 0xff, 0xfe, 0x10, 0x0, 0x0, 0x7, 0xff,
    0xff, 0xff, 0xff, 0xfa, 0x10, 0x0, 0x0, 0x0,
    0x1, 0x7b, 0xff, 0xfd, 0x93, 0x0, 0x0, 0x0,
    0x0, 0x0, 0x0, 0x3, 0xf6, 0x0, 0x0, 0x0,
    0x0, 0x0, 0x0, 0x0, 0x0, 0x5f, 0xeb, 0x30,
    0x0, 0x0, 0x0, 0x0, 0x0, 0x0, 0x3, 0x7a,
    0xfd, 0x0, 0x0, 0x0, 0x0, 0x0, 0x0, 0x0,
    0x0, 0x1f, 0xf0, 0x0, 0x0, 0x0, 0x0, 0x0,
    0x0, 0x9, 0x9c, 0xfd, 0x0, 0x0, 0x0, 0x0,
    0x0, 0x0, 0x0, 0xff, 0xeb, 0x30, 0x0, 0x0,
    0x0,

    /* U+00C8 "?" */
    0x0, 0x15, 0x55, 0x10, 0x0, 0x0, 0x0, 0x0,
    0xc, 0xff, 0x80, 0x0, 0x0, 0x0, 0x0, 0x2,
    0xff, 0xe0, 0x0, 0x0, 0x0, 0x0, 0x0, 0x8f,
    0xf6, 0x0, 0x0, 0x0, 0x0, 0x0, 0xd, 0xfc,
    0x0, 0x0, 0x0, 0x0, 0x0, 0x0, 0x0, 0x0,
    0x0, 0x0, 0x0, 0x0, 0x0, 0x0, 0x0, 0x0,
    0x0, 0xff, 0xff, 0xff, 0xff, 0xff, 0xff, 0xf4,
    0xff, 0xff, 0xff, 0xff, 0xff, 0xff, 0xf4, 0xff,
    0xff, 0xff, 0xff, 0xff, 0xff, 0xf4, 0xff, 0xfc,
    0x22, 0x22, 0x22, 0x22, 0x20, 0xff, 0xfb, 0x0,
    0x0, 0x0, 0x0, 0x0, 0xff, 0xfb, 0x0, 0x0,
    0x0, 0x0, 0x0, 0xff, 0xfb, 0x0, 0x0, 0x0,
    0x0, 0x0, 0xff, 0xfb, 0x0, 0x0, 0x0, 0x0,
    0x0, 0xff, 0xfb, 0x22, 0x22, 0x22, 0x22, 0x10,
    0xff, 0xff, 0xff, 0xff, 0xff, 0xff, 0x90, 0xff,
    0xff, 0xff, 0xff, 0xff, 0xff, 0x90, 0xff, 0xff,
    0xff, 0xff, 0xff, 0xff, 0x90, 0xff, 0xfb, 0x0,
    0x0, 0x0, 0x0, 0x0, 0xff, 0xfb, 0x0, 0x0,
    0x0, 0x0, 0x0, 0xff, 0xfb, 0x0, 0x0, 0x0,
    0x0, 0x0, 0xff, 0xfb, 0x0, 0x0, 0x0, 0x0,
    0x0, 0xff, 0xfb, 0x0, 0x0, 0x0, 0x0, 0x0,
    0xff, 0xfc, 0x22, 0x22, 0x22, 0x22, 0x20, 0xff,
    0xff, 0xff, 0xff, 0xff, 0xff, 0xf5, 0xff, 0xff,
    0xff, 0xff, 0xff, 0xff, 0xf5, 0xff, 0xff, 0xff,
    0xff, 0xff, 0xff, 0xf5,

    /* U+00C9 "?" */
    0x0, 0x0, 0x0, 0x4, 0x55, 0x30, 0x0, 0x0,
    0x0, 0x0, 0x2f, 0xff, 0x30, 0x0, 0x0, 0x0,
    0x0, 0x8f, 0xf8, 0x0, 0x0, 0x0, 0x0, 0x0,
    0xff, 0xd0, 0x0, 0x0, 0x0, 0x0, 0x6, 0xff,
    0x40, 0x0, 0x0, 0x0, 0x0, 0x0, 0x0, 0x0,
    0x0, 0x0, 0x0, 0x0, 0x0, 0x0, 0x0, 0x0,
    0x0, 0xff, 0xff, 0xff, 0xff, 0xff, 0xff, 0xf4,
    0xff, 0xff, 0xff, 0xff, 0xff, 0xff, 0xf4, 0xff,
    0xff, 0xff, 0xff, 0xff, 0xff, 0xf4, 0xff, 0xfc,
    0x22, 0x22, 0x22, 0x22, 0x20, 0xff, 0xfb, 0x0,
    0x0, 0x0, 0x0, 0x0, 0xff, 0xfb, 0x0, 0x0,
    0x0, 0x0, 0x0, 0xff, 0xfb, 0x0, 0x0, 0x0,
    0x0, 0x0, 0xff, 0xfb, 0x0, 0x0, 0x0, 0x0,
    0x0, 0xff, 0xfb, 0x22, 0x22, 0x22, 0x22, 0x10,
    0xff, 0xff, 0xff, 0xff, 0xff, 0xff, 0x90, 0xff,
    0xff, 0xff, 0xff, 0xff, 0xff, 0x90, 0xff, 0xff,
    0xff, 0xff, 0xff, 0xff, 0x90, 0xff, 0xfb, 0x0,
    0x0, 0x0, 0x0, 0x0, 0xff, 0xfb, 0x0, 0x0,
    0x0, 0x0, 0x0, 0xff, 0xfb, 0x0, 0x0, 0x0,
    0x0, 0x0, 0xff, 0xfb, 0x0, 0x0, 0x0, 0x0,
    0x0, 0xff, 0xfb, 0x0, 0x0, 0x0, 0x0, 0x0,
    0xff, 0xfc, 0x22, 0x22, 0x22, 0x22, 0x20, 0xff,
    0xff, 0xff, 0xff, 0xff, 0xff, 0xf5, 0xff, 0xff,
    0xff, 0xff, 0xff, 0xff, 0xf5, 0xff, 0xff, 0xff,
    0xff, 0xff, 0xff, 0xf5,

    /* U+00CA "?" */
    0x0, 0x0, 0x7, 0x88, 0x20, 0x0, 0x0, 0x0,
    0x0, 0x9f, 0xff, 0xe1, 0x0, 0x0, 0x0, 0x6,
    0xff, 0xbf, 0xfc, 0x0, 0x0, 0x0, 0x4f, 0xfd,
    0x7, 0xff, 0x90, 0x0, 0x2, 0xff, 0xf2, 0x0,
    0xbf, 0xf6, 0x0, 0x0, 0x0, 0x0, 0x0, 0x0,
    0x0, 0x0, 0x0, 0x0, 0x0, 0x0, 0x0, 0x0,
    0x0, 0xff, 0xff, 0xff, 0xff, 0xff, 0xff, 0xf4,
    0xff, 0xff, 0xff, 0xff, 0xff, 0xff, 0xf4, 0xff,
    0xff, 0xff, 0xff, 0xff, 0xff, 0xf4, 0xff, 0xfc,
    0x22, 0x22, 0x22, 0x22, 0x20, 0xff, 0xfb, 0x0,
    0x0, 0x0, 0x0, 0x0, 0xff, 0xfb, 0x0, 0x0,
    0x0, 0x0, 0x0, 0xff, 0xfb, 0x0, 0x0, 0x0,
    0x0, 0x0, 0xff, 0xfb, 0x0, 0x0, 0x0, 0x0,
    0x0, 0xff, 0xfb, 0x22, 0x22, 0x22, 0x22, 0x10,
    0xff, 0xff, 0xff, 0xff, 0xff, 0xff, 0x90, 0xff,
    0xff, 0xff, 0xff, 0xff, 0xff, 0x90, 0xff, 0xff,
    0xff, 0xff, 0xff, 0xff, 0x90, 0xff, 0xfb, 0x0,
    0x0, 0x0, 0x0, 0x0, 0xff, 0xfb, 0x0, 0x0,
    0x0, 0x0, 0x0, 0xff, 0xfb, 0x0, 0x0, 0x0,
    0x0, 0x0, 0xff, 0xfb, 0x0, 0x0, 0x0, 0x0,
    0x0, 0xff, 0xfb, 0x0, 0x0, 0x0, 0x0, 0x0,
    0xff, 0xfc, 0x22, 0x22, 0x22, 0x22, 0x20, 0xff,
    0xff, 0xff, 0xff, 0xff, 0xff, 0xf5, 0xff, 0xff,
    0xff, 0xff, 0xff, 0xff, 0xf5, 0xff, 0xff, 0xff,
    0xff, 0xff, 0xff, 0xf5,

    /* U+00CB "?" */
    0x0, 0x7f, 0xc1, 0x0, 0x8f, 0xc1, 0x0, 0x1,
    0xff, 0xf8, 0x2, 0xff, 0xf8, 0x0, 0x1, 0xff,
    0xf7, 0x1, 0xff, 0xf7, 0x0, 0x0, 0x5c, 0xa0,
    0x0, 0x6c, 0x90, 0x0, 0x0, 0x0, 0x0, 0x0,
    0x0, 0x0, 0x0, 0x0, 0x0, 0x0, 0x0, 0x0,
    0x0, 0x0, 0xff, 0xff, 0xff, 0xff, 0xff, 0xff,
    0xf4, 0xff, 0xff, 0xff, 0xff, 0xff, 0xff, 0xf4,
    0xff, 0xff, 0xff, 0xff, 0xff, 0xff, 0xf4, 0xff,
    0xfc, 0x22, 0x22, 0x22, 0x22, 0x20, 0xff, 0xfb,
    0x0, 0x0, 0x0, 0x0, 0x0, 0xff, 0xfb, 0x0,
    0x0, 0x0, 0x0, 0x0, 0xff, 0xfb, 0x0, 0x0,
    0x0, 0x0, 0x0, 0xff, 0xfb, 0x0, 0x0, 0x0,
    0x0, 0x0, 0xff, 0xfb, 0x22, 0x22, 0x22, 0x22,
    0x10, 0xff, 0xff, 0xff, 0xff, 0xff, 0xff, 0x90,
    0xff, 0xff, 0xff, 0xff, 0xff, 0xff, 0x90, 0xff,
    0xff, 0xff, 0xff, 0xff, 0xff, 0x90, 0xff, 0xfb,
    0x0, 0x0, 0x0, 0x0, 0x0, 0xff, 0xfb, 0x0,
    0x0, 0x0, 0x0, 0x0, 0xff, 0xfb, 0x0, 0x0,
    0x0, 0x0, 0x0, 0xff, 0xfb, 0x0, 0x0, 0x0,
    0x0, 0x0, 0xff, 0xfb, 0x0, 0x0, 0x0, 0x0,
    0x0, 0xff, 0xfc, 0x22, 0x22, 0x22, 0x22, 0x20,
    0xff, 0xff, 0xff, 0xff, 0xff, 0xff, 0xf5, 0xff,
    0xff, 0xff, 0xff, 0xff, 0xff, 0xf5, 0xff, 0xff,
    0xff, 0xff, 0xff, 0xff, 0xf5,

    /* U+00CC "?" */
    0x5, 0x55, 0x20, 0x0, 0x9f, 0xfb, 0x0, 0x1,
    0xef, 0xf2, 0x0, 0x5, 0xff, 0x90, 0x0, 0xb,
    0xff, 0x0, 0x0, 0x0, 0x0, 0x0, 0x0, 0x0,
    0x0, 0x0, 0xff, 0xfb, 0x0, 0xf, 0xff, 0xb0,
    0x0, 0xff, 0xfb, 0x0, 0xf, 0xff, 0xb0, 0x0,
    0xff, 0xfb, 0x0, 0xf, 0xff, 0xb0, 0x0, 0xff,
    0xfb, 0x0, 0xf, 0xff, 0xb0, 0x0, 0xff, 0xfb,
    0x0, 0xf, 0xff, 0xb0, 0x0, 0xff, 0xfb, 0x0,
    0xf, 0xff, 0xb0, 0x0, 0xff, 0xfb, 0x0, 0xf,
    0xff, 0xb0, 0x0, 0xff, 0xfb, 0x0, 0xf, 0xff,
    0xb0, 0x0, 0xff, 0xfb, 0x0, 0xf, 0xff, 0xb0,
    0x0, 0xff, 0xfb, 0x0, 0xf, 0xff, 0xb0, 0x0,
    0xff, 0xfb,

    /* U+00CD "?" */
    0x0, 0x35, 0x54, 0x0, 0xef, 0xf5, 0x5, 0xff,
    0xb0, 0xc, 0xff, 0x10, 0x4f, 0xf6, 0x0, 0x0,
    0x0, 0x0, 0x0, 0x0, 0x0, 0xff, 0xfb, 0x0,
    0xff, 0xfb, 0x0, 0xff, 0xfb, 0x0, 0xff, 0xfb,
    0x0, 0xff, 0xfb, 0x0, 0xff, 0xfb, 0x0, 0xff,
    0xfb, 0x0, 0xff, 0xfb, 0x0, 0xff, 0xfb, 0x0,
    0xff, 0xfb, 0x0, 0xff, 0xfb, 0x0, 0xff, 0xfb,
    0x0, 0xff, 0xfb, 0x0, 0xff, 0xfb, 0x0, 0xff,
    0xfb, 0x0, 0xff, 0xfb, 0x0, 0xff, 0xfb, 0x0,
    0xff, 0xfb, 0x0, 0xff, 0xfb, 0x0, 0xff, 0xfb,
    0x0, 0xff, 0xfb, 0x0,

    /* U+00CE "?" */
    0x0, 0x0, 0x68, 0x84, 0x0, 0x0, 0x0, 0x6,
    0xff, 0xff, 0x20, 0x0, 0x0, 0x4f, 0xfc, 0xef,
    0xe1, 0x0, 0x2, 0xff, 0xe1, 0x4f, 0xfc, 0x0,
    0x1d, 0xff, 0x40, 0x8, 0xff, 0x90, 0x0, 0x0,
    0x0, 0x0, 0x0, 0x0, 0x0, 0x0, 0x0, 0x0,
    0x0, 0x0, 0x0, 0x0, 0xff, 0xfb, 0x0, 0x0,
    0x0, 0x0, 0xff, 0xfb, 0x0, 0x0, 0x0, 0x0,
    0xff, 0xfb, 0x0, 0x0, 0x0, 0x0, 0xff, 0xfb,
    0x0, 0x0, 0x0, 0x0, 0xff, 0xfb, 0x0, 0x0,
    0x0, 0x0, 0xff, 0xfb, 0x0, 0x0, 0x0, 0x0,
    0xff, 0xfb, 0x0, 0x0, 0x0, 0x0, 0xff, 0xfb,
    0x0, 0x0, 0x0, 0x0, 0xff, 0xfb, 0x0, 0x0,
    0x0, 0x0, 0xff, 0xfb, 0x0, 0x0, 0x0, 0x0,
    0xff, 0xfb, 0x0, 0x0, 0x0, 0x0, 0xff, 0xfb,
    0x0, 0x0, 0x0, 0x0, 0xff, 0xfb, 0x0, 0x0,
    0x0, 0x0, 0xff, 0xfb, 0x0, 0x0, 0x0, 0x0,
    0xff, 0xfb, 0x0, 0x0, 0x0, 0x0, 0xff, 0xfb,
    0x0, 0x0, 0x0, 0x0, 0xff, 0xfb, 0x0, 0x0,
    0x0, 0x0, 0xff, 0xfb, 0x0, 0x0, 0x0, 0x0,
    0xff, 0xfb, 0x0, 0x0, 0x0, 0x0, 0xff, 0xfb,
    0x0, 0x0, 0x0, 0x0, 0xff, 0xfb, 0x0, 0x0,

    /* U+00CF "?" */
    0x5e, 0xd2, 0x0, 0x5e, 0xd2, 0xef, 0xfb, 0x0,
    0xff, 0xfa, 0xdf, 0xfa, 0x0, 0xef, 0xfa, 0x3c,
    0xb1, 0x0, 0x4c, 0xb1, 0x0, 0x0, 0x0, 0x0,
    0x0, 0x0, 0x0, 0x0, 0x0, 0x0, 0x0, 0xf,
    0xff, 0xb0, 0x0, 0x0, 0xf, 0xff, 0xb0, 0x0,
    0x0, 0xf, 0xff, 0xb0, 0x0, 0x0, 0xf, 0xff,
    0xb0, 0x0, 0x0, 0xf, 0xff, 0xb0, 0x0, 0x0,
    0xf, 0xff, 0xb0, 0x0, 0x0, 0xf, 0xff, 0xb0,
    0x0, 0x0, 0xf, 0xff, 0xb0, 0x0, 0x0, 0xf,
    0xff, 0xb0, 0x0, 0x0, 0xf, 0xff, 0xb0, 0x0,
    0x0, 0xf, 0xff, 0xb0, 0x0, 0x0, 0xf, 0xff,
    0xb0, 0x0, 0x0, 0xf, 0xff, 0xb0, 0x0, 0x0,
    0xf, 0xff, 0xb0, 0x0, 0x0, 0xf, 0xff, 0xb0,
    0x0, 0x0, 0xf, 0xff, 0xb0, 0x0, 0x0, 0xf,
    0xff, 0xb0, 0x0, 0x0, 0xf, 0xff, 0xb0, 0x0,
    0x0, 0xf, 0xff, 0xb0, 0x0, 0x0, 0xf, 0xff,
    0xb0, 0x0, 0x0, 0xf, 0xff, 0xb0, 0x0,

    /* U+00D0 "?" */
    0x0, 0x2f, 0xff, 0xff, 0xff, 0xfe, 0xb6, 0x10,
    0x0, 0x0, 0x0, 0x2f, 0xff, 0xff, 0xff, 0xff,
    0xff, 0xf7, 0x0, 0x0, 0x0, 0x2f, 0xff, 0xff,
    0xff, 0xff, 0xff, 0xff, 0xa0, 0x0, 0x0, 0x2f,
    0xff, 0xa4, 0x44, 0x57, 0xcf, 0xff, 0xf9, 0x0,
    0x0, 0x2f, 0xff, 0x80, 0x0, 0x0, 0x4, 0xff,
    0xff, 0x30, 0x0, 0x2f, 0xff, 0x80, 0x0, 0x0,
    0x0, 0x4f, 0xff, 0xb0, 0x0, 0x2f, 0xff, 0x80,
    0x0, 0x0, 0x0, 0xb, 0xff, 0xf1, 0x0, 0x2f,
    0xff, 0x80, 0x0, 0x0, 0x0, 0x5, 0xff, 0xf5,
    0x0, 0x2f, 0xff, 0x80, 0x0, 0x0, 0x0, 0x2,
    0xff, 0xf7, 0xbf, 0xff, 0xff, 0xff, 0xff, 0xf3,
    0x0, 0x0, 0xff, 0xf9, 0xbf, 0xff, 0xff, 0xff,
    0xff, 0xf3, 0x0, 0x0, 0xff, 0xf9, 0x7a, 0xcf,
    0xff, 0xfa, 0xaa, 0xa2, 0x0, 0x0, 0xff, 0xf9,
    0x0, 0x2f, 0xff, 0x80, 0x0, 0x0, 0x0, 0x2,
    0xff, 0xf7, 0x0, 0x2f, 0xff, 0x80, 0x0, 0x0,
    0x0, 0x5, 0xff, 0xf5, 0x0, 0x2f, 0xff, 0x80,
    0x0, 0x0, 0x0, 0xb, 0xff, 0xf1, 0x0, 0x2f,
    0xff, 0x80, 0x0, 0x0, 0x0, 0x4f, 0xff, 0xb0,
    0x0, 0x2f, 0xff, 0x80, 0x0, 0x0, 0x5, 0xff,
    0xff, 0x30, 0x0, 0x2f, 0xff, 0xa4, 0x44, 0x57,
    0xcf, 0xff, 0xf9, 0x0, 0x0, 0x2f, 0xff, 0xff,
    0xff, 0xff, 0xff, 0xff, 0xa0, 0x0, 0x0, 0x2f,
    0xff, 0xff, 0xff, 0xff, 0xff, 0xf7, 0x0, 0x0,
    0x0, 0x2f, 0xff, 0xff, 0xff, 0xfe, 0xb6, 0x0,
    0x0, 0x0,

    /* U+00D1 "?" */
    0x0, 0x0, 0x9, 0xed, 0x93, 0x2f, 0xf0, 0x0,
    0x0, 0x0, 0x0, 0x7f, 0xff, 0xff, 0xff, 0xd0,
    0x0, 0x0, 0x0, 0x0, 0xcf, 0x94, 0xaf, 0xfe,
    0x30, 0x0, 0x0, 0x0, 0x0, 0x23, 0x0, 0x1,
    0x20, 0x0, 0x0, 0x0, 0x0, 0x0, 0x0, 0x0,
    0x0, 0x0, 0x0, 0x0, 0x0, 0x0, 0x0, 0x0,
    0x0, 0x0, 0x0, 0x0, 0x0, 0x0, 0xff, 0xff,
    0x70, 0x0, 0x0, 0x0, 0x8, 0xff, 0xf3, 0xff,
    0xff, 0xf2, 0x0, 0x0, 0x0, 0x8, 0xff, 0xf3,
    0xff, 0xff, 0xfb, 0x0, 0x0, 0x0, 0x8, 0xff,
    0xf3, 0xff, 0xff, 0xff, 0x40, 0x0, 0x0, 0x8,
    0xff, 0xf3, 0xff, 0xff, 0xff, 0xe0, 0x0, 0x0,
    0x8, 0xff, 0xf3, 0xff, 0xfa, 0xff, 0xf8, 0x0,
    0x0, 0x8, 0xff, 0xf3, 0xff, 0xf9, 0x8f, 0xff,
    0x20, 0x0, 0x8, 0xff, 0xf3, 0xff, 0xfa, 0x1f,
    0xff, 0xb0, 0x0, 0x8, 0xff, 0xf3, 0xff, 0xfb,
    0x7, 0xff, 0xf5, 0x0, 0x8, 0xff, 0xf3, 0xff,
    0xfb, 0x0, 0xef, 0xfe, 0x0, 0x8, 0xff, 0xf3,
    0xff, 0xfc, 0x0, 0x5f, 0xff, 0x90, 0x8, 0xff,
    0xf3, 0xff, 0xfc, 0x0, 0xb, 0xff, 0xf2, 0x7,
    0xff, 0xf3, 0xff, 0xfc, 0x0, 0x2, 0xff, 0xfc,
    0x7, 0xff, 0xf3, 0xff, 0xfc, 0x0, 0x0, 0x8f,
    0xff, 0x47, 0xff, 0xf3, 0xff, 0xfc, 0x0, 0x0,
    0xd, 0xff, 0xc6, 0xff, 0xf3, 0xff, 0xfc, 0x0,
    0x0, 0x4, 0xff, 0xf9, 0xff, 0xf3, 0xff, 0xfc,
    0x0, 0x0, 0x0, 0xaf, 0xff, 0xff, 0xf3, 0xff,
    0xfc, 0x0, 0x0, 0x0, 0x1f, 0xff, 0xff, 0xf3,
    0xff, 0xfc, 0x0, 0x0, 0x0, 0x7, 0xff, 0xff,
    0xf3, 0xff, 0xfc, 0x0, 0x0, 0x0, 0x0, 0xdf,
    0xff, 0xf3, 0xff, 0xfc, 0x0, 0x0, 0x0, 0x0,
    0x3f, 0xff, 0xf3,

    /* U+00D2 "?" */
    0x0, 0x0, 0x0, 0xef, 0xf6, 0x0, 0x0, 0x0,
    0x0, 0x0, 0x0, 0x0, 0x0, 0x4f, 0xfd, 0x0,
    0x0, 0x0, 0x0, 0x0, 0x0, 0x0, 0x0, 0xa,
    0xff, 0x40, 0x0, 0x0, 0x0, 0x0, 0x0, 0x0,
    0x0, 0x1, 0xef, 0xb0, 0x0, 0x0, 0x0, 0x0,
    0x0, 0x0, 0x0, 0x0, 0x35, 0x50, 0x0, 0x0,
    0x0, 0x0, 0x0, 0x0, 0x0, 0x0, 0x0, 0x0,
    0x0, 0x0, 0x0, 0x0, 0x0, 0x0, 0x0, 0x0,
    0x0, 0x0, 0x0, 0x0, 0x0, 0x0, 0x0, 0x0,
    0x1, 0x7b, 0xef, 0xfd, 0x94, 0x0, 0x0, 0x0,
    0x0, 0x0, 0x6f, 0xff, 0xff, 0xff, 0xff, 0xc2,
    0x0, 0x0, 0x0, 0x9, 0xff, 0xff, 0xff, 0xff,
    0xff, 0xfe, 0x30, 0x0, 0x0, 0x7f, 0xff, 0xfd,
    0x86, 0x7a, 0xff, 0xff, 0xe1, 0x0, 0x2, 0xff,
    0xff, 0x70, 0x0, 0x0, 0x2d, 0xff, 0xfa, 0x0,
    0xa, 0xff, 0xf7, 0x0, 0x0, 0x0, 0x1, 0xef,
    0xff, 0x20, 0xf, 0xff, 0xd0, 0x0, 0x0, 0x0,
    0x0, 0x5f, 0xff, 0x80, 0x4f, 0xff, 0x70, 0x0,
    0x0, 0x0, 0x0, 0xf, 0xff, 0xc0, 0x7f, 0xff,
    0x40, 0x0, 0x0, 0x0, 0x0, 0xb, 0xff, 0xf0,
    0x8f, 0xff, 0x20, 0x0, 0x0, 0x0, 0x0, 0xa,
    0xff, 0xf0, 0x9f, 0xff, 0x10, 0x0, 0x0, 0x0,
    0x0, 0x9, 0xff, 0xf1, 0x8f, 0xff, 0x20, 0x0,
    0x0, 0x0, 0x0, 0xa, 0xff, 0xf0, 0x7f, 0xff,
    0x40, 0x0, 0x0, 0x0, 0x0, 0xb, 0xff, 0xf0,
    0x4f, 0xff, 0x70, 0x0, 0x0, 0x0, 0x0, 0xf,
    0xff, 0xc0, 0xf, 0xff, 0xd0, 0x0, 0x0, 0x0,
    0x0, 0x5f, 0xff, 0x80, 0xa, 0xff, 0xf7, 0x0,
    0x0, 0x0, 0x1, 0xef, 0xff, 0x20, 0x2, 0xff,
    0xff, 0x70, 0x0, 0x0, 0x2d, 0xff, 0xfb, 0x0,
    0x0, 0x7f, 0xff, 0xfd, 0x86, 0x7a, 0xff, 0xff,
    0xe1, 0x0, 0x0, 0x9, 0xff, 0xff, 0xff, 0xff,
    0xff, 0xfe, 0x30, 0x0, 0x0, 0x0, 0x6f, 0xff,
    0xff, 0xff, 0xff, 0xc2, 0x0, 0x0, 0x0, 0x0,
    0x1, 0x7b, 0xef, 0xfd, 0x94, 0x0, 0x0, 0x0,

    /* U+00D3 "?" */
    0x0, 0x0, 0x0, 0x0, 0x0, 0xef, 0xf7, 0x0,
    0x0, 0x0, 0x0, 0x0, 0x0, 0x0, 0x5, 0xff,
    0xc0, 0x0, 0x0, 0x0, 0x0, 0x0, 0x0, 0x0,
    0xc, 0xff, 0x20, 0x0, 0x0, 0x0, 0x0, 0x0,
    0x0, 0x0, 0x3f, 0xf8, 0x0, 0x0, 0x0, 0x0,
    0x0, 0x0, 0x0, 0x0, 0x25, 0x50, 0x0, 0x0,
    0x0, 0x0, 0x0, 0x0, 0x0, 0x0, 0x0, 0x0,
    0x0, 0x0, 0x0, 0x0, 0x0, 0x0, 0x0, 0x0,
    0x0, 0x0, 0x0, 0x0, 0x0, 0x0, 0x0, 0x0,
    0x1, 0x7b, 0xef, 0xfd, 0x94, 0x0, 0x0, 0x0,
    0x0, 0x0, 0x6f, 0xff, 0xff, 0xff, 0xff, 0xc2,
    0x0, 0x0, 0x0, 0x9, 0xff, 0xff, 0xff, 0xff,
    0xff, 0xfe, 0x30, 0x0, 0x0, 0x7f, 0xff, 0xfd,
    0x86, 0x7a, 0xff, 0xff, 0xe1, 0x0, 0x2, 0xff,
    0xff, 0x70, 0x0, 0x0, 0x2d, 0xff, 0xfa, 0x0,
    0xa, 0xff, 0xf7, 0x0, 0x0, 0x0, 0x1, 0xef,
    0xff, 0x20, 0xf, 0xff, 0xd0, 0x0, 0x0, 0x0,
    0x0, 0x5f, 0xff, 0x80, 0x4f, 0xff, 0x70, 0x0,
    0x0, 0x0, 0x0, 0xf, 0xff, 0xc0, 0x7f, 0xff,
    0x40, 0x0, 0x0, 0x0, 0x0, 0xb, 0xff, 0xf0,
    0x8f, 0xff, 0x20, 0x0, 0x0, 0x0, 0x0, 0xa,
    0xff, 0xf0, 0x9f, 0xff, 0x10, 0x0, 0x0, 0x0,
    0x0, 0x9, 0xff, 0xf1, 0x8f, 0xff, 0x20, 0x0,
    0x0, 0x0, 0x0, 0xa, 0xff, 0xf0, 0x7f, 0xff,
    0x40, 0x0, 0x0, 0x0, 0x0, 0xb, 0xff, 0xf0,
    0x4f, 0xff, 0x70, 0x0, 0x0, 0x0, 0x0, 0xf,
    0xff, 0xc0, 0xf, 0xff, 0xd0, 0x0, 0x0, 0x0,
    0x0, 0x5f, 0xff, 0x80, 0xa, 0xff, 0xf7, 0x0,
    0x0, 0x0, 0x1, 0xef, 0xff, 0x20, 0x2, 0xff,
    0xff, 0x70, 0x0, 0x0, 0x2d, 0xff, 0xfb, 0x0,
    0x0, 0x7f, 0xff, 0xfd, 0x86, 0x7a, 0xff, 0xff,
    0xe1, 0x0, 0x0, 0x9, 0xff, 0xff, 0xff, 0xff,
    0xff, 0xfe, 0x30, 0x0, 0x0, 0x0, 0x6f, 0xff,
    0xff, 0xff, 0xff, 0xc2, 0x0, 0x0, 0x0, 0x0,
    0x1, 0x7b, 0xef, 0xfd, 0x94, 0x0, 0x0, 0x0,

    /* U+00D4 "?" */
    0x0, 0x0, 0x0, 0x0, 0x78, 0x83, 0x0, 0x0,
    0x0, 0x0, 0x0, 0x0, 0x0, 0x9, 0xff, 0xff,
    0x30, 0x0, 0x0, 0x0, 0x0, 0x0, 0x0, 0x9f,
    0xf8, 0xdf, 0xe2, 0x0, 0x0, 0x0, 0x0, 0x0,
    0x8, 0xff, 0xa0, 0x2f, 0xfe, 0x10, 0x0, 0x0,
    0x0, 0x0, 0x18, 0x87, 0x0, 0x3, 0x88, 0x50,
    0x0, 0x0, 0x0, 0x0, 0x0, 0x0, 0x0, 0x0,
    0x0, 0x0, 0x0, 0x0, 0x0, 0x0, 0x0, 0x0,
    0x0, 0x0, 0x0, 0x0, 0x0, 0x0, 0x0, 0x0,
    0x1, 0x7b, 0xef, 0xfd, 0x94, 0x0, 0x0, 0x0,
    0x0, 0x0, 0x6f, 0xff, 0xff, 0xff, 0xff, 0xc2,
    0x0, 0x0, 0x0, 0x9, 0xff, 0xff, 0xff, 0xff,
    0xff, 0xfe, 0x30, 0x0, 0x0, 0x7f, 0xff, 0xfd,
    0x86, 0x7a, 0xff, 0xff, 0xe1, 0x0, 0x2, 0xff,
    0xff, 0x70, 0x0, 0x0, 0x2d, 0xff, 0xfa, 0x0,
    0xa, 0xff, 0xf7, 0x0, 0x0, 0x0, 0x1, 0xef,
    0xff, 0x20, 0xf, 0xff, 0xd0, 0x0, 0x0, 0x0,
    0x0, 0x5f, 0xff, 0x80, 0x4f, 0xff, 0x70, 0x0,
    0x0, 0x0, 0x0, 0xf, 0xff, 0xc0, 0x7f, 0xff,
    0x40, 0x0, 0x0, 0x0, 0x0, 0xb, 0xff, 0xf0,
    0x8f, 0xff, 0x20, 0x0, 0x0, 0x0, 0x0, 0xa,
    0xff, 0xf0, 0x9f, 0xff, 0x10, 0x0, 0x0, 0x0,
    0x0, 0x9, 0xff, 0xf1, 0x8f, 0xff, 0x20, 0x0,
    0x0, 0x0, 0x0, 0xa, 0xff, 0xf0, 0x7f, 0xff,
    0x40, 0x0, 0x0, 0x0, 0x0, 0xb, 0xff, 0xf0,
    0x4f, 0xff, 0x70, 0x0, 0x0, 0x0, 0x0, 0xf,
    0xff, 0xc0, 0xf, 0xff, 0xd0, 0x0, 0x0, 0x0,
    0x0, 0x5f, 0xff, 0x80, 0xa, 0xff, 0xf7, 0x0,
    0x0, 0x0, 0x1, 0xef, 0xff, 0x20, 0x2, 0xff,
    0xff, 0x70, 0x0, 0x0, 0x2d, 0xff, 0xfb, 0x0,
    0x0, 0x7f, 0xff, 0xfd, 0x86, 0x7a, 0xff, 0xff,
    0xe1, 0x0, 0x0, 0x9, 0xff, 0xff, 0xff, 0xff,
    0xff, 0xfe, 0x30, 0x0, 0x0, 0x0, 0x6f, 0xff,
    0xff, 0xff, 0xff, 0xc2, 0x0, 0x0, 0x0, 0x0,
    0x1, 0x7b, 0xef, 0xfd, 0x94, 0x0, 0x0, 0x0,

    /* U+00D5 "?" */
    0x0, 0x0, 0x0, 0x1, 0x10, 0x0, 0x22, 0x0,
    0x0, 0x0, 0x0, 0x0, 0x0, 0xaf, 0xfc, 0x31,
    0xef, 0x20, 0x0, 0x0, 0x0, 0x0, 0x6, 0xff,
    0xff, 0xff, 0xfe, 0x0, 0x0, 0x0, 0x0, 0x0,
    0xa, 0xf9, 0x18, 0xff, 0xf4, 0x0, 0x0, 0x0,
    0x0, 0x0, 0x2, 0x31, 0x0, 0x2, 0x0, 0x0,
    0x0, 0x0, 0x0, 0x0, 0x0, 0x0, 0x0, 0x0,
    0x0, 0x0, 0x0, 0x0, 0x0, 0x0, 0x0, 0x0,
    0x0, 0x0, 0x0, 0x0, 0x0, 0x0, 0x0, 0x0,
    0x1, 0x7b, 0xef, 0xfd, 0x94, 0x0, 0x0, 0x0,
    0x0, 0x0, 0x6f, 0xff, 0xff, 0xff, 0xff, 0xc2,
    0x0, 0x0, 0x0, 0x9, 0xff, 0xff, 0xff, 0xff,
    0xff, 0xfe, 0x30, 0x0, 0x0, 0x7f, 0xff, 0xfd,
    0x86, 0x7a, 0xff, 0xff, 0xe1, 0x0, 0x2, 0xff,
    0xff, 0x70, 0x0, 0x0, 0x2d, 0xff, 0xfa, 0x0,
    0xa, 0xff, 0xf7, 0x0, 0x0, 0x0, 0x1, 0xef,
    0xff, 0x20, 0xf, 0xff, 0xd0, 0x0, 0x0, 0x0,
    0x0, 0x5f, 0xff, 0x80, 0x4f, 0xff, 0x70, 0x0,
    0x0, 0x0, 0x0, 0xf, 0xff, 0xc0, 0x7f, 0xff,
    0x40, 0x0, 0x0, 0x0, 0x0, 0xb, 0xff, 0xf0,
    0x8f, 0xff, 0x20, 0x0, 0x0, 0x0, 0x0, 0xa,
    0xff, 0xf0, 0x9f, 0xff, 0x10, 0x0, 0x0, 0x0,
    0x0, 0x9, 0xff, 0xf1, 0x8f, 0xff, 0x20, 0x0,
    0x0, 0x0, 0x0, 0xa, 0xff, 0xf0, 0x7f, 0xff,
    0x40, 0x0, 0x0, 0x0, 0x0, 0xb, 0xff, 0xf0,
    0x4f, 0xff, 0x70, 0x0, 0x0, 0x0, 0x0, 0xf,
    0xff, 0xc0, 0xf, 0xff, 0xd0, 0x0, 0x0, 0x0,
    0x0, 0x5f, 0xff, 0x80, 0xa, 0xff, 0xf7, 0x0,
    0x0, 0x0, 0x1, 0xef, 0xff, 0x20, 0x2, 0xff,
    0xff, 0x70, 0x0, 0x0, 0x2d, 0xff, 0xfb, 0x0,
    0x0, 0x7f, 0xff, 0xfd, 0x86, 0x7a, 0xff, 0xff,
    0xe1, 0x0, 0x0, 0x9, 0xff, 0xff, 0xff, 0xff,
    0xff, 0xfe, 0x30, 0x0, 0x0, 0x0, 0x6f, 0xff,
    0xff, 0xff, 0xff, 0xc2, 0x0, 0x0, 0x0, 0x0,
    0x1, 0x7b, 0xef, 0xfd, 0x94, 0x0, 0x0, 0x0,

    /* U+00D6 "?" */
    0x0, 0x0, 0x4, 0xca, 0x10, 0x5, 0xca, 0x0,
    0x0, 0x0, 0x0, 0x0, 0xf, 0xff, 0x80, 0xf,
    0xff, 0x80, 0x0, 0x0, 0x0, 0x0, 0xf, 0xff,
    0x90, 0x1f, 0xff, 0x90, 0x0, 0x0, 0x0, 0x0,
    0x6, 0xec, 0x10, 0x7, 0xfc, 0x10, 0x0, 0x0,
    0x0, 0x0, 0x0, 0x0, 0x0, 0x0, 0x0, 0x0,
    0x0, 0x0, 0x0, 0x0, 0x0, 0x0, 0x0, 0x0,
    0x0, 0x0, 0x0, 0x0, 0x0, 0x0, 0x0, 0x0,
    0x0, 0x0, 0x0, 0x0, 0x0, 0x0, 0x0, 0x0,
    0x1, 0x7b, 0xef, 0xfd, 0x94, 0x0, 0x0, 0x0,
    0x0, 0x0, 0x6f, 0xff, 0xff, 0xff, 0xff, 0xc2,
    0x0, 0x0, 0x0, 0x9, 0xff, 0xff, 0xff, 0xff,
    0xff, 0xfe, 0x30, 0x0, 0x0, 0x7f, 0xff, 0xfd,
    0x86, 0x7a, 0xff, 0xff, 0xe1, 0x0, 0x2, 0xff,
    0xff, 0x70, 0x0, 0x0, 0x2d, 0xff, 0xfa, 0x0,
    0xa, 0xff, 0xf7, 0x0, 0x0, 0x0, 0x1, 0xef,
    0xff, 0x20, 0xf, 0xff, 0xd0, 0x0, 0x0, 0x0,
    0x0, 0x5f, 0xff, 0x80, 0x4f, 0xff, 0x70, 0x0,
    0x0, 0x0, 0x0, 0xf, 0xff, 0xc0, 0x7f, 0xff,
    0x40, 0x0, 0x0, 0x0, 0x0, 0xb, 0xff, 0xf0,
    0x8f, 0xff, 0x20, 0x0, 0x0, 0x0, 0x0, 0xa,
    0xff, 0xf0, 0x9f, 0xff, 0x10, 0x0, 0x0, 0x0,
    0x0, 0x9, 0xff, 0xf1, 0x8f, 0xff, 0x20, 0x0,
    0x0, 0x0, 0x0, 0xa, 0xff, 0xf0, 0x7f, 0xff,
    0x40, 0x0, 0x0, 0x0, 0x0, 0xb, 0xff, 0xf0,
    0x4f, 0xff, 0x70, 0x0, 0x0, 0x0, 0x0, 0xf,
    0xff, 0xc0, 0xf, 0xff, 0xd0, 0x0, 0x0, 0x0,
    0x0, 0x5f, 0xff, 0x80, 0xa, 0xff, 0xf7, 0x0,
    0x0, 0x0, 0x1, 0xef, 0xff, 0x20, 0x2, 0xff,
    0xff, 0x70, 0x0, 0x0, 0x2d, 0xff, 0xfb, 0x0,
    0x0, 0x7f, 0xff, 0xfd, 0x86, 0x7a, 0xff, 0xff,
    0xe1, 0x0, 0x0, 0x9, 0xff, 0xff, 0xff, 0xff,
    0xff, 0xfe, 0x30, 0x0, 0x0, 0x0, 0x6f, 0xff,
    0xff, 0xff, 0xff, 0xc2, 0x0, 0x0, 0x0, 0x0,
    0x1, 0x7b, 0xef, 0xfd, 0x94, 0x0, 0x0, 0x0,

    /* U+00D7 "?" */
    0x0, 0x30, 0x0, 0x0, 0x0, 0x0, 0x30, 0x0,
    0x4f, 0xb0, 0x0, 0x0, 0x0, 0xcf, 0x30, 0x3f,
    0xff, 0xa0, 0x0, 0x0, 0xcf, 0xfe, 0x20, 0xcf,
    0xff, 0xa0, 0x0, 0xbf, 0xff, 0xb0, 0x0, 0xcf,
    0xff, 0x90, 0xbf, 0xff, 0xb0, 0x0, 0x1, 0xdf,
    0xff, 0xef, 0xff, 0xb0, 0x0, 0x0, 0x1, 0xdf,
    0xff, 0xff, 0xc0, 0x0, 0x0, 0x0, 0x1, 0xff,
    0xff, 0xe0, 0x0, 0x0, 0x0, 0x0, 0x9f, 0xff,
    0xff, 0x70, 0x0, 0x0, 0x0, 0x8f, 0xff, 0xff,
    0xff, 0x70, 0x0, 0x0, 0x8f, 0xff, 0xd3, 0xef,
    0xff, 0x60, 0x0, 0x7f, 0xff, 0xd1, 0x2, 0xef,
    0xff, 0x60, 0x3f, 0xff, 0xe1, 0x0, 0x2, 0xef,
    0xff, 0x20, 0x8f, 0xe2, 0x0, 0x0, 0x3, 0xef,
    0x70, 0x0, 0x82, 0x0, 0x0, 0x0, 0x3, 0x70,
    0x0,

    /* U+00D8 "?" */
    0x0, 0x0, 0x0, 0x0, 0x0, 0x0, 0x0, 0x1,
    0x30, 0x0, 0x0, 0x0, 0x1, 0x7b, 0xef, 0xfd,
    0x94, 0xb, 0xf7, 0x0, 0x0, 0x0, 0x6f, 0xff,
    0xff, 0xff, 0xff, 0xff, 0xf8, 0x0, 0x0, 0x9,
    0xff, 0xff, 0xff, 0xff, 0xff, 0xff, 0xf0, 0x0,
    0x0, 0x7f, 0xff, 0xfd, 0x86, 0x7a, 0xff, 0xff,
    0xf1, 0x0, 0x2, 0xff, 0xff, 0x70, 0x0, 0x0,
    0xaf, 0xff, 0xfa, 0x0, 0xa, 0xff, 0xf7, 0x0,
    0x0, 0x3, 0xff, 0xff, 0xff, 0x20, 0xf, 0xff,
    0xd0, 0x0, 0x0, 0xd, 0xfe, 0x7f, 0xff, 0x80,
    0x4f, 0xff, 0x70, 0x0, 0x0, 0x9f, 0xf5, 0xf,
    0xff, 0xc0, 0x7f, 0xff, 0x40, 0x0, 0x4, 0xff,
    0xa0, 0xb, 0xff, 0xf0, 0x8f, 0xff, 0x20, 0x0,
    0x1e, 0xfe, 0x0, 0xa, 0xff, 0xf0, 0x9f, 0xff,
    0x10, 0x0, 0xaf, 0xf3, 0x0, 0x9, 0xff, 0xf1,
    0x8f, 0xff, 0x20, 0x6, 0xff, 0x80, 0x0, 0xa,
    0xff, 0xf0, 0x7f, 0xff, 0x40, 0x2f, 0xfd, 0x0,
    0x0, 0xb, 0xff, 0xf0, 0x4f, 0xff, 0x70, 0xcf,
    0xf2, 0x0, 0x0, 0xf, 0xff, 0xc0, 0xf, 0xff,
    0xd7, 0xff, 0x70, 0x0, 0x0, 0x5f, 0xff, 0x80,
    0xa, 0xff, 0xff, 0xfb, 0x0, 0x0, 0x1, 0xef,
    0xff, 0x20, 0x2, 0xff, 0xff, 0xf1, 0x0, 0x0,
    0x2d, 0xff, 0xfb, 0x0, 0x0, 0x7f, 0xff, 0xfd,
    0x86, 0x7a, 0xff, 0xff, 0xe1, 0x0, 0x0, 0x4f,
    0xff, 0xff, 0xff, 0xff, 0xff, 0xfe, 0x30, 0x0,
    0x1, 0xef, 0xff, 0xff, 0xff, 0xff, 0xff, 0xc2,
    0x0, 0x0, 0x1, 0xcf, 0x41, 0x7b, 0xef, 0xfd,
    0x94, 0x0, 0x0, 0x0, 0x0, 0x4, 0x0, 0x0,
    0x0, 0x0, 0x0, 0x0, 0x0, 0x0,

    /* U+00D9 "?" */
    0x0, 0x0, 0x6f, 0xfe, 0x0, 0x0, 0x0, 0x0,
    0x0, 0x0, 0x0, 0xbf, 0xf6, 0x0, 0x0, 0x0,
    0x0, 0x0, 0x0, 0x2, 0xff, 0xd0, 0x0, 0x0,
    0x0, 0x0, 0x0, 0x0, 0x7, 0xff, 0x40, 0x0,
    0x0, 0x0, 0x0, 0x0, 0x0, 0x5, 0x53, 0x0,
    0x0, 0x0, 0x0, 0x0, 0x0, 0x0, 0x0, 0x0,
    0x0, 0x0, 0x0, 0x0, 0x0, 0x0, 0x0, 0x0,
    0x0, 0x0, 0x0, 0xf, 0xff, 0xb0, 0x0, 0x0,
    0x0, 0x1, 0xff, 0xf9, 0xff, 0xfb, 0x0, 0x0,
    0x0, 0x0, 0x1f, 0xff, 0x9f, 0xff, 0xb0, 0x0,
    0x0, 0x0, 0x1, 0xff, 0xf9, 0xff, 0xfb, 0x0,
    0x0, 0x0, 0x0, 0x1f, 0xff, 0x9f, 0xff, 0xb0,
    0x0, 0x0, 0x0, 0x1, 0xff, 0xf9, 0xff, 0xfb,
    0x0, 0x0, 0x0, 0x0, 0x1f, 0xff, 0x9f, 0xff,
    0xb0, 0x0, 0x0, 0x0, 0x1, 0xff, 0xf9, 0xff,
    0xfb, 0x0, 0x0, 0x0, 0x0, 0x1f, 0xff, 0x9f,
    0xff, 0xb0, 0x0, 0x0, 0x0, 0x1, 0xff, 0xf9,
    0xff, 0xfb, 0x0, 0x0, 0x0, 0x0, 0x1f, 0xff,
    0x9f, 0xff, 0xb0, 0x0, 0x0, 0x0, 0x1, 0xff,
    0xf9, 0xff, 0xfb, 0x0, 0x0, 0x0, 0x0, 0x1f,
    0xff, 0x9f, 0xff, 0xb0, 0x0, 0x0, 0x0, 0x1,
    0xff, 0xf9, 0xff, 0xfb, 0x0, 0x0, 0x0, 0x0,
    0x1f, 0xff, 0x8e, 0xff, 0xe0, 0x0, 0x0, 0x0,
    0x4, 0xff, 0xf7, 0xbf, 0xff, 0x50, 0x0, 0x0,
    0x0, 0xbf, 0xff, 0x45, 0xff, 0xfe, 0x30, 0x0,
    0x0, 0x8f, 0xff, 0xe0, 0xc, 0xff, 0xff, 0xb7,
    0x68, 0xdf, 0xff, 0xf6, 0x0, 0x1e, 0xff, 0xff,
    0xff, 0xff, 0xff, 0xfa, 0x0, 0x0, 0x1b, 0xff,
    0xff, 0xff, 0xff, 0xf7, 0x0, 0x0, 0x0, 0x3,
    0x9d, 0xef, 0xec, 0x71, 0x0, 0x0,

    /* U+00DA "?" */
    0x0, 0x0, 0x0, 0x0, 0x5f, 0xfe, 0x10, 0x0,
    0x0, 0x0, 0x0, 0x0, 0xc, 0xff, 0x50, 0x0,
    0x0, 0x0, 0x0, 0x0, 0x3, 0xff, 0xb0, 0x0,
    0x0, 0x0, 0x0, 0x0, 0x0, 0xaf, 0xf1, 0x0,
    0x0, 0x0, 0x0, 0x0, 0x0, 0x5, 0x53, 0x0,
    0x0, 0x0, 0x0, 0x0, 0x0, 0x0, 0x0, 0x0,
    0x0, 0x0, 0x0, 0x0, 0x0, 0x0, 0x0, 0x0,
    0x0, 0x0, 0x0, 0xf, 0xff, 0xb0, 0x0, 0x0,
    0x0, 0x1, 0xff, 0xf9, 0xff, 0xfb, 0x0, 0x0,
    0x0, 0x0, 0x1f, 0xff, 0x9f, 0xff, 0xb0, 0x0,
    0x0, 0x0, 0x1, 0xff, 0xf9, 0xff, 0xfb, 0x0,
    0x0, 0x0, 0x0, 0x1f, 0xff, 0x9f, 0xff, 0xb0,
    0x0, 0x0, 0x0, 0x1, 0xff, 0xf9, 0xff, 0xfb,
    0x0, 0x0, 0x0, 0x0, 0x1f, 0xff, 0x9f, 0xff,
    0xb0, 0x0, 0x0, 0x0, 0x1, 0xff, 0xf9, 0xff,
    0xfb, 0x0, 0x0, 0x0, 0x0, 0x1f, 0xff, 0x9f,
    0xff, 0xb0, 0x0, 0x0, 0x0, 0x1, 0xff, 0xf9,
    0xff, 0xfb, 0x0, 0x0, 0x0, 0x0, 0x1f, 0xff,
    0x9f, 0xff, 0xb0, 0x0, 0x0, 0x0, 0x1, 0xff,
    0xf9, 0xff, 0xfb, 0x0, 0x0, 0x0, 0x0, 0x1f,
    0xff, 0x9f, 0xff, 0xb0, 0x0, 0x0, 0x0, 0x1,
    0xff, 0xf9, 0xff, 0xfb, 0x0, 0x0, 0x0, 0x0,
    0x1f, 0xff, 0x8e, 0xff, 0xe0, 0x0, 0x0, 0x0,
    0x4, 0xff, 0xf7, 0xbf, 0xff, 0x50, 0x0, 0x0,
    0x0, 0xbf, 0xff, 0x45, 0xff, 0xfe, 0x30, 0x0,
    0x0, 0x8f, 0xff, 0xe0, 0xc, 0xff, 0xff, 0xb7,
    0x68, 0xdf, 0xff, 0xf6, 0x0, 0x1e, 0xff, 0xff,
    0xff, 0xff, 0xff, 0xfa, 0x0, 0x0, 0x1b, 0xff,
    0xff, 0xff, 0xff, 0xf7, 0x0, 0x0, 0x0, 0x3,
    0x9d, 0xef, 0xec, 0x71, 0x0, 0x0,

    /* U+00DB "?" */
    0x0, 0x0, 0x0, 0x28, 0x87, 0x0, 0x0, 0x0,
    0x0, 0x0, 0x0, 0x2e, 0xff, 0xfa, 0x0, 0x0,
    0x0, 0x0, 0x0, 0x2e, 0xfe, 0x8f, 0xf9, 0x0,
    0x0, 0x0, 0x0, 0x1e, 0xff, 0x30, 0x9f, 0xf8,
    0x0, 0x0, 0x0, 0x5, 0x88, 0x40, 0x0, 0x78,
    0x71, 0x0, 0x0, 0x0, 0x0, 0x0, 0x0, 0x0,
    0x0, 0x0, 0x0, 0x0, 0x0, 0x0, 0x0, 0x0,
    0x0, 0x0, 0x0, 0xf, 0xff, 0xb0, 0x0, 0x0,
    0x0, 0x1, 0xff, 0xf9, 0xff, 0xfb, 0x0, 0x0,
    0x0, 0x0, 0x1f, 0xff, 0x9f, 0xff, 0xb0, 0x0,
    0x0, 0x0, 0x1, 0xff, 0xf9, 0xff, 0xfb, 0x0,
    0x0, 0x0, 0x0, 0x1f, 0xff, 0x9f, 0xff, 0xb0,
    0x0, 0x0, 0x0, 0x1, 0xff, 0xf9, 0xff, 0xfb,
    0x0, 0x0, 0x0, 0x0, 0x1f, 0xff, 0x9f, 0xff,
    0xb0, 0x0, 0x0, 0x0, 0x1, 0xff, 0xf9, 0xff,
    0xfb, 0x0, 0x0, 0x0, 0x0, 0x1f, 0xff, 0x9f,
    0xff, 0xb0, 0x0, 0x0, 0x0, 0x1, 0xff, 0xf9,
    0xff, 0xfb, 0x0, 0x0, 0x0, 0x0, 0x1f, 0xff,
    0x9f, 0xff, 0xb0, 0x0, 0x0, 0x0, 0x1, 0xff,
    0xf9, 0xff, 0xfb, 0x0, 0x0, 0x0, 0x0, 0x1f,
    0xff, 0x9f, 0xff, 0xb0, 0x0, 0x0, 0x0, 0x1,
    0xff, 0xf9, 0xff, 0xfb, 0x0, 0x0, 0x0, 0x0,
    0x1f, 0xff, 0x8e, 0xff, 0xe0, 0x0, 0x0, 0x0,
    0x4, 0xff, 0xf7, 0xbf, 0xff, 0x50, 0x0, 0x0,
    0x0, 0xbf, 0xff, 0x45, 0xff, 0xfe, 0x30, 0x0,
    0x0, 0x8f, 0xff, 0xe0, 0xc, 0xff, 0xff, 0xb7,
    0x68, 0xdf, 0xff, 0xf6, 0x0, 0x1e, 0xff, 0xff,
    0xff, 0xff, 0xff, 0xfa, 0x0, 0x0, 0x1b, 0xff,
    0xff, 0xff, 0xff, 0xf7, 0x0, 0x0, 0x0, 0x3,
    0x9d, 0xef, 0xec, 0x71, 0x0, 0x0,

    /* U+00DC "?" */
    0x0, 0x0, 0x9c, 0x60, 0x0, 0xac, 0x50, 0x0,
    0x0, 0x0, 0x7f, 0xff, 0x10, 0x7f, 0xff, 0x10,
    0x0, 0x0, 0x7, 0xff, 0xf2, 0x8, 0xff, 0xf1,
    0x0, 0x0, 0x0, 0x1c, 0xf8, 0x0, 0x1c, 0xf7,
    0x0, 0x0, 0x0, 0x0, 0x0, 0x0, 0x0, 0x0,
    0x0, 0x0, 0x0, 0x0, 0x0, 0x0, 0x0, 0x0,
    0x0, 0x0, 0x0, 0x0, 0x0, 0x0, 0x0, 0x0,
    0x0, 0x0, 0x0, 0xf, 0xff, 0xb0, 0x0, 0x0,
    0x0, 0x1, 0xff, 0xf9, 0xff, 0xfb, 0x0, 0x0,
    0x0, 0x0, 0x1f, 0xff, 0x9f, 0xff, 0xb0, 0x0,
    0x0, 0x0, 0x1, 0xff, 0xf9, 0xff, 0xfb, 0x0,
    0x0, 0x0, 0x0, 0x1f, 0xff, 0x9f, 0xff, 0xb0,
    0x0, 0x0, 0x0, 0x1, 0xff, 0xf9, 0xff, 0xfb,
    0x0, 0x0, 0x0, 0x0, 0x1f, 0xff, 0x9f, 0xff,
    0xb0, 0x0, 0x0, 0x0, 0x1, 0xff, 0xf9, 0xff,
    0xfb, 0x0, 0x0, 0x0, 0x0, 0x1f, 0xff, 0x9f,
    0xff, 0xb0, 0x0, 0x0, 0x0, 0x1, 0xff, 0xf9,
    0xff, 0xfb, 0x0, 0x0, 0x0, 0x0, 0x1f, 0xff,
    0x9f, 0xff, 0xb0, 0x0, 0x0, 0x0, 0x1, 0xff,
    0xf9, 0xff, 0xfb, 0x0, 0x0, 0x0, 0x0, 0x1f,
    0xff, 0x9f, 0xff, 0xb0, 0x0, 0x0, 0x0, 0x1,
    0xff, 0xf9, 0xff, 0xfb, 0x0, 0x0, 0x0, 0x0,
    0x1f, 0xff, 0x8e, 0xff, 0xe0, 0x0, 0x0, 0x0,
    0x4, 0xff, 0xf7, 0xbf, 0xff, 0x50, 0x0, 0x0,
    0x0, 0xbf, 0xff, 0x45, 0xff, 0xfe, 0x30, 0x0,
    0x0, 0x8f, 0xff, 0xe0, 0xc, 0xff, 0xff, 0xb7,
    0x68, 0xdf, 0xff, 0xf6, 0x0, 0x1e, 0xff, 0xff,
    0xff, 0xff, 0xff, 0xfa, 0x0, 0x0, 0x1b, 0xff,
    0xff, 0xff, 0xff, 0xf7, 0x0, 0x0, 0x0, 0x3,
    0x9d, 0xef, 0xec, 0x71, 0x0, 0x0,

    /* U+00DD "?" */
    0x0, 0x0, 0x0, 0x0, 0x0, 0x25, 0x54, 0x0,
    0x0, 0x0, 0x0, 0x0, 0x0, 0x0, 0x0, 0xdf,
    0xf7, 0x0, 0x0, 0x0, 0x0, 0x0, 0x0, 0x0,
    0x4, 0xff, 0xc0, 0x0, 0x0, 0x0, 0x0, 0x0,
    0x0, 0x0, 0xb, 0xff, 0x30, 0x0, 0x0, 0x0,
    0x0, 0x0, 0x0, 0x0, 0x2f, 0xf8, 0x0, 0x0,
    0x0, 0x0, 0x0, 0x0, 0x0, 0x0, 0x0, 0x0,
    0x0, 0x0, 0x0, 0x0, 0x0, 0x0, 0x0, 0x0,
    0x0, 0x0, 0x0, 0x0, 0x0, 0x0, 0x1f, 0xff,
    0xf3, 0x0, 0x0, 0x0, 0x0, 0x3f, 0xff, 0xe1,
    0x7, 0xff, 0xfc, 0x0, 0x0, 0x0, 0x0, 0xcf,
    0xff, 0x60, 0x0, 0xdf, 0xff, 0x50, 0x0, 0x0,
    0x4, 0xff, 0xfd, 0x0, 0x0, 0x4f, 0xff, 0xd0,
    0x0, 0x0, 0xd, 0xff, 0xf4, 0x0, 0x0, 0xb,
    0xff, 0xf6, 0x0, 0x0, 0x6f, 0xff, 0xb0, 0x0,
    0x0, 0x2, 0xff, 0xfe, 0x0, 0x0, 0xef, 0xff,
    0x20, 0x0, 0x0, 0x0, 0x8f, 0xff, 0x80, 0x7,
    0xff, 0xf8, 0x0, 0x0, 0x0, 0x0, 0xe, 0xff,
    0xf1, 0xe, 0xff, 0xe0, 0x0, 0x0, 0x0, 0x0,
    0x5, 0xff, 0xf8, 0x7f, 0xff, 0x60, 0x0, 0x0,
    0x0, 0x0, 0x0, 0xcf, 0xfe, 0xdf, 0xfc, 0x0,
    0x0, 0x0, 0x0, 0x0, 0x0, 0x3f, 0xff, 0xff,
    0xf3, 0x0, 0x0, 0x0, 0x0, 0x0, 0x0, 0x9,
    0xff, 0xff, 0xa0, 0x0, 0x0, 0x0, 0x0, 0x0,
    0x0, 0x1, 0xff, 0xff, 0x10, 0x0, 0x0, 0x0,
    0x0, 0x0, 0x0, 0x0, 0xcf, 0xfd, 0x0, 0x0,
    0x0, 0x0, 0x0, 0x0, 0x0, 0x0, 0xcf, 0xfd,
    0x0, 0x0, 0x0, 0x0, 0x0, 0x0, 0x0, 0x0,
    0xcf, 0xfd, 0x0, 0x0, 0x0, 0x0, 0x0, 0x0,
    0x0, 0x0, 0xcf, 0xfd, 0x0, 0x0, 0x0, 0x0,
    0x0, 0x0, 0x0, 0x0, 0xcf, 0xfd, 0x0, 0x0,
    0x0, 0x0, 0x0, 0x0, 0x0, 0x0, 0xcf, 0xfd,
    0x0, 0x0, 0x0, 0x0, 0x0, 0x0, 0x0, 0x0,
    0xcf, 0xfd, 0x0, 0x0, 0x0, 0x0, 0x0, 0x0,
    0x0, 0x0, 0xcf, 0xfd, 0x0, 0x0, 0x0, 0x0,

    /* U+00DE "?" */
    0xf, 0xff, 0xa0, 0x0, 0x0, 0x0, 0x0, 0x0,
    0xf, 0xff, 0xa0, 0x0, 0x0, 0x0, 0x0, 0x0,
    0xf, 0xff, 0xa0, 0x0, 0x0, 0x0, 0x0, 0x0,
    0xf, 0xff, 0xa0, 0x0, 0x0, 0x0, 0x0, 0x0,
    0xf, 0xff, 0xff, 0xff, 0xfd, 0xa4, 0x0, 0x0,
    0xf, 0xff, 0xff, 0xff, 0xff, 0xff, 0xb1, 0x0,
    0xf, 0xff, 0xff, 0xff, 0xff, 0xff, 0xfc, 0x0,
    0xf, 0xff, 0xa0, 0x0, 0x14, 0xcf, 0xff, 0x80,
    0xf, 0xff, 0xa0, 0x0, 0x0, 0xd, 0xff, 0xe0,
    0xf, 0xff, 0xa0, 0x0, 0x0, 0x7, 0xff, 0xf1,
    0xf, 0xff, 0xa0, 0x0, 0x0, 0x4, 0xff, 0xf3,
    0xf, 0xff, 0xa0, 0x0, 0x0, 0x6, 0xff, 0xf1,
    0xf, 0xff, 0xa0, 0x0, 0x0, 0xd, 0xff, 0xe0,
    0xf, 0xff, 0xa0, 0x0, 0x3, 0xbf, 0xff, 0x80,
    0xf, 0xff, 0xff, 0xff, 0xff, 0xff, 0xfd, 0x0,
    0xf, 0xff, 0xff, 0xff, 0xff, 0xff, 0xb1, 0x0,
    0xf, 0xff, 0xff, 0xff, 0xfd, 0xa4, 0x0, 0x0,
    0xf, 0xff, 0xa0, 0x0, 0x0, 0x0, 0x0, 0x0,
    0xf, 0xff, 0xa0, 0x0, 0x0, 0x0, 0x0, 0x0,
    0xf, 0xff, 0xa0, 0x0, 0x0, 0x0, 0x0, 0x0,
    0xf, 0xff, 0xa0, 0x0, 0x0, 0x0, 0x0, 0x0,

    /* U+00DF "?" */
    0x0, 0x6, 0xbe, 0xfe, 0xc8, 0x20, 0x0, 0x0,
    0x2d, 0xff, 0xff, 0xff, 0xff, 0x70, 0x0, 0x1e,
    0xff, 0xff, 0xff, 0xff, 0xff, 0x70, 0x8, 0xff,
    0xfe, 0x63, 0x4a, 0xff, 0xff, 0x10, 0xcf, 0xff,
    0x20, 0x0, 0xa, 0xff, 0xf4, 0xe, 0xff, 0xb0,
    0x0, 0x0, 0x4f, 0xff, 0x60, 0xff, 0xfa, 0x0,
    0x0, 0x3, 0xff, 0xf5, 0xf, 0xff, 0xa0, 0x0,
    0x0, 0x8f, 0xff, 0x10, 0xff, 0xfa, 0x0, 0x1,
    0x7f, 0xff, 0x60, 0xf, 0xff, 0xa0, 0xf, 0xff,
    0xfd, 0x50, 0x0, 0xff, 0xfa, 0x0, 0xff, 0xff,
    0xea, 0x30, 0xf, 0xff, 0xa0, 0xf, 0xff, 0xff,
    0xff, 0x50, 0xff, 0xfa, 0x0, 0x0, 0x17, 0xff,
    0xff, 0x1f, 0xff, 0xa0, 0x0, 0x0, 0x4, 0xff,
    0xf8, 0xff, 0xfa, 0x0, 0x0, 0x0, 0xe, 0xff,
    0xbf, 0xff, 0xa0, 0x0, 0x0, 0x0, 0xef, 0xfb,
    0xff, 0xfa, 0x0, 0x0, 0x0, 0x4f, 0xff, 0xaf,
    0xff, 0xa0, 0x1, 0x12, 0x7f, 0xff, 0xf5, 0xff,
    0xfa, 0x1, 0xff, 0xff, 0xff, 0xfc, 0xf, 0xff,
    0xa0, 0x1f, 0xff, 0xff, 0xfc, 0x10, 0xff, 0xfa,
    0x1, 0xff, 0xfe, 0xb6, 0x0, 0x0,

    /* U+00E0 "?" */
    0x0, 0x5, 0x55, 0x20, 0x0, 0x0, 0x0, 0x0,
    0x9, 0xff, 0xb0, 0x0, 0x0, 0x0, 0x0, 0x0,
    0xef, 0xf2, 0x0, 0x0, 0x0, 0x0, 0x0, 0x5f,
    0xf9, 0x0, 0x0, 0x0, 0x0, 0x0, 0xa, 0xff,
    0x10, 0x0, 0x0, 0x0, 0x0, 0x0, 0x0, 0x0,
    0x0, 0x0, 0x0, 0x0, 0x0, 0x0, 0x0, 0x0,
    0x0, 0x0, 0x4, 0xad, 0xff, 0xd9, 0x30, 0x0,
    0x0, 0xbf, 0xff, 0xff, 0xff, 0xf8, 0x0, 0xb,
    0xff, 0xff, 0xde, 0xff, 0xff, 0x60, 0x4f, 0xff,
    0xb1, 0x0, 0x3e, 0xff, 0xd0, 0x14, 0x7a, 0x0,
    0x0, 0x7, 0xff, 0xf1, 0x0, 0x0, 0x0, 0x0,
    0x7, 0xff, 0xf2, 0x0, 0x0, 0x14, 0x68, 0xbf,
    0xff, 0xf3, 0x0, 0x7d, 0xff, 0xff, 0xff, 0xff,
    0xf3, 0x1d, 0xff, 0xff, 0xfd, 0xaa, 0xff, 0xf3,
    0x9f, 0xff, 0xa3, 0x0, 0x5, 0xff, 0xf3, 0xdf,
    0xfb, 0x0, 0x0, 0x6, 0xff, 0xf3, 0xef, 0xf8,
    0x0, 0x0, 0xb, 0xff, 0xf3, 0xcf, 0xfe, 0x20,
    0x0, 0x9f, 0xff, 0xf3, 0x7f, 0xff, 0xfc, 0xcf,
    0xfd, 0xff, 0xf3, 0xb, 0xff, 0xff, 0xff, 0xd4,
    0xff, 0xf3, 0x0, 0x6c, 0xff, 0xd7, 0x3, 0xff,
    0xf3,

    /* U+00E1 "?" */
    0x0, 0x0, 0x0, 0x3, 0x55, 0x40, 0x0, 0x0,
    0x0, 0x0, 0xe, 0xff, 0x60, 0x0, 0x0, 0x0,
    0x0, 0x5f, 0xfb, 0x0, 0x0, 0x0, 0x0, 0x0,
    0xcf, 0xf2, 0x0, 0x0, 0x0, 0x0, 0x3, 0xff,
    0x70, 0x0, 0x0, 0x0, 0x0, 0x0, 0x0, 0x0,
    0x0, 0x0, 0x0, 0x0, 0x0, 0x0, 0x0, 0x0,
    0x0, 0x0, 0x4, 0xad, 0xff, 0xd9, 0x30, 0x0,
    0x0, 0xbf, 0xff, 0xff, 0xff, 0xf8, 0x0, 0xb,
    0xff, 0xff, 0xde, 0xff, 0xff, 0x60, 0x4f, 0xff,
    0xb1, 0x0, 0x3e, 0xff, 0xd0, 0x14, 0x7a, 0x0,
    0x0, 0x7, 0xff, 0xf1, 0x0, 0x0, 0x0, 0x0,
    0x7, 0xff, 0xf2, 0x0, 0x0, 0x14, 0x68, 0xbf,
    0xff, 0xf3, 0x0, 0x7d, 0xff, 0xff, 0xff, 0xff,
    0xf3, 0x1d, 0xff, 0xff, 0xfd, 0xaa, 0xff, 0xf3,
    0x9f, 0xff, 0xa3, 0x0, 0x5, 0xff, 0xf3, 0xdf,
    0xfb, 0x0, 0x0, 0x6, 0xff, 0xf3, 0xef, 0xf8,
    0x0, 0x0, 0xb, 0xff, 0xf3, 0xcf, 0xfe, 0x20,
    0x0, 0x9f, 0xff, 0xf3, 0x7f, 0xff, 0xfc, 0xcf,
    0xfd, 0xff, 0xf3, 0xb, 0xff, 0xff, 0xff, 0xd4,
    0xff, 0xf3, 0x0, 0x6c, 0xff, 0xd7, 0x3, 0xff,
    0xf3,

    /* U+00E2 "?" */
    0x0, 0x0, 0x6, 0x88, 0x40, 0x0, 0x0, 0x0,
    0x0, 0x7f, 0xff, 0xf4, 0x0, 0x0, 0x0, 0x6,
    0xff, 0xac, 0xff, 0x30, 0x0, 0x0, 0x6f, 0xfc,
    0x1, 0xef, 0xf3, 0x0, 0x0, 0x78, 0x71, 0x0,
    0x28, 0x86, 0x0, 0x0, 0x0, 0x0, 0x0, 0x0,
    0x0, 0x0, 0x0, 0x0, 0x0, 0x0, 0x0, 0x0,
    0x0, 0x0, 0x4, 0xad, 0xff, 0xd9, 0x30, 0x0,
    0x0, 0xbf, 0xff, 0xff, 0xff, 0xf8, 0x0, 0xb,
    0xff, 0xff, 0xde, 0xff, 0xff, 0x60, 0x4f, 0xff,
    0xb1, 0x0, 0x3e, 0xff, 0xd0, 0x14, 0x7a, 0x0,
    0x0, 0x7, 0xff, 0xf1, 0x0, 0x0, 0x0, 0x0,
    0x7, 0xff, 0xf2, 0x0, 0x0, 0x14, 0x68, 0xbf,
    0xff, 0xf3, 0x0, 0x7d, 0xff, 0xff, 0xff, 0xff,
    0xf3, 0x1d, 0xff, 0xff, 0xfd, 0xaa, 0xff, 0xf3,
    0x9f, 0xff, 0xa3, 0x0, 0x5, 0xff, 0xf3, 0xdf,
    0xfb, 0x0, 0x0, 0x6, 0xff, 0xf3, 0xef, 0xf8,
    0x0, 0x0, 0xb, 0xff, 0xf3, 0xcf, 0xfe, 0x20,
    0x0, 0x9f, 0xff, 0xf3, 0x7f, 0xff, 0xfc, 0xcf,
    0xfd, 0xff, 0xf3, 0xb, 0xff, 0xff, 0xff, 0xd4,
    0xff, 0xf3, 0x0, 0x6c, 0xff, 0xd7, 0x3, 0xff,
    0xf3,

    /* U+00E3 "?" */
    0x0, 0x9, 0xef, 0xff, 0xff, 0xf4, 0x0, 0x0,
    0x6f, 0xff, 0xff, 0xff, 0xa0, 0x0, 0x0, 0x13,
    0x22, 0x22, 0x21, 0x0, 0x0, 0x0, 0x0, 0x0,
    0x0, 0x0, 0x0, 0x0, 0x0, 0x0, 0x0, 0x0,
    0x0, 0x0, 0x0, 0x0, 0x4, 0xad, 0xff, 0xd9,
    0x30, 0x0, 0x0, 0xbf, 0xff, 0xff, 0xff, 0xf8,
    0x0, 0xb, 0xff, 0xff, 0xde, 0xff, 0xff, 0x60,
    0x4f, 0xff, 0xb1, 0x0, 0x3e, 0xff, 0xd0, 0x14,
    0x7a, 0x0, 0x0, 0x7, 0xff, 0xf1, 0x0, 0x0,
    0x0, 0x0, 0x7, 0xff, 0xf2, 0x0, 0x0, 0x14,
    0x68, 0xbf, 0xff, 0xf3, 0x0, 0x7d, 0xff, 0xff,
    0xff, 0xff, 0xf3, 0x1d, 0xff, 0xff, 0xfd, 0xaa,
    0xff, 0xf3, 0x9f, 0xff, 0xa3, 0x0, 0x5, 0xff,
    0xf3, 0xdf, 0xfb, 0x0, 0x0, 0x6, 0xff, 0xf3,
    0xef, 0xf8, 0x0, 0x0, 0xb, 0xff, 0xf3, 0xcf,
    0xfe, 0x20, 0x0, 0x9f, 0xff, 0xf3, 0x7f, 0xff,
    0xfc, 0xcf, 0xfd, 0xff, 0xf3, 0xb, 0xff, 0xff,
    0xff, 0xd4, 0xff, 0xf3, 0x0, 0x6c, 0xff, 0xd7,
    0x3, 0xff, 0xf3,

    /* U+00E4 "?" */
    0x0, 0x4e, 0xd3, 0x0, 0x5e, 0xd2, 0x0, 0x0,
    0xef, 0xfc, 0x0, 0xef, 0xfb, 0x0, 0x0, 0xdf,
    0xfb, 0x0, 0xef, 0xfa, 0x0, 0x0, 0x3c, 0xb2,
    0x0, 0x3c, 0xb1, 0x0, 0x0, 0x0, 0x0, 0x0,
    0x0, 0x0, 0x0, 0x0, 0x0, 0x0, 0x0, 0x0,
    0x0, 0x0, 0x0, 0x4, 0xad, 0xff, 0xd9, 0x30,
    0x0, 0x0, 0xbf, 0xff, 0xff, 0xff, 0xf8, 0x0,
    0xb, 0xff, 0xff, 0xde, 0xff, 0xff, 0x60, 0x4f,
    0xff, 0xb1, 0x0, 0x3e, 0xff, 0xd0, 0x14, 0x7a,
    0x0, 0x0, 0x7, 0xff, 0xf1, 0x0, 0x0, 0x0,
    0x0, 0x7, 0xff, 0xf2, 0x0, 0x0, 0x14, 0x68,
    0xbf, 0xff, 0xf3, 0x0, 0x7d, 0xff, 0xff, 0xff,
    0xff, 0xf3, 0x1d, 0xff, 0xff, 0xfd, 0xaa, 0xff,
    0xf3, 0x9f, 0xff, 0xa3, 0x0, 0x5, 0xff, 0xf3,
    0xdf, 0xfb, 0x0, 0x0, 0x6, 0xff, 0xf3, 0xef,
    0xf8, 0x0, 0x0, 0xb, 0xff, 0xf3, 0xcf, 0xfe,
    0x20, 0x0, 0x9f, 0xff, 0xf3, 0x7f, 0xff, 0xfc,
    0xcf, 0xfd, 0xff, 0xf3, 0xb, 0xff, 0xff, 0xff,
    0xd4, 0xff, 0xf3, 0x0, 0x6c, 0xff, 0xd7, 0x3,
    0xff, 0xf3,

    /* U+00E5 "?" */
    0x0, 0x0, 0x2b, 0xfe, 0xa1, 0x0, 0x0, 0x0,
    0x2, 0xff, 0xff, 0xfd, 0x0, 0x0, 0x0, 0x9,
    0xfa, 0x0, 0xcf, 0x70, 0x0, 0x0, 0xb, 0xf4,
    0x0, 0x7f, 0x90, 0x0, 0x0, 0x9, 0xfb, 0x12,
    0xdf, 0x60, 0x0, 0x0, 0x1, 0xef, 0xff, 0xfc,
    0x0, 0x0, 0x0, 0x0, 0x19, 0xdc, 0x80, 0x0,
    0x0, 0x0, 0x0, 0x0, 0x0, 0x0, 0x0, 0x0,
    0x0, 0x4, 0xad, 0xff, 0xd9, 0x30, 0x0, 0x0,
    0xbf, 0xff, 0xff, 0xff, 0xf8, 0x0, 0xb, 0xff,
    0xff, 0xde, 0xff, 0xff, 0x60, 0x4f, 0xff, 0xb1,
    0x0, 0x3e, 0xff, 0xd0, 0x14, 0x7a, 0x0, 0x0,
    0x7, 0xff, 0xf1, 0x0, 0x0, 0x0, 0x0, 0x7,
    0xff, 0xf2, 0x0, 0x0, 0x14, 0x68, 0xbf, 0xff,
    0xf3, 0x0, 0x7d, 0xff, 0xff, 0xff, 0xff, 0xf3,
    0x1d, 0xff, 0xff, 0xfd, 0xaa, 0xff, 0xf3, 0x9f,
    0xff, 0xa3, 0x0, 0x5, 0xff, 0xf3, 0xdf, 0xfb,
    0x0, 0x0, 0x6, 0xff, 0xf3, 0xef, 0xf8, 0x0,
    0x0, 0xb, 0xff, 0xf3, 0xcf, 0xfe, 0x20, 0x0,
    0x9f, 0xff, 0xf3, 0x7f, 0xff, 0xfc, 0xcf, 0xfd,
    0xff, 0xf3, 0xb, 0xff, 0xff, 0xff, 0xd4, 0xff,
    0xf3, 0x0, 0x6c, 0xff, 0xd7, 0x3, 0xff, 0xf3,

    /* U+00E6 "?" */
    0x0, 0x4, 0xad, 0xff, 0xd8, 0x10, 0x5, 0xbe,
    0xfd, 0xa4, 0x0, 0x0, 0x0, 0xbf, 0xff, 0xff,
    0xff, 0xe3, 0xcf, 0xff, 0xff, 0xff, 0xb1, 0x0,
    0xb, 0xff, 0xff, 0xde, 0xff, 0xff, 0xff, 0xfe,
    0xdf, 0xff, 0xfc, 0x0, 0x4f, 0xff, 0xb1, 0x0,
    0x3e, 0xff, 0xff, 0x50, 0x0, 0x7f, 0xff, 0x70,
    0x14, 0x7a, 0x0, 0x0, 0x7, 0xff, 0xf7, 0x0,
    0x0, 0xa, 0xff, 0xe0, 0x0, 0x0, 0x0, 0x0,
    0x5, 0xff, 0xf0, 0x0, 0x0, 0x4, 0xff, 0xf2,
    0x0, 0x0, 0x36, 0x78, 0x8a, 0xff, 0xe8, 0x88,
    0x88, 0x89, 0xff, 0xf4, 0x0, 0x9f, 0xff, 0xff,
    0xff, 0xff, 0xff, 0xff, 0xff, 0xff, 0xff, 0xf5,
    0x1d, 0xff, 0xff, 0xff, 0xff, 0xff, 0xff, 0xff,
    0xff, 0xff, 0xff, 0xf6, 0x8f, 0xff, 0x93, 0x0,
    0x5, 0xff, 0xd0, 0x0, 0x0, 0x0, 0x0, 0x0,
    0xdf, 0xfa, 0x0, 0x0, 0x7, 0xff, 0xf0, 0x0,
    0x0, 0x0, 0x0, 0x0, 0xef, 0xf8, 0x0, 0x0,
    0xc, 0xff, 0xf8, 0x0, 0x0, 0x5, 0xca, 0x81,
    0xdf, 0xfe, 0x40, 0x2, 0xbf, 0xff, 0xff, 0x70,
    0x0, 0x5f, 0xff, 0xd0, 0x7f, 0xff, 0xff, 0xff,
    0xff, 0xcd, 0xff, 0xff, 0xef, 0xff, 0xff, 0x40,
    0xb, 0xff, 0xff, 0xff, 0xfc, 0x11, 0xcf, 0xff,
    0xff, 0xff, 0xf5, 0x0, 0x0, 0x6c, 0xff, 0xea,
    0x50, 0x0, 0x5, 0xbe, 0xff, 0xc8, 0x10, 0x0,

    /* U+00E7 "?" */
    0x0, 0x0, 0x5b, 0xef, 0xec, 0x60, 0x0, 0x0,
    0x2, 0xdf, 0xff, 0xff, 0xff, 0xd2, 0x0, 0x1,
    0xef, 0xff, 0xff, 0xff, 0xff, 0xe1, 0x0, 0xaf,
    0xff, 0xa2, 0x2, 0xaf, 0xff, 0x90, 0x2f, 0xff,
    0xc0, 0x0, 0x0, 0xbf, 0xfe, 0x7, 0xff, 0xf4,
    0x0, 0x0, 0x3, 0x73, 0x0, 0xaf, 0xff, 0x0,
    0x0, 0x0, 0x0, 0x0, 0xb, 0xff, 0xe0, 0x0,
    0x0, 0x0, 0x0, 0x0, 0xbf, 0xfe, 0x0, 0x0,
    0x0, 0x0, 0x0, 0xa, 0xff, 0xf0, 0x0, 0x0,
    0x0, 0x0, 0x0, 0x7f, 0xff, 0x40, 0x0, 0x0,
    0x39, 0x52, 0x2, 0xff, 0xfb, 0x0, 0x0, 0xb,
    0xff, 0xf0, 0xa, 0xff, 0xfa, 0x20, 0x2a, 0xff,
    0xf9, 0x0, 0x1e, 0xff, 0xff, 0xff, 0xff, 0xfe,
    0x10, 0x0, 0x2d, 0xff, 0xff, 0xff, 0xfd, 0x20,
    0x0, 0x0, 0x5, 0xbf, 0xff, 0xc6, 0x0, 0x0,
    0x0, 0x0, 0x0, 0x6f, 0x40, 0x0, 0x0, 0x0,
    0x0, 0x0, 0x8, 0xff, 0xc2, 0x0, 0x0, 0x0,
    0x0, 0x0, 0x46, 0xbf, 0xb0, 0x0, 0x0, 0x0,
    0x0, 0x0, 0x4, 0xfd, 0x0, 0x0, 0x0, 0x0,
    0x1, 0x99, 0xdf, 0xa0, 0x0, 0x0, 0x0, 0x0,
    0x2f, 0xfe, 0xa1, 0x0, 0x0,

    /* U+00E8 "?" */
    0x0, 0x3, 0x55, 0x40, 0x0, 0x0, 0x0, 0x0,
    0x0, 0x2f, 0xff, 0x20, 0x0, 0x0, 0x0, 0x0,
    0x0, 0x8f, 0xf9, 0x0, 0x0, 0x0, 0x0, 0x0,
    0x0, 0xdf, 0xf0, 0x0, 0x0, 0x0, 0x0, 0x0,
    0x4, 0xff, 0x70, 0x0, 0x0, 0x0, 0x0, 0x0,
    0x0, 0x0, 0x0, 0x0, 0x0, 0x0, 0x0, 0x0,
    0x0, 0x0, 0x0, 0x0, 0x0, 0x0, 0x6, 0xce,
    0xfd, 0xa4, 0x0, 0x0, 0x0, 0x2d, 0xff, 0xff,
    0xff, 0xfb, 0x10, 0x0, 0x1e, 0xff, 0xff, 0xef,
    0xff, 0xfb, 0x0, 0xa, 0xff, 0xf6, 0x0, 0x19,
    0xff, 0xf7, 0x2, 0xff, 0xf7, 0x0, 0x0, 0xb,
    0xff, 0xe0, 0x7f, 0xff, 0x0, 0x0, 0x0, 0x4f,
    0xff, 0x2a, 0xff, 0xe8, 0x88, 0x88, 0x88, 0xff,
    0xf4, 0xbf, 0xff, 0xff, 0xff, 0xff, 0xff, 0xff,
    0x5b, 0xff, 0xff, 0xff, 0xff, 0xff, 0xff, 0xf6,
    0xaf, 0xfd, 0x0, 0x0, 0x0, 0x0, 0x0, 0x7,
    0xff, 0xf0, 0x0, 0x0, 0x0, 0x0, 0x0, 0x2f,
    0xff, 0x80, 0x0, 0x0, 0x4b, 0x85, 0x0, 0xbf,
    0xff, 0x71, 0x0, 0x5e, 0xff, 0xd0, 0x1, 0xef,
    0xff, 0xfe, 0xff, 0xff, 0xf4, 0x0, 0x2, 0xdf,
    0xff, 0xff, 0xff, 0xf5, 0x0, 0x0, 0x0, 0x5b,
    0xdf, 0xfc, 0x81, 0x0, 0x0,

    /* U+00E9 "?" */
    0x0, 0x0, 0x0, 0x0, 0x55, 0x51, 0x0, 0x0,
    0x0, 0x0, 0x0, 0x7f, 0xfc, 0x0, 0x0, 0x0,
    0x0, 0x0, 0xe, 0xff, 0x20, 0x0, 0x0, 0x0,
    0x0, 0x5, 0xff, 0x80, 0x0, 0x0, 0x0, 0x0,
    0x0, 0xcf, 0xd0, 0x0, 0x0, 0x0, 0x0, 0x0,
    0x0, 0x0, 0x0, 0x0, 0x0, 0x0, 0x0, 0x0,
    0x0, 0x0, 0x0, 0x0, 0x0, 0x0, 0x6, 0xce,
    0xfd, 0xa4, 0x0, 0x0, 0x0, 0x2d, 0xff, 0xff,
    0xff, 0xfb, 0x10, 0x0, 0x1e, 0xff, 0xff, 0xef,
    0xff, 0xfb, 0x0, 0xa, 0xff, 0xf6, 0x0, 0x19,
    0xff, 0xf7, 0x2, 0xff, 0xf7, 0x0, 0x0, 0xb,
    0xff, 0xe0, 0x7f, 0xff, 0x0, 0x0, 0x0, 0x4f,
    0xff, 0x2a, 0xff, 0xe8, 0x88, 0x88, 0x88, 0xff,
    0xf4, 0xbf, 0xff, 0xff, 0xff, 0xff, 0xff, 0xff,
    0x5b, 0xff, 0xff, 0xff, 0xff, 0xff, 0xff, 0xf6,
    0xaf, 0xfd, 0x0, 0x0, 0x0, 0x0, 0x0, 0x7,
    0xff, 0xf0, 0x0, 0x0, 0x0, 0x0, 0x0, 0x2f,
    0xff, 0x80, 0x0, 0x0, 0x4b, 0x85, 0x0, 0xbf,
    0xff, 0x71, 0x0, 0x5e, 0xff, 0xd0, 0x1, 0xef,
    0xff, 0xfe, 0xff, 0xff, 0xf4, 0x0, 0x2, 0xdf,
    0xff, 0xff, 0xff, 0xf5, 0x0, 0x0, 0x0, 0x5b,
    0xdf, 0xfc, 0x81, 0x0, 0x0,

    /* U+00EA "?" */
    0x0, 0x0, 0x2, 0x88, 0x70, 0x0, 0x0, 0x0,
    0x0, 0x2, 0xef, 0xff, 0xb0, 0x0, 0x0, 0x0,
    0x1, 0xef, 0xe8, 0xff, 0xa0, 0x0, 0x0, 0x1,
    0xdf, 0xf4, 0x8, 0xff, 0x80, 0x0, 0x0, 0x58,
    0x84, 0x0, 0x7, 0x88, 0x20, 0x0, 0x0, 0x0,
    0x0, 0x0, 0x0, 0x0, 0x0, 0x0, 0x0, 0x0,
    0x0, 0x0, 0x0, 0x0, 0x0, 0x0, 0x6, 0xce,
    0xfd, 0xa4, 0x0, 0x0, 0x0, 0x2d, 0xff, 0xff,
    0xff, 0xfb, 0x10, 0x0, 0x1e, 0xff, 0xff, 0xef,
    0xff, 0xfb, 0x0, 0xa, 0xff, 0xf6, 0x0, 0x19,
    0xff, 0xf7, 0x2, 0xff, 0xf7, 0x0, 0x0, 0xb,
    0xff, 0xe0, 0x7f, 0xff, 0x0, 0x0, 0x0, 0x4f,
    0xff, 0x2a, 0xff, 0xe8, 0x88, 0x88, 0x88, 0xff,
    0xf4, 0xbf, 0xff, 0xff, 0xff, 0xff, 0xff, 0xff,
    0x5b, 0xff, 0xff, 0xff, 0xff, 0xff, 0xff, 0xf6,
    0xaf, 0xfd, 0x0, 0x0, 0x0, 0x0, 0x0, 0x7,
    0xff, 0xf0, 0x0, 0x0, 0x0, 0x0, 0x0, 0x2f,
    0xff, 0x80, 0x0, 0x0, 0x4b, 0x85, 0x0, 0xbf,
    0xff, 0x71, 0x0, 0x5e, 0xff, 0xd0, 0x1, 0xef,
    0xff, 0xfe, 0xff, 0xff, 0xf4, 0x0, 0x2, 0xdf,
    0xff, 0xff, 0xff, 0xf5, 0x0, 0x0, 0x0, 0x5b,
    0xdf, 0xfc, 0x81, 0x0, 0x0,

    /* U+00EB "?" */
    0x0, 0x1b, 0xf8, 0x0, 0x1c, 0xf7, 0x0, 0x0,
    0x7, 0xff, 0xf2, 0x8, 0xff, 0xf2, 0x0, 0x0,
    0x6f, 0xff, 0x20, 0x7f, 0xff, 0x10, 0x0, 0x0,
    0x9c, 0x60, 0x0, 0x9c, 0x50, 0x0, 0x0, 0x0,
    0x0, 0x0, 0x0, 0x0, 0x0, 0x0, 0x0, 0x0,
    0x0, 0x0, 0x0, 0x0, 0x0, 0x0, 0x0, 0x6c,
    0xef, 0xda, 0x40, 0x0, 0x0, 0x2, 0xdf, 0xff,
    0xff, 0xff, 0xb1, 0x0, 0x1, 0xef, 0xff, 0xfe,
    0xff, 0xff, 0xb0, 0x0, 0xaf, 0xff, 0x60, 0x1,
    0x9f, 0xff, 0x70, 0x2f, 0xff, 0x70, 0x0, 0x0,
    0xbf, 0xfe, 0x7, 0xff, 0xf0, 0x0, 0x0, 0x4,
    0xff, 0xf2, 0xaf, 0xfe, 0x88, 0x88, 0x88, 0x8f,
    0xff, 0x4b, 0xff, 0xff, 0xff, 0xff, 0xff, 0xff,
    0xf5, 0xbf, 0xff, 0xff, 0xff, 0xff, 0xff, 0xff,
    0x6a, 0xff, 0xd0, 0x0, 0x0, 0x0, 0x0, 0x0,
    0x7f, 0xff, 0x0, 0x0, 0x0, 0x0, 0x0, 0x2,
    0xff, 0xf8, 0x0, 0x0, 0x4, 0xb8, 0x50, 0xb,
    0xff, 0xf7, 0x10, 0x5, 0xef, 0xfd, 0x0, 0x1e,
    0xff, 0xff, 0xef, 0xff, 0xff, 0x40, 0x0, 0x2d,
    0xff, 0xff, 0xff, 0xff, 0x50, 0x0, 0x0, 0x5,
    0xbd, 0xff, 0xc8, 0x10, 0x0,

    /* U+00EC "?" */
    0x1f, 0xff, 0x50, 0x0, 0x6f, 0xfc, 0x0, 0x0,
    0xcf, 0xf3, 0x0, 0x2, 0xff, 0xa0, 0x0, 0x3,
    0x54, 0x0, 0x0, 0x0, 0x0, 0x0, 0x1f, 0xff,
    0x70, 0x1, 0xff, 0xf7, 0x0, 0x1f, 0xff, 0x70,
    0x1, 0xff, 0xf7, 0x0, 0x1f, 0xff, 0x70, 0x1,
    0xff, 0xf7, 0x0, 0x1f, 0xff, 0x70, 0x1, 0xff,
    0xf7, 0x0, 0x1f, 0xff, 0x70, 0x1, 0xff, 0xf7,
    0x0, 0x1f, 0xff, 0x70, 0x1, 0xff, 0xf7, 0x0,
    0x1f, 0xff, 0x70, 0x1, 0xff, 0xf7, 0x0, 0x1f,
    0xff, 0x70, 0x1, 0xff, 0xf7,

    /* U+00ED "?" */
    0x0, 0xf, 0xff, 0x50, 0x7, 0xff, 0xb0, 0x0,
    0xdf, 0xf1, 0x0, 0x5f, 0xf6, 0x0, 0x3, 0x55,
    0x0, 0x0, 0x0, 0x0, 0x0, 0x1f, 0xff, 0x70,
    0x1, 0xff, 0xf7, 0x0, 0x1f, 0xff, 0x70, 0x1,
    0xff, 0xf7, 0x0, 0x1f, 0xff, 0x70, 0x1, 0xff,
    0xf7, 0x0, 0x1f, 0xff, 0x70, 0x1, 0xff, 0xf7,
    0x0, 0x1f, 0xff, 0x70, 0x1, 0xff, 0xf7, 0x0,
    0x1f, 0xff, 0x70, 0x1, 0xff, 0xf7, 0x0, 0x1f,
    0xff, 0x70, 0x1, 0xff, 0xf7, 0x0, 0x1f, 0xff,
    0x70, 0x1, 0xff, 0xf7, 0x0,

    /* U+00EE "?" */
    0x0, 0x4, 0xff, 0xf8, 0x0, 0x0, 0x3, 0xff,
    0xef, 0xf7, 0x0, 0x3, 0xff, 0xe1, 0xaf, 0xf6,
    0x2, 0xef, 0xf2, 0x0, 0xcf, 0xf5, 0x0, 0x0,
    0x0, 0x0, 0x0, 0x0, 0x0, 0x0, 0x0, 0x0,
    0x0, 0x0, 0x1, 0xff, 0xf7, 0x0, 0x0, 0x0,
    0x1f, 0xff, 0x70, 0x0, 0x0, 0x1, 0xff, 0xf7,
    0x0, 0x0, 0x0, 0x1f, 0xff, 0x70, 0x0, 0x0,
    0x1, 0xff, 0xf7, 0x0, 0x0, 0x0, 0x1f, 0xff,
    0x70, 0x0, 0x0, 0x1, 0xff, 0xf7, 0x0, 0x0,
    0x0, 0x1f, 0xff, 0x70, 0x0, 0x0, 0x1, 0xff,
    0xf7, 0x0, 0x0, 0x0, 0x1f, 0xff, 0x70, 0x0,
    0x0, 0x1, 0xff, 0xf7, 0x0, 0x0, 0x0, 0x1f,
    0xff, 0x70, 0x0, 0x0, 0x1, 0xff, 0xf7, 0x0,
    0x0, 0x0, 0x1f, 0xff, 0x70, 0x0, 0x0, 0x1,
    0xff, 0xf7, 0x0, 0x0, 0x0, 0x1f, 0xff, 0x70,
    0x0,

    /* U+00EF "?" */
    0x8, 0xfc, 0x10, 0x8, 0xfb, 0x2, 0xff, 0xf7,
    0x2, 0xff, 0xf7, 0x1f, 0xff, 0x70, 0x2f, 0xff,
    0x60, 0x6c, 0x90, 0x0, 0x6c, 0x90, 0x0, 0x0,
    0x0, 0x0, 0x0, 0x0, 0x0, 0x0, 0x0, 0x0,
    0x0, 0x0, 0x1, 0xff, 0xf7, 0x0, 0x0, 0x0,
    0x1f, 0xff, 0x70, 0x0, 0x0, 0x1, 0xff, 0xf7,
    0x0, 0x0, 0x0, 0x1f, 0xff, 0x70, 0x0, 0x0,
    0x1, 0xff, 0xf7, 0x0, 0x0, 0x0, 0x1f, 0xff,
    0x70, 0x0, 0x0, 0x1, 0xff, 0xf7, 0x0, 0x0,
    0x0, 0x1f, 0xff, 0x70, 0x0, 0x0, 0x1, 0xff,
    0xf7, 0x0, 0x0, 0x0, 0x1f, 0xff, 0x70, 0x0,
    0x0, 0x1, 0xff, 0xf7, 0x0, 0x0, 0x0, 0x1f,
    0xff, 0x70, 0x0, 0x0, 0x1, 0xff, 0xf7, 0x0,
    0x0, 0x0, 0x1f, 0xff, 0x70, 0x0, 0x0, 0x1,
    0xff, 0xf7, 0x0, 0x0, 0x0, 0x1f, 0xff, 0x70,
    0x0,

    /* U+00F0 "?" */
    0x0, 0x4, 0x20, 0x0, 0x0, 0x0, 0x0, 0x0,
    0x0, 0xcf, 0xb3, 0x0, 0x6, 0xb0, 0x0, 0x0,
    0xd, 0xff, 0xf9, 0x6d, 0xff, 0x0, 0x0, 0x0,
    0x7, 0xff, 0xff, 0xf9, 0x10, 0x0, 0x0, 0x0,
    0x5d, 0xff, 0xfe, 0x20, 0x0, 0x0, 0x1, 0xcf,
    0xfb, 0xbf, 0xfd, 0x10, 0x0, 0x0, 0xf, 0xb3,
    0x0, 0xaf, 0xfb, 0x0, 0x0, 0x0, 0x20, 0x0,
    0x0, 0xdf, 0xf5, 0x0, 0x0, 0x2, 0xad, 0xfd,
    0x83, 0xff, 0xe0, 0x0, 0x6, 0xff, 0xff, 0xff,
    0xda, 0xff, 0x60, 0x4, 0xff, 0xfe, 0x98, 0xbf,
    0xff, 0xfc, 0x0, 0xef, 0xfd, 0x10, 0x0, 0x4f,
    0xff, 0xf0, 0x4f, 0xff, 0x40, 0x0, 0x0, 0x9f,
    0xff, 0x39, 0xff, 0xe0, 0x0, 0x0, 0x3, 0xff,
    0xf5, 0xbf, 0xfc, 0x0, 0x0, 0x0, 0xf, 0xff,
    0x6c, 0xff, 0xa0, 0x0, 0x0, 0x0, 0xff, 0xf5,
    0xaf, 0xfc, 0x0, 0x0, 0x0, 0x1f, 0xff, 0x38,
    0xff, 0xf0, 0x0, 0x0, 0x5, 0xff, 0xf1, 0x3f,
    0xff, 0x80, 0x0, 0x0, 0xcf, 0xfb, 0x0, 0xcf,
    0xff, 0x71, 0x2, 0xaf, 0xff, 0x40, 0x2, 0xff,
    0xff, 0xff, 0xff, 0xff, 0xa0, 0x0, 0x3, 0xef,
    0xff, 0xff, 0xff, 0x90, 0x0, 0x0, 0x1, 0x7c,
    0xef, 0xea, 0x40, 0x0, 0x0,

    /* U+00F1 "?" */
    0x0, 0x1, 0xaf, 0xea, 0x56, 0xff, 0x0, 0x0,
    0x0, 0x9f, 0xff, 0xff, 0xff, 0xb0, 0x0, 0x0,
    0xd, 0xf7, 0x49, 0xdf, 0xb1, 0x0, 0x0, 0x0,
    0x0, 0x0, 0x0, 0x0, 0x0, 0x0, 0x0, 0x0,
    0x0, 0x0, 0x0, 0x0, 0x0, 0x1, 0xff, 0xf4,
    0x5, 0xce, 0xfc, 0x60, 0x0, 0x1f, 0xff, 0x49,
    0xff, 0xff, 0xff, 0xb0, 0x1, 0xff, 0xf9, 0xff,
    0xff, 0xff, 0xff, 0x70, 0x1f, 0xff, 0xfc, 0x30,
    0x18, 0xff, 0xfe, 0x1, 0xff, 0xfe, 0x10, 0x0,
    0xc, 0xff, 0xf1, 0x1f, 0xff, 0x90, 0x0, 0x0,
    0x6f, 0xff, 0x31, 0xff, 0xf7, 0x0, 0x0, 0x5,
    0xff, 0xf4, 0x1f, 0xff, 0x70, 0x0, 0x0, 0x5f,
    0xff, 0x41, 0xff, 0xf7, 0x0, 0x0, 0x5, 0xff,
    0xf4, 0x1f, 0xff, 0x70, 0x0, 0x0, 0x5f, 0xff,
    0x41, 0xff, 0xf7, 0x0, 0x0, 0x5, 0xff, 0xf4,
    0x1f, 0xff, 0x70, 0x0, 0x0, 0x5f, 0xff, 0x41,
    0xff, 0xf7, 0x0, 0x0, 0x5, 0xff, 0xf4, 0x1f,
    0xff, 0x70, 0x0, 0x0, 0x5f, 0xff, 0x41, 0xff,
    0xf7, 0x0, 0x0, 0x5, 0xff, 0xf4, 0x1f, 0xff,
    0x70, 0x0, 0x0, 0x5f, 0xff, 0x40,

    /* U+00F2 "?" */
    0x0, 0x2, 0x55, 0x50, 0x0, 0x0, 0x0, 0x0,
    0x0, 0x1e, 0xff, 0x40, 0x0, 0x0, 0x0, 0x0,
    0x0, 0x5f, 0xfb, 0x0, 0x0, 0x0, 0x0, 0x0,
    0x0, 0xbf, 0xf2, 0x0, 0x0, 0x0, 0x0, 0x0,
    0x1, 0xff, 0x90, 0x0, 0x0, 0x0, 0x0, 0x0,
    0x0, 0x0, 0x0, 0x0, 0x0, 0x0, 0x0, 0x0,
    0x0, 0x0, 0x0, 0x0, 0x0, 0x0, 0x5, 0xbe,
    0xfe, 0xb5, 0x0, 0x0, 0x0, 0x2d, 0xff, 0xff,
    0xff, 0xfd, 0x20, 0x0, 0x1e, 0xff, 0xff, 0xff,
    0xff, 0xfe, 0x10, 0xa, 0xff, 0xfa, 0x20, 0x2a,
    0xff, 0xfb, 0x2, 0xff, 0xfb, 0x0, 0x0, 0xb,
    0xff, 0xf2, 0x7f, 0xff, 0x30, 0x0, 0x0, 0x3f,
    0xff, 0x8a, 0xff, 0xf0, 0x0, 0x0, 0x0, 0xef,
    0xfa, 0xbf, 0xfe, 0x0, 0x0, 0x0, 0xd, 0xff,
    0xcb, 0xff, 0xe0, 0x0, 0x0, 0x0, 0xdf, 0xfc,
    0xaf, 0xff, 0x0, 0x0, 0x0, 0xe, 0xff, 0xa7,
    0xff, 0xf4, 0x0, 0x0, 0x3, 0xff, 0xf8, 0x2f,
    0xff, 0xb0, 0x0, 0x0, 0xbf, 0xff, 0x20, 0xaf,
    0xff, 0xa2, 0x2, 0xaf, 0xff, 0xb0, 0x1, 0xef,
    0xff, 0xff, 0xff, 0xff, 0xe1, 0x0, 0x2, 0xdf,
    0xff, 0xff, 0xff, 0xd2, 0x0, 0x0, 0x0, 0x5b,
    0xef, 0xeb, 0x60, 0x0, 0x0,

    /* U+00F3 "?" */
    0x0, 0x0, 0x0, 0x0, 0x55, 0x52, 0x0, 0x0,
    0x0, 0x0, 0x0, 0x4f, 0xfe, 0x10, 0x0, 0x0,
    0x0, 0x0, 0xb, 0xff, 0x50, 0x0, 0x0, 0x0,
    0x0, 0x2, 0xff, 0xb0, 0x0, 0x0, 0x0, 0x0,
    0x0, 0x9f, 0xf1, 0x0, 0x0, 0x0, 0x0, 0x0,
    0x0, 0x0, 0x0, 0x0, 0x0, 0x0, 0x0, 0x0,
    0x0, 0x0, 0x0, 0x0, 0x0, 0x0, 0x5, 0xbe,
    0xfe, 0xb5, 0x0, 0x0, 0x0, 0x2d, 0xff, 0xff,
    0xff, 0xfd, 0x20, 0x0, 0x1e, 0xff, 0xff, 0xff,
    0xff, 0xfe, 0x10, 0xa, 0xff, 0xfa, 0x20, 0x2a,
    0xff, 0xfb, 0x2, 0xff, 0xfb, 0x0, 0x0, 0xb,
    0xff, 0xf2, 0x7f, 0xff, 0x30, 0x0, 0x0, 0x3f,
    0xff, 0x8a, 0xff, 0xf0, 0x0, 0x0, 0x0, 0xef,
    0xfa, 0xbf, 0xfe, 0x0, 0x0, 0x0, 0xd, 0xff,
    0xcb, 0xff, 0xe0, 0x0, 0x0, 0x0, 0xdf, 0xfc,
    0xaf, 0xff, 0x0, 0x0, 0x0, 0xe, 0xff, 0xa7,
    0xff, 0xf4, 0x0, 0x0, 0x3, 0xff, 0xf8, 0x2f,
    0xff, 0xb0, 0x0, 0x0, 0xbf, 0xff, 0x20, 0xaf,
    0xff, 0xa2, 0x2, 0xaf, 0xff, 0xb0, 0x1, 0xef,
    0xff, 0xff, 0xff, 0xff, 0xe1, 0x0, 0x2, 0xdf,
    0xff, 0xff, 0xff, 0xd2, 0x0, 0x0, 0x0, 0x5b,
    0xef, 0xeb, 0x60, 0x0, 0x0,

    /* U+00F4 "?" */
    0x0, 0x0, 0x1, 0x78, 0x71, 0x0, 0x0, 0x0,
    0x0, 0x1, 0xcf, 0xff, 0xd0, 0x0, 0x0, 0x0,
    0x0, 0xcf, 0xf7, 0xff, 0xc0, 0x0, 0x0, 0x0,
    0xbf, 0xf6, 0x6, 0xff, 0xb0, 0x0, 0x0, 0x38,
    0x86, 0x0, 0x6, 0x88, 0x30, 0x0, 0x0, 0x0,
    0x0, 0x0, 0x0, 0x0, 0x0, 0x0, 0x0, 0x0,
    0x0, 0x0, 0x0, 0x0, 0x0, 0x0, 0x5, 0xbe,
    0xfe, 0xb5, 0x0, 0x0, 0x0, 0x2d, 0xff, 0xff,
    0xff, 0xfd, 0x20, 0x0, 0x1e, 0xff, 0xff, 0xff,
    0xff, 0xfe, 0x10, 0xa, 0xff, 0xfa, 0x20, 0x2a,
    0xff, 0xfb, 0x2, 0xff, 0xfb, 0x0, 0x0, 0xb,
    0xff, 0xf2, 0x7f, 0xff, 0x30, 0x0, 0x0, 0x3f,
    0xff, 0x8a, 0xff, 0xf0, 0x0, 0x0, 0x0, 0xef,
    0xfa, 0xbf, 0xfe, 0x0, 0x0, 0x0, 0xd, 0xff,
    0xcb, 0xff, 0xe0, 0x0, 0x0, 0x0, 0xdf, 0xfc,
    0xaf, 0xff, 0x0, 0x0, 0x0, 0xe, 0xff, 0xa7,
    0xff, 0xf4, 0x0, 0x0, 0x3, 0xff, 0xf8, 0x2f,
    0xff, 0xb0, 0x0, 0x0, 0xbf, 0xff, 0x20, 0xaf,
    0xff, 0xa2, 0x2, 0xaf, 0xff, 0xb0, 0x1, 0xef,
    0xff, 0xff, 0xff, 0xff, 0xe1, 0x0, 0x2, 0xdf,
    0xff, 0xff, 0xff, 0xd2, 0x0, 0x0, 0x0, 0x5b,
    0xef, 0xeb, 0x60, 0x0, 0x0,

    /* U+00F5 "?" */
    0x0, 0x2, 0xcf, 0xff, 0xff, 0xfe, 0x0, 0x0,
    0x0, 0xcf, 0xff, 0xff, 0xfe, 0x50, 0x0, 0x0,
    0x2, 0x32, 0x22, 0x32, 0x0, 0x0, 0x0, 0x0,
    0x0, 0x0, 0x0, 0x0, 0x0, 0x0, 0x0, 0x0,
    0x0, 0x0, 0x0, 0x0, 0x0, 0x0, 0x0, 0x5,
    0xbe, 0xfe, 0xb5, 0x0, 0x0, 0x0, 0x2d, 0xff,
    0xff, 0xff, 0xfd, 0x20, 0x0, 0x1e, 0xff, 0xff,
    0xff, 0xff, 0xfe, 0x10, 0xa, 0xff, 0xfa, 0x20,
    0x2a, 0xff, 0xfb, 0x2, 0xff, 0xfb, 0x0, 0x0,
    0xb, 0xff, 0xf2, 0x7f, 0xff, 0x30, 0x0, 0x0,
    0x3f, 0xff, 0x8a, 0xff, 0xf0, 0x0, 0x0, 0x0,
    0xef, 0xfa, 0xbf, 0xfe, 0x0, 0x0, 0x0, 0xd,
    0xff, 0xcb, 0xff, 0xe0, 0x0, 0x0, 0x0, 0xdf,
    0xfc, 0xaf, 0xff, 0x0, 0x0, 0x0, 0xe, 0xff,
    0xa7, 0xff, 0xf4, 0x0, 0x0, 0x3, 0xff, 0xf8,
    0x2f, 0xff, 0xb0, 0x0, 0x0, 0xbf, 0xff, 0x20,
    0xaf, 0xff, 0xa2, 0x2, 0xaf, 0xff, 0xb0, 0x1,
    0xef, 0xff, 0xff, 0xff, 0xff, 0xe1, 0x0, 0x2,
    0xdf, 0xff, 0xff, 0xff, 0xd2, 0x0, 0x0, 0x0,
    0x5b, 0xef, 0xeb, 0x60, 0x0, 0x0,

    /* U+00F6 "?" */
    0x0, 0xa, 0xfa, 0x0, 0xa, 0xfa, 0x0, 0x0,
    0x4, 0xff, 0xf5, 0x5, 0xff, 0xf5, 0x0, 0x0,
    0x3f, 0xff, 0x40, 0x4f, 0xff, 0x40, 0x0, 0x0,
    0x7c, 0x80, 0x0, 0x8d, 0x80, 0x0, 0x0, 0x0,
    0x0, 0x0, 0x0, 0x0, 0x0, 0x0, 0x0, 0x0,
    0x0, 0x0, 0x0, 0x0, 0x0, 0x0, 0x0, 0x5b,
    0xef, 0xeb, 0x50, 0x0, 0x0, 0x2, 0xdf, 0xff,
    0xff, 0xff, 0xd2, 0x0, 0x1, 0xef, 0xff, 0xff,
    0xff, 0xff, 0xe1, 0x0, 0xaf, 0xff, 0xa2, 0x2,
    0xaf, 0xff, 0xb0, 0x2f, 0xff, 0xb0, 0x0, 0x0,
    0xbf, 0xff, 0x27, 0xff, 0xf3, 0x0, 0x0, 0x3,
    0xff, 0xf8, 0xaf, 0xff, 0x0, 0x0, 0x0, 0xe,
    0xff, 0xab, 0xff, 0xe0, 0x0, 0x0, 0x0, 0xdf,
    0xfc, 0xbf, 0xfe, 0x0, 0x0, 0x0, 0xd, 0xff,
    0xca, 0xff, 0xf0, 0x0, 0x0, 0x0, 0xef, 0xfa,
    0x7f, 0xff, 0x40, 0x0, 0x0, 0x3f, 0xff, 0x82,
    0xff, 0xfb, 0x0, 0x0, 0xb, 0xff, 0xf2, 0xa,
    0xff, 0xfa, 0x20, 0x2a, 0xff, 0xfb, 0x0, 0x1e,
    0xff, 0xff, 0xff, 0xff, 0xfe, 0x10, 0x0, 0x2d,
    0xff, 0xff, 0xff, 0xfd, 0x20, 0x0, 0x0, 0x5,
    0xbe, 0xfe, 0xb6, 0x0, 0x0,

    /* U+00F7 "?" */
    0x0, 0x0, 0x1, 0xbf, 0xa0, 0x0, 0x0, 0x0,
    0x0, 0x0, 0x9f, 0xff, 0x60, 0x0, 0x0, 0x0,
    0x0, 0xb, 0xff, 0xf8, 0x0, 0x0, 0x0, 0x0,
    0x0, 0x5f, 0xff, 0x20, 0x0, 0x0, 0x0, 0x0,
    0x0, 0x36, 0x20, 0x0, 0x0, 0x0, 0x0, 0x0,
    0x0, 0x0, 0x0, 0x0, 0x0, 0x5f, 0xff, 0xff,
    0xff, 0xff, 0xff, 0xff, 0x25, 0xff, 0xff, 0xff,
    0xff, 0xff, 0xff, 0xf2, 0x5f, 0xff, 0xff, 0xff,
    0xff, 0xff, 0xff, 0x20, 0x11, 0x11, 0x11, 0x11,
    0x11, 0x11, 0x10, 0x0, 0x0, 0x0, 0x0, 0x0,
    0x0, 0x0, 0x0, 0x0, 0x0, 0x1b, 0xfa, 0x0,
    0x0, 0x0, 0x0, 0x0, 0x9, 0xff, 0xf6, 0x0,
    0x0, 0x0, 0x0, 0x0, 0xbf, 0xff, 0x80, 0x0,
    0x0, 0x0, 0x0, 0x5, 0xff, 0xf2, 0x0, 0x0,
    0x0, 0x0, 0x0, 0x3, 0x62, 0x0, 0x0, 0x0,

    /* U+00F8 "?" */
    0x0, 0x0, 0x0, 0x0, 0x0, 0x0, 0x3, 0x0,
    0x0, 0x5, 0xbe, 0xfe, 0xb5, 0x5, 0xf8, 0x0,
    0x2d, 0xff, 0xff, 0xff, 0xff, 0xff, 0x50, 0x1e,
    0xff, 0xff, 0xff, 0xff, 0xff, 0x90, 0xa, 0xff,
    0xfa, 0x20, 0x2b, 0xff, 0xfb, 0x2, 0xff, 0xfb,
    0x0, 0x0, 0xbf, 0xff, 0xf2, 0x7f, 0xff, 0x30,
    0x0, 0x9f, 0xff, 0xff, 0x8a, 0xff, 0xf0, 0x0,
    0x6f, 0xf3, 0xef, 0xfa, 0xbf, 0xfe, 0x0, 0x4f,
    0xf4, 0xd, 0xff, 0xcb, 0xff, 0xe0, 0x2f, 0xf7,
    0x0, 0xdf, 0xfc, 0xaf, 0xff, 0x1d, 0xf9, 0x0,
    0xe, 0xff, 0xa7, 0xff, 0xff, 0xfb, 0x0, 0x3,
    0xff, 0xf8, 0x2f, 0xff, 0xfd, 0x10, 0x0, 0xbf,
    0xff, 0x20, 0xaf, 0xff, 0xd2, 0x2, 0xaf, 0xff,
    0xb0, 0x6, 0xff, 0xff, 0xff, 0xff, 0xff, 0xe1,
    0x3, 0xff, 0xff, 0xff, 0xff, 0xff, 0xd2, 0x0,
    0x9f, 0x80, 0x5b, 0xef, 0xeb, 0x60, 0x0, 0x0,
    0x60, 0x0, 0x0, 0x0, 0x0, 0x0, 0x0,

    /* U+00F9 "?" */
    0x0, 0x1, 0x55, 0x50, 0x0, 0x0, 0x0, 0x0,
    0x0, 0xe, 0xff, 0x60, 0x0, 0x0, 0x0, 0x0,
    0x0, 0x4f, 0xfc, 0x0, 0x0, 0x0, 0x0, 0x0,
    0x0, 0xaf, 0xf4, 0x0, 0x0, 0x0, 0x0, 0x0,
    0x1, 0xef, 0xb0, 0x0, 0x0, 0x0, 0x0, 0x0,
    0x0, 0x0, 0x0, 0x0, 0x0, 0x0, 0x0, 0x0,
    0x0, 0x0, 0x0, 0x0, 0x1, 0xff, 0xf7, 0x0,
    0x0, 0x5, 0xff, 0xf4, 0x1f, 0xff, 0x70, 0x0,
    0x0, 0x5f, 0xff, 0x41, 0xff, 0xf7, 0x0, 0x0,
    0x5, 0xff, 0xf4, 0x1f, 0xff, 0x70, 0x0, 0x0,
    0x5f, 0xff, 0x41, 0xff, 0xf7, 0x0, 0x0, 0x5,
    0xff, 0xf4, 0x1f, 0xff, 0x70, 0x0, 0x0, 0x5f,
    0xff, 0x41, 0xff, 0xf7, 0x0, 0x0, 0x5, 0xff,
    0xf4, 0x1f, 0xff, 0x70, 0x0, 0x0, 0x5f, 0xff,
    0x41, 0xff, 0xf7, 0x0, 0x0, 0x5, 0xff, 0xf4,
    0x1f, 0xff, 0x70, 0x0, 0x0, 0x5f, 0xff, 0x41,
    0xff, 0xf9, 0x0, 0x0, 0x8, 0xff, 0xf4, 0xf,
    0xff, 0xe0, 0x0, 0x1, 0xef, 0xff, 0x40, 0xbf,
    0xff, 0xd4, 0x25, 0xdf, 0xff, 0xf4, 0x5, 0xff,
    0xff, 0xff, 0xff, 0x8f, 0xff, 0x40, 0x9, 0xff,
    0xff, 0xff, 0xa2, 0xff, 0xf4, 0x0, 0x5, 0xcf,
    0xfc, 0x60, 0x2f, 0xff, 0x40,

    /* U+00FA "?" */
    0x0, 0x0, 0x0, 0x0, 0x45, 0x52, 0x0, 0x0,
    0x0, 0x0, 0x0, 0x3f, 0xfe, 0x10, 0x0, 0x0,
    0x0, 0x0, 0xa, 0xff, 0x60, 0x0, 0x0, 0x0,
    0x0, 0x2, 0xff, 0xb0, 0x0, 0x0, 0x0, 0x0,
    0x0, 0x9f, 0xf2, 0x0, 0x0, 0x0, 0x0, 0x0,
    0x0, 0x0, 0x0, 0x0, 0x0, 0x0, 0x0, 0x0,
    0x0, 0x0, 0x0, 0x0, 0x1, 0xff, 0xf7, 0x0,
    0x0, 0x5, 0xff, 0xf4, 0x1f, 0xff, 0x70, 0x0,
    0x0, 0x5f, 0xff, 0x41, 0xff, 0xf7, 0x0, 0x0,
    0x5, 0xff, 0xf4, 0x1f, 0xff, 0x70, 0x0, 0x0,
    0x5f, 0xff, 0x41, 0xff, 0xf7, 0x0, 0x0, 0x5,
    0xff, 0xf4, 0x1f, 0xff, 0x70, 0x0, 0x0, 0x5f,
    0xff, 0x41, 0xff, 0xf7, 0x0, 0x0, 0x5, 0xff,
    0xf4, 0x1f, 0xff, 0x70, 0x0, 0x0, 0x5f, 0xff,
    0x41, 0xff, 0xf7, 0x0, 0x0, 0x5, 0xff, 0xf4,
    0x1f, 0xff, 0x70, 0x0, 0x0, 0x5f, 0xff, 0x41,
    0xff, 0xf9, 0x0, 0x0, 0x8, 0xff, 0xf4, 0xf,
    0xff, 0xe0, 0x0, 0x1, 0xef, 0xff, 0x40, 0xbf,
    0xff, 0xd4, 0x25, 0xdf, 0xff, 0xf4, 0x5, 0xff,
    0xff, 0xff, 0xff, 0x8f, 0xff, 0x40, 0x9, 0xff,
    0xff, 0xff, 0xa2, 0xff, 0xf4, 0x0, 0x5, 0xcf,
    0xfc, 0x60, 0x2f, 0xff, 0x40,

    /* U+00FB "?" */
    0x0, 0x0, 0x0, 0x78, 0x81, 0x0, 0x0, 0x0,
    0x0, 0x0, 0xbf, 0xff, 0xc0, 0x0, 0x0, 0x0,
    0x0, 0x8f, 0xfb, 0xff, 0xa0, 0x0, 0x0, 0x0,
    0x6f, 0xfb, 0x9, 0xff, 0x70, 0x0, 0x0, 0x4f,
    0xfe, 0x10, 0xd, 0xff, 0x50, 0x0, 0x0, 0x0,
    0x0, 0x0, 0x0, 0x0, 0x0, 0x0, 0x0, 0x0,
    0x0, 0x0, 0x0, 0x0, 0x1, 0xff, 0xf7, 0x0,
    0x0, 0x5, 0xff, 0xf4, 0x1f, 0xff, 0x70, 0x0,
    0x0, 0x5f, 0xff, 0x41, 0xff, 0xf7, 0x0, 0x0,
    0x5, 0xff, 0xf4, 0x1f, 0xff, 0x70, 0x0, 0x0,
    0x5f, 0xff, 0x41, 0xff, 0xf7, 0x0, 0x0, 0x5,
    0xff, 0xf4, 0x1f, 0xff, 0x70, 0x0, 0x0, 0x5f,
    0xff, 0x41, 0xff, 0xf7, 0x0, 0x0, 0x5, 0xff,
    0xf4, 0x1f, 0xff, 0x70, 0x0, 0x0, 0x5f, 0xff,
    0x41, 0xff, 0xf7, 0x0, 0x0, 0x5, 0xff, 0xf4,
    0x1f, 0xff, 0x70, 0x0, 0x0, 0x5f, 0xff, 0x41,
    0xff, 0xf9, 0x0, 0x0, 0x8, 0xff, 0xf4, 0xf,
    0xff, 0xe0, 0x0, 0x1, 0xef, 0xff, 0x40, 0xbf,
    0xff, 0xd4, 0x25, 0xdf, 0xff, 0xf4, 0x5, 0xff,
    0xff, 0xff, 0xff, 0x8f, 0xff, 0x40, 0x9, 0xff,
    0xff, 0xff, 0xa2, 0xff, 0xf4, 0x0, 0x5, 0xcf,
    0xfc, 0x60, 0x2f, 0xff, 0x40,

    /* U+00FC "?" */
    0x0, 0x9, 0xfb, 0x0, 0x9, 0xfa, 0x0, 0x0,
    0x3, 0xff, 0xf6, 0x4, 0xff, 0xf5, 0x0, 0x0,
    0x2f, 0xff, 0x50, 0x3f, 0xff, 0x50, 0x0, 0x0,
    0x7c, 0x90, 0x0, 0x7c, 0x80, 0x0, 0x0, 0x0,
    0x0, 0x0, 0x0, 0x0, 0x0, 0x0, 0x0, 0x0,
    0x0, 0x0, 0x0, 0x0, 0x0, 0x1f, 0xff, 0x70,
    0x0, 0x0, 0x5f, 0xff, 0x41, 0xff, 0xf7, 0x0,
    0x0, 0x5, 0xff, 0xf4, 0x1f, 0xff, 0x70, 0x0,
    0x0, 0x5f, 0xff, 0x41, 0xff, 0xf7, 0x0, 0x0,
    0x5, 0xff, 0xf4, 0x1f, 0xff, 0x70, 0x0, 0x0,
    0x5f, 0xff, 0x41, 0xff, 0xf7, 0x0, 0x0, 0x5,
    0xff, 0xf4, 0x1f, 0xff, 0x70, 0x0, 0x0, 0x5f,
    0xff, 0x41, 0xff, 0xf7, 0x0, 0x0, 0x5, 0xff,
    0xf4, 0x1f, 0xff, 0x70, 0x0, 0x0, 0x5f, 0xff,
    0x41, 0xff, 0xf7, 0x0, 0x0, 0x5, 0xff, 0xf4,
    0x1f, 0xff, 0x90, 0x0, 0x0, 0x8f, 0xff, 0x40,
    0xff, 0xfe, 0x0, 0x0, 0x1e, 0xff, 0xf4, 0xb,
    0xff, 0xfd, 0x42, 0x5d, 0xff, 0xff, 0x40, 0x5f,
    0xff, 0xff, 0xff, 0xf8, 0xff, 0xf4, 0x0, 0x9f,
    0xff, 0xff, 0xfa, 0x2f, 0xff, 0x40, 0x0, 0x5c,
    0xff, 0xc6, 0x2, 0xff, 0xf4,

    /* U+00FD "?" */
    0x0, 0x0, 0x0, 0x0, 0x6f, 0xfe, 0x0, 0x0,
    0x0, 0x0, 0x0, 0x0, 0xdf, 0xf4, 0x0, 0x0,
    0x0, 0x0, 0x0, 0x4, 0xff, 0xa0, 0x0, 0x0,
    0x0, 0x0, 0x0, 0xb, 0xfe, 0x10, 0x0, 0x0,
    0x0, 0x0, 0x0, 0x5, 0x53, 0x0, 0x0, 0x0,
    0x0, 0x0, 0x0, 0x0, 0x0, 0x0, 0x0, 0x0,
    0x4f, 0xff, 0x70, 0x0, 0x0, 0x0, 0xff, 0xfc,
    0xe, 0xff, 0xc0, 0x0, 0x0, 0x5, 0xff, 0xf6,
    0x9, 0xff, 0xf2, 0x0, 0x0, 0xa, 0xff, 0xf0,
    0x3, 0xff, 0xf7, 0x0, 0x0, 0xf, 0xff, 0xa0,
    0x0, 0xdf, 0xfc, 0x0, 0x0, 0x5f, 0xff, 0x40,
    0x0, 0x7f, 0xff, 0x10, 0x0, 0xaf, 0xfe, 0x0,
    0x0, 0x2f, 0xff, 0x60, 0x0, 0xff, 0xf9, 0x0,
    0x0, 0xc, 0xff, 0xb0, 0x5, 0xff, 0xf3, 0x0,
    0x0, 0x6, 0xff, 0xf1, 0xa, 0xff, 0xd0, 0x0,
    0x0, 0x1, 0xff, 0xf5, 0xe, 0xff, 0x70, 0x0,
    0x0, 0x0, 0xaf, 0xf9, 0x3f, 0xff, 0x10, 0x0,
    0x0, 0x0, 0x5f, 0xfd, 0x8f, 0xfb, 0x0, 0x0,
    0x0, 0x0, 0xe, 0xff, 0xdf, 0xf6, 0x0, 0x0,
    0x0, 0x0, 0x9, 0xff, 0xff, 0xf0, 0x0, 0x0,
    0x0, 0x0, 0x3, 0xff, 0xff, 0xa0, 0x0, 0x0,
    0x0, 0x0, 0x0, 0xdf, 0xff, 0x40, 0x0, 0x0,
    0x0, 0x0, 0x0, 0xdf, 0xfe, 0x0, 0x0, 0x0,
    0x0, 0x0, 0x1, 0xff, 0xf8, 0x0, 0x0, 0x0,
    0x0, 0x11, 0x1b, 0xff, 0xf2, 0x0, 0x0, 0x0,
    0x0, 0xaf, 0xff, 0xff, 0x90, 0x0, 0x0, 0x0,
    0x0, 0xef, 0xff, 0xfc, 0x0, 0x0, 0x0, 0x0,
    0x1, 0xdf, 0xfd, 0x80, 0x0, 0x0, 0x0, 0x0,

    /* U+00FE "?" */
    0x1f, 0xff, 0x70, 0x0, 0x0, 0x0, 0x0, 0x0,
    0x1f, 0xff, 0x70, 0x0, 0x0, 0x0, 0x0, 0x0,
    0x1f, 0xff, 0x70, 0x0, 0x0, 0x0, 0x0, 0x0,
    0x1f, 0xff, 0x70, 0x0, 0x0, 0x0, 0x0, 0x0,
    0x1f, 0xff, 0x70, 0x0, 0x0, 0x0, 0x0, 0x0,
    0x1f, 0xff, 0x70, 0x5c, 0xfe, 0xc6, 0x0, 0x0,
    0x1f, 0xff, 0x78, 0xff, 0xff, 0xff, 0xb1, 0x0,
    0x1f, 0xff, 0xaf, 0xff, 0xff, 0xff, 0xfb, 0x0,
    0x1f, 0xff, 0xfe, 0x51, 0x15, 0xef, 0xff, 0x50,
    0x1f, 0xff, 0xf4, 0x0, 0x0, 0x4f, 0xff, 0xb0,
    0x1f, 0xff, 0xc0, 0x0, 0x0, 0xd, 0xff, 0xf0,
    0x1f, 0xff, 0x80, 0x0, 0x0, 0x8, 0xff, 0xf2,
    0x1f, 0xff, 0x60, 0x0, 0x0, 0x6, 0xff, 0xf3,
    0x1f, 0xff, 0x60, 0x0, 0x0, 0x7, 0xff, 0xf3,
    0x1f, 0xff, 0x80, 0x0, 0x0, 0x8, 0xff, 0xf2,
    0x1f, 0xff, 0xd0, 0x0, 0x0, 0xd, 0xff, 0xf0,
    0x1f, 0xff, 0xf4, 0x0, 0x0, 0x4f, 0xff, 0xb0,
    0x1f, 0xff, 0xfe, 0x61, 0x16, 0xff, 0xff, 0x50,
    0x1f, 0xff, 0xbf, 0xff, 0xff, 0xff, 0xfb, 0x0,
    0x1f, 0xff, 0x78, 0xff, 0xff, 0xff, 0xc0, 0x0,
    0x1f, 0xff, 0x70, 0x5c, 0xfe, 0xc6, 0x0, 0x0,
    0x1f, 0xff, 0x70, 0x0, 0x0, 0x0, 0x0, 0x0,
    0x1f, 0xff, 0x70, 0x0, 0x0, 0x0, 0x0, 0x0,
    0x1f, 0xff, 0x70, 0x0, 0x0, 0x0, 0x0, 0x0,
    0x1f, 0xff, 0x70, 0x0, 0x0, 0x0, 0x0, 0x0,
    0x1f, 0xff, 0x70, 0x0, 0x0, 0x0, 0x0, 0x0,
    0x1f, 0xff, 0x70, 0x0, 0x0, 0x0, 0x0, 0x0,

    /* U+00FF "?" */
    0x0, 0x1, 0xcf, 0x70, 0x1, 0xcf, 0x70, 0x0,
    0x0, 0x8, 0xff, 0xf1, 0x9, 0xff, 0xf1, 0x0,
    0x0, 0x7, 0xff, 0xf1, 0x8, 0xff, 0xf0, 0x0,
    0x0, 0x0, 0xac, 0x50, 0x1, 0xac, 0x50, 0x0,
    0x0, 0x0, 0x0, 0x0, 0x0, 0x0, 0x0, 0x0,
    0x0, 0x0, 0x0, 0x0, 0x0, 0x0, 0x0, 0x0,
    0x4f, 0xff, 0x70, 0x0, 0x0, 0x0, 0xff, 0xfc,
    0xe, 0xff, 0xc0, 0x0, 0x0, 0x5, 0xff, 0xf6,
    0x9, 0xff, 0xf2, 0x0, 0x0, 0xa, 0xff, 0xf0,
    0x3, 0xff, 0xf7, 0x0, 0x0, 0xf, 0xff, 0xa0,
    0x0, 0xdf, 0xfc, 0x0, 0x0, 0x5f, 0xff, 0x40,
    0x0, 0x7f, 0xff, 0x10, 0x0, 0xaf, 0xfe, 0x0,
    0x0, 0x2f, 0xff, 0x60, 0x0, 0xff, 0xf9, 0x0,
    0x0, 0xc, 0xff, 0xb0, 0x5, 0xff, 0xf3, 0x0,
    0x0, 0x6, 0xff, 0xf1, 0xa, 0xff, 0xd0, 0x0,
    0x0, 0x1, 0xff, 0xf5, 0xe, 0xff, 0x70, 0x0,
    0x0, 0x0, 0xaf, 0xf9, 0x3f, 0xff, 0x10, 0x0,
    0x0, 0x0, 0x5f, 0xfd, 0x8f, 0xfb, 0x0, 0x0,
    0x0, 0x0, 0xe, 0xff, 0xdf, 0xf6, 0x0, 0x0,
    0x0, 0x0, 0x9, 0xff, 0xff, 0xf0, 0x0, 0x0,
    0x0, 0x0, 0x3, 0xff, 0xff, 0xa0, 0x0, 0x0,
    0x0, 0x0, 0x0, 0xdf, 0xff, 0x40, 0x0, 0x0,
    0x0, 0x0, 0x0, 0xdf, 0xfe, 0x0, 0x0, 0x0,
    0x0, 0x0, 0x1, 0xff, 0xf8, 0x0, 0x0, 0x0,
    0x0, 0x11, 0x1b, 0xff, 0xf2, 0x0, 0x0, 0x0,
    0x0, 0xaf, 0xff, 0xff, 0x90, 0x0, 0x0, 0x0,
    0x0, 0xef, 0xff, 0xfc, 0x0, 0x0, 0x0, 0x0,
    0x1, 0xdf, 0xfd, 0x80, 0x0, 0x0, 0x0, 0x0,

    /* U+0100 "?" */
    0x0, 0x0, 0x0, 0x57, 0x77, 0x77, 0x77, 0x0,
    0x0, 0x0, 0x0, 0x0, 0x0, 0xbf, 0xff, 0xff,
    0xff, 0x10, 0x0, 0x0, 0x0, 0x0, 0x0, 0xbf,
    0xff, 0xff, 0xff, 0x10, 0x0, 0x0, 0x0, 0x0,
    0x0, 0x0, 0x0, 0x0, 0x0, 0x0, 0x0, 0x0,
    0x0, 0x0, 0x0, 0x0, 0x0, 0x0, 0x0, 0x0,
    0x0, 0x0, 0x0, 0x0, 0x0, 0x0, 0x0, 0x0,
    0x0, 0x0, 0x0, 0x0, 0x0, 0x0, 0x0, 0x6,
    0xff, 0xff, 0x90, 0x0, 0x0, 0x0, 0x0, 0x0,
    0x0, 0xb, 0xff, 0xff, 0xe0, 0x0, 0x0, 0x0,
    0x0, 0x0, 0x0, 0x1f, 0xff, 0xff, 0xf4, 0x0,
    0x0, 0x0, 0x0, 0x0, 0x0, 0x6f, 0xff, 0xcf,
    0xfa, 0x0, 0x0, 0x0, 0x0, 0x0, 0x0, 0xbf,
    0xfb, 0x8f, 0xff, 0x0, 0x0, 0x0, 0x0, 0x0,
    0x1, 0xff, 0xf7, 0x4f, 0xff, 0x50, 0x0, 0x0,
    0x0, 0x0, 0x6, 0xff, 0xf3, 0xf, 0xff, 0xa0,
    0x0, 0x0, 0x0, 0x0, 0xb, 0xff, 0xe0, 0xb,
    0xff, 0xf0, 0x0, 0x0, 0x0, 0x0, 0x1f, 0xff,
    0xa0, 0x7, 0xff, 0xf5, 0x0, 0x0, 0x0, 0x0,
    0x6f, 0xff, 0x60, 0x2, 0xff, 0xfb, 0x0, 0x0,
    0x0, 0x0, 0xcf, 0xff, 0x10, 0x0, 0xdf, 0xff,
    0x10, 0x0, 0x0, 0x1, 0xff, 0xfc, 0x0, 0x0,
    0x8f, 0xff, 0x60, 0x0, 0x0, 0x7, 0xff, 0xf7,
    0x0, 0x0, 0x3f, 0xff, 0xc0, 0x0, 0x0, 0xc,
    0xff, 0xff, 0xff, 0xff, 0xff, 0xff, 0xf1, 0x0,
    0x0, 0x1f, 0xff, 0xff, 0xff, 0xff, 0xff, 0xff,
    0xf7, 0x0, 0x0, 0x7f, 0xff, 0xff, 0xff, 0xff,
    0xff, 0xff, 0xfc, 0x0, 0x0, 0xcf, 0xff, 0x20,
    0x0, 0x0, 0x0, 0xdf, 0xff, 0x20, 0x2, 0xff,
    0xfd, 0x0, 0x0, 0x0, 0x0, 0x8f, 0xff, 0x70,
    0x7, 0xff, 0xf8, 0x0, 0x0, 0x0, 0x0, 0x2f,
    0xff, 0xd0, 0xc, 0xff, 0xf2, 0x0, 0x0, 0x0,
    0x0, 0xd, 0xff, 0xf2, 0x2f, 0xff, 0xd0, 0x0,
    0x0, 0x0, 0x0, 0x7, 0xff, 0xf8,

    /* U+0101 "?" */
    0x0, 0xf, 0xff, 0xff, 0xff, 0xd0, 0x0, 0x0,
    0xf, 0xff, 0xff, 0xff, 0xd0, 0x0, 0x0, 0x7,
    0x77, 0x77, 0x77, 0x60, 0x0, 0x0, 0x0, 0x0,
    0x0, 0x0, 0x0, 0x0, 0x0, 0x0, 0x0, 0x0,
    0x0, 0x0, 0x0, 0x0, 0x4, 0xad, 0xff, 0xd9,
    0x30, 0x0, 0x0, 0xbf, 0xff, 0xff, 0xff, 0xf8,
    0x0, 0xb, 0xff, 0xff, 0xde, 0xff, 0xff, 0x60,
    0x4f, 0xff, 0xb1, 0x0, 0x3e, 0xff, 0xd0, 0x14,
    0x7a, 0x0, 0x0, 0x7, 0xff, 0xf1, 0x0, 0x0,
    0x0, 0x0, 0x7, 0xff, 0xf2, 0x0, 0x0, 0x14,
    0x68, 0xbf, 0xff, 0xf3, 0x0, 0x7d, 0xff, 0xff,
    0xff, 0xff, 0xf3, 0x1d, 0xff, 0xff, 0xfd, 0xaa,
    0xff, 0xf3, 0x9f, 0xff, 0xa3, 0x0, 0x5, 0xff,
    0xf3, 0xdf, 0xfb, 0x0, 0x0, 0x6, 0xff, 0xf3,
    0xef, 0xf8, 0x0, 0x0, 0xb, 0xff, 0xf3, 0xcf,
    0xfe, 0x20, 0x0, 0x9f, 0xff, 0xf3, 0x7f, 0xff,
    0xfc, 0xcf, 0xfd, 0xff, 0xf3, 0xb, 0xff, 0xff,
    0xff, 0xd4, 0xff, 0xf3, 0x0, 0x6c, 0xff, 0xd7,
    0x3, 0xff, 0xf3,

    /* U+0102 "?" */
    0x0, 0x0, 0x2, 0x87, 0x0, 0x0, 0x48, 0x40,
    0x0, 0x0, 0x0, 0x0, 0x2, 0xff, 0x20, 0x0,
    0xdf, 0x70, 0x0, 0x0, 0x0, 0x0, 0x0, 0xcf,
    0xd5, 0x3a, 0xff, 0x20, 0x0, 0x0, 0x0, 0x0,
    0x0, 0x2e, 0xff, 0xff, 0xf7, 0x0, 0x0, 0x0,
    0x0, 0x0, 0x0, 0x2, 0xae, 0xfc, 0x40, 0x0,
    0x0, 0x0, 0x0, 0x0, 0x0, 0x0, 0x0, 0x0,
    0x0, 0x0, 0x0, 0x0, 0x0, 0x0, 0x0, 0x0,
    0x0, 0x0, 0x0, 0x0, 0x0, 0x0, 0x0, 0x0,
    0x0, 0x6, 0xff, 0xff, 0x90, 0x0, 0x0, 0x0,
    0x0, 0x0, 0x0, 0xb, 0xff, 0xff, 0xe0, 0x0,
    0x0, 0x0, 0x0, 0x0, 0x0, 0x1f, 0xff, 0xff,
    0xf4, 0x0, 0x0, 0x0, 0x0, 0x0, 0x0, 0x6f,
    0xff, 0xcf, 0xfa, 0x0, 0x0, 0x0, 0x0, 0x0,
    0x0, 0xbf, 0xfb, 0x8f, 0xff, 0x0, 0x0, 0x0,
    0x0, 0x0, 0x1, 0xff, 0xf7, 0x4f, 0xff, 0x50,
    0x0, 0x0, 0x0, 0x0, 0x6, 0xff, 0xf3, 0xf,
    0xff, 0xa0, 0x0, 0x0, 0x0, 0x0, 0xb, 0xff,
    0xe0, 0xb, 0xff, 0xf0, 0x0, 0x0, 0x0, 0x0,
    0x1f, 0xff, 0xa0, 0x7, 0xff, 0xf5, 0x0, 0x0,
    0x0, 0x0, 0x6f, 0xff, 0x60, 0x2, 0xff, 0xfb,
    0x0, 0x0, 0x0, 0x0, 0xcf, 0xff, 0x10, 0x0,
    0xdf, 0xff, 0x10, 0x0, 0x0, 0x1, 0xff, 0xfc,
    0x0, 0x0, 0x8f, 0xff, 0x60, 0x0, 0x0, 0x7,
    0xff, 0xf7, 0x0, 0x0, 0x3f, 0xff, 0xc0, 0x0,
    0x0, 0xc, 0xff, 0xff, 0xff, 0xff, 0xff, 0xff,
    0xf1, 0x0, 0x0, 0x1f, 0xff, 0xff, 0xff, 0xff,
    0xff, 0xff, 0xf7, 0x0, 0x0, 0x7f, 0xff, 0xff,
    0xff, 0xff, 0xff, 0xff, 0xfc, 0x0, 0x0, 0xcf,
    0xff, 0x20, 0x0, 0x0, 0x0, 0xdf, 0xff, 0x20,
    0x2, 0xff, 0xfd, 0x0, 0x0, 0x0, 0x0, 0x8f,
    0xff, 0x70, 0x7, 0xff, 0xf8, 0x0, 0x0, 0x0,
    0x0, 0x2f, 0xff, 0xd0, 0xc, 0xff, 0xf2, 0x0,
    0x0, 0x0, 0x0, 0xd, 0xff, 0xf2, 0x2f, 0xff,
    0xd0, 0x0, 0x0, 0x0, 0x0, 0x7, 0xff, 0xf8,

    /* U+0103 "?" */
    0x0, 0x1, 0x0, 0x0, 0x1, 0x10, 0x0, 0x0,
    0x7f, 0xc0, 0x0, 0xf, 0xf4, 0x0, 0x0, 0x2f,
    0xf9, 0x34, 0xbf, 0xf0, 0x0, 0x0, 0x8, 0xff,
    0xff, 0xff, 0x50, 0x0, 0x0, 0x0, 0x5c, 0xfe,
    0xb3, 0x0, 0x0, 0x0, 0x0, 0x0, 0x0, 0x0,
    0x0, 0x0, 0x0, 0x0, 0x0, 0x0, 0x0, 0x0,
    0x0, 0x0, 0x4, 0xad, 0xff, 0xd9, 0x30, 0x0,
    0x0, 0xbf, 0xff, 0xff, 0xff, 0xf8, 0x0, 0xb,
    0xff, 0xff, 0xde, 0xff, 0xff, 0x60, 0x4f, 0xff,
    0xb1, 0x0, 0x3e, 0xff, 0xd0, 0x14, 0x7a, 0x0,
    0x0, 0x7, 0xff, 0xf1, 0x0, 0x0, 0x0, 0x0,
    0x7, 0xff, 0xf2, 0x0, 0x0, 0x14, 0x68, 0xbf,
    0xff, 0xf3, 0x0, 0x7d, 0xff, 0xff, 0xff, 0xff,
    0xf3, 0x1d, 0xff, 0xff, 0xfd, 0xaa, 0xff, 0xf3,
    0x9f, 0xff, 0xa3, 0x0, 0x5, 0xff, 0xf3, 0xdf,
    0xfb, 0x0, 0x0, 0x6, 0xff, 0xf3, 0xef, 0xf8,
    0x0, 0x0, 0xb, 0xff, 0xf3, 0xcf, 0xfe, 0x20,
    0x0, 0x9f, 0xff, 0xf3, 0x7f, 0xff, 0xfc, 0xcf,
    0xfd, 0xff, 0xf3, 0xb, 0xff, 0xff, 0xff, 0xd4,
    0xff, 0xf3, 0x0, 0x6c, 0xff, 0xd7, 0x3, 0xff,
    0xf3,

    /* U+0104 "?" */
    0x0, 0x0, 0x0, 0x6, 0xff, 0xff, 0x90, 0x0,
    0x0, 0x0, 0x0, 0x0, 0x0, 0x0, 0xbf, 0xff,
    0xfe, 0x0, 0x0, 0x0, 0x0, 0x0, 0x0, 0x0,
    0x1f, 0xff, 0xff, 0xf4, 0x0, 0x0, 0x0, 0x0,
    0x0, 0x0, 0x6, 0xff, 0xfc, 0xff, 0xa0, 0x0,
    0x0, 0x0, 0x0, 0x0, 0x0, 0xbf, 0xfb, 0x8f,
    0xff, 0x0, 0x0, 0x0, 0x0, 0x0, 0x0, 0x1f,
    0xff, 0x74, 0xff, 0xf5, 0x0, 0x0, 0x0, 0x0,
    0x0, 0x6, 0xff, 0xf3, 0xf, 0xff, 0xa0, 0x0,
    0x0, 0x0, 0x0, 0x0, 0xbf, 0xfe, 0x0, 0xbf,
    0xff, 0x0, 0x0, 0x0, 0x0, 0x0, 0x1f, 0xff,
    0xa0, 0x7, 0xff, 0xf5, 0x0, 0x0, 0x0, 0x0,
    0x6, 0xff, 0xf6, 0x0, 0x2f, 0xff, 0xb0, 0x0,
    0x0, 0x0, 0x0, 0xcf, 0xff, 0x10, 0x0, 0xdf,
    0xff, 0x10, 0x0, 0x0, 0x0, 0x1f, 0xff, 0xc0,
    0x0, 0x8, 0xff, 0xf6, 0x0, 0x0, 0x0, 0x7,
    0xff, 0xf7, 0x0, 0x0, 0x3f, 0xff, 0xc0, 0x0,
    0x0, 0x0, 0xcf, 0xff, 0xff, 0xff, 0xff, 0xff,
    0xff, 0x10, 0x0, 0x0, 0x1f, 0xff, 0xff, 0xff,
    0xff, 0xff, 0xff, 0xf7, 0x0, 0x0, 0x7, 0xff,
    0xff, 0xff, 0xff, 0xff, 0xff, 0xff, 0xc0, 0x0,
    0x0, 0xcf, 0xff, 0x20, 0x0, 0x0, 0x0, 0xdf,
    0xff, 0x20, 0x0, 0x2f, 0xff, 0xd0, 0x0, 0x0,
    0x0, 0x8, 0xff, 0xf7, 0x0, 0x7, 0xff, 0xf8,
    0x0, 0x0, 0x0, 0x0, 0x2f, 0xff, 0xd0, 0x0,
    0xcf, 0xff, 0x20, 0x0, 0x0, 0x0, 0x0, 0xdf,
    0xff, 0x20, 0x2f, 0xff, 0xd0, 0x0, 0x0, 0x0,
    0x0, 0x7, 0xff, 0xf9, 0x0, 0x0, 0x0, 0x0,
    0x0, 0x0, 0x0, 0x0, 0xaf, 0xfb, 0x10, 0x0,
    0x0, 0x0, 0x0, 0x0, 0x0, 0x0, 0x7f, 0xfc,
    0x0, 0x0, 0x0, 0x0, 0x0, 0x0, 0x0, 0x0,
    0xd, 0xff, 0x70, 0x0, 0x0, 0x0, 0x0, 0x0,
    0x0, 0x0, 0x0, 0xef, 0xfd, 0x78, 0x0, 0x0,
    0x0, 0x0, 0x0, 0x0, 0x0, 0x9, 0xff, 0xff,
    0xf2, 0x0, 0x0, 0x0, 0x0, 0x0, 0x0, 0x0,
    0x7, 0xdf, 0xeb, 0x20,

    /* U+0105 "?" */
    0x0, 0x4, 0xad, 0xff, 0xd9, 0x30, 0x0, 0x0,
    0xbf, 0xff, 0xff, 0xff, 0xf8, 0x0, 0xb, 0xff,
    0xff, 0xde, 0xff, 0xff, 0x60, 0x4f, 0xff, 0xb1,
    0x0, 0x3e, 0xff, 0xd0, 0x14, 0x7a, 0x0, 0x0,
    0x7, 0xff, 0xf1, 0x0, 0x0, 0x0, 0x0, 0x7,
    0xff, 0xf2, 0x0, 0x0, 0x14, 0x68, 0xbf, 0xff,
    0xf3, 0x0, 0x7d, 0xff, 0xff, 0xff, 0xff, 0xf3,
    0x1d, 0xff, 0xff, 0xfd, 0xaa, 0xff, 0xf3, 0x9f,
    0xff, 0xa3, 0x0, 0x5, 0xff, 0xf3, 0xdf, 0xfb,
    0x0, 0x0, 0x6, 0xff, 0xf3, 0xef, 0xf8, 0x0,
    0x0, 0xb, 0xff, 0xf3, 0xcf, 0xfe, 0x20, 0x0,
    0x9f, 0xff, 0xf3, 0x7f, 0xff, 0xfc, 0xcf, 0xfd,
    0xff, 0xf3, 0xb, 0xff, 0xff, 0xff, 0xd4, 0xff,
    0xf3, 0x0, 0x6c, 0xff, 0xd7, 0x4, 0xff, 0xf3,
    0x0, 0x0, 0x0, 0x0, 0x1d, 0xff, 0x50, 0x0,
    0x0, 0x0, 0x0, 0xcf, 0xf4, 0x0, 0x0, 0x0,
    0x0, 0x2, 0xff, 0xf0, 0x0, 0x0, 0x0, 0x0,
    0x3, 0xff, 0xf9, 0x83, 0x0, 0x0, 0x0, 0x0,
    0xdf, 0xff, 0xfa, 0x0, 0x0, 0x0, 0x0, 0x1a,
    0xef, 0xd7,

    /* U+0106 "?" */
    0x0, 0x0, 0x0, 0x0, 0x0, 0xef, 0xf6, 0x0,
    0x0, 0x0, 0x0, 0x0, 0x0, 0x0, 0x6f, 0xfc,
    0x0, 0x0, 0x0, 0x0, 0x0, 0x0, 0x0, 0xd,
    0xff, 0x20, 0x0, 0x0, 0x0, 0x0, 0x0, 0x0,
    0x4, 0xff, 0x70, 0x0, 0x0, 0x0, 0x0, 0x0,
    0x0, 0x0, 0x25, 0x50, 0x0, 0x0, 0x0, 0x0,
    0x0, 0x0, 0x0, 0x0, 0x0, 0x0, 0x0, 0x0,
    0x0, 0x0, 0x0, 0x0, 0x0, 0x0, 0x0, 0x0,
    0x0, 0x0, 0x0, 0x0, 0x0, 0x17, 0xbe, 0xfe,
    0xd9, 0x30, 0x0, 0x0, 0x0, 0x0, 0x6f, 0xff,
    0xff, 0xff, 0xff, 0xb2, 0x0, 0x0, 0x0, 0xaf,
    0xff, 0xff, 0xff, 0xff, 0xff, 0xe2, 0x0, 0x0,
    0x8f, 0xff, 0xfd, 0x86, 0x7a, 0xff, 0xff, 0xd0,
    0x0, 0x2f, 0xff, 0xf7, 0x0, 0x0, 0x2, 0xdf,
    0xff, 0x70, 0xa, 0xff, 0xf8, 0x0, 0x0, 0x0,
    0x1, 0xff, 0xfe, 0x0, 0xff, 0xfd, 0x0, 0x0,
    0x0, 0x0, 0x9, 0xff, 0xf2, 0x4f, 0xff, 0x70,
    0x0, 0x0, 0x0, 0x0, 0x2, 0x22, 0x7, 0xff,
    0xf4, 0x0, 0x0, 0x0, 0x0, 0x0, 0x0, 0x0,
    0x8f, 0xff, 0x20, 0x0, 0x0, 0x0, 0x0, 0x0,
    0x0, 0x9, 0xff, 0xf1, 0x0, 0x0, 0x0, 0x0,
    0x0, 0x0, 0x0, 0x8f, 0xff, 0x20, 0x0, 0x0,
    0x0, 0x0, 0x0, 0x0, 0x7, 0xff, 0xf4, 0x0,
    0x0, 0x0, 0x0, 0x0, 0x0, 0x0, 0x4f, 0xff,
    0x70, 0x0, 0x0, 0x0, 0x0, 0x2, 0x22, 0x0,
    0xff, 0xfd, 0x0, 0x0, 0x0, 0x0, 0x9, 0xff,
    0xf2, 0xa, 0xff, 0xf7, 0x0, 0x0, 0x0, 0x1,
    0xff, 0xfe, 0x0, 0x2f, 0xff, 0xf7, 0x0, 0x0,
    0x2, 0xdf, 0xff, 0x70, 0x0, 0x8f, 0xff, 0xfd,
    0x86, 0x7a, 0xff, 0xff, 0xd0, 0x0, 0x0, 0xaf,
    0xff, 0xff, 0xff, 0xff, 0xff, 0xe1, 0x0, 0x0,
    0x0, 0x7f, 0xff, 0xff, 0xff, 0xff, 0xa1, 0x0,
    0x0, 0x0, 0x0, 0x17, 0xbe, 0xfe, 0xd9, 0x30,
    0x0, 0x0,

    /* U+0107 "?" */
    0x0, 0x0, 0x0, 0x0, 0x55, 0x52, 0x0, 0x0,
    0x0, 0x0, 0x0, 0x4f, 0xfe, 0x10, 0x0, 0x0,
    0x0, 0x0, 0xb, 0xff, 0x50, 0x0, 0x0, 0x0,
    0x0, 0x2, 0xff, 0xb0, 0x0, 0x0, 0x0, 0x0,
    0x0, 0x9f, 0xf1, 0x0, 0x0, 0x0, 0x0, 0x0,
    0x0, 0x0, 0x0, 0x0, 0x0, 0x0, 0x0, 0x0,
    0x0, 0x0, 0x0, 0x0, 0x0, 0x0, 0x5, 0xbe,
    0xfe, 0xc6, 0x0, 0x0, 0x0, 0x2d, 0xff, 0xff,
    0xff, 0xfd, 0x20, 0x0, 0x1e, 0xff, 0xff, 0xff,
    0xff, 0xfe, 0x10, 0xa, 0xff, 0xfa, 0x20, 0x2a,
    0xff, 0xf9, 0x2, 0xff, 0xfc, 0x0, 0x0, 0xb,
    0xff, 0xe0, 0x7f, 0xff, 0x40, 0x0, 0x0, 0x37,
    0x30, 0xa, 0xff, 0xf0, 0x0, 0x0, 0x0, 0x0,
    0x0, 0xbf, 0xfe, 0x0, 0x0, 0x0, 0x0, 0x0,
    0xb, 0xff, 0xe0, 0x0, 0x0, 0x0, 0x0, 0x0,
    0xaf, 0xff, 0x0, 0x0, 0x0, 0x0, 0x0, 0x7,
    0xff, 0xf4, 0x0, 0x0, 0x3, 0x95, 0x20, 0x2f,
    0xff, 0xb0, 0x0, 0x0, 0xbf, 0xff, 0x0, 0xaf,
    0xff, 0xa2, 0x2, 0xaf, 0xff, 0x90, 0x1, 0xef,
    0xff, 0xff, 0xff, 0xff, 0xe1, 0x0, 0x2, 0xdf,
    0xff, 0xff, 0xff, 0xd2, 0x0, 0x0, 0x0, 0x5b,
    0xef, 0xec, 0x60, 0x0, 0x0,

    /* U+0108 "?" */
    0x0, 0x0, 0x0, 0x0, 0x78, 0x83, 0x0, 0x0,
    0x0, 0x0, 0x0, 0x0, 0x0, 0xaf, 0xff, 0xe2,
    0x0, 0x0, 0x0, 0x0, 0x0, 0x0, 0x9f, 0xf8,
    0xef, 0xe2, 0x0, 0x0, 0x0, 0x0, 0x0, 0x9f,
    0xf9, 0x3, 0xff, 0xd1, 0x0, 0x0, 0x0, 0x0,
    0x28, 0x87, 0x0, 0x4, 0x88, 0x50, 0x0, 0x0,
    0x0, 0x0, 0x0, 0x0, 0x0, 0x0, 0x0, 0x0,
    0x0, 0x0, 0x0, 0x0, 0x0, 0x0, 0x0, 0x0,
    0x0, 0x0, 0x0, 0x0, 0x0, 0x17, 0xbe, 0xfe,
    0xd9, 0x30, 0x0, 0x0, 0x0, 0x0, 0x6f, 0xff,
    0xff, 0xff, 0xff, 0xb2, 0x0, 0x0, 0x0, 0xaf,
    0xff, 0xff, 0xff, 0xff, 0xff, 0xe2, 0x0, 0x0,
    0x8f, 0xff, 0xfd, 0x86, 0x7a, 0xff, 0xff, 0xd0,
    0x0, 0x2f, 0xff, 0xf7, 0x0, 0x0, 0x2, 0xdf,
    0xff, 0x70, 0xa, 0xff, 0xf8, 0x0, 0x0, 0x0,
    0x1, 0xff, 0xfe, 0x0, 0xff, 0xfd, 0x0, 0x0,
    0x0, 0x0, 0x9, 0xff, 0xf2, 0x4f, 0xff, 0x70,
    0x0, 0x0, 0x0, 0x0, 0x2, 0x22, 0x7, 0xff,
    0xf4, 0x0, 0x0, 0x0, 0x0, 0x0, 0x0, 0x0,
    0x8f, 0xff, 0x20, 0x0, 0x0, 0x0, 0x0, 0x0,
    0x0, 0x9, 0xff, 0xf1, 0x0, 0x0, 0x0, 0x0,
    0x0, 0x0, 0x0, 0x8f, 0xff, 0x20, 0x0, 0x0,
    0x0, 0x0, 0x0, 0x0, 0x7, 0xff, 0xf4, 0x0,
    0x0, 0x0, 0x0, 0x0, 0x0, 0x0, 0x4f, 0xff,
    0x70, 0x0, 0x0, 0x0, 0x0, 0x2, 0x22, 0x0,
    0xff, 0xfd, 0x0, 0x0, 0x0, 0x0, 0x9, 0xff,
    0xf2, 0xa, 0xff, 0xf7, 0x0, 0x0, 0x0, 0x1,
    0xff, 0xfe, 0x0, 0x2f, 0xff, 0xf7, 0x0, 0x0,
    0x2, 0xdf, 0xff, 0x70, 0x0, 0x8f, 0xff, 0xfd,
    0x86, 0x7a, 0xff, 0xff, 0xd0, 0x0, 0x0, 0xaf,
    0xff, 0xff, 0xff, 0xff, 0xff, 0xe1, 0x0, 0x0,
    0x0, 0x7f, 0xff, 0xff, 0xff, 0xff, 0xa1, 0x0,
    0x0, 0x0, 0x0, 0x17, 0xbe, 0xfe, 0xd9, 0x30,
    0x0, 0x0,

    /* U+0109 "?" */
    0x0, 0x0, 0x1, 0x78, 0x71, 0x0, 0x0, 0x0,
    0x0, 0x1, 0xcf, 0xff, 0xd0, 0x0, 0x0, 0x0,
    0x0, 0xcf, 0xf7, 0xff, 0xc0, 0x0, 0x0, 0x0,
    0xbf, 0xf6, 0x6, 0xff, 0xb0, 0x0, 0x0, 0x38,
    0x86, 0x0, 0x6, 0x88, 0x30, 0x0, 0x0, 0x0,
    0x0, 0x0, 0x0, 0x0, 0x0, 0x0, 0x0, 0x0,
    0x0, 0x0, 0x0, 0x0, 0x0, 0x0, 0x5, 0xbe,
    0xfe, 0xc6, 0x0, 0x0, 0x0, 0x2d, 0xff, 0xff,
    0xff, 0xfd, 0x20, 0x0, 0x1e, 0xff, 0xff, 0xff,
    0xff, 0xfe, 0x10, 0xa, 0xff, 0xfa, 0x20, 0x2a,
    0xff, 0xf9, 0x2, 0xff, 0xfc, 0x0, 0x0, 0xb,
    0xff, 0xe0, 0x7f, 0xff, 0x40, 0x0, 0x0, 0x37,
    0x30, 0xa, 0xff, 0xf0, 0x0, 0x0, 0x0, 0x0,
    0x0, 0xbf, 0xfe, 0x0, 0x0, 0x0, 0x0, 0x0,
    0xb, 0xff, 0xe0, 0x0, 0x0, 0x0, 0x0, 0x0,
    0xaf, 0xff, 0x0, 0x0, 0x0, 0x0, 0x0, 0x7,
    0xff, 0xf4, 0x0, 0x0, 0x3, 0x95, 0x20, 0x2f,
    0xff, 0xb0, 0x0, 0x0, 0xbf, 0xff, 0x0, 0xaf,
    0xff, 0xa2, 0x2, 0xaf, 0xff, 0x90, 0x1, 0xef,
    0xff, 0xff, 0xff, 0xff, 0xe1, 0x0, 0x2, 0xdf,
    0xff, 0xff, 0xff, 0xd2, 0x0, 0x0, 0x0, 0x5b,
    0xef, 0xec, 0x60, 0x0, 0x0,

    /* U+010A "?" */
    0x0, 0x0, 0x0, 0x0, 0x8f, 0xc2, 0x0, 0x0,
    0x0, 0x0, 0x0, 0x0, 0x0, 0x3f, 0xff, 0xa0,
    0x0, 0x0, 0x0, 0x0, 0x0, 0x0, 0x3, 0xff,
    0xfb, 0x0, 0x0, 0x0, 0x0, 0x0, 0x0, 0x0,
    0x9, 0xfd, 0x20, 0x0, 0x0, 0x0, 0x0, 0x0,
    0x0, 0x0, 0x0, 0x0, 0x0, 0x0, 0x0, 0x0,
    0x0, 0x0, 0x0, 0x0, 0x0, 0x0, 0x0, 0x0,
    0x0, 0x0, 0x0, 0x0, 0x0, 0x0, 0x0, 0x0,
    0x0, 0x0, 0x0, 0x0, 0x0, 0x17, 0xbe, 0xfe,
    0xd9, 0x30, 0x0, 0x0, 0x0, 0x0, 0x6f, 0xff,
    0xff, 0xff, 0xff, 0xb2, 0x0, 0x0, 0x0, 0xaf,
    0xff, 0xff, 0xff, 0xff, 0xff, 0xe2, 0x0, 0x0,
    0x8f, 0xff, 0xfd, 0x86, 0x7a, 0xff, 0xff, 0xd0,
    0x0, 0x2f, 0xff, 0xf7, 0x0, 0x0, 0x2, 0xdf,
    0xff, 0x70, 0xa, 0xff, 0xf8, 0x0, 0x0, 0x0,
    0x1, 0xff, 0xfe, 0x0, 0xff, 0xfd, 0x0, 0x0,
    0x0, 0x0, 0x9, 0xff, 0xf2, 0x4f, 0xff, 0x70,
    0x0, 0x0, 0x0, 0x0, 0x2, 0x22, 0x7, 0xff,
    0xf4, 0x0, 0x0, 0x0, 0x0, 0x0, 0x0, 0x0,
    0x8f, 0xff, 0x20, 0x0, 0x0, 0x0, 0x0, 0x0,
    0x0, 0x9, 0xff, 0xf1, 0x0, 0x0, 0x0, 0x0,
    0x0, 0x0, 0x0, 0x8f, 0xff, 0x20, 0x0, 0x0,
    0x0, 0x0, 0x0, 0x0, 0x7, 0xff, 0xf4, 0x0,
    0x0, 0x0, 0x0, 0x0, 0x0, 0x0, 0x4f, 0xff,
    0x70, 0x0, 0x0, 0x0, 0x0, 0x2, 0x22, 0x0,
    0xff, 0xfd, 0x0, 0x0, 0x0, 0x0, 0x9, 0xff,
    0xf2, 0xa, 0xff, 0xf7, 0x0, 0x0, 0x0, 0x1,
    0xff, 0xfe, 0x0, 0x2f, 0xff, 0xf7, 0x0, 0x0,
    0x2, 0xdf, 0xff, 0x70, 0x0, 0x8f, 0xff, 0xfd,
    0x86, 0x7a, 0xff, 0xff, 0xd0, 0x0, 0x0, 0xaf,
    0xff, 0xff, 0xff, 0xff, 0xff, 0xe1, 0x0, 0x0,
    0x0, 0x7f, 0xff, 0xff, 0xff, 0xff, 0xa1, 0x0,
    0x0, 0x0, 0x0, 0x17, 0xbe, 0xfe, 0xd9, 0x30,
    0x0, 0x0,

    /* U+010B "?" */
    0x0, 0x0, 0x0, 0x0, 0x0, 0x0, 0x0, 0x0,
    0x0, 0x0, 0xb, 0xfb, 0x0, 0x0, 0x0, 0x0,
    0x0, 0x7, 0xff, 0xf7, 0x0, 0x0, 0x0, 0x0,
    0x0, 0x7f, 0xff, 0x70, 0x0, 0x0, 0x0, 0x0,
    0x0, 0xbf, 0xb0, 0x0, 0x0, 0x0, 0x0, 0x0,
    0x0, 0x0, 0x0, 0x0, 0x0, 0x0, 0x0, 0x0,
    0x0, 0x0, 0x0, 0x0, 0x0, 0x0, 0x5, 0xbe,
    0xfe, 0xc6, 0x0, 0x0, 0x0, 0x2d, 0xff, 0xff,
    0xff, 0xfd, 0x20, 0x0, 0x1e, 0xff, 0xff, 0xff,
    0xff, 0xfe, 0x10, 0xa, 0xff, 0xfa, 0x20, 0x2a,
    0xff, 0xf9, 0x2, 0xff, 0xfc, 0x0, 0x0, 0xb,
    0xff, 0xe0, 0x7f, 0xff, 0x40, 0x0, 0x0, 0x37,
    0x30, 0xa, 0xff, 0xf0, 0x0, 0x0, 0x0, 0x0,
    0x0, 0xbf, 0xfe, 0x0, 0x0, 0x0, 0x0, 0x0,
    0xb, 0xff, 0xe0, 0x0, 0x0, 0x0, 0x0, 0x0,
    0xaf, 0xff, 0x0, 0x0, 0x0, 0x0, 0x0, 0x7,
    0xff, 0xf4, 0x0, 0x0, 0x3, 0x95, 0x20, 0x2f,
    0xff, 0xb0, 0x0, 0x0, 0xbf, 0xff, 0x0, 0xaf,
    0xff, 0xa2, 0x2, 0xaf, 0xff, 0x90, 0x1, 0xef,
    0xff, 0xff, 0xff, 0xff, 0xe1, 0x0, 0x2, 0xdf,
    0xff, 0xff, 0xff, 0xd2, 0x0, 0x0, 0x0, 0x5b,
    0xef, 0xec, 0x60, 0x0, 0x0,

    /* U+010C "?" */
    0x0, 0x0, 0x1e, 0xff, 0x20, 0xa, 0xff, 0x90,
    0x0, 0x0, 0x0, 0x0, 0x4f, 0xfc, 0x5, 0xff,
    0xc0, 0x0, 0x0, 0x0, 0x0, 0x0, 0x7f, 0xf9,
    0xef, 0xe1, 0x0, 0x0, 0x0, 0x0, 0x0, 0x0,
    0xbf, 0xff, 0xf3, 0x0, 0x0, 0x0, 0x0, 0x0,
    0x0, 0x1, 0xbc, 0xc6, 0x0, 0x0, 0x0, 0x0,
    0x0, 0x0, 0x0, 0x0, 0x0, 0x0, 0x0, 0x0,
    0x0, 0x0, 0x0, 0x0, 0x0, 0x0, 0x0, 0x0,
    0x0, 0x0, 0x0, 0x0, 0x0, 0x17, 0xbe, 0xfe,
    0xd9, 0x50, 0x0, 0x0, 0x0, 0x0, 0x6f, 0xff,
    0xff, 0xff, 0xff, 0xd4, 0x0, 0x0, 0x0, 0xaf,
    0xff, 0xff, 0xff, 0xff, 0xff, 0xf5, 0x0, 0x0,
    0x8f, 0xff, 0xfd, 0x86, 0x79, 0xef, 0xff, 0xf2,
    0x0, 0x2f, 0xff, 0xf7, 0x0, 0x0, 0x0, 0xaf,
    0xff, 0xb0, 0xa, 0xff, 0xf8, 0x0, 0x0, 0x0,
    0x0, 0xcf, 0xff, 0x10, 0xff, 0xfd, 0x0, 0x0,
    0x0, 0x0, 0x2, 0x55, 0x51, 0x4f, 0xff, 0x70,
    0x0, 0x0, 0x0, 0x0, 0x0, 0x0, 0x7, 0xff,
    0xf4, 0x0, 0x0, 0x0, 0x0, 0x0, 0x0, 0x0,
    0x8f, 0xff, 0x20, 0x0, 0x0, 0x0, 0x0, 0x0,
    0x0, 0x9, 0xff, 0xf1, 0x0, 0x0, 0x0, 0x0,
    0x0, 0x0, 0x0, 0x8f, 0xff, 0x20, 0x0, 0x0,
    0x0, 0x0, 0x0, 0x0, 0x7, 0xff, 0xf4, 0x0,
    0x0, 0x0, 0x0, 0x0, 0x0, 0x0, 0x4f, 0xff,
    0x70, 0x0, 0x0, 0x0, 0x0, 0x26, 0x66, 0x10,
    0xff, 0xfd, 0x0, 0x0, 0x0, 0x0, 0xa, 0xff,
    0xf1, 0xa, 0xff, 0xf7, 0x0, 0x0, 0x0, 0x2,
    0xff, 0xfd, 0x0, 0x2f, 0xff, 0xf7, 0x0, 0x0,
    0x2, 0xef, 0xff, 0x50, 0x0, 0x8f, 0xff, 0xfd,
    0x86, 0x6a, 0xff, 0xff, 0xb0, 0x0, 0x0, 0xaf,
    0xff, 0xff, 0xff, 0xff, 0xff, 0xd1, 0x0, 0x0,
    0x0, 0x7f, 0xff, 0xff, 0xff, 0xff, 0xa0, 0x0,
    0x0, 0x0, 0x0, 0x17, 0xbe, 0xfe, 0xc8, 0x20,
    0x0, 0x0,

    /* U+010D "?" */
    0x0, 0x38, 0x86, 0x0, 0x6, 0x88, 0x40, 0x0,
    0x0, 0xaf, 0xf6, 0x5, 0xff, 0xc0, 0x0, 0x0,
    0x0, 0xbf, 0xf7, 0xff, 0xc0, 0x0, 0x0, 0x0,
    0x0, 0xcf, 0xff, 0xd1, 0x0, 0x0, 0x0, 0x0,
    0x1, 0x78, 0x71, 0x0, 0x0, 0x0, 0x0, 0x0,
    0x0, 0x0, 0x0, 0x0, 0x0, 0x0, 0x0, 0x0,
    0x0, 0x0, 0x0, 0x0, 0x0, 0x0, 0x5, 0xbe,
    0xfe, 0xc6, 0x0, 0x0, 0x0, 0x2d, 0xff, 0xff,
    0xff, 0xfd, 0x20, 0x0, 0x1e, 0xff, 0xff, 0xff,
    0xff, 0xfe, 0x10, 0xa, 0xff, 0xfa, 0x20, 0x2a,
    0xff, 0xf9, 0x2, 0xff, 0xfc, 0x0, 0x0, 0xb,
    0xff, 0xe0, 0x7f, 0xff, 0x40, 0x0, 0x0, 0x37,
    0x30, 0xa, 0xff, 0xf0, 0x0, 0x0, 0x0, 0x0,
    0x0, 0xbf, 0xfe, 0x0, 0x0, 0x0, 0x0, 0x0,
    0xb, 0xff, 0xe0, 0x0, 0x0, 0x0, 0x0, 0x0,
    0xaf, 0xff, 0x0, 0x0, 0x0, 0x0, 0x0, 0x7,
    0xff, 0xf4, 0x0, 0x0, 0x3, 0x95, 0x20, 0x2f,
    0xff, 0xb0, 0x0, 0x0, 0xbf, 0xff, 0x0, 0xaf,
    0xff, 0xa2, 0x2, 0xaf, 0xff, 0x90, 0x1, 0xef,
    0xff, 0xff, 0xff, 0xff, 0xe1, 0x0, 0x2, 0xdf,
    0xff, 0xff, 0xff, 0xd2, 0x0, 0x0, 0x0, 0x5b,
    0xef, 0xec, 0x60, 0x0, 0x0,

    /* U+010E "?" */
    0x4, 0x88, 0x40, 0x0, 0x78, 0x82, 0x0, 0x0,
    0x0, 0x1e, 0xff, 0x20, 0x7f, 0xfb, 0x0, 0x0,
    0x0, 0x0, 0x3f, 0xfd, 0x4f, 0xfd, 0x0, 0x0,
    0x0, 0x0, 0x0, 0x5f, 0xff, 0xfe, 0x20, 0x0,
    0x0, 0x0, 0x0, 0x0, 0x8f, 0xff, 0x30, 0x0,
    0x0, 0x0, 0x0, 0x0, 0x0, 0x0, 0x0, 0x0,
    0x0, 0x0, 0x0, 0x0, 0x0, 0x0, 0x0, 0x0,
    0x0, 0x0, 0x0, 0xf, 0xff, 0xff, 0xff, 0xfe,
    0xb7, 0x20, 0x0, 0x0, 0xff, 0xff, 0xff, 0xff,
    0xff, 0xff, 0x90, 0x0, 0xf, 0xff, 0xff, 0xff,
    0xff, 0xff, 0xff, 0xc1, 0x0, 0xff, 0xfc, 0x44,
    0x45, 0x6b, 0xff, 0xff, 0xb0, 0xf, 0xff, 0xb0,
    0x0, 0x0, 0x3, 0xdf, 0xff, 0x60, 0xff, 0xfb,
    0x0, 0x0, 0x0, 0x2, 0xff, 0xfd, 0xf, 0xff,
    0xb0, 0x0, 0x0, 0x0, 0x8, 0xff, 0xf3, 0xff,
    0xfb, 0x0, 0x0, 0x0, 0x0, 0x2f, 0xff, 0x7f,
    0xff, 0xb0, 0x0, 0x0, 0x0, 0x0, 0xff, 0xfa,
    0xff, 0xfb, 0x0, 0x0, 0x0, 0x0, 0xd, 0xff,
    0xcf, 0xff, 0xb0, 0x0, 0x0, 0x0, 0x0, 0xdf,
    0xfc, 0xff, 0xfb, 0x0, 0x0, 0x0, 0x0, 0xd,
    0xff, 0xbf, 0xff, 0xb0, 0x0, 0x0, 0x0, 0x0,
    0xff, 0xfa, 0xff, 0xfb, 0x0, 0x0, 0x0, 0x0,
    0x2f, 0xff, 0x7f, 0xff, 0xb0, 0x0, 0x0, 0x0,
    0x8, 0xff, 0xf3, 0xff, 0xfb, 0x0, 0x0, 0x0,
    0x2, 0xff, 0xfd, 0xf, 0xff, 0xb0, 0x0, 0x0,
    0x3, 0xef, 0xff, 0x60, 0xff, 0xfc, 0x44, 0x45,
    0x7b, 0xff, 0xff, 0xb0, 0xf, 0xff, 0xff, 0xff,
    0xff, 0xff, 0xff, 0xc1, 0x0, 0xff, 0xff, 0xff,
    0xff, 0xff, 0xff, 0x80, 0x0, 0xf, 0xff, 0xff,
    0xff, 0xfe, 0xb7, 0x10, 0x0, 0x0,

    /* U+010F "?" */
    0x0, 0x0, 0x0, 0x0, 0x0, 0x0, 0x0, 0x0,
    0x46, 0x61, 0x0, 0x0, 0x0, 0x0, 0x0, 0x0,
    0x0, 0x0, 0xaf, 0xf2, 0x0, 0x0, 0x0, 0x0,
    0x0, 0xf, 0xff, 0x90, 0xaf, 0xf0, 0x0, 0x0,
    0x0, 0x0, 0x0, 0xf, 0xff, 0x90, 0xaf, 0xe0,
    0x0, 0x0, 0x0, 0x0, 0x0, 0xf, 0xff, 0x90,
    0xaf, 0xb0, 0x0, 0x0, 0x0, 0x0, 0x0, 0xf,
    0xff, 0x90, 0xaf, 0x90, 0x0, 0x0, 0x0, 0x0,
    0x0, 0xf, 0xff, 0x90, 0x0, 0x0, 0x0, 0x2,
    0x9d, 0xfe, 0x91, 0xf, 0xff, 0x90, 0x0, 0x0,
    0x0, 0x5f, 0xff, 0xff, 0xfe, 0x1f, 0xff, 0x90,
    0x0, 0x0, 0x4, 0xff, 0xff, 0xff, 0xff, 0xbf,
    0xff, 0x90, 0x0, 0x0, 0xd, 0xff, 0xfa, 0x20,
    0x2b, 0xff, 0xff, 0x90, 0x0, 0x0, 0x3f, 0xff,
    0xc0, 0x0, 0x0, 0xcf, 0xff, 0x90, 0x0, 0x0,
    0x8f, 0xff, 0x40, 0x0, 0x0, 0x5f, 0xff, 0x90,
    0x0, 0x0, 0xaf, 0xff, 0x0, 0x0, 0x0, 0x1f,
    0xff, 0x90, 0x0, 0x0, 0xbf, 0xfe, 0x0, 0x0,
    0x0, 0xf, 0xff, 0x90, 0x0, 0x0, 0xbf, 0xfe,
    0x0, 0x0, 0x0, 0xf, 0xff, 0x90, 0x0, 0x0,
    0xaf, 0xff, 0x0, 0x0, 0x0, 0x1f, 0xff, 0x90,
    0x0, 0x0, 0x8f, 0xff, 0x50, 0x0, 0x0, 0x5f,
    0xff, 0x90, 0x0, 0x0, 0x3f, 0xff, 0xc0, 0x0,
    0x0, 0xcf, 0xff, 0x90, 0x0, 0x0, 0xd, 0xff,
    0xfa, 0x20, 0x2b, 0xff, 0xff, 0x90, 0x0, 0x0,
    0x4, 0xff, 0xff, 0xff, 0xff, 0xbe, 0xff, 0x90,
    0x0, 0x0, 0x0, 0x5f, 0xff, 0xff, 0xfe, 0x1e,
    0xff, 0x90, 0x0, 0x0, 0x0, 0x2, 0x9d, 0xfe,
    0x91, 0xe, 0xff, 0x90, 0x0, 0x0,

    /* U+0110 "?" */
    0x0, 0x2f, 0xff, 0xff, 0xff, 0xfe, 0xb6, 0x10,
    0x0, 0x0, 0x0, 0x2f, 0xff, 0xff, 0xff, 0xff,
    0xff, 0xf7, 0x0, 0x0, 0x0, 0x2f, 0xff, 0xff,
    0xff, 0xff, 0xff, 0xff, 0xa0, 0x0, 0x0, 0x2f,
    0xff, 0xa4, 0x44, 0x57, 0xcf, 0xff, 0xf9, 0x0,
    0x0, 0x2f, 0xff, 0x80, 0x0, 0x0, 0x4, 0xff,
    0xff, 0x30, 0x0, 0x2f, 0xff, 0x80, 0x0, 0x0,
    0x0, 0x4f, 0xff, 0xb0, 0x0, 0x2f, 0xff, 0x80,
    0x0, 0x0, 0x0, 0xb, 0xff, 0xf1, 0x0, 0x2f,
    0xff, 0x80, 0x0, 0x0, 0x0, 0x5, 0xff, 0xf5,
    0x0, 0x2f, 0xff, 0x80, 0x0, 0x0, 0x0, 0x2,
    0xff, 0xf7, 0xbf, 0xff, 0xff, 0xff, 0xff, 0xf3,
    0x0, 0x0, 0xff, 0xf9, 0xbf, 0xff, 0xff, 0xff,
    0xff, 0xf3, 0x0, 0x0, 0xff, 0xf9, 0x7a, 0xcf,
    0xff, 0xfa, 0xaa, 0xa2, 0x0, 0x0, 0xff, 0xf9,
    0x0, 0x2f, 0xff, 0x80, 0x0, 0x0, 0x0, 0x2,
    0xff, 0xf7, 0x0, 0x2f, 0xff, 0x80, 0x0, 0x0,
    0x0, 0x5, 0xff, 0xf5, 0x0, 0x2f, 0xff, 0x80,
    0x0, 0x0, 0x0, 0xb, 0xff, 0xf1, 0x0, 0x2f,
    0xff, 0x80, 0x0, 0x0, 0x0, 0x4f, 0xff, 0xb0,
    0x0, 0x2f, 0xff, 0x80, 0x0, 0x0, 0x5, 0xff,
    0xff, 0x30, 0x0, 0x2f, 0xff, 0xa4, 0x44, 0x57,
    0xcf, 0xff, 0xf9, 0x0, 0x0, 0x2f, 0xff, 0xff,
    0xff, 0xff, 0xff, 0xff, 0xa0, 0x0, 0x0, 0x2f,
    0xff, 0xff, 0xff, 0xff, 0xff, 0xf7, 0x0, 0x0,
    0x0, 0x2f, 0xff, 0xff, 0xff, 0xfe, 0xb6, 0x0,
    0x0, 0x0,

    /* U+0111 "?" */
    0x0, 0x0, 0x0, 0x0, 0x0, 0xf, 0xff, 0x90,
    0x0, 0x0, 0x0, 0x1, 0xff, 0xff, 0xff, 0xff,
    0xf7, 0x0, 0x0, 0x0, 0x1f, 0xff, 0xff, 0xff,
    0xff, 0x70, 0x0, 0x0, 0x0, 0x55, 0x55, 0xff,
    0xff, 0x52, 0x0, 0x0, 0x0, 0x0, 0x0, 0xf,
    0xff, 0x90, 0x0, 0x0, 0x29, 0xdf, 0xe9, 0x10,
    0xff, 0xf9, 0x0, 0x0, 0x5f, 0xff, 0xff, 0xfe,
    0x1f, 0xff, 0x90, 0x0, 0x4f, 0xff, 0xff, 0xff,
    0xfb, 0xff, 0xf9, 0x0, 0xd, 0xff, 0xfa, 0x20,
    0x2b, 0xff, 0xff, 0x90, 0x3, 0xff, 0xfc, 0x0,
    0x0, 0xc, 0xff, 0xf9, 0x0, 0x8f, 0xff, 0x40,
    0x0, 0x0, 0x5f, 0xff, 0x90, 0xa, 0xff, 0xf0,
    0x0, 0x0, 0x1, 0xff, 0xf9, 0x0, 0xbf, 0xfe,
    0x0, 0x0, 0x0, 0xf, 0xff, 0x90, 0xb, 0xff,
    0xe0, 0x0, 0x0, 0x0, 0xff, 0xf9, 0x0, 0xaf,
    0xff, 0x0, 0x0, 0x0, 0x1f, 0xff, 0x90, 0x8,
    0xff, 0xf5, 0x0, 0x0, 0x5, 0xff, 0xf9, 0x0,
    0x3f, 0xff, 0xc0, 0x0, 0x0, 0xcf, 0xff, 0x90,
    0x0, 0xdf, 0xff, 0xa2, 0x2, 0xbf, 0xff, 0xf9,
    0x0, 0x4, 0xff, 0xff, 0xff, 0xff, 0xbe, 0xff,
    0x90, 0x0, 0x5, 0xff, 0xff, 0xff, 0xe1, 0xef,
    0xf9, 0x0, 0x0, 0x2, 0x9d, 0xfe, 0x91, 0xe,
    0xff, 0x90, 0x0,

    /* U+0112 "?" */
    0x0, 0x17, 0x77, 0x77, 0x77, 0x40, 0x0, 0x0,
    0x3f, 0xff, 0xff, 0xff, 0x90, 0x0, 0x0, 0x3f,
    0xff, 0xff, 0xff, 0x90, 0x0, 0x0, 0x0, 0x0,
    0x0, 0x0, 0x0, 0x0, 0x0, 0x0, 0x0, 0x0,
    0x0, 0x0, 0x0, 0x0, 0x0, 0x0, 0x0, 0x0,
    0x0, 0x0, 0xff, 0xff, 0xff, 0xff, 0xff, 0xff,
    0xf4, 0xff, 0xff, 0xff, 0xff, 0xff, 0xff, 0xf4,
    0xff, 0xff, 0xff, 0xff, 0xff, 0xff, 0xf4, 0xff,
    0xfc, 0x22, 0x22, 0x22, 0x22, 0x20, 0xff, 0xfb,
    0x0, 0x0, 0x0, 0x0, 0x0, 0xff, 0xfb, 0x0,
    0x0, 0x0, 0x0, 0x0, 0xff, 0xfb, 0x0, 0x0,
    0x0, 0x0, 0x0, 0xff, 0xfb, 0x0, 0x0, 0x0,
    0x0, 0x0, 0xff, 0xfb, 0x22, 0x22, 0x22, 0x22,
    0x10, 0xff, 0xff, 0xff, 0xff, 0xff, 0xff, 0x90,
    0xff, 0xff, 0xff, 0xff, 0xff, 0xff, 0x90, 0xff,
    0xff, 0xff, 0xff, 0xff, 0xff, 0x90, 0xff, 0xfb,
    0x0, 0x0, 0x0, 0x0, 0x0, 0xff, 0xfb, 0x0,
    0x0, 0x0, 0x0, 0x0, 0xff, 0xfb, 0x0, 0x0,
    0x0, 0x0, 0x0, 0xff, 0xfb, 0x0, 0x0, 0x0,
    0x0, 0x0, 0xff, 0xfb, 0x0, 0x0, 0x0, 0x0,
    0x0, 0xff, 0xfc, 0x22, 0x22, 0x22, 0x22, 0x20,
    0xff, 0xff, 0xff, 0xff, 0xff, 0xff, 0xf5, 0xff,
    0xff, 0xff, 0xff, 0xff, 0xff, 0xf5, 0xff, 0xff,
    0xff, 0xff, 0xff, 0xff, 0xf5,

    /* U+0113 "?" */
    0x0, 0x9, 0xff, 0xff, 0xff, 0xf3, 0x0, 0x0,
    0x0, 0x9f, 0xff, 0xff, 0xff, 0x30, 0x0, 0x0,
    0x4, 0x77, 0x77, 0x77, 0x71, 0x0, 0x0, 0x0,
    0x0, 0x0, 0x0, 0x0, 0x0, 0x0, 0x0, 0x0,
    0x0, 0x0, 0x0, 0x0, 0x0, 0x0, 0x0, 0x6,
    0xce, 0xfd, 0xa4, 0x0, 0x0, 0x0, 0x2d, 0xff,
    0xff, 0xff, 0xfb, 0x10, 0x0, 0x1e, 0xff, 0xff,
    0xef, 0xff, 0xfb, 0x0, 0xa, 0xff, 0xf6, 0x0,
    0x19, 0xff, 0xf7, 0x2, 0xff, 0xf7, 0x0, 0x0,
    0xb, 0xff, 0xe0, 0x7f, 0xff, 0x0, 0x0, 0x0,
    0x4f, 0xff, 0x2a, 0xff, 0xe8, 0x88, 0x88, 0x88,
    0xff, 0xf4, 0xbf, 0xff, 0xff, 0xff, 0xff, 0xff,
    0xff, 0x5b, 0xff, 0xff, 0xff, 0xff, 0xff, 0xff,
    0xf6, 0xaf, 0xfd, 0x0, 0x0, 0x0, 0x0, 0x0,
    0x7, 0xff, 0xf0, 0x0, 0x0, 0x0, 0x0, 0x0,
    0x2f, 0xff, 0x80, 0x0, 0x0, 0x4b, 0x85, 0x0,
    0xbf, 0xff, 0x71, 0x0, 0x5e, 0xff, 0xd0, 0x1,
    0xef, 0xff, 0xfe, 0xff, 0xff, 0xf4, 0x0, 0x2,
    0xdf, 0xff, 0xff, 0xff, 0xf5, 0x0, 0x0, 0x0,
    0x5b, 0xdf, 0xfc, 0x81, 0x0, 0x0,

    /* U+0114 "?" */
    0x0, 0x58, 0x30, 0x0, 0x8, 0x81, 0x0, 0x0,
    0xaf, 0xb0, 0x0, 0x4f, 0xf0, 0x0, 0x0, 0x4f,
    0xf8, 0x35, 0xef, 0xa0, 0x0, 0x0, 0x9, 0xff,
    0xff, 0xfe, 0x10, 0x0, 0x0, 0x0, 0x6c, 0xfe,
    0x91, 0x0, 0x0, 0x0, 0x0, 0x0, 0x0, 0x0,
    0x0, 0x0, 0x0, 0x0, 0x0, 0x0, 0x0, 0x0,
    0x0, 0xff, 0xff, 0xff, 0xff, 0xff, 0xff, 0xf4,
    0xff, 0xff, 0xff, 0xff, 0xff, 0xff, 0xf4, 0xff,
    0xff, 0xff, 0xff, 0xff, 0xff, 0xf4, 0xff, 0xfc,
    0x22, 0x22, 0x22, 0x22, 0x20, 0xff, 0xfb, 0x0,
    0x0, 0x0, 0x0, 0x0, 0xff, 0xfb, 0x0, 0x0,
    0x0, 0x0, 0x0, 0xff, 0xfb, 0x0, 0x0, 0x0,
    0x0, 0x0, 0xff, 0xfb, 0x0, 0x0, 0x0, 0x0,
    0x0, 0xff, 0xfb, 0x22, 0x22, 0x22, 0x22, 0x10,
    0xff, 0xff, 0xff, 0xff, 0xff, 0xff, 0x90, 0xff,
    0xff, 0xff, 0xff, 0xff, 0xff, 0x90, 0xff, 0xff,
    0xff, 0xff, 0xff, 0xff, 0x90, 0xff, 0xfb, 0x0,
    0x0, 0x0, 0x0, 0x0, 0xff, 0xfb, 0x0, 0x0,
    0x0, 0x0, 0x0, 0xff, 0xfb, 0x0, 0x0, 0x0,
    0x0, 0x0, 0xff, 0xfb, 0x0, 0x0, 0x0, 0x0,
    0x0, 0xff, 0xfb, 0x0, 0x0, 0x0, 0x0, 0x0,
    0xff, 0xfc, 0x22, 0x22, 0x22, 0x22, 0x20, 0xff,
    0xff, 0xff, 0xff, 0xff, 0xff, 0xf5, 0xff, 0xff,
    0xff, 0xff, 0xff, 0xff, 0xf5, 0xff, 0xff, 0xff,
    0xff, 0xff, 0xff, 0xf5,

    /* U+0115 "?" */
    0x0, 0x8, 0x80, 0x0, 0x3, 0x86, 0x0, 0x0,
    0x0, 0xff, 0x50, 0x0, 0xaf, 0xa0, 0x0, 0x0,
    0xa, 0xfe, 0x53, 0x8f, 0xf4, 0x0, 0x0, 0x0,
    0x1d, 0xff, 0xff, 0xfa, 0x0, 0x0, 0x0, 0x0,
    0x19, 0xef, 0xd6, 0x0, 0x0, 0x0, 0x0, 0x0,
    0x0, 0x0, 0x0, 0x0, 0x0, 0x0, 0x0, 0x0,
    0x0, 0x0, 0x0, 0x0, 0x0, 0x0, 0x6, 0xce,
    0xfd, 0xa4, 0x0, 0x0, 0x0, 0x2d, 0xff, 0xff,
    0xff, 0xfb, 0x10, 0x0, 0x1e, 0xff, 0xff, 0xef,
    0xff, 0xfb, 0x0, 0xa, 0xff, 0xf6, 0x0, 0x19,
    0xff, 0xf7, 0x2, 0xff, 0xf7, 0x0, 0x0, 0xb,
    0xff, 0xe0, 0x7f, 0xff, 0x0, 0x0, 0x0, 0x4f,
    0xff, 0x2a, 0xff, 0xe8, 0x88, 0x88, 0x88, 0xff,
    0xf4, 0xbf, 0xff, 0xff, 0xff, 0xff, 0xff, 0xff,
    0x5b, 0xff, 0xff, 0xff, 0xff, 0xff, 0xff, 0xf6,
    0xaf, 0xfd, 0x0, 0x0, 0x0, 0x0, 0x0, 0x7,
    0xff, 0xf0, 0x0, 0x0, 0x0, 0x0, 0x0, 0x2f,
    0xff, 0x80, 0x0, 0x0, 0x4b, 0x85, 0x0, 0xbf,
    0xff, 0x71, 0x0, 0x5e, 0xff, 0xd0, 0x1, 0xef,
    0xff, 0xfe, 0xff, 0xff, 0xf4, 0x0, 0x2, 0xdf,
    0xff, 0xff, 0xff, 0xf5, 0x0, 0x0, 0x0, 0x5b,
    0xdf, 0xfc, 0x81, 0x0, 0x0,

    /* U+0116 "?" */
    0x0, 0x0, 0x0, 0x0, 0x0, 0x0, 0x0, 0x0,
    0x0, 0x9, 0xfd, 0x20, 0x0, 0x0, 0x0, 0x0,
    0x4f, 0xff, 0xa0, 0x0, 0x0, 0x0, 0x0, 0x3f,
    0xff, 0xa0, 0x0, 0x0, 0x0, 0x0, 0x8, 0xfc,
    0x20, 0x0, 0x0, 0x0, 0x0, 0x0, 0x0, 0x0,
    0x0, 0x0, 0x0, 0x0, 0x0, 0x0, 0x0, 0x0,
    0x0, 0xff, 0xff, 0xff, 0xff, 0xff, 0xff, 0xf4,
    0xff, 0xff, 0xff, 0xff, 0xff, 0xff, 0xf4, 0xff,
    0xff, 0xff, 0xff, 0xff, 0xff, 0xf4, 0xff, 0xfc,
    0x22, 0x22, 0x22, 0x22, 0x20, 0xff, 0xfb, 0x0,
    0x0, 0x0, 0x0, 0x0, 0xff, 0xfb, 0x0, 0x0,
    0x0, 0x0, 0x0, 0xff, 0xfb, 0x0, 0x0, 0x0,
    0x0, 0x0, 0xff, 0xfb, 0x0, 0x0, 0x0, 0x0,
    0x0, 0xff, 0xfb, 0x22, 0x22, 0x22, 0x22, 0x10,
    0xff, 0xff, 0xff, 0xff, 0xff, 0xff, 0x90, 0xff,
    0xff, 0xff, 0xff, 0xff, 0xff, 0x90, 0xff, 0xff,
    0xff, 0xff, 0xff, 0xff, 0x90, 0xff, 0xfb, 0x0,
    0x0, 0x0, 0x0, 0x0, 0xff, 0xfb, 0x0, 0x0,
    0x0, 0x0, 0x0, 0xff, 0xfb, 0x0, 0x0, 0x0,
    0x0, 0x0, 0xff, 0xfb, 0x0, 0x0, 0x0, 0x0,
    0x0, 0xff, 0xfb, 0x0, 0x0, 0x0, 0x0, 0x0,
    0xff, 0xfc, 0x22, 0x22, 0x22, 0x22, 0x20, 0xff,
    0xff, 0xff, 0xff, 0xff, 0xff, 0xf5, 0xff, 0xff,
    0xff, 0xff, 0xff, 0xff, 0xf5, 0xff, 0xff, 0xff,
    0xff, 0xff, 0xff, 0xf5,

    /* U+0117 "?" */
    0x0, 0x0, 0x0, 0x0, 0x0, 0x0, 0x0, 0x0,
    0x0, 0x0, 0x1c, 0xf9, 0x0, 0x0, 0x0, 0x0,
    0x0, 0x9, 0xff, 0xf5, 0x0, 0x0, 0x0, 0x0,
    0x0, 0x9f, 0xff, 0x40, 0x0, 0x0, 0x0, 0x0,
    0x1, 0xcf, 0x90, 0x0, 0x0, 0x0, 0x0, 0x0,
    0x0, 0x0, 0x0, 0x0, 0x0, 0x0, 0x0, 0x0,
    0x0, 0x0, 0x0, 0x0, 0x0, 0x0, 0x6, 0xce,
    0xfd, 0xa4, 0x0, 0x0, 0x0, 0x2d, 0xff, 0xff,
    0xff, 0xfb, 0x10, 0x0, 0x1e, 0xff, 0xff, 0xef,
    0xff, 0xfb, 0x0, 0xa, 0xff, 0xf6, 0x0, 0x19,
    0xff, 0xf7, 0x2, 0xff, 0xf7, 0x0, 0x0, 0xb,
    0xff, 0xe0, 0x7f, 0xff, 0x0, 0x0, 0x0, 0x4f,
    0xff, 0x2a, 0xff, 0xe8, 0x88, 0x88, 0x88, 0xff,
    0xf4, 0xbf, 0xff, 0xff, 0xff, 0xff, 0xff, 0xff,
    0x5b, 0xff, 0xff, 0xff, 0xff, 0xff, 0xff, 0xf6,
    0xaf, 0xfd, 0x0, 0x0, 0x0, 0x0, 0x0, 0x7,
    0xff, 0xf0, 0x0, 0x0, 0x0, 0x0, 0x0, 0x2f,
    0xff, 0x80, 0x0, 0x0, 0x4b, 0x85, 0x0, 0xbf,
    0xff, 0x71, 0x0, 0x5e, 0xff, 0xd0, 0x1, 0xef,
    0xff, 0xfe, 0xff, 0xff, 0xf4, 0x0, 0x2, 0xdf,
    0xff, 0xff, 0xff, 0xf5, 0x0, 0x0, 0x0, 0x5b,
    0xdf, 0xfc, 0x81, 0x0, 0x0,

    /* U+0118 "?" */
    0xff, 0xff, 0xff, 0xff, 0xff, 0xff, 0xf4, 0xf,
    0xff, 0xff, 0xff, 0xff, 0xff, 0xff, 0x40, 0xff,
    0xff, 0xff, 0xff, 0xff, 0xff, 0xf4, 0xf, 0xff,
    0xc2, 0x22, 0x22, 0x22, 0x22, 0x0, 0xff, 0xfb,
    0x0, 0x0, 0x0, 0x0, 0x0, 0xf, 0xff, 0xb0,
    0x0, 0x0, 0x0, 0x0, 0x0, 0xff, 0xfb, 0x0,
    0x0, 0x0, 0x0, 0x0, 0xf, 0xff, 0xb0, 0x0,
    0x0, 0x0, 0x0, 0x0, 0xff, 0xfb, 0x22, 0x22,
    0x22, 0x22, 0x10, 0xf, 0xff, 0xff, 0xff, 0xff,
    0xff, 0xf9, 0x0, 0xff, 0xff, 0xff, 0xff, 0xff,
    0xff, 0x90, 0xf, 0xff, 0xff, 0xff, 0xff, 0xff,
    0xf9, 0x0, 0xff, 0xfb, 0x0, 0x0, 0x0, 0x0,
    0x0, 0xf, 0xff, 0xb0, 0x0, 0x0, 0x0, 0x0,
    0x0, 0xff, 0xfb, 0x0, 0x0, 0x0, 0x0, 0x0,
    0xf, 0xff, 0xb0, 0x0, 0x0, 0x0, 0x0, 0x0,
    0xff, 0xfb, 0x0, 0x0, 0x0, 0x0, 0x0, 0xf,
    0xff, 0xc2, 0x22, 0x22, 0x22, 0x22, 0x0, 0xff,
    0xff, 0xff, 0xff, 0xff, 0xff, 0xf5, 0xf, 0xff,
    0xff, 0xff, 0xff, 0xff, 0xff, 0x50, 0xff, 0xff,
    0xff, 0xff, 0xff, 0xff, 0xf5, 0x0, 0x0, 0x0,
    0x0, 0x1, 0xdf, 0xf8, 0x0, 0x0, 0x0, 0x0,
    0x0, 0xaf, 0xf7, 0x0, 0x0, 0x0, 0x0, 0x0,
    0xf, 0xff, 0x10, 0x0, 0x0, 0x0, 0x0, 0x0,
    0xff, 0xfa, 0x85, 0x0, 0x0, 0x0, 0x0, 0xb,
    0xff, 0xff, 0xc0, 0x0, 0x0, 0x0, 0x0, 0x19,
    0xef, 0xd8, 0x0,

    /* U+0119 "?" */
    0x0, 0x0, 0x6c, 0xef, 0xda, 0x40, 0x0, 0x0,
    0x2, 0xdf, 0xff, 0xff, 0xff, 0xb1, 0x0, 0x1,
    0xef, 0xff, 0xfe, 0xff, 0xff, 0xb0, 0x0, 0xaf,
    0xff, 0x60, 0x1, 0x9f, 0xff, 0x70, 0x2f, 0xff,
    0x70, 0x0, 0x0, 0xbf, 0xfe, 0x7, 0xff, 0xf0,
    0x0, 0x0, 0x4, 0xff, 0xf2, 0xaf, 0xfe, 0x88,
    0x88, 0x88, 0x8f, 0xff, 0x4b, 0xff, 0xff, 0xff,
    0xff, 0xff, 0xff, 0xf5, 0xbf, 0xff, 0xff, 0xff,
    0xff, 0xff, 0xff, 0x6a, 0xff, 0xd0, 0x0, 0x0,
    0x0, 0x0, 0x0, 0x7f, 0xff, 0x0, 0x0, 0x0,
    0x0, 0x0, 0x2, 0xff, 0xf8, 0x0, 0x0, 0x4,
    0xb8, 0x50, 0xb, 0xff, 0xf7, 0x10, 0x5, 0xef,
    0xff, 0x0, 0x1e, 0xff, 0xff, 0xef, 0xff, 0xff,
    0xc0, 0x0, 0x2d, 0xff, 0xff, 0xff, 0xff, 0xf1,
    0x0, 0x0, 0x5, 0xbd, 0xff, 0xff, 0xf6, 0x0,
    0x0, 0x0, 0x0, 0x0, 0x3f, 0xfd, 0x0, 0x0,
    0x0, 0x0, 0x0, 0xc, 0xff, 0x50, 0x0, 0x0,
    0x0, 0x0, 0x0, 0xff, 0xf1, 0x0, 0x0, 0x0,
    0x0, 0x0, 0xf, 0xff, 0xa8, 0x40, 0x0, 0x0,
    0x0, 0x0, 0xbf, 0xff, 0xfc, 0x0, 0x0, 0x0,
    0x0, 0x1, 0x9e, 0xfd, 0x80,

    /* U+011A "?" */
    0x1, 0x88, 0x70, 0x0, 0x48, 0x85, 0x0, 0x0,
    0x9f, 0xf7, 0x2, 0xff, 0xf2, 0x0, 0x0, 0xc,
    0xff, 0x4c, 0xff, 0x40, 0x0, 0x0, 0x1, 0xef,
    0xff, 0xf6, 0x0, 0x0, 0x0, 0x0, 0x2f, 0xff,
    0x90, 0x0, 0x0, 0x0, 0x0, 0x0, 0x0, 0x0,
    0x0, 0x0, 0x0, 0x0, 0x0, 0x0, 0x0, 0x0,
    0x0, 0xff, 0xff, 0xff, 0xff, 0xff, 0xff, 0xf4,
    0xff, 0xff, 0xff, 0xff, 0xff, 0xff, 0xf4, 0xff,
    0xff, 0xff, 0xff, 0xff, 0xff, 0xf4, 0xff, 0xfc,
    0x22, 0x22, 0x22, 0x22, 0x20, 0xff, 0xfb, 0x0,
    0x0, 0x0, 0x0, 0x0, 0xff, 0xfb, 0x0, 0x0,
    0x0, 0x0, 0x0, 0xff, 0xfb, 0x0, 0x0, 0x0,
    0x0, 0x0, 0xff, 0xfb, 0x0, 0x0, 0x0, 0x0,
    0x0, 0xff, 0xfb, 0x22, 0x22, 0x22, 0x22, 0x10,
    0xff, 0xff, 0xff, 0xff, 0xff, 0xff, 0x90, 0xff,
    0xff, 0xff, 0xff, 0xff, 0xff, 0x90, 0xff, 0xff,
    0xff, 0xff, 0xff, 0xff, 0x90, 0xff, 0xfb, 0x0,
    0x0, 0x0, 0x0, 0x0, 0xff, 0xfb, 0x0, 0x0,
    0x0, 0x0, 0x0, 0xff, 0xfb, 0x0, 0x0, 0x0,
    0x0, 0x0, 0xff, 0xfb, 0x0, 0x0, 0x0, 0x0,
    0x0, 0xff, 0xfb, 0x0, 0x0, 0x0, 0x0, 0x0,
    0xff, 0xfc, 0x22, 0x22, 0x22, 0x22, 0x20, 0xff,
    0xff, 0xff, 0xff, 0xff, 0xff, 0xf5, 0xff, 0xff,
    0xff, 0xff, 0xff, 0xff, 0xf5, 0xff, 0xff, 0xff,
    0xff, 0xff, 0xff, 0xf5,

    /* U+011B "?" */
    0x0, 0x48, 0x84, 0x0, 0x7, 0x88, 0x20, 0x0,
    0x0, 0xcf, 0xf3, 0x8, 0xff, 0xa0, 0x0, 0x0,
    0x1, 0xdf, 0xe7, 0xff, 0xa0, 0x0, 0x0, 0x0,
    0x2, 0xef, 0xff, 0xb0, 0x0, 0x0, 0x0, 0x0,
    0x2, 0x88, 0x70, 0x0, 0x0, 0x0, 0x0, 0x0,
    0x0, 0x0, 0x0, 0x0, 0x0, 0x0, 0x0, 0x0,
    0x0, 0x0, 0x0, 0x0, 0x0, 0x0, 0x6, 0xce,
    0xfd, 0xa4, 0x0, 0x0, 0x0, 0x2d, 0xff, 0xff,
    0xff, 0xfb, 0x10, 0x0, 0x1e, 0xff, 0xff, 0xef,
    0xff, 0xfb, 0x0, 0xa, 0xff, 0xf6, 0x0, 0x19,
    0xff, 0xf7, 0x2, 0xff, 0xf7, 0x0, 0x0, 0xb,
    0xff, 0xe0, 0x7f, 0xff, 0x0, 0x0, 0x0, 0x4f,
    0xff, 0x2a, 0xff, 0xe8, 0x88, 0x88, 0x88, 0xff,
    0xf4, 0xbf, 0xff, 0xff, 0xff, 0xff, 0xff, 0xff,
    0x5b, 0xff, 0xff, 0xff, 0xff, 0xff, 0xff, 0xf6,
    0xaf, 0xfd, 0x0, 0x0, 0x0, 0x0, 0x0, 0x7,
    0xff, 0xf0, 0x0, 0x0, 0x0, 0x0, 0x0, 0x2f,
    0xff, 0x80, 0x0, 0x0, 0x4b, 0x85, 0x0, 0xbf,
    0xff, 0x71, 0x0, 0x5e, 0xff, 0xd0, 0x1, 0xef,
    0xff, 0xfe, 0xff, 0xff, 0xf4, 0x0, 0x2, 0xdf,
    0xff, 0xff, 0xff, 0xf5, 0x0, 0x0, 0x0, 0x5b,
    0xdf, 0xfc, 0x81, 0x0, 0x0,

    /* U+011C "?" */
    0x0, 0x0, 0x0, 0x0, 0x78, 0x82, 0x0, 0x0,
    0x0, 0x0, 0x0, 0x0, 0x0, 0xbf, 0xff, 0xe2,
    0x0, 0x0, 0x0, 0x0, 0x0, 0x0, 0xaf, 0xf8,
    0xef, 0xd1, 0x0, 0x0, 0x0, 0x0, 0x0, 0xaf,
    0xf8, 0x3, 0xff, 0xd1, 0x0, 0x0, 0x0, 0x0,
    0x28, 0x87, 0x0, 0x4, 0x88, 0x40, 0x0, 0x0,
    0x0, 0x0, 0x0, 0x0, 0x0, 0x0, 0x0, 0x0,
    0x0, 0x0, 0x0, 0x0, 0x0, 0x0, 0x0, 0x0,
    0x0, 0x0, 0x0, 0x0, 0x0, 0x17, 0xbe, 0xfe,
    0xd9, 0x30, 0x0, 0x0, 0x0, 0x0, 0x6f, 0xff,
    0xff, 0xff, 0xff, 0xb1, 0x0, 0x0, 0x0, 0x9f,
    0xff, 0xff, 0xff, 0xff, 0xff, 0xe2, 0x0, 0x0,
    0x7f, 0xff, 0xfe, 0x86, 0x7a, 0xff, 0xff, 0xd0,
    0x0, 0x2f, 0xff, 0xf8, 0x0, 0x0, 0x2, 0xdf,
    0xff, 0x80, 0xa, 0xff, 0xf8, 0x0, 0x0, 0x0,
    0x2, 0xff, 0xfe, 0x0, 0xff, 0xfe, 0x0, 0x0,
    0x0, 0x0, 0x8, 0xdd, 0xd2, 0x4f, 0xff, 0x80,
    0x0, 0x0, 0x0, 0x0, 0x0, 0x0, 0x7, 0xff,
    0xf4, 0x0, 0x0, 0x0, 0x0, 0x0, 0x0, 0x0,
    0x8f, 0xff, 0x20, 0x0, 0x0, 0x0, 0x0, 0x0,
    0x0, 0x9, 0xff, 0xf1, 0x0, 0x0, 0xc, 0xff,
    0xff, 0xff, 0xf7, 0x8f, 0xff, 0x20, 0x0, 0x0,
    0xcf, 0xff, 0xff, 0xff, 0x77, 0xff, 0xf4, 0x0,
    0x0, 0xb, 0xff, 0xff, 0xff, 0xf7, 0x4f, 0xff,
    0x70, 0x0, 0x0, 0x0, 0x0, 0x1f, 0xff, 0x60,
    0xff, 0xfd, 0x0, 0x0, 0x0, 0x0, 0x5, 0xff,
    0xf4, 0xa, 0xff, 0xf7, 0x0, 0x0, 0x0, 0x0,
    0xcf, 0xff, 0x0, 0x3f, 0xff, 0xf7, 0x0, 0x0,
    0x0, 0xaf, 0xff, 0x90, 0x0, 0x8f, 0xff, 0xfd,
    0x86, 0x69, 0xef, 0xff, 0xe1, 0x0, 0x0, 0xaf,
    0xff, 0xff, 0xff, 0xff, 0xff, 0xf3, 0x0, 0x0,
    0x0, 0x7f, 0xff, 0xff, 0xff, 0xff, 0xc2, 0x0,
    0x0, 0x0, 0x0, 0x17, 0xbe, 0xff, 0xda, 0x50,
    0x0, 0x0,

    /* U+011D "?" */
    0x0, 0x0, 0x1, 0x78, 0x71, 0x0, 0x0, 0x0,
    0x0, 0x0, 0xcf, 0xff, 0xb0, 0x0, 0x0, 0x0,
    0x0, 0xaf, 0xfb, 0xff, 0x90, 0x0, 0x0, 0x0,
    0x7f, 0xfa, 0xa, 0xff, 0x60, 0x0, 0x0, 0x5f,
    0xfd, 0x0, 0xd, 0xff, 0x30, 0x0, 0x0, 0x0,
    0x0, 0x0, 0x0, 0x0, 0x0, 0x0, 0x0, 0x0,
    0x0, 0x0, 0x0, 0x0, 0x0, 0x0, 0x29, 0xdf,
    0xe9, 0x10, 0xdf, 0xfa, 0x0, 0x4f, 0xff, 0xff,
    0xfe, 0x2d, 0xff, 0xa0, 0x3f, 0xff, 0xff, 0xff,
    0xfc, 0xef, 0xfa, 0xc, 0xff, 0xfb, 0x20, 0x2b,
    0xff, 0xff, 0xa2, 0xff, 0xfc, 0x0, 0x0, 0xc,
    0xff, 0xfa, 0x7f, 0xff, 0x50, 0x0, 0x0, 0x5f,
    0xff, 0xaa, 0xff, 0xf0, 0x0, 0x0, 0x0, 0xff,
    0xfa, 0xbf, 0xfe, 0x0, 0x0, 0x0, 0xf, 0xff,
    0xac, 0xff, 0xe0, 0x0, 0x0, 0x0, 0xef, 0xfa,
    0xaf, 0xff, 0x0, 0x0, 0x0, 0xf, 0xff, 0xa8,
    0xff, 0xf3, 0x0, 0x0, 0x3, 0xff, 0xfa, 0x4f,
    0xff, 0xa0, 0x0, 0x0, 0xaf, 0xff, 0xa0, 0xef,
    0xff, 0x81, 0x1, 0x9f, 0xff, 0xfa, 0x4, 0xff,
    0xff, 0xfe, 0xff, 0xce, 0xff, 0xa0, 0x6, 0xff,
    0xff, 0xff, 0xe2, 0xef, 0xfa, 0x0, 0x3, 0xad,
    0xfe, 0xa2, 0xe, 0xff, 0x90, 0x0, 0x0, 0x0,
    0x0, 0x0, 0xff, 0xf8, 0x0, 0x16, 0x0, 0x0,
    0x0, 0x3f, 0xff, 0x60, 0xcf, 0xfb, 0x20, 0x0,
    0x3d, 0xff, 0xf1, 0x9, 0xff, 0xff, 0xed, 0xef,
    0xff, 0xf7, 0x0, 0x9, 0xff, 0xff, 0xff, 0xff,
    0xf7, 0x0, 0x0, 0x3, 0x9d, 0xff, 0xec, 0x82,
    0x0, 0x0,

    /* U+011E "?" */
    0x0, 0x0, 0x6, 0x83, 0x0, 0x0, 0x88, 0x0,
    0x0, 0x0, 0x0, 0x0, 0xaf, 0xa0, 0x0, 0x5f,
    0xf0, 0x0, 0x0, 0x0, 0x0, 0x5, 0xff, 0x83,
    0x5e, 0xfa, 0x0, 0x0, 0x0, 0x0, 0x0, 0x9,
    0xff, 0xff, 0xfd, 0x10, 0x0, 0x0, 0x0, 0x0,
    0x0, 0x6, 0xdf, 0xe9, 0x10, 0x0, 0x0, 0x0,
    0x0, 0x0, 0x0, 0x0, 0x0, 0x0, 0x0, 0x0,
    0x0, 0x0, 0x0, 0x0, 0x0, 0x0, 0x0, 0x0,
    0x0, 0x0, 0x0, 0x0, 0x0, 0x17, 0xbe, 0xfe,
    0xd9, 0x30, 0x0, 0x0, 0x0, 0x0, 0x6f, 0xff,
    0xff, 0xff, 0xff, 0xb1, 0x0, 0x0, 0x0, 0x9f,
    0xff, 0xff, 0xff, 0xff, 0xff, 0xe2, 0x0, 0x0,
    0x7f, 0xff, 0xfe, 0x86, 0x7a, 0xff, 0xff, 0xd0,
    0x0, 0x2f, 0xff, 0xf8, 0x0, 0x0, 0x2, 0xdf,
    0xff, 0x80, 0xa, 0xff, 0xf8, 0x0, 0x0, 0x0,
    0x2, 0xff, 0xfe, 0x0, 0xff, 0xfe, 0x0, 0x0,
    0x0, 0x0, 0x8, 0xdd, 0xd2, 0x4f, 0xff, 0x80,
    0x0, 0x0, 0x0, 0x0, 0x0, 0x0, 0x7, 0xff,
    0xf4, 0x0, 0x0, 0x0, 0x0, 0x0, 0x0, 0x0,
    0x8f, 0xff, 0x20, 0x0, 0x0, 0x0, 0x0, 0x0,
    0x0, 0x9, 0xff, 0xf1, 0x0, 0x0, 0xc, 0xff,
    0xff, 0xff, 0xf7, 0x8f, 0xff, 0x20, 0x0, 0x0,
    0xcf, 0xff, 0xff, 0xff, 0x77, 0xff, 0xf4, 0x0,
    0x0, 0xb, 0xff, 0xff, 0xff, 0xf7, 0x4f, 0xff,
    0x70, 0x0, 0x0, 0x0, 0x0, 0x1f, 0xff, 0x60,
    0xff, 0xfd, 0x0, 0x0, 0x0, 0x0, 0x5, 0xff,
    0xf4, 0xa, 0xff, 0xf7, 0x0, 0x0, 0x0, 0x0,
    0xcf, 0xff, 0x0, 0x3f, 0xff, 0xf7, 0x0, 0x0,
    0x0, 0xaf, 0xff, 0x90, 0x0, 0x8f, 0xff, 0xfd,
    0x86, 0x69, 0xef, 0xff, 0xe1, 0x0, 0x0, 0xaf,
    0xff, 0xff, 0xff, 0xff, 0xff, 0xf3, 0x0, 0x0,
    0x0, 0x7f, 0xff, 0xff, 0xff, 0xff, 0xc2, 0x0,
    0x0, 0x0, 0x0, 0x17, 0xbe, 0xff, 0xda, 0x50,
    0x0, 0x0,

    /* U+011F "?" */
    0x0, 0x4, 0x41, 0x0, 0x1, 0x44, 0x0, 0x0,
    0x0, 0xdf, 0x60, 0x0, 0x6f, 0xd0, 0x0, 0x0,
    0x8, 0xff, 0x63, 0x6f, 0xf8, 0x0, 0x0, 0x0,
    0xd, 0xff, 0xff, 0xfd, 0x0, 0x0, 0x0, 0x0,
    0x8, 0xdf, 0xd8, 0x0, 0x0, 0x0, 0x0, 0x0,
    0x0, 0x0, 0x0, 0x0, 0x0, 0x0, 0x0, 0x0,
    0x0, 0x0, 0x0, 0x0, 0x0, 0x0, 0x29, 0xdf,
    0xe9, 0x10, 0xdf, 0xfa, 0x0, 0x4f, 0xff, 0xff,
    0xfe, 0x2d, 0xff, 0xa0, 0x3f, 0xff, 0xff, 0xff,
    0xfc, 0xef, 0xfa, 0xc, 0xff, 0xfb, 0x20, 0x2b,
    0xff, 0xff, 0xa2, 0xff, 0xfc, 0x0, 0x0, 0xc,
    0xff, 0xfa, 0x7f, 0xff, 0x50, 0x0, 0x0, 0x5f,
    0xff, 0xaa, 0xff, 0xf0, 0x0, 0x0, 0x0, 0xff,
    0xfa, 0xbf, 0xfe, 0x0, 0x0, 0x0, 0xf, 0xff,
    0xac, 0xff, 0xe0, 0x0, 0x0, 0x0, 0xef, 0xfa,
    0xaf, 0xff, 0x0, 0x0, 0x0, 0xf, 0xff, 0xa8,
    0xff, 0xf3, 0x0, 0x0, 0x3, 0xff, 0xfa, 0x4f,
    0xff, 0xa0, 0x0, 0x0, 0xaf, 0xff, 0xa0, 0xef,
    0xff, 0x81, 0x1, 0x9f, 0xff, 0xfa, 0x4, 0xff,
    0xff, 0xfe, 0xff, 0x8e, 0xff, 0xa0, 0x6, 0xff,
    0xff, 0xff, 0xd0, 0xef, 0xfa, 0x0, 0x3, 0xad,
    0xfe, 0x91, 0xe, 0xff, 0x90, 0x0, 0x0, 0x0,
    0x0, 0x0, 0xff, 0xf8, 0x0, 0x16, 0x0, 0x0,
    0x0, 0x4f, 0xff, 0x60, 0xcf, 0xfb, 0x20, 0x0,
    0x4e, 0xff, 0xf1, 0x9, 0xff, 0xff, 0xed, 0xef,
    0xff, 0xf7, 0x0, 0x9, 0xff, 0xff, 0xff, 0xff,
    0xf7, 0x0, 0x0, 0x3, 0x9d, 0xff, 0xec, 0x82,
    0x0, 0x0,

    /* U+0120 "?" */
    0x0, 0x0, 0x0, 0x0, 0x9f, 0xc1, 0x0, 0x0,
    0x0, 0x0, 0x0, 0x0, 0x0, 0x4f, 0xff, 0xa0,
    0x0, 0x0, 0x0, 0x0, 0x0, 0x0, 0x4, 0xff,
    0xfa, 0x0, 0x0, 0x0, 0x0, 0x0, 0x0, 0x0,
    0xa, 0xfd, 0x20, 0x0, 0x0, 0x0, 0x0, 0x0,
    0x0, 0x0, 0x0, 0x0, 0x0, 0x0, 0x0, 0x0,
    0x0, 0x0, 0x0, 0x0, 0x0, 0x0, 0x0, 0x0,
    0x0, 0x0, 0x0, 0x0, 0x0, 0x0, 0x0, 0x0,
    0x0, 0x0, 0x0, 0x0, 0x0, 0x17, 0xbe, 0xfe,
    0xd9, 0x30, 0x0, 0x0, 0x0, 0x0, 0x6f, 0xff,
    0xff, 0xff, 0xff, 0xb1, 0x0, 0x0, 0x0, 0x9f,
    0xff, 0xff, 0xff, 0xff, 0xff, 0xe2, 0x0, 0x0,
    0x7f, 0xff, 0xfe, 0x86, 0x7a, 0xff, 0xff, 0xd0,
    0x0, 0x2f, 0xff, 0xf8, 0x0, 0x0, 0x2, 0xdf,
    0xff, 0x80, 0xa, 0xff, 0xf8, 0x0, 0x0, 0x0,
    0x2, 0xff, 0xfe, 0x0, 0xff, 0xfe, 0x0, 0x0,
    0x0, 0x0, 0x8, 0xdd, 0xd2, 0x4f, 0xff, 0x80,
    0x0, 0x0, 0x0, 0x0, 0x0, 0x0, 0x7, 0xff,
    0xf4, 0x0, 0x0, 0x0, 0x0, 0x0, 0x0, 0x0,
    0x8f, 0xff, 0x20, 0x0, 0x0, 0x0, 0x0, 0x0,
    0x0, 0x9, 0xff, 0xf1, 0x0, 0x0, 0xc, 0xff,
    0xff, 0xff, 0xf7, 0x8f, 0xff, 0x20, 0x0, 0x0,
    0xcf, 0xff, 0xff, 0xff, 0x77, 0xff, 0xf4, 0x0,
    0x0, 0xb, 0xff, 0xff, 0xff, 0xf7, 0x4f, 0xff,
    0x70, 0x0, 0x0, 0x0, 0x0, 0x1f, 0xff, 0x60,
    0xff, 0xfd, 0x0, 0x0, 0x0, 0x0, 0x5, 0xff,
    0xf4, 0xa, 0xff, 0xf7, 0x0, 0x0, 0x0, 0x0,
    0xcf, 0xff, 0x0, 0x3f, 0xff, 0xf7, 0x0, 0x0,
    0x0, 0xaf, 0xff, 0x90, 0x0, 0x8f, 0xff, 0xfd,
    0x86, 0x69, 0xef, 0xff, 0xe1, 0x0, 0x0, 0xaf,
    0xff, 0xff, 0xff, 0xff, 0xff, 0xf3, 0x0, 0x0,
    0x0, 0x7f, 0xff, 0xff, 0xff, 0xff, 0xc2, 0x0,
    0x0, 0x0, 0x0, 0x17, 0xbe, 0xff, 0xda, 0x50,
    0x0, 0x0,

    /* U+0121 "?" */
    0x0, 0x0, 0x0, 0x0, 0x0, 0x0, 0x0, 0x0,
    0x0, 0x0, 0xb, 0xfb, 0x0, 0x0, 0x0, 0x0,
    0x0, 0x7, 0xff, 0xf7, 0x0, 0x0, 0x0, 0x0,
    0x0, 0x7f, 0xff, 0x70, 0x0, 0x0, 0x0, 0x0,
    0x0, 0xbf, 0xb0, 0x0, 0x0, 0x0, 0x0, 0x0,
    0x0, 0x0, 0x0, 0x0, 0x0, 0x0, 0x0, 0x0,
    0x0, 0x0, 0x0, 0x0, 0x0, 0x0, 0x29, 0xdf,
    0xe9, 0x10, 0xdf, 0xfa, 0x0, 0x4f, 0xff, 0xff,
    0xfe, 0x2d, 0xff, 0xa0, 0x3f, 0xff, 0xff, 0xff,
    0xfc, 0xef, 0xfa, 0xc, 0xff, 0xfb, 0x20, 0x2b,
    0xff, 0xff, 0xa2, 0xff, 0xfc, 0x0, 0x0, 0xc,
    0xff, 0xfa, 0x7f, 0xff, 0x50, 0x0, 0x0, 0x5f,
    0xff, 0xaa, 0xff, 0xf0, 0x0, 0x0, 0x0, 0xff,
    0xfa, 0xbf, 0xfe, 0x0, 0x0, 0x0, 0xf, 0xff,
    0xac, 0xff, 0xe0, 0x0, 0x0, 0x0, 0xef, 0xfa,
    0xaf, 0xff, 0x0, 0x0, 0x0, 0xf, 0xff, 0xa8,
    0xff, 0xf3, 0x0, 0x0, 0x3, 0xff, 0xfa, 0x4f,
    0xff, 0xa0, 0x0, 0x0, 0xaf, 0xff, 0xa0, 0xef,
    0xff, 0x81, 0x1, 0x9f, 0xff, 0xfa, 0x4, 0xff,
    0xff, 0xfe, 0xff, 0xce, 0xff, 0xa0, 0x6, 0xff,
    0xff, 0xff, 0xe2, 0xef, 0xfa, 0x0, 0x3, 0xad,
    0xfe, 0xa2, 0xe, 0xff, 0x90, 0x0, 0x0, 0x0,
    0x0, 0x0, 0xff, 0xf8, 0x0, 0x16, 0x0, 0x0,
    0x0, 0x3f, 0xff, 0x60, 0xcf, 0xfb, 0x20, 0x0,
    0x3d, 0xff, 0xf1, 0x9, 0xff, 0xff, 0xed, 0xef,
    0xff, 0xf7, 0x0, 0x9, 0xff, 0xff, 0xff, 0xff,
    0xf7, 0x0, 0x0, 0x3, 0x9d, 0xff, 0xec, 0x82,
    0x0, 0x0,

    /* U+0122 "?" */
    0x0, 0x0, 0x1, 0x7b, 0xef, 0xed, 0x93, 0x0,
    0x0, 0x0, 0x0, 0x6, 0xff, 0xff, 0xff, 0xff,
    0xfb, 0x10, 0x0, 0x0, 0x9, 0xff, 0xff, 0xff,
    0xff, 0xff, 0xfe, 0x20, 0x0, 0x7, 0xff, 0xff,
    0xe8, 0x67, 0xaf, 0xff, 0xfd, 0x0, 0x2, 0xff,
    0xff, 0x80, 0x0, 0x0, 0x2d, 0xff, 0xf8, 0x0,
    0xaf, 0xff, 0x80, 0x0, 0x0, 0x0, 0x2f, 0xff,
    0xe0, 0xf, 0xff, 0xe0, 0x0, 0x0, 0x0, 0x0,
    0x8d, 0xdd, 0x24, 0xff, 0xf8, 0x0, 0x0, 0x0,
    0x0, 0x0, 0x0, 0x0, 0x7f, 0xff, 0x40, 0x0,
    0x0, 0x0, 0x0, 0x0, 0x0, 0x8, 0xff, 0xf2,
    0x0, 0x0, 0x0, 0x0, 0x0, 0x0, 0x0, 0x9f,
    0xff, 0x10, 0x0, 0x0, 0xcf, 0xff, 0xff, 0xff,
    0x78, 0xff, 0xf2, 0x0, 0x0, 0xc, 0xff, 0xff,
    0xff, 0xf7, 0x7f, 0xff, 0x40, 0x0, 0x0, 0xbf,
    0xff, 0xff, 0xff, 0x74, 0xff, 0xf7, 0x0, 0x0,
    0x0, 0x0, 0x1, 0xff, 0xf6, 0xf, 0xff, 0xd0,
    0x0, 0x0, 0x0, 0x0, 0x5f, 0xff, 0x40, 0xaf,
    0xff, 0x70, 0x0, 0x0, 0x0, 0xc, 0xff, 0xf0,
    0x3, 0xff, 0xff, 0x70, 0x0, 0x0, 0xa, 0xff,
    0xf9, 0x0, 0x8, 0xff, 0xff, 0xd8, 0x66, 0x9e,
    0xff, 0xfe, 0x10, 0x0, 0xa, 0xff, 0xff, 0xff,
    0xff, 0xff, 0xff, 0x30, 0x0, 0x0, 0x7, 0xff,
    0xff, 0xff, 0xff, 0xfc, 0x20, 0x0, 0x0, 0x0,
    0x1, 0x7b, 0xef, 0xfd, 0xa5, 0x0, 0x0, 0x0,
    0x0, 0x0, 0x0, 0x0, 0x0, 0x0, 0x0, 0x0,
    0x0, 0x0, 0x0, 0x0, 0x3, 0xff, 0xf1, 0x0,
    0x0, 0x0, 0x0, 0x0, 0x0, 0x0, 0x6f, 0xfb,
    0x0, 0x0, 0x0, 0x0, 0x0, 0x0, 0x0, 0xa,
    0xff, 0x50, 0x0, 0x0, 0x0, 0x0, 0x0, 0x0,
    0x0, 0xef, 0xe0, 0x0, 0x0, 0x0, 0x0, 0x0,
    0x0, 0x0, 0x1f, 0xf8, 0x0, 0x0, 0x0, 0x0,
    0x0, 0x0, 0x0, 0x0, 0x22, 0x0, 0x0, 0x0,
    0x0, 0x0,

    /* U+0123 "?" */
    0x0, 0x0, 0x0, 0x4, 0x81, 0x0, 0x0, 0x0,
    0x0, 0x0, 0x1, 0xef, 0xb0, 0x0, 0x0, 0x0,
    0x0, 0x0, 0x7f, 0xf4, 0x0, 0x0, 0x0, 0x0,
    0x0, 0xb, 0xfe, 0x0, 0x0, 0x0, 0x0, 0x0,
    0x0, 0xcf, 0xd0, 0x0, 0x0, 0x0, 0x0, 0x0,
    0xd, 0xfc, 0x0, 0x0, 0x0, 0x0, 0x0, 0x0,
    0x68, 0x60, 0x0, 0x0, 0x0, 0x0, 0x0, 0x0,
    0x0, 0x0, 0x0, 0x0, 0x0, 0x2, 0x9d, 0xfe,
    0x91, 0xd, 0xff, 0xa0, 0x4, 0xff, 0xff, 0xff,
    0xe2, 0xdf, 0xfa, 0x3, 0xff, 0xff, 0xff, 0xff,
    0xce, 0xff, 0xa0, 0xcf, 0xff, 0xb2, 0x2, 0xbf,
    0xff, 0xfa, 0x2f, 0xff, 0xc0, 0x0, 0x0, 0xcf,
    0xff, 0xa7, 0xff, 0xf5, 0x0, 0x0, 0x5, 0xff,
    0xfa, 0xaf, 0xff, 0x0, 0x0, 0x0, 0xf, 0xff,
    0xab, 0xff, 0xe0, 0x0, 0x0, 0x0, 0xff, 0xfa,
    0xcf, 0xfe, 0x0, 0x0, 0x0, 0xe, 0xff, 0xaa,
    0xff, 0xf0, 0x0, 0x0, 0x0, 0xff, 0xfa, 0x8f,
    0xff, 0x30, 0x0, 0x0, 0x3f, 0xff, 0xa4, 0xff,
    0xfa, 0x0, 0x0, 0xa, 0xff, 0xfa, 0xe, 0xff,
    0xf8, 0x10, 0x19, 0xff, 0xff, 0xa0, 0x4f, 0xff,
    0xff, 0xef, 0xfc, 0xef, 0xfa, 0x0, 0x6f, 0xff,
    0xff, 0xfe, 0x2e, 0xff, 0xa0, 0x0, 0x3a, 0xdf,
    0xea, 0x20, 0xef, 0xf9, 0x0, 0x0, 0x0, 0x0,
    0x0, 0xf, 0xff, 0x80, 0x1, 0x60, 0x0, 0x0,
    0x3, 0xff, 0xf6, 0xc, 0xff, 0xb2, 0x0, 0x3,
    0xdf, 0xff, 0x10, 0x9f, 0xff, 0xfe, 0xde, 0xff,
    0xff, 0x70, 0x0, 0x9f, 0xff, 0xff, 0xff, 0xff,
    0x70, 0x0, 0x0, 0x39, 0xdf, 0xfe, 0xc8, 0x20,
    0x0,

    /* U+0124 "?" */
    0x0, 0x0, 0x0, 0x18, 0x87, 0x0, 0x0, 0x0,
    0x0, 0x0, 0x0, 0xc, 0xff, 0xfb, 0x0, 0x0,
    0x0, 0x0, 0x0, 0xb, 0xff, 0xbf, 0xf8, 0x0,
    0x0, 0x0, 0x0, 0x8, 0xff, 0x90, 0xbf, 0xf5,
    0x0, 0x0, 0x0, 0x6, 0xff, 0xd0, 0x1, 0xef,
    0xf3, 0x0, 0x0, 0x0, 0x0, 0x0, 0x0, 0x0,
    0x0, 0x0, 0x0, 0x0, 0x0, 0x0, 0x0, 0x0,
    0x0, 0x0, 0x0, 0xf, 0xff, 0xb0, 0x0, 0x0,
    0x0, 0x0, 0xdf, 0xfd, 0xff, 0xfb, 0x0, 0x0,
    0x0, 0x0, 0xd, 0xff, 0xdf, 0xff, 0xb0, 0x0,
    0x0, 0x0, 0x0, 0xdf, 0xfd, 0xff, 0xfb, 0x0,
    0x0, 0x0, 0x0, 0xd, 0xff, 0xdf, 0xff, 0xb0,
    0x0, 0x0, 0x0, 0x0, 0xdf, 0xfd, 0xff, 0xfb,
    0x0, 0x0, 0x0, 0x0, 0xd, 0xff, 0xdf, 0xff,
    0xb0, 0x0, 0x0, 0x0, 0x0, 0xdf, 0xfd, 0xff,
    0xfb, 0x0, 0x0, 0x0, 0x0, 0xd, 0xff, 0xdf,
    0xff, 0xc2, 0x22, 0x22, 0x22, 0x22, 0xdf, 0xfd,
    0xff, 0xff, 0xff, 0xff, 0xff, 0xff, 0xff, 0xff,
    0xdf, 0xff, 0xff, 0xff, 0xff, 0xff, 0xff, 0xff,
    0xfd, 0xff, 0xff, 0xff, 0xff, 0xff, 0xff, 0xff,
    0xff, 0xdf, 0xff, 0xb0, 0x0, 0x0, 0x0, 0x0,
    0xdf, 0xfd, 0xff, 0xfb, 0x0, 0x0, 0x0, 0x0,
    0xd, 0xff, 0xdf, 0xff, 0xb0, 0x0, 0x0, 0x0,
    0x0, 0xdf, 0xfd, 0xff, 0xfb, 0x0, 0x0, 0x0,
    0x0, 0xd, 0xff, 0xdf, 0xff, 0xb0, 0x0, 0x0,
    0x0, 0x0, 0xdf, 0xfd, 0xff, 0xfb, 0x0, 0x0,
    0x0, 0x0, 0xd, 0xff, 0xdf, 0xff, 0xb0, 0x0,
    0x0, 0x0, 0x0, 0xdf, 0xfd, 0xff, 0xfb, 0x0,
    0x0, 0x0, 0x0, 0xd, 0xff, 0xdf, 0xff, 0xb0,
    0x0, 0x0, 0x0, 0x0, 0xdf, 0xfd,

    /* U+0125 "?" */
    0x0, 0x0, 0x78, 0x82, 0x0, 0x0, 0x0, 0x0,
    0x0, 0x0, 0xa, 0xff, 0xfd, 0x0, 0x0, 0x0,
    0x0, 0x0, 0x0, 0x8f, 0xfb, 0xff, 0xb0, 0x0,
    0x0, 0x0, 0x0, 0x5, 0xff, 0xc0, 0x8f, 0xf8,
    0x0, 0x0, 0x0, 0x0, 0x3f, 0xfe, 0x10, 0xc,
    0xff, 0x50, 0x0, 0x0, 0x0, 0x0, 0x0, 0x0,
    0x0, 0x0, 0x0, 0x0, 0x0, 0x0, 0x0, 0x0,
    0x0, 0x0, 0x0, 0x0, 0x0, 0x0, 0x0, 0x0,
    0x1, 0xff, 0xf6, 0x0, 0x0, 0x0, 0x0, 0x0,
    0x0, 0x1, 0xff, 0xf6, 0x0, 0x0, 0x0, 0x0,
    0x0, 0x0, 0x1, 0xff, 0xf6, 0x0, 0x0, 0x0,
    0x0, 0x0, 0x0, 0x1, 0xff, 0xf6, 0x0, 0x0,
    0x0, 0x0, 0x0, 0x0, 0x1, 0xff, 0xf6, 0x0,
    0x0, 0x0, 0x0, 0x0, 0x0, 0x1, 0xff, 0xf6,
    0x5, 0xce, 0xfc, 0x60, 0x0, 0x0, 0x1, 0xff,
    0xf6, 0x8f, 0xff, 0xff, 0xfb, 0x0, 0x0, 0x1,
    0xff, 0xfa, 0xff, 0xff, 0xff, 0xff, 0x70, 0x0,
    0x1, 0xff, 0xff, 0xe5, 0x24, 0xbf, 0xff, 0xe0,
    0x0, 0x1, 0xff, 0xff, 0x20, 0x0, 0xd, 0xff,
    0xf2, 0x0, 0x1, 0xff, 0xfa, 0x0, 0x0, 0x7,
    0xff, 0xf3, 0x0, 0x1, 0xff, 0xf7, 0x0, 0x0,
    0x5, 0xff, 0xf4, 0x0, 0x1, 0xff, 0xf7, 0x0,
    0x0, 0x5, 0xff, 0xf4, 0x0, 0x1, 0xff, 0xf7,
    0x0, 0x0, 0x5, 0xff, 0xf4, 0x0, 0x1, 0xff,
    0xf7, 0x0, 0x0, 0x5, 0xff, 0xf4, 0x0, 0x1,
    0xff, 0xf7, 0x0, 0x0, 0x5, 0xff, 0xf4, 0x0,
    0x1, 0xff, 0xf7, 0x0, 0x0, 0x5, 0xff, 0xf4,
    0x0, 0x1, 0xff, 0xf7, 0x0, 0x0, 0x5, 0xff,
    0xf4, 0x0, 0x1, 0xff, 0xf7, 0x0, 0x0, 0x5,
    0xff, 0xf4, 0x0, 0x1, 0xff, 0xf7, 0x0, 0x0,
    0x5, 0xff, 0xf4, 0x0, 0x1, 0xff, 0xf7, 0x0,
    0x0, 0x5, 0xff, 0xf4,

    /* U+0126 "?" */
    0x3, 0xff, 0xf7, 0x0, 0x0, 0x0, 0x0, 0x1f,
    0xff, 0x90, 0x0, 0x3f, 0xff, 0x70, 0x0, 0x0,
    0x0, 0x1, 0xff, 0xf9, 0x0, 0x3, 0xff, 0xf7,
    0x0, 0x0, 0x0, 0x0, 0x1f, 0xff, 0x90, 0x0,
    0x3f, 0xff, 0x70, 0x0, 0x0, 0x0, 0x1, 0xff,
    0xf9, 0x0, 0xdf, 0xff, 0xff, 0xff, 0xff, 0xff,
    0xff, 0xff, 0xff, 0xff, 0x2d, 0xff, 0xff, 0xff,
    0xff, 0xff, 0xff, 0xff, 0xff, 0xff, 0xf2, 0x47,
    0xff, 0xfa, 0x55, 0x55, 0x55, 0x55, 0x6f, 0xff,
    0xb5, 0x0, 0x3f, 0xff, 0x70, 0x0, 0x0, 0x0,
    0x1, 0xff, 0xf9, 0x0, 0x3, 0xff, 0xf8, 0x22,
    0x22, 0x22, 0x22, 0x3f, 0xff, 0x90, 0x0, 0x3f,
    0xff, 0xff, 0xff, 0xff, 0xff, 0xff, 0xff, 0xf9,
    0x0, 0x3, 0xff, 0xff, 0xff, 0xff, 0xff, 0xff,
    0xff, 0xff, 0x90, 0x0, 0x3f, 0xff, 0xff, 0xff,
    0xff, 0xff, 0xff, 0xff, 0xf9, 0x0, 0x3, 0xff,
    0xf7, 0x0, 0x0, 0x0, 0x0, 0x1f, 0xff, 0x90,
    0x0, 0x3f, 0xff, 0x70, 0x0, 0x0, 0x0, 0x1,
    0xff, 0xf9, 0x0, 0x3, 0xff, 0xf7, 0x0, 0x0,
    0x0, 0x0, 0x1f, 0xff, 0x90, 0x0, 0x3f, 0xff,
    0x70, 0x0, 0x0, 0x0, 0x1, 0xff, 0xf9, 0x0,
    0x3, 0xff, 0xf7, 0x0, 0x0, 0x0, 0x0, 0x1f,
    0xff, 0x90, 0x0, 0x3f, 0xff, 0x70, 0x0, 0x0,
    0x0, 0x1, 0xff, 0xf9, 0x0, 0x3, 0xff, 0xf7,
    0x0, 0x0, 0x0, 0x0, 0x1f, 0xff, 0x90, 0x0,
    0x3f, 0xff, 0x70, 0x0, 0x0, 0x0, 0x1, 0xff,
    0xf9, 0x0, 0x3, 0xff, 0xf7, 0x0, 0x0, 0x0,
    0x0, 0x1f, 0xff, 0x90, 0x0,

    /* U+0127 "?" */
    0x0, 0x1f, 0xff, 0x60, 0x0, 0x0, 0x0, 0x0,
    0x0, 0x57, 0xff, 0xfb, 0x55, 0x52, 0x0, 0x0,
    0x0, 0xf, 0xff, 0xff, 0xff, 0xff, 0x70, 0x0,
    0x0, 0x0, 0xff, 0xff, 0xff, 0xff, 0xf7, 0x0,
    0x0, 0x0, 0x0, 0x1f, 0xff, 0x60, 0x0, 0x0,
    0x0, 0x0, 0x0, 0x1, 0xff, 0xf6, 0x5, 0xce,
    0xfc, 0x60, 0x0, 0x0, 0x1f, 0xff, 0x68, 0xff,
    0xff, 0xff, 0xb0, 0x0, 0x1, 0xff, 0xfa, 0xff,
    0xff, 0xff, 0xff, 0x70, 0x0, 0x1f, 0xff, 0xfe,
    0x52, 0x4b, 0xff, 0xfe, 0x0, 0x1, 0xff, 0xff,
    0x20, 0x0, 0xd, 0xff, 0xf2, 0x0, 0x1f, 0xff,
    0xa0, 0x0, 0x0, 0x7f, 0xff, 0x30, 0x1, 0xff,
    0xf7, 0x0, 0x0, 0x5, 0xff, 0xf4, 0x0, 0x1f,
    0xff, 0x70, 0x0, 0x0, 0x5f, 0xff, 0x40, 0x1,
    0xff, 0xf7, 0x0, 0x0, 0x5, 0xff, 0xf4, 0x0,
    0x1f, 0xff, 0x70, 0x0, 0x0, 0x5f, 0xff, 0x40,
    0x1, 0xff, 0xf7, 0x0, 0x0, 0x5, 0xff, 0xf4,
    0x0, 0x1f, 0xff, 0x70, 0x0, 0x0, 0x5f, 0xff,
    0x40, 0x1, 0xff, 0xf7, 0x0, 0x0, 0x5, 0xff,
    0xf4, 0x0, 0x1f, 0xff, 0x70, 0x0, 0x0, 0x5f,
    0xff, 0x40, 0x1, 0xff, 0xf7, 0x0, 0x0, 0x5,
    0xff, 0xf4, 0x0, 0x1f, 0xff, 0x70, 0x0, 0x0,
    0x5f, 0xff, 0x40,

    /* U+0128 "?" */
    0x6, 0xee, 0xb4, 0x1d, 0xf4, 0x3f, 0xff, 0xff,
    0xff, 0xf1, 0x8f, 0xc4, 0x9f, 0xff, 0x60, 0x13,
    0x10, 0x0, 0x20, 0x0, 0x0, 0x0, 0x0, 0x0,
    0x0, 0x0, 0x0, 0x0, 0x0, 0x0, 0x0, 0xf,
    0xff, 0xb0, 0x0, 0x0, 0xf, 0xff, 0xb0, 0x0,
    0x0, 0xf, 0xff, 0xb0, 0x0, 0x0, 0xf, 0xff,
    0xb0, 0x0, 0x0, 0xf, 0xff, 0xb0, 0x0, 0x0,
    0xf, 0xff, 0xb0, 0x0, 0x0, 0xf, 0xff, 0xb0,
    0x0, 0x0, 0xf, 0xff, 0xb0, 0x0, 0x0, 0xf,
    0xff, 0xb0, 0x0, 0x0, 0xf, 0xff, 0xb0, 0x0,
    0x0, 0xf, 0xff, 0xb0, 0x0, 0x0, 0xf, 0xff,
    0xb0, 0x0, 0x0, 0xf, 0xff, 0xb0, 0x0, 0x0,
    0xf, 0xff, 0xb0, 0x0, 0x0, 0xf, 0xff, 0xb0,
    0x0, 0x0, 0xf, 0xff, 0xb0, 0x0, 0x0, 0xf,
    0xff, 0xb0, 0x0, 0x0, 0xf, 0xff, 0xb0, 0x0,
    0x0, 0xf, 0xff, 0xb0, 0x0, 0x0, 0xf, 0xff,
    0xb0, 0x0, 0x0, 0xf, 0xff, 0xb0, 0x0,

    /* U+0129 "?" */
    0x9, 0xee, 0xb5, 0x4f, 0xf1, 0x7f, 0xff, 0xff,
    0xff, 0xc0, 0xbf, 0x94, 0x9d, 0xfc, 0x20, 0x0,
    0x0, 0x0, 0x0, 0x0, 0x0, 0x0, 0x0, 0x0,
    0x0, 0x0, 0x1f, 0xff, 0x70, 0x0, 0x0, 0x1f,
    0xff, 0x70, 0x0, 0x0, 0x1f, 0xff, 0x70, 0x0,
    0x0, 0x1f, 0xff, 0x70, 0x0, 0x0, 0x1f, 0xff,
    0x70, 0x0, 0x0, 0x1f, 0xff, 0x70, 0x0, 0x0,
    0x1f, 0xff, 0x70, 0x0, 0x0, 0x1f, 0xff, 0x70,
    0x0, 0x0, 0x1f, 0xff, 0x70, 0x0, 0x0, 0x1f,
    0xff, 0x70, 0x0, 0x0, 0x1f, 0xff, 0x70, 0x0,
    0x0, 0x1f, 0xff, 0x70, 0x0, 0x0, 0x1f, 0xff,
    0x70, 0x0, 0x0, 0x1f, 0xff, 0x70, 0x0, 0x0,
    0x1f, 0xff, 0x70, 0x0, 0x0, 0x1f, 0xff, 0x70,
    0x0,

    /* U+012A "?" */
    0x7, 0x77, 0x77, 0x77, 0x50, 0xff, 0xff, 0xff,
    0xfc, 0xf, 0xff, 0xff, 0xff, 0xc0, 0x0, 0x0,
    0x0, 0x0, 0x0, 0x0, 0x0, 0x0, 0x0, 0x0,
    0x0, 0x0, 0x0, 0x0, 0xf, 0xff, 0xb0, 0x0,
    0x0, 0xff, 0xfb, 0x0, 0x0, 0xf, 0xff, 0xb0,
    0x0, 0x0, 0xff, 0xfb, 0x0, 0x0, 0xf, 0xff,
    0xb0, 0x0, 0x0, 0xff, 0xfb, 0x0, 0x0, 0xf,
    0xff, 0xb0, 0x0, 0x0, 0xff, 0xfb, 0x0, 0x0,
    0xf, 0xff, 0xb0, 0x0, 0x0, 0xff, 0xfb, 0x0,
    0x0, 0xf, 0xff, 0xb0, 0x0, 0x0, 0xff, 0xfb,
    0x0, 0x0, 0xf, 0xff, 0xb0, 0x0, 0x0, 0xff,
    0xfb, 0x0, 0x0, 0xf, 0xff, 0xb0, 0x0, 0x0,
    0xff, 0xfb, 0x0, 0x0, 0xf, 0xff, 0xb0, 0x0,
    0x0, 0xff, 0xfb, 0x0, 0x0, 0xf, 0xff, 0xb0,
    0x0, 0x0, 0xff, 0xfb, 0x0, 0x0, 0xf, 0xff,
    0xb0, 0x0,

    /* U+012B "?" */
    0x4f, 0xff, 0xff, 0xff, 0x94, 0xff, 0xff, 0xff,
    0xf9, 0x17, 0x77, 0x77, 0x77, 0x40, 0x0, 0x0,
    0x0, 0x0, 0x0, 0x0, 0x0, 0x0, 0x0, 0x1,
    0xff, 0xf7, 0x0, 0x0, 0x1f, 0xff, 0x70, 0x0,
    0x1, 0xff, 0xf7, 0x0, 0x0, 0x1f, 0xff, 0x70,
    0x0, 0x1, 0xff, 0xf7, 0x0, 0x0, 0x1f, 0xff,
    0x70, 0x0, 0x1, 0xff, 0xf7, 0x0, 0x0, 0x1f,
    0xff, 0x70, 0x0, 0x1, 0xff, 0xf7, 0x0, 0x0,
    0x1f, 0xff, 0x70, 0x0, 0x1, 0xff, 0xf7, 0x0,
    0x0, 0x1f, 0xff, 0x70, 0x0, 0x1, 0xff, 0xf7,
    0x0, 0x0, 0x1f, 0xff, 0x70, 0x0, 0x1, 0xff,
    0xf7, 0x0, 0x0, 0x1f, 0xff, 0x70, 0x0,

    /* U+012C "?" */
    0x48, 0x50, 0x0, 0x7, 0x82, 0x7f, 0xd0, 0x0,
    0x1f, 0xf3, 0x1f, 0xfa, 0x34, 0xdf, 0xd0, 0x6,
    0xff, 0xff, 0xff, 0x30, 0x0, 0x4c, 0xfe, 0xa2,
    0x0, 0x0, 0x0, 0x0, 0x0, 0x0, 0x0, 0x0,
    0x0, 0x0, 0x0, 0x0, 0xf, 0xff, 0xb0, 0x0,
    0x0, 0xf, 0xff, 0xb0, 0x0, 0x0, 0xf, 0xff,
    0xb0, 0x0, 0x0, 0xf, 0xff, 0xb0, 0x0, 0x0,
    0xf, 0xff, 0xb0, 0x0, 0x0, 0xf, 0xff, 0xb0,
    0x0, 0x0, 0xf, 0xff, 0xb0, 0x0, 0x0, 0xf,
    0xff, 0xb0, 0x0, 0x0, 0xf, 0xff, 0xb0, 0x0,
    0x0, 0xf, 0xff, 0xb0, 0x0, 0x0, 0xf, 0xff,
    0xb0, 0x0, 0x0, 0xf, 0xff, 0xb0, 0x0, 0x0,
    0xf, 0xff, 0xb0, 0x0, 0x0, 0xf, 0xff, 0xb0,
    0x0, 0x0, 0xf, 0xff, 0xb0, 0x0, 0x0, 0xf,
    0xff, 0xb0, 0x0, 0x0, 0xf, 0xff, 0xb0, 0x0,
    0x0, 0xf, 0xff, 0xb0, 0x0, 0x0, 0xf, 0xff,
    0xb0, 0x0, 0x0, 0xf, 0xff, 0xb0, 0x0, 0x0,
    0xf, 0xff, 0xb0, 0x0,

    /* U+012D "?" */
    0xbf, 0x80, 0x0, 0x3f, 0xf0, 0x7f, 0xf4, 0x2,
    0xcf, 0xc0, 0xd, 0xff, 0xff, 0xff, 0x30, 0x1,
    0xaf, 0xff, 0xc3, 0x0, 0x0, 0x0, 0x20, 0x0,
    0x0, 0x0, 0x0, 0x0, 0x0, 0x0, 0x0, 0x1f,
    0xff, 0x70, 0x0, 0x0, 0x1f, 0xff, 0x70, 0x0,
    0x0, 0x1f, 0xff, 0x70, 0x0, 0x0, 0x1f, 0xff,
    0x70, 0x0, 0x0, 0x1f, 0xff, 0x70, 0x0, 0x0,
    0x1f, 0xff, 0x70, 0x0, 0x0, 0x1f, 0xff, 0x70,
    0x0, 0x0, 0x1f, 0xff, 0x70, 0x0, 0x0, 0x1f,
    0xff, 0x70, 0x0, 0x0, 0x1f, 0xff, 0x70, 0x0,
    0x0, 0x1f, 0xff, 0x70, 0x0, 0x0, 0x1f, 0xff,
    0x70, 0x0, 0x0, 0x1f, 0xff, 0x70, 0x0, 0x0,
    0x1f, 0xff, 0x70, 0x0, 0x0, 0x1f, 0xff, 0x70,
    0x0, 0x0, 0x1f, 0xff, 0x70, 0x0,

    /* U+012E "?" */
    0x0, 0xff, 0xfb, 0x0, 0xf, 0xff, 0xb0, 0x0,
    0xff, 0xfb, 0x0, 0xf, 0xff, 0xb0, 0x0, 0xff,
    0xfb, 0x0, 0xf, 0xff, 0xb0, 0x0, 0xff, 0xfb,
    0x0, 0xf, 0xff, 0xb0, 0x0, 0xff, 0xfb, 0x0,
    0xf, 0xff, 0xb0, 0x0, 0xff, 0xfb, 0x0, 0xf,
    0xff, 0xb0, 0x0, 0xff, 0xfb, 0x0, 0xf, 0xff,
    0xb0, 0x0, 0xff, 0xfb, 0x0, 0xf, 0xff, 0xb0,
    0x0, 0xff, 0xfb, 0x0, 0xf, 0xff, 0xb0, 0x0,
    0xff, 0xfb, 0x0, 0xf, 0xff, 0xb0, 0x0, 0xff,
    0xfb, 0x0, 0x9f, 0xfc, 0x20, 0x4f, 0xfc, 0x0,
    0xa, 0xff, 0x70, 0x0, 0xbf, 0xfd, 0x78, 0x5,
    0xff, 0xff, 0xf2, 0x6, 0xdf, 0xeb, 0x20,

    /* U+012F "?" */
    0x0, 0x0, 0x0, 0x0, 0x0, 0x9, 0xfc, 0x20,
    0x0, 0x4f, 0xff, 0xa0, 0x0, 0x4f, 0xff, 0xa0,
    0x0, 0x9, 0xfc, 0x20, 0x0, 0x0, 0x0, 0x0,
    0x0, 0x0, 0x0, 0x0, 0x0, 0x1f, 0xff, 0x70,
    0x0, 0x1f, 0xff, 0x70, 0x0, 0x1f, 0xff, 0x70,
    0x0, 0x1f, 0xff, 0x70, 0x0, 0x1f, 0xff, 0x70,
    0x0, 0x1f, 0xff, 0x70, 0x0, 0x1f, 0xff, 0x70,
    0x0, 0x1f, 0xff, 0x70, 0x0, 0x1f, 0xff, 0x70,
    0x0, 0x1f, 0xff, 0x70, 0x0, 0x1f, 0xff, 0x70,
    0x0, 0x1f, 0xff, 0x70, 0x0, 0x1f, 0xff, 0x70,
    0x0, 0x1f, 0xff, 0x70, 0x0, 0x1f, 0xff, 0x70,
    0x0, 0x2f, 0xff, 0x70, 0x0, 0xcf, 0xf9, 0x0,
    0x9, 0xff, 0x80, 0x0, 0xe, 0xff, 0x30, 0x0,
    0xf, 0xff, 0xb8, 0x50, 0xa, 0xff, 0xff, 0xd0,
    0x0, 0x8d, 0xfd, 0x90,

    /* U+0130 "?" */
    0x0, 0x0, 0x0, 0x6f, 0xe4, 0x1f, 0xff, 0xd1,
    0xff, 0xfd, 0x6, 0xed, 0x40, 0x0, 0x0, 0x0,
    0x0, 0x0, 0xff, 0xfb, 0xf, 0xff, 0xb0, 0xff,
    0xfb, 0xf, 0xff, 0xb0, 0xff, 0xfb, 0xf, 0xff,
    0xb0, 0xff, 0xfb, 0xf, 0xff, 0xb0, 0xff, 0xfb,
    0xf, 0xff, 0xb0, 0xff, 0xfb, 0xf, 0xff, 0xb0,
    0xff, 0xfb, 0xf, 0xff, 0xb0, 0xff, 0xfb, 0xf,
    0xff, 0xb0, 0xff, 0xfb, 0xf, 0xff, 0xb0, 0xff,
    0xfb, 0xf, 0xff, 0xb0, 0xff, 0xfb,

    /* U+0131 "?" */
    0x1f, 0xff, 0x71, 0xff, 0xf7, 0x1f, 0xff, 0x71,
    0xff, 0xf7, 0x1f, 0xff, 0x71, 0xff, 0xf7, 0x1f,
    0xff, 0x71, 0xff, 0xf7, 0x1f, 0xff, 0x71, 0xff,
    0xf7, 0x1f, 0xff, 0x71, 0xff, 0xf7, 0x1f, 0xff,
    0x71, 0xff, 0xf7, 0x1f, 0xff, 0x71, 0xff, 0xf7,

    /* U+0132 "?" */
    0xff, 0xfb, 0x0, 0x0, 0x0, 0x0, 0x0, 0x0,
    0xaf, 0xff, 0xff, 0xfb, 0x0, 0x0, 0x0, 0x0,
    0x0, 0x0, 0xaf, 0xff, 0xff, 0xfb, 0x0, 0x0,
    0x0, 0x0, 0x0, 0x0, 0xaf, 0xff, 0xff, 0xfb,
    0x0, 0x0, 0x0, 0x0, 0x0, 0x0, 0xaf, 0xff,
    0xff, 0xfb, 0x0, 0x0, 0x0, 0x0, 0x0, 0x0,
    0xaf, 0xff, 0xff, 0xfb, 0x0, 0x0, 0x0, 0x0,
    0x0, 0x0, 0xaf, 0xff, 0xff, 0xfb, 0x0, 0x0,
    0x0, 0x0, 0x0, 0x0, 0xaf, 0xff, 0xff, 0xfb,
    0x0, 0x0, 0x0, 0x0, 0x0, 0x0, 0xaf, 0xff,
    0xff, 0xfb, 0x0, 0x0, 0x0, 0x0, 0x0, 0x0,
    0xaf, 0xff, 0xff, 0xfb, 0x0, 0x0, 0x0, 0x0,
    0x0, 0x0, 0xaf, 0xff, 0xff, 0xfb, 0x0, 0x0,
    0x0, 0x0, 0x0, 0x0, 0xaf, 0xff, 0xff, 0xfb,
    0x0, 0x0, 0x0, 0x0, 0x0, 0x0, 0xaf, 0xff,
    0xff, 0xfb, 0x0, 0x0, 0x0, 0x0, 0x0, 0x0,
    0xaf, 0xff, 0xff, 0xfb, 0x0, 0x1a, 0xaa, 0x40,
    0x0, 0x0, 0xaf, 0xff, 0xff, 0xfb, 0x0, 0x2f,
    0xff, 0x70, 0x0, 0x0, 0xaf, 0xfe, 0xff, 0xfb,
    0x0, 0x1f, 0xff, 0x90, 0x0, 0x0, 0xcf, 0xfd,
    0xff, 0xfb, 0x0, 0xf, 0xff, 0xe0, 0x0, 0x2,
    0xff, 0xfb, 0xff, 0xfb, 0x0, 0xa, 0xff, 0xfc,
    0x42, 0x5d, 0xff, 0xf6, 0xff, 0xfb, 0x0, 0x2,
    0xff, 0xff, 0xff, 0xff, 0xff, 0xd0, 0xff, 0xfb,
    0x0, 0x0, 0x3e, 0xff, 0xff, 0xff, 0xfd, 0x10,
    0xff, 0xfb, 0x0, 0x0, 0x1, 0x7c, 0xff, 0xeb,
    0x60, 0x0,

    /* U+0133 "?" */
    0x9, 0xfc, 0x10, 0x0, 0x5e, 0xe4, 0x4, 0xff,
    0xfa, 0x0, 0xf, 0xff, 0xf0, 0x4f, 0xff, 0xa0,
    0x0, 0xff, 0xff, 0x0, 0x9f, 0xc2, 0x0, 0x5,
    0xee, 0x50, 0x0, 0x0, 0x0, 0x0, 0x0, 0x0,
    0x0, 0x0, 0x0, 0x0, 0x0, 0x0, 0x0, 0x1f,
    0xff, 0x70, 0x0, 0xcf, 0xfc, 0x1, 0xff, 0xf7,
    0x0, 0xc, 0xff, 0xc0, 0x1f, 0xff, 0x70, 0x0,
    0xcf, 0xfc, 0x1, 0xff, 0xf7, 0x0, 0xc, 0xff,
    0xc0, 0x1f, 0xff, 0x70, 0x0, 0xcf, 0xfc, 0x1,
    0xff, 0xf7, 0x0, 0xc, 0xff, 0xc0, 0x1f, 0xff,
    0x70, 0x0, 0xcf, 0xfc, 0x1, 0xff, 0xf7, 0x0,
    0xc, 0xff, 0xc0, 0x1f, 0xff, 0x70, 0x0, 0xcf,
    0xfc, 0x1, 0xff, 0xf7, 0x0, 0xc, 0xff, 0xc0,
    0x1f, 0xff, 0x70, 0x0, 0xcf, 0xfc, 0x1, 0xff,
    0xf7, 0x0, 0xc, 0xff, 0xc0, 0x1f, 0xff, 0x70,
    0x0, 0xcf, 0xfc, 0x1, 0xff, 0xf7, 0x0, 0xc,
    0xff, 0xc0, 0x1f, 0xff, 0x70, 0x0, 0xcf, 0xfc,
    0x1, 0xff, 0xf7, 0x0, 0xc, 0xff, 0xc0, 0x0,
    0x0, 0x0, 0x0, 0xcf, 0xfc, 0x0, 0x0, 0x0,
    0x0, 0xe, 0xff, 0xb0, 0x0, 0x0, 0x0, 0x6,
    0xff, 0xf9, 0x0, 0x0, 0x0, 0x4f, 0xff, 0xff,
    0x40, 0x0, 0x0, 0x4, 0xff, 0xff, 0x90, 0x0,
    0x0, 0x0, 0x4f, 0xeb, 0x50, 0x0,

    /* U+0134 "?" */
    0x0, 0x0, 0x0, 0x0, 0x2, 0x88, 0x70, 0x0,
    0x0, 0x0, 0x0, 0x0, 0x2, 0xef, 0xff, 0xb0,
    0x0, 0x0, 0x0, 0x0, 0x1, 0xdf, 0xf7, 0xff,
    0xa0, 0x0, 0x0, 0x0, 0x1, 0xdf, 0xf4, 0x8,
    0xff, 0x90, 0x0, 0x0, 0x0, 0x58, 0x85, 0x0,
    0x7, 0x88, 0x20, 0x0, 0x0, 0x0, 0x0, 0x0,
    0x0, 0x0, 0x0, 0x0, 0x0, 0x0, 0x0, 0x0,
    0x0, 0x0, 0x0, 0x0, 0x0, 0x0, 0x0, 0x0,
    0x7f, 0xff, 0x30, 0x0, 0x0, 0x0, 0x0, 0x0,
    0x7, 0xff, 0xf3, 0x0, 0x0, 0x0, 0x0, 0x0,
    0x0, 0x7f, 0xff, 0x30, 0x0, 0x0, 0x0, 0x0,
    0x0, 0x7, 0xff, 0xf3, 0x0, 0x0, 0x0, 0x0,
    0x0, 0x0, 0x7f, 0xff, 0x30, 0x0, 0x0, 0x0,
    0x0, 0x0, 0x7, 0xff, 0xf3, 0x0, 0x0, 0x0,
    0x0, 0x0, 0x0, 0x7f, 0xff, 0x30, 0x0, 0x0,
    0x0, 0x0, 0x0, 0x7, 0xff, 0xf3, 0x0, 0x0,
    0x0, 0x0, 0x0, 0x0, 0x7f, 0xff, 0x30, 0x0,
    0x0, 0x0, 0x0, 0x0, 0x7, 0xff, 0xf3, 0x0,
    0x0, 0x0, 0x0, 0x0, 0x0, 0x7f, 0xff, 0x30,
    0x0, 0x0, 0x0, 0x0, 0x0, 0x7, 0xff, 0xf3,
    0x0, 0x0, 0x0, 0x0, 0x0, 0x0, 0x7f, 0xff,
    0x30, 0x0, 0x9a, 0xa7, 0x0, 0x0, 0x7, 0xff,
    0xf3, 0x0, 0xe, 0xff, 0xb0, 0x0, 0x0, 0x7f,
    0xff, 0x20, 0x0, 0xdf, 0xfd, 0x0, 0x0, 0x9,
    0xff, 0xf1, 0x0, 0xb, 0xff, 0xf3, 0x0, 0x0,
    0xef, 0xff, 0x0, 0x0, 0x6f, 0xff, 0xe5, 0x24,
    0xcf, 0xff, 0xa0, 0x0, 0x0, 0xcf, 0xff, 0xff,
    0xff, 0xff, 0xf2, 0x0, 0x0, 0x1, 0xcf, 0xff,
    0xff, 0xff, 0xe4, 0x0, 0x0, 0x0, 0x0, 0x6b,
    0xef, 0xfc, 0x81, 0x0, 0x0, 0x0,

    /* U+0135 "?" */
    0x0, 0x4, 0xff, 0xf8, 0x0, 0x0, 0x3, 0xff,
    0xef, 0xf7, 0x0, 0x3, 0xff, 0xe1, 0xaf, 0xf6,
    0x2, 0xef, 0xf2, 0x0, 0xcf, 0xf5, 0x0, 0x0,
    0x0, 0x0, 0x0, 0x0, 0x0, 0x0, 0x0, 0x0,
    0x0, 0x0, 0x2, 0xff, 0xf7, 0x0, 0x0, 0x0,
    0x2f, 0xff, 0x70, 0x0, 0x0, 0x2, 0xff, 0xf7,
    0x0, 0x0, 0x0, 0x2f, 0xff, 0x70, 0x0, 0x0,
    0x2, 0xff, 0xf7, 0x0, 0x0, 0x0, 0x2f, 0xff,
    0x70, 0x0, 0x0, 0x2, 0xff, 0xf7, 0x0, 0x0,
    0x0, 0x2f, 0xff, 0x70, 0x0, 0x0, 0x2, 0xff,
    0xf7, 0x0, 0x0, 0x0, 0x2f, 0xff, 0x70, 0x0,
    0x0, 0x2, 0xff, 0xf7, 0x0, 0x0, 0x0, 0x2f,
    0xff, 0x70, 0x0, 0x0, 0x2, 0xff, 0xf7, 0x0,
    0x0, 0x0, 0x2f, 0xff, 0x70, 0x0, 0x0, 0x2,
    0xff, 0xf7, 0x0, 0x0, 0x0, 0x2f, 0xff, 0x70,
    0x0, 0x0, 0x2, 0xff, 0xf6, 0x0, 0x0, 0x0,
    0x3f, 0xff, 0x60, 0x0, 0x0, 0x1a, 0xff, 0xf4,
    0x0, 0x0, 0x9f, 0xff, 0xfe, 0x0, 0x0, 0x9,
    0xff, 0xff, 0x40, 0x0, 0x0, 0x9f, 0xea, 0x20,
    0x0, 0x0,

    /* U+0136 "?" */
    0xff, 0xfb, 0x0, 0x0, 0x0, 0x3, 0xff, 0xff,
    0x6f, 0xff, 0xb0, 0x0, 0x0, 0x1, 0xef, 0xff,
    0x80, 0xff, 0xfb, 0x0, 0x0, 0x0, 0xcf, 0xff,
    0xa0, 0xf, 0xff, 0xb0, 0x0, 0x0, 0xbf, 0xff,
    0xc0, 0x0, 0xff, 0xfb, 0x0, 0x0, 0x8f, 0xff,
    0xd1, 0x0, 0xf, 0xff, 0xb0, 0x0, 0x6f, 0xff,
    0xe2, 0x0, 0x0, 0xff, 0xfb, 0x0, 0x4f, 0xff,
    0xf4, 0x0, 0x0, 0xf, 0xff, 0xa0, 0x1e, 0xff,
    0xf5, 0x0, 0x0, 0x0, 0xff, 0xfa, 0xc, 0xff,
    0xf8, 0x0, 0x0, 0x0, 0xf, 0xff, 0xa8, 0xff,
    0xff, 0x40, 0x0, 0x0, 0x0, 0xff, 0xfd, 0xff,
    0xff, 0xfe, 0x0, 0x0, 0x0, 0xf, 0xff, 0xff,
    0xfd, 0xff, 0xf9, 0x0, 0x0, 0x0, 0xff, 0xff,
    0xfa, 0xd, 0xff, 0xf4, 0x0, 0x0, 0xf, 0xff,
    0xfb, 0x0, 0x4f, 0xff, 0xe0, 0x0, 0x0, 0xff,
    0xfd, 0x0, 0x0, 0x9f, 0xff, 0x90, 0x0, 0xf,
    0xff, 0xb0, 0x0, 0x0, 0xef, 0xff, 0x40, 0x0,
    0xff, 0xfb, 0x0, 0x0, 0x4, 0xff, 0xfe, 0x10,
    0xf, 0xff, 0xb0, 0x0, 0x0, 0xa, 0xff, 0xf9,
    0x0, 0xff, 0xfb, 0x0, 0x0, 0x0, 0x1e, 0xff,
    0xf4, 0xf, 0xff, 0xb0, 0x0, 0x0, 0x0, 0x5f,
    0xff, 0xe1, 0xff, 0xfb, 0x0, 0x0, 0x0, 0x0,
    0xaf, 0xff, 0xa0, 0x0, 0x0, 0x0, 0x0, 0x0,
    0x0, 0x0, 0x0, 0x0, 0x0, 0x0, 0x22, 0x21,
    0x0, 0x0, 0x0, 0x0, 0x0, 0x0, 0xf, 0xff,
    0x40, 0x0, 0x0, 0x0, 0x0, 0x0, 0x3, 0xff,
    0xe0, 0x0, 0x0, 0x0, 0x0, 0x0, 0x0, 0x7f,
    0xf8, 0x0, 0x0, 0x0, 0x0, 0x0, 0x0, 0xb,
    0xff, 0x20, 0x0, 0x0, 0x0, 0x0, 0x0, 0x0,
    0xef, 0xb0, 0x0, 0x0, 0x0, 0x0,

    /* U+0137 "?" */
    0x1f, 0xff, 0x70, 0x0, 0x0, 0x0, 0x0, 0x1,
    0xff, 0xf7, 0x0, 0x0, 0x0, 0x0, 0x0, 0x1f,
    0xff, 0x70, 0x0, 0x0, 0x0, 0x0, 0x1, 0xff,
    0xf7, 0x0, 0x0, 0x0, 0x0, 0x0, 0x1f, 0xff,
    0x70, 0x0, 0x0, 0x0, 0x0, 0x1, 0xff, 0xf7,
    0x0, 0x0, 0x3f, 0xff, 0xd1, 0x1f, 0xff, 0x70,
    0x0, 0x2e, 0xff, 0xe2, 0x1, 0xff, 0xf7, 0x0,
    0x1d, 0xff, 0xf4, 0x0, 0x1f, 0xff, 0x70, 0xb,
    0xff, 0xf6, 0x0, 0x1, 0xff, 0xf7, 0xa, 0xff,
    0xf8, 0x0, 0x0, 0x1f, 0xff, 0x77, 0xff, 0xfa,
    0x0, 0x0, 0x1, 0xff, 0xfc, 0xff, 0xfc, 0x0,
    0x0, 0x0, 0x1f, 0xff, 0xff, 0xff, 0xd0, 0x0,
    0x0, 0x1, 0xff, 0xff, 0xff, 0xff, 0x90, 0x0,
    0x0, 0x1f, 0xff, 0xf8, 0xef, 0xff, 0x40, 0x0,
    0x1, 0xff, 0xf9, 0x5, 0xff, 0xfe, 0x0, 0x0,
    0x1f, 0xff, 0x70, 0xa, 0xff, 0xfa, 0x0, 0x1,
    0xff, 0xf7, 0x0, 0xe, 0xff, 0xf5, 0x0, 0x1f,
    0xff, 0x70, 0x0, 0x4f, 0xff, 0xe1, 0x1, 0xff,
    0xf7, 0x0, 0x0, 0x9f, 0xff, 0xb0, 0x1f, 0xff,
    0x70, 0x0, 0x0, 0xdf, 0xff, 0x60, 0x0, 0x0,
    0x0, 0x0, 0x0, 0x0, 0x0, 0x0, 0x0, 0x1,
    0x22, 0x20, 0x0, 0x0, 0x0, 0x0, 0x0, 0xaf,
    0xf9, 0x0, 0x0, 0x0, 0x0, 0x0, 0xe, 0xff,
    0x30, 0x0, 0x0, 0x0, 0x0, 0x1, 0xff, 0xd0,
    0x0, 0x0, 0x0, 0x0, 0x0, 0x5f, 0xf7, 0x0,
    0x0, 0x0, 0x0, 0x0, 0x9, 0xff, 0x10, 0x0,
    0x0, 0x0,

    /* U+0138 "?" */
    0x1f, 0xff, 0x70, 0x0, 0x1, 0xef, 0xff, 0x41,
    0xff, 0xf7, 0x0, 0x0, 0xaf, 0xff, 0x80, 0x1f,
    0xff, 0x70, 0x0, 0x5f, 0xff, 0xc0, 0x1, 0xff,
    0xf7, 0x0, 0x1e, 0xff, 0xf2, 0x0, 0x1f, 0xff,
    0x70, 0xa, 0xff, 0xf6, 0x0, 0x1, 0xff, 0xf7,
    0x4, 0xff, 0xfa, 0x0, 0x0, 0x1f, 0xff, 0x71,
    0xef, 0xfe, 0x10, 0x0, 0x1, 0xff, 0xff, 0xff,
    0xff, 0x30, 0x0, 0x0, 0x1f, 0xff, 0xff, 0xff,
    0xd0, 0x0, 0x0, 0x1, 0xff, 0xfc, 0xbf, 0xff,
    0x80, 0x0, 0x0, 0x1f, 0xff, 0x70, 0xcf, 0xff,
    0x50, 0x0, 0x1, 0xff, 0xf7, 0x1, 0xef, 0xff,
    0x20, 0x0, 0x1f, 0xff, 0x70, 0x5, 0xff, 0xfc,
    0x0, 0x1, 0xff, 0xf7, 0x0, 0x9, 0xff, 0xf9,
    0x0, 0x1f, 0xff, 0x70, 0x0, 0xd, 0xff, 0xf5,
    0x1, 0xff, 0xf7, 0x0, 0x0, 0x3f, 0xff, 0xf2,

    /* U+0139 "?" */
    0x0, 0x35, 0x53, 0x0, 0x0, 0x0, 0x0, 0xe,
    0xff, 0x50, 0x0, 0x0, 0x0, 0x6, 0xff, 0xa0,
    0x0, 0x0, 0x0, 0x0, 0xdf, 0xf1, 0x0, 0x0,
    0x0, 0x0, 0x4f, 0xf6, 0x0, 0x0, 0x0, 0x0,
    0x0, 0x0, 0x0, 0x0, 0x0, 0x0, 0x0, 0x0,
    0x0, 0x0, 0x0, 0x0, 0x0, 0xf, 0xff, 0xb0,
    0x0, 0x0, 0x0, 0x0, 0xff, 0xfb, 0x0, 0x0,
    0x0, 0x0, 0xf, 0xff, 0xb0, 0x0, 0x0, 0x0,
    0x0, 0xff, 0xfb, 0x0, 0x0, 0x0, 0x0, 0xf,
    0xff, 0xb0, 0x0, 0x0, 0x0, 0x0, 0xff, 0xfb,
    0x0, 0x0, 0x0, 0x0, 0xf, 0xff, 0xb0, 0x0,
    0x0, 0x0, 0x0, 0xff, 0xfb, 0x0, 0x0, 0x0,
    0x0, 0xf, 0xff, 0xb0, 0x0, 0x0, 0x0, 0x0,
    0xff, 0xfb, 0x0, 0x0, 0x0, 0x0, 0xf, 0xff,
    0xb0, 0x0, 0x0, 0x0, 0x0, 0xff, 0xfb, 0x0,
    0x0, 0x0, 0x0, 0xf, 0xff, 0xb0, 0x0, 0x0,
    0x0, 0x0, 0xff, 0xfb, 0x0, 0x0, 0x0, 0x0,
    0xf, 0xff, 0xb0, 0x0, 0x0, 0x0, 0x0, 0xff,
    0xfb, 0x0, 0x0, 0x0, 0x0, 0xf, 0xff, 0xb0,
    0x0, 0x0, 0x0, 0x0, 0xff, 0xfc, 0x22, 0x22,
    0x22, 0x22, 0x1f, 0xff, 0xff, 0xff, 0xff, 0xff,
    0xfb, 0xff, 0xff, 0xff, 0xff, 0xff, 0xff, 0xbf,
    0xff, 0xff, 0xff, 0xff, 0xff, 0xfb,

    /* U+013A "?" */
    0x0, 0x4, 0x55, 0x20, 0x2, 0xff, 0xf2, 0x0,
    0x9f, 0xf7, 0x0, 0x1f, 0xfd, 0x0, 0x7, 0xff,
    0x30, 0x0, 0x0, 0x0, 0x0, 0x0, 0x0, 0x0,
    0x1, 0xff, 0xf7, 0x0, 0x1f, 0xff, 0x70, 0x1,
    0xff, 0xf7, 0x0, 0x1f, 0xff, 0x70, 0x1, 0xff,
    0xf7, 0x0, 0x1f, 0xff, 0x70, 0x1, 0xff, 0xf7,
    0x0, 0x1f, 0xff, 0x70, 0x1, 0xff, 0xf7, 0x0,
    0x1f, 0xff, 0x70, 0x1, 0xff, 0xf7, 0x0, 0x1f,
    0xff, 0x70, 0x1, 0xff, 0xf7, 0x0, 0x1f, 0xff,
    0x70, 0x1, 0xff, 0xf7, 0x0, 0x1f, 0xff, 0x70,
    0x1, 0xff, 0xf7, 0x0, 0x1f, 0xff, 0x70, 0x1,
    0xff, 0xf7, 0x0, 0x1f, 0xff, 0x70, 0x1, 0xff,
    0xf7, 0x0,

    /* U+013B "?" */
    0xff, 0xfb, 0x0, 0x0, 0x0, 0x0, 0xf, 0xff,
    0xb0, 0x0, 0x0, 0x0, 0x0, 0xff, 0xfb, 0x0,
    0x0, 0x0, 0x0, 0xf, 0xff, 0xb0, 0x0, 0x0,
    0x0, 0x0, 0xff, 0xfb, 0x0, 0x0, 0x0, 0x0,
    0xf, 0xff, 0xb0, 0x0, 0x0, 0x0, 0x0, 0xff,
    0xfb, 0x0, 0x0, 0x0, 0x0, 0xf, 0xff, 0xb0,
    0x0, 0x0, 0x0, 0x0, 0xff, 0xfb, 0x0, 0x0,
    0x0, 0x0, 0xf, 0xff, 0xb0, 0x0, 0x0, 0x0,
    0x0, 0xff, 0xfb, 0x0, 0x0, 0x0, 0x0, 0xf,
    0xff, 0xb0, 0x0, 0x0, 0x0, 0x0, 0xff, 0xfb,
    0x0, 0x0, 0x0, 0x0, 0xf, 0xff, 0xb0, 0x0,
    0x0, 0x0, 0x0, 0xff, 0xfb, 0x0, 0x0, 0x0,
    0x0, 0xf, 0xff, 0xb0, 0x0, 0x0, 0x0, 0x0,
    0xff, 0xfb, 0x0, 0x0, 0x0, 0x0, 0xf, 0xff,
    0xc2, 0x22, 0x22, 0x22, 0x21, 0xff, 0xff, 0xff,
    0xff, 0xff, 0xff, 0xbf, 0xff, 0xff, 0xff, 0xff,
    0xff, 0xfb, 0xff, 0xff, 0xff, 0xff, 0xff, 0xff,
    0xb0, 0x0, 0x0, 0x0, 0x0, 0x0, 0x0, 0x0,
    0x0, 0x2, 0x22, 0x0, 0x0, 0x0, 0x0, 0x7,
    0xff, 0xc0, 0x0, 0x0, 0x0, 0x0, 0xbf, 0xf6,
    0x0, 0x0, 0x0, 0x0, 0xe, 0xff, 0x0, 0x0,
    0x0, 0x0, 0x2, 0xff, 0xa0, 0x0, 0x0, 0x0,
    0x0, 0x6f, 0xf3, 0x0, 0x0, 0x0,

    /* U+013C "?" */
    0x1, 0xff, 0xf7, 0x1, 0xff, 0xf7, 0x1, 0xff,
    0xf7, 0x1, 0xff, 0xf7, 0x1, 0xff, 0xf7, 0x1,
    0xff, 0xf7, 0x1, 0xff, 0xf7, 0x1, 0xff, 0xf7,
    0x1, 0xff, 0xf7, 0x1, 0xff, 0xf7, 0x1, 0xff,
    0xf7, 0x1, 0xff, 0xf7, 0x1, 0xff, 0xf7, 0x1,
    0xff, 0xf7, 0x1, 0xff, 0xf7, 0x1, 0xff, 0xf7,
    0x1, 0xff, 0xf7, 0x1, 0xff, 0xf7, 0x1, 0xff,
    0xf7, 0x1, 0xff, 0xf7, 0x1, 0xff, 0xf7, 0x0,
    0x0, 0x0, 0x0, 0x22, 0x20, 0x2, 0xff, 0xf1,
    0x6, 0xff, 0xb0, 0xa, 0xff, 0x40, 0xe, 0xfe,
    0x0, 0x1f, 0xf8, 0x0,

    /* U+013D "?" */
    0x0, 0x0, 0x0, 0x1f, 0xfb, 0x0, 0xf, 0xff,
    0xb0, 0x1, 0xff, 0x90, 0x0, 0xff, 0xfb, 0x0,
    0x1f, 0xf7, 0x0, 0xf, 0xff, 0xb0, 0x1, 0xff,
    0x50, 0x0, 0xff, 0xfb, 0x0, 0x1f, 0xf3, 0x0,
    0xf, 0xff, 0xb0, 0x0, 0x66, 0x0, 0x0, 0xff,
    0xfb, 0x0, 0x0, 0x0, 0x0, 0xf, 0xff, 0xb0,
    0x0, 0x0, 0x0, 0x0, 0xff, 0xfb, 0x0, 0x0,
    0x0, 0x0, 0xf, 0xff, 0xb0, 0x0, 0x0, 0x0,
    0x0, 0xff, 0xfb, 0x0, 0x0, 0x0, 0x0, 0xf,
    0xff, 0xb0, 0x0, 0x0, 0x0, 0x0, 0xff, 0xfb,
    0x0, 0x0, 0x0, 0x0, 0xf, 0xff, 0xb0, 0x0,
    0x0, 0x0, 0x0, 0xff, 0xfb, 0x0, 0x0, 0x0,
    0x0, 0xf, 0xff, 0xb0, 0x0, 0x0, 0x0, 0x0,
    0xff, 0xfb, 0x0, 0x0, 0x0, 0x0, 0xf, 0xff,
    0xb0, 0x0, 0x0, 0x0, 0x0, 0xff, 0xfc, 0x22,
    0x22, 0x22, 0x22, 0x1f, 0xff, 0xff, 0xff, 0xff,
    0xff, 0xfb, 0xff, 0xff, 0xff, 0xff, 0xff, 0xff,
    0xbf, 0xff, 0xff, 0xff, 0xff, 0xff, 0xfb,

    /* U+013E "?" */
    0x0, 0x0, 0x0, 0xbf, 0xf1, 0x1f, 0xff, 0x70,
    0xbf, 0xf0, 0x1f, 0xff, 0x70, 0xbf, 0xd0, 0x1f,
    0xff, 0x70, 0xbf, 0xb0, 0x1f, 0xff, 0x70, 0xbf,
    0x90, 0x1f, 0xff, 0x70, 0x46, 0x20, 0x1f, 0xff,
    0x70, 0x0, 0x0, 0x1f, 0xff, 0x70, 0x0, 0x0,
    0x1f, 0xff, 0x70, 0x0, 0x0, 0x1f, 0xff, 0x70,
    0x0, 0x0, 0x1f, 0xff, 0x70, 0x0, 0x0, 0x1f,
    0xff, 0x70, 0x0, 0x0, 0x1f, 0xff, 0x70, 0x0,
    0x0, 0x1f, 0xff, 0x70, 0x0, 0x0, 0x1f, 0xff,
    0x70, 0x0, 0x0, 0x1f, 0xff, 0x70, 0x0, 0x0,
    0x1f, 0xff, 0x70, 0x0, 0x0, 0x1f, 0xff, 0x70,
    0x0, 0x0, 0x1f, 0xff, 0x70, 0x0, 0x0, 0x1f,
    0xff, 0x70, 0x0, 0x0, 0x1f, 0xff, 0x70, 0x0,
    0x0, 0x1f, 0xff, 0x70, 0x0, 0x0,

    /* U+013F "?" */
    0xef, 0xfc, 0x0, 0x0, 0x0, 0x0, 0xe, 0xff,
    0xc0, 0x0, 0x0, 0x0, 0x0, 0xef, 0xfc, 0x0,
    0x0, 0x0, 0x0, 0xe, 0xff, 0xc0, 0x0, 0x0,
    0x0, 0x0, 0xef, 0xfc, 0x0, 0x0, 0x0, 0x0,
    0xe, 0xff, 0xc0, 0x0, 0x0, 0x0, 0x0, 0xef,
    0xfc, 0x0, 0x0, 0x0, 0x0, 0xe, 0xff, 0xc0,
    0x4, 0xef, 0x60, 0x0, 0xef, 0xfc, 0x0, 0xef,
    0xff, 0x0, 0xe, 0xff, 0xc0, 0xe, 0xff, 0xf0,
    0x0, 0xef, 0xfc, 0x0, 0x4e, 0xe6, 0x0, 0xe,
    0xff, 0xc0, 0x0, 0x0, 0x0, 0x0, 0xef, 0xfc,
    0x0, 0x0, 0x0, 0x0, 0xe, 0xff, 0xc0, 0x0,
    0x0, 0x0, 0x0, 0xef, 0xfc, 0x0, 0x0, 0x0,
    0x0, 0xe, 0xff, 0xc0, 0x0, 0x0, 0x0, 0x0,
    0xef, 0xfc, 0x0, 0x0, 0x0, 0x0, 0xe, 0xff,
    0xc2, 0x22, 0x22, 0x22, 0x22, 0xef, 0xff, 0xff,
    0xff, 0xff, 0xff, 0xbe, 0xff, 0xff, 0xff, 0xff,
    0xff, 0xfb, 0xef, 0xff, 0xff, 0xff, 0xff, 0xff,
    0xb0,

    /* U+0140 "?" */
    0x1f, 0xff, 0x70, 0x0, 0x0, 0x1, 0xff, 0xf7,
    0x0, 0x0, 0x0, 0x1f, 0xff, 0x70, 0x0, 0x0,
    0x1, 0xff, 0xf7, 0x0, 0x0, 0x0, 0x1f, 0xff,
    0x70, 0x0, 0x0, 0x1, 0xff, 0xf7, 0x0, 0x0,
    0x0, 0x1f, 0xff, 0x70, 0x0, 0x0, 0x1, 0xff,
    0xf7, 0x0, 0x0, 0x0, 0x1f, 0xff, 0x70, 0x1c,
    0xfa, 0x1, 0xff, 0xf7, 0xa, 0xff, 0xf6, 0x1f,
    0xff, 0x70, 0xcf, 0xff, 0x81, 0xff, 0xf7, 0x6,
    0xff, 0xf2, 0x1f, 0xff, 0x70, 0x4, 0x72, 0x1,
    0xff, 0xf7, 0x0, 0x0, 0x0, 0x1f, 0xff, 0x70,
    0x0, 0x0, 0x1, 0xff, 0xf7, 0x0, 0x0, 0x0,
    0x1f, 0xff, 0x70, 0x0, 0x0, 0x1, 0xff, 0xf7,
    0x0, 0x0, 0x0, 0x1f, 0xff, 0x70, 0x0, 0x0,
    0x1, 0xff, 0xf7, 0x0, 0x0, 0x0, 0x1f, 0xff,
    0x70, 0x0, 0x0, 0x0,

    /* U+0141 "?" */
    0x0, 0xf, 0xff, 0xb0, 0x0, 0x0, 0x0, 0x0,
    0x0, 0xf, 0xff, 0xb0, 0x0, 0x0, 0x0, 0x0,
    0x0, 0xf, 0xff, 0xb0, 0x0, 0x0, 0x0, 0x0,
    0x0, 0xf, 0xff, 0xb0, 0x0, 0x0, 0x0, 0x0,
    0x0, 0xf, 0xff, 0xb0, 0x0, 0x1, 0x0, 0x0,
    0x0, 0xf, 0xff, 0xb0, 0x1, 0xa8, 0x0, 0x0,
    0x0, 0xf, 0xff, 0xb0, 0x7f, 0xf9, 0x0, 0x0,
    0x0, 0xf, 0xff, 0xfd, 0xff, 0xf9, 0x0, 0x0,
    0x0, 0xf, 0xff, 0xff, 0xff, 0xb2, 0x0, 0x0,
    0x0, 0xf, 0xff, 0xff, 0xd4, 0x0, 0x0, 0x0,
    0x5, 0xef, 0xff, 0xf7, 0x0, 0x0, 0x0, 0x0,
    0x7f, 0xff, 0xff, 0xd0, 0x0, 0x0, 0x0, 0x0,
    0x9f, 0xff, 0xff, 0xb0, 0x0, 0x0, 0x0, 0x0,
    0x9f, 0x7f, 0xff, 0xb0, 0x0, 0x0, 0x0, 0x0,
    0x41, 0xf, 0xff, 0xb0, 0x0, 0x0, 0x0, 0x0,
    0x0, 0xf, 0xff, 0xb0, 0x0, 0x0, 0x0, 0x0,
    0x0, 0xf, 0xff, 0xb0, 0x0, 0x0, 0x0, 0x0,
    0x0, 0xf, 0xff, 0xc2, 0x22, 0x22, 0x22, 0x21,
    0x0, 0xf, 0xff, 0xff, 0xff, 0xff, 0xff, 0xfb,
    0x0, 0xf, 0xff, 0xff, 0xff, 0xff, 0xff, 0xfb,
    0x0, 0xf, 0xff, 0xff, 0xff, 0xff, 0xff, 0xfb,

    /* U+0142 "?" */
    0x0, 0x1f, 0xff, 0x70, 0x0, 0x1, 0xff, 0xf7,
    0x0, 0x0, 0x1f, 0xff, 0x70, 0x0, 0x1, 0xff,
    0xf7, 0x0, 0x0, 0x1f, 0xff, 0x70, 0x0, 0x1,
    0xff, 0xf7, 0x46, 0x0, 0x1f, 0xff, 0xff, 0x80,
    0x1, 0xff, 0xff, 0xf8, 0x0, 0x6f, 0xff, 0xfa,
    0x11, 0xbf, 0xff, 0xfa, 0x0, 0x3f, 0xff, 0xff,
    0x70, 0x3, 0xfb, 0xff, 0xf7, 0x0, 0x23, 0x1f,
    0xff, 0x70, 0x0, 0x1, 0xff, 0xf7, 0x0, 0x0,
    0x1f, 0xff, 0x70, 0x0, 0x1, 0xff, 0xf7, 0x0,
    0x0, 0x1f, 0xff, 0x70, 0x0, 0x1, 0xff, 0xf7,
    0x0, 0x0, 0x1f, 0xff, 0x70, 0x0, 0x1, 0xff,
    0xf7, 0x0, 0x0, 0x1f, 0xff, 0x70, 0x0,

    /* U+0143 "?" */
    0x0, 0x0, 0x0, 0x0, 0x4, 0x55, 0x20, 0x0,
    0x0, 0x0, 0x0, 0x0, 0x0, 0x2f, 0xff, 0x20,
    0x0, 0x0, 0x0, 0x0, 0x0, 0x0, 0x9f, 0xf7,
    0x0, 0x0, 0x0, 0x0, 0x0, 0x0, 0x1, 0xff,
    0xc0, 0x0, 0x0, 0x0, 0x0, 0x0, 0x0, 0x8,
    0xff, 0x30, 0x0, 0x0, 0x0, 0x0, 0x0, 0x0,
    0x0, 0x0, 0x0, 0x0, 0x0, 0x0, 0x0, 0x0,
    0x0, 0x0, 0x0, 0x0, 0x0, 0x0, 0x0, 0xff,
    0xff, 0x70, 0x0, 0x0, 0x0, 0x8, 0xff, 0xf3,
    0xff, 0xff, 0xf2, 0x0, 0x0, 0x0, 0x8, 0xff,
    0xf3, 0xff, 0xff, 0xfb, 0x0, 0x0, 0x0, 0x8,
    0xff, 0xf3, 0xff, 0xff, 0xff, 0x40, 0x0, 0x0,
    0x8, 0xff, 0xf3, 0xff, 0xff, 0xff, 0xe0, 0x0,
    0x0, 0x8, 0xff, 0xf3, 0xff, 0xfa, 0xff, 0xf8,
    0x0, 0x0, 0x8, 0xff, 0xf3, 0xff, 0xf9, 0x8f,
    0xff, 0x20, 0x0, 0x8, 0xff, 0xf3, 0xff, 0xfa,
    0x1f, 0xff, 0xb0, 0x0, 0x8, 0xff, 0xf3, 0xff,
    0xfb, 0x7, 0xff, 0xf5, 0x0, 0x8, 0xff, 0xf3,
    0xff, 0xfb, 0x0, 0xef, 0xfe, 0x0, 0x8, 0xff,
    0xf3, 0xff, 0xfc, 0x0, 0x5f, 0xff, 0x90, 0x8,
    0xff, 0xf3, 0xff, 0xfc, 0x0, 0xb, 0xff, 0xf2,
    0x7, 0xff, 0xf3, 0xff, 0xfc, 0x0, 0x2, 0xff,
    0xfc, 0x7, 0xff, 0xf3, 0xff, 0xfc, 0x0, 0x0,
    0x8f, 0xff, 0x47, 0xff, 0xf3, 0xff, 0xfc, 0x0,
    0x0, 0xd, 0xff, 0xc6, 0xff, 0xf3, 0xff, 0xfc,
    0x0, 0x0, 0x4, 0xff, 0xf9, 0xff, 0xf3, 0xff,
    0xfc, 0x0, 0x0, 0x0, 0xaf, 0xff, 0xff, 0xf3,
    0xff, 0xfc, 0x0, 0x0, 0x0, 0x1f, 0xff, 0xff,
    0xf3, 0xff, 0xfc, 0x0, 0x0, 0x0, 0x7, 0xff,
    0xff, 0xf3, 0xff, 0xfc, 0x0, 0x0, 0x0, 0x0,
    0xdf, 0xff, 0xf3, 0xff, 0xfc, 0x0, 0x0, 0x0,
    0x0, 0x3f, 0xff, 0xf3,

    /* U+0144 "?" */
    0x0, 0x0, 0x0, 0x1, 0xff, 0xf3, 0x0, 0x0,
    0x0, 0x0, 0x0, 0x8f, 0xf9, 0x0, 0x0, 0x0,
    0x0, 0x0, 0xe, 0xfe, 0x10, 0x0, 0x0, 0x0,
    0x0, 0x6, 0xff, 0x50, 0x0, 0x0, 0x0, 0x0,
    0x0, 0x35, 0x40, 0x0, 0x0, 0x0, 0x0, 0x0,
    0x0, 0x0, 0x0, 0x0, 0x0, 0x1f, 0xff, 0x40,
    0x5c, 0xef, 0xc6, 0x0, 0x1, 0xff, 0xf4, 0x9f,
    0xff, 0xff, 0xfb, 0x0, 0x1f, 0xff, 0x9f, 0xff,
    0xff, 0xff, 0xf7, 0x1, 0xff, 0xff, 0xc3, 0x1,
    0x8f, 0xff, 0xe0, 0x1f, 0xff, 0xe1, 0x0, 0x0,
    0xcf, 0xff, 0x11, 0xff, 0xf9, 0x0, 0x0, 0x6,
    0xff, 0xf3, 0x1f, 0xff, 0x70, 0x0, 0x0, 0x5f,
    0xff, 0x41, 0xff, 0xf7, 0x0, 0x0, 0x5, 0xff,
    0xf4, 0x1f, 0xff, 0x70, 0x0, 0x0, 0x5f, 0xff,
    0x41, 0xff, 0xf7, 0x0, 0x0, 0x5, 0xff, 0xf4,
    0x1f, 0xff, 0x70, 0x0, 0x0, 0x5f, 0xff, 0x41,
    0xff, 0xf7, 0x0, 0x0, 0x5, 0xff, 0xf4, 0x1f,
    0xff, 0x70, 0x0, 0x0, 0x5f, 0xff, 0x41, 0xff,
    0xf7, 0x0, 0x0, 0x5, 0xff, 0xf4, 0x1f, 0xff,
    0x70, 0x0, 0x0, 0x5f, 0xff, 0x41, 0xff, 0xf7,
    0x0, 0x0, 0x5, 0xff, 0xf4,

    /* U+0145 "?" */
    0xff, 0xff, 0x70, 0x0, 0x0, 0x0, 0x8, 0xff,
    0xf3, 0xff, 0xff, 0xf2, 0x0, 0x0, 0x0, 0x8,
    0xff, 0xf3, 0xff, 0xff, 0xfb, 0x0, 0x0, 0x0,
    0x8, 0xff, 0xf3, 0xff, 0xff, 0xff, 0x40, 0x0,
    0x0, 0x8, 0xff, 0xf3, 0xff, 0xff, 0xff, 0xe0,
    0x0, 0x0, 0x8, 0xff, 0xf3, 0xff, 0xfa, 0xff,
    0xf8, 0x0, 0x0, 0x8, 0xff, 0xf3, 0xff, 0xf9,
    0x8f, 0xff, 0x20, 0x0, 0x8, 0xff, 0xf3, 0xff,
    0xfa, 0x1f, 0xff, 0xb0, 0x0, 0x8, 0xff, 0xf3,
    0xff, 0xfb, 0x7, 0xff, 0xf5, 0x0, 0x8, 0xff,
    0xf3, 0xff, 0xfb, 0x0, 0xef, 0xfe, 0x0, 0x8,
    0xff, 0xf3, 0xff, 0xfc, 0x0, 0x5f, 0xff, 0x90,
    0x8, 0xff, 0xf3, 0xff, 0xfc, 0x0, 0xb, 0xff,
    0xf2, 0x7, 0xff, 0xf3, 0xff, 0xfc, 0x0, 0x2,
    0xff, 0xfc, 0x7, 0xff, 0xf3, 0xff, 0xfc, 0x0,
    0x0, 0x8f, 0xff, 0x47, 0xff, 0xf3, 0xff, 0xfc,
    0x0, 0x0, 0xd, 0xff, 0xc6, 0xff, 0xf3, 0xff,
    0xfc, 0x0, 0x0, 0x4, 0xff, 0xf9, 0xff, 0xf3,
    0xff, 0xfc, 0x0, 0x0, 0x0, 0xaf, 0xff, 0xff,
    0xf3, 0xff, 0xfc, 0x0, 0x0, 0x0, 0x1f, 0xff,
    0xff, 0xf3, 0xff, 0xfc, 0x0, 0x0, 0x0, 0x7,
    0xff, 0xff, 0xf3, 0xff, 0xfc, 0x0, 0x0, 0x0,
    0x0, 0xdf, 0xff, 0xf3, 0xff, 0xfc, 0x0, 0x0,
    0x0, 0x0, 0x3f, 0xff, 0xf3, 0x0, 0x0, 0x0,
    0x0, 0x0, 0x0, 0x0, 0x0, 0x0, 0x0, 0x0,
    0x0, 0x2, 0x22, 0x0, 0x0, 0x0, 0x0, 0x0,
    0x0, 0x0, 0x3f, 0xff, 0x10, 0x0, 0x0, 0x0,
    0x0, 0x0, 0x0, 0x6f, 0xfa, 0x0, 0x0, 0x0,
    0x0, 0x0, 0x0, 0x0, 0xaf, 0xf4, 0x0, 0x0,
    0x0, 0x0, 0x0, 0x0, 0x0, 0xef, 0xe0, 0x0,
    0x0, 0x0, 0x0, 0x0, 0x0, 0x1, 0xff, 0x80,
    0x0, 0x0, 0x0, 0x0,

    /* U+0146 "?" */
    0x1f, 0xff, 0x40, 0x5c, 0xef, 0xc6, 0x0, 0x1,
    0xff, 0xf4, 0x9f, 0xff, 0xff, 0xfb, 0x0, 0x1f,
    0xff, 0x9f, 0xff, 0xff, 0xff, 0xf7, 0x1, 0xff,
    0xff, 0xc3, 0x1, 0x8f, 0xff, 0xe0, 0x1f, 0xff,
    0xe1, 0x0, 0x0, 0xcf, 0xff, 0x11, 0xff, 0xf9,
    0x0, 0x0, 0x6, 0xff, 0xf3, 0x1f, 0xff, 0x70,
    0x0, 0x0, 0x5f, 0xff, 0x41, 0xff, 0xf7, 0x0,
    0x0, 0x5, 0xff, 0xf4, 0x1f, 0xff, 0x70, 0x0,
    0x0, 0x5f, 0xff, 0x41, 0xff, 0xf7, 0x0, 0x0,
    0x5, 0xff, 0xf4, 0x1f, 0xff, 0x70, 0x0, 0x0,
    0x5f, 0xff, 0x41, 0xff, 0xf7, 0x0, 0x0, 0x5,
    0xff, 0xf4, 0x1f, 0xff, 0x70, 0x0, 0x0, 0x5f,
    0xff, 0x41, 0xff, 0xf7, 0x0, 0x0, 0x5, 0xff,
    0xf4, 0x1f, 0xff, 0x70, 0x0, 0x0, 0x5f, 0xff,
    0x41, 0xff, 0xf7, 0x0, 0x0, 0x5, 0xff, 0xf4,
    0x0, 0x0, 0x0, 0x0, 0x0, 0x0, 0x0, 0x0,
    0x0, 0x0, 0x2, 0x22, 0x0, 0x0, 0x0, 0x0,
    0x0, 0x4, 0xff, 0xf0, 0x0, 0x0, 0x0, 0x0,
    0x0, 0x8f, 0xf9, 0x0, 0x0, 0x0, 0x0, 0x0,
    0xb, 0xff, 0x30, 0x0, 0x0, 0x0, 0x0, 0x0,
    0xff, 0xd0, 0x0, 0x0, 0x0, 0x0, 0x0, 0x3f,
    0xf7, 0x0, 0x0, 0x0, 0x0,

    /* U+0147 "?" */
    0x0, 0x2, 0x88, 0x60, 0x0, 0x48, 0x85, 0x0,
    0x0, 0x0, 0x0, 0xaf, 0xf6, 0x3, 0xff, 0xe2,
    0x0, 0x0, 0x0, 0x0, 0xd, 0xff, 0x3d, 0xff,
    0x30, 0x0, 0x0, 0x0, 0x0, 0x1, 0xef, 0xff,
    0xf5, 0x0, 0x0, 0x0, 0x0, 0x0, 0x0, 0x3f,
    0xff, 0x80, 0x0, 0x0, 0x0, 0x0, 0x0, 0x0,
    0x0, 0x0, 0x0, 0x0, 0x0, 0x0, 0x0, 0x0,
    0x0, 0x0, 0x0, 0x0, 0x0, 0x0, 0x0, 0xff,
    0xff, 0x70, 0x0, 0x0, 0x0, 0x8, 0xff, 0xf3,
    0xff, 0xff, 0xf2, 0x0, 0x0, 0x0, 0x8, 0xff,
    0xf3, 0xff, 0xff, 0xfb, 0x0, 0x0, 0x0, 0x8,
    0xff, 0xf3, 0xff, 0xff, 0xff, 0x40, 0x0, 0x0,
    0x8, 0xff, 0xf3, 0xff, 0xff, 0xff, 0xe0, 0x0,
    0x0, 0x8, 0xff, 0xf3, 0xff, 0xfa, 0xff, 0xf8,
    0x0, 0x0, 0x8, 0xff, 0xf3, 0xff, 0xf9, 0x8f,
    0xff, 0x20, 0x0, 0x8, 0xff, 0xf3, 0xff, 0xfa,
    0x1f, 0xff, 0xb0, 0x0, 0x8, 0xff, 0xf3, 0xff,
    0xfb, 0x7, 0xff, 0xf5, 0x0, 0x8, 0xff, 0xf3,
    0xff, 0xfb, 0x0, 0xef, 0xfe, 0x0, 0x8, 0xff,
    0xf3, 0xff, 0xfc, 0x0, 0x5f, 0xff, 0x90, 0x8,
    0xff, 0xf3, 0xff, 0xfc, 0x0, 0xb, 0xff, 0xf2,
    0x7, 0xff, 0xf3, 0xff, 0xfc, 0x0, 0x2, 0xff,
    0xfc, 0x7, 0xff, 0xf3, 0xff, 0xfc, 0x0, 0x0,
    0x8f, 0xff, 0x47, 0xff, 0xf3, 0xff, 0xfc, 0x0,
    0x0, 0xd, 0xff, 0xc6, 0xff, 0xf3, 0xff, 0xfc,
    0x0, 0x0, 0x4, 0xff, 0xf9, 0xff, 0xf3, 0xff,
    0xfc, 0x0, 0x0, 0x0, 0xaf, 0xff, 0xff, 0xf3,
    0xff, 0xfc, 0x0, 0x0, 0x0, 0x1f, 0xff, 0xff,
    0xf3, 0xff, 0xfc, 0x0, 0x0, 0x0, 0x7, 0xff,
    0xff, 0xf3, 0xff, 0xfc, 0x0, 0x0, 0x0, 0x0,
    0xdf, 0xff, 0xf3, 0xff, 0xfc, 0x0, 0x0, 0x0,
    0x0, 0x3f, 0xff, 0xf3,

    /* U+0148 "?" */
    0x0, 0x2e, 0xfe, 0x10, 0x1d, 0xff, 0x50, 0x0,
    0x0, 0x3f, 0xfc, 0xb, 0xff, 0x60, 0x0, 0x0,
    0x0, 0x4f, 0xfe, 0xff, 0x60, 0x0, 0x0, 0x0,
    0x0, 0x5f, 0xff, 0x70, 0x0, 0x0, 0x0, 0x0,
    0x0, 0x0, 0x0, 0x0, 0x0, 0x0, 0x0, 0x0,
    0x0, 0x0, 0x0, 0x0, 0x0, 0x1f, 0xff, 0x40,
    0x5c, 0xef, 0xc6, 0x0, 0x1, 0xff, 0xf4, 0x9f,
    0xff, 0xff, 0xfb, 0x0, 0x1f, 0xff, 0x9f, 0xff,
    0xff, 0xff, 0xf7, 0x1, 0xff, 0xff, 0xc3, 0x1,
    0x8f, 0xff, 0xe0, 0x1f, 0xff, 0xe1, 0x0, 0x0,
    0xcf, 0xff, 0x11, 0xff, 0xf9, 0x0, 0x0, 0x6,
    0xff, 0xf3, 0x1f, 0xff, 0x70, 0x0, 0x0, 0x5f,
    0xff, 0x41, 0xff, 0xf7, 0x0, 0x0, 0x5, 0xff,
    0xf4, 0x1f, 0xff, 0x70, 0x0, 0x0, 0x5f, 0xff,
    0x41, 0xff, 0xf7, 0x0, 0x0, 0x5, 0xff, 0xf4,
    0x1f, 0xff, 0x70, 0x0, 0x0, 0x5f, 0xff, 0x41,
    0xff, 0xf7, 0x0, 0x0, 0x5, 0xff, 0xf4, 0x1f,
    0xff, 0x70, 0x0, 0x0, 0x5f, 0xff, 0x41, 0xff,
    0xf7, 0x0, 0x0, 0x5, 0xff, 0xf4, 0x1f, 0xff,
    0x70, 0x0, 0x0, 0x5f, 0xff, 0x41, 0xff, 0xf7,
    0x0, 0x0, 0x5, 0xff, 0xf4,

    /* U+014A "?" */
    0xff, 0xff, 0x70, 0x0, 0x0, 0x0, 0x8, 0xff,
    0xf3, 0xff, 0xff, 0xf2, 0x0, 0x0, 0x0, 0x8,
    0xff, 0xf3, 0xff, 0xff, 0xfb, 0x0, 0x0, 0x0,
    0x8, 0xff, 0xf3, 0xff, 0xff, 0xff, 0x40, 0x0,
    0x0, 0x8, 0xff, 0xf3, 0xff, 0xff, 0xff, 0xe0,
    0x0, 0x0, 0x8, 0xff, 0xf3, 0xff, 0xfa, 0xff,
    0xf8, 0x0, 0x0, 0x8, 0xff, 0xf3, 0xff, 0xf9,
    0x8f, 0xff, 0x20, 0x0, 0x8, 0xff, 0xf3, 0xff,
    0xfa, 0x1f, 0xff, 0xb0, 0x0, 0x8, 0xff, 0xf3,
    0xff, 0xfb, 0x7, 0xff, 0xf5, 0x0, 0x8, 0xff,
    0xf3, 0xff, 0xfb, 0x0, 0xef, 0xfe, 0x0, 0x8,
    0xff, 0xf3, 0xff, 0xfc, 0x0, 0x5f, 0xff, 0x90,
    0x8, 0xff, 0xf3, 0xff, 0xfc, 0x0, 0xb, 0xff,
    0xf2, 0x7, 0xff, 0xf3, 0xff, 0xfc, 0x0, 0x2,
    0xff, 0xfc, 0x7, 0xff, 0xf3, 0xff, 0xfc, 0x0,
    0x0, 0x8f, 0xff, 0x47, 0xff, 0xf3, 0xff, 0xfc,
    0x0, 0x0, 0xd, 0xff, 0xc6, 0xff, 0xf3, 0xff,
    0xfc, 0x0, 0x0, 0x4, 0xff, 0xf9, 0xff, 0xf3,
    0xff, 0xfc, 0x0, 0x0, 0x0, 0xaf, 0xff, 0xff,
    0xf3, 0xff, 0xfc, 0x0, 0x0, 0x0, 0x1f, 0xff,
    0xff, 0xf3, 0xff, 0xfc, 0x0, 0x0, 0x0, 0x7,
    0xff, 0xff, 0xf3, 0xff, 0xfc, 0x0, 0x0, 0x0,
    0x0, 0xdf, 0xff, 0xf4, 0xff, 0xfc, 0x0, 0x0,
    0x0, 0x0, 0x3f, 0xff, 0xf5, 0x0, 0x0, 0x0,
    0x0, 0x0, 0x0, 0x5, 0xff, 0xf5, 0x0, 0x0,
    0x0, 0x0, 0x0, 0x0, 0x5, 0xff, 0xf4, 0x0,
    0x0, 0x0, 0x0, 0x0, 0x1, 0x2b, 0xff, 0xf4,
    0x0, 0x0, 0x0, 0x0, 0x0, 0x3f, 0xff, 0xff,
    0xf1, 0x0, 0x0, 0x0, 0x0, 0x0, 0x3f, 0xff,
    0xff, 0x80, 0x0, 0x0, 0x0, 0x0, 0x0, 0x2e,
    0xff, 0xc6, 0x0,

    /* U+014B "?" */
    0x1f, 0xff, 0x40, 0x5c, 0xef, 0xc6, 0x0, 0x1,
    0xff, 0xf4, 0x9f, 0xff, 0xff, 0xfb, 0x0, 0x1f,
    0xff, 0x9f, 0xff, 0xff, 0xff, 0xf7, 0x1, 0xff,
    0xff, 0xc3, 0x1, 0x8f, 0xff, 0xe0, 0x1f, 0xff,
    0xe1, 0x0, 0x0, 0xbf, 0xff, 0x21, 0xff, 0xf9,
    0x0, 0x0, 0x6, 0xff, 0xf3, 0x1f, 0xff, 0x70,
    0x0, 0x0, 0x5f, 0xff, 0x41, 0xff, 0xf7, 0x0,
    0x0, 0x5, 0xff, 0xf4, 0x1f, 0xff, 0x70, 0x0,
    0x0, 0x5f, 0xff, 0x41, 0xff, 0xf7, 0x0, 0x0,
    0x5, 0xff, 0xf4, 0x1f, 0xff, 0x70, 0x0, 0x0,
    0x5f, 0xff, 0x41, 0xff, 0xf7, 0x0, 0x0, 0x5,
    0xff, 0xf4, 0x1f, 0xff, 0x70, 0x0, 0x0, 0x5f,
    0xff, 0x41, 0xff, 0xf7, 0x0, 0x0, 0x5, 0xff,
    0xf4, 0x1f, 0xff, 0x70, 0x0, 0x0, 0x5f, 0xff,
    0x41, 0xff, 0xf7, 0x0, 0x0, 0x5, 0xff, 0xf4,
    0x0, 0x0, 0x0, 0x0, 0x0, 0x5f, 0xff, 0x40,
    0x0, 0x0, 0x0, 0x0, 0x5, 0xff, 0xf4, 0x0,
    0x0, 0x0, 0x0, 0x12, 0xaf, 0xff, 0x30, 0x0,
    0x0, 0x0, 0x4f, 0xff, 0xff, 0xf0, 0x0, 0x0,
    0x0, 0x4, 0xff, 0xff, 0xf7, 0x0, 0x0, 0x0,
    0x0, 0x3e, 0xff, 0xc5, 0x0,

    /* U+014C "?" */
    0x0, 0x0, 0x2, 0xff, 0xff, 0xff, 0xfa, 0x0,
    0x0, 0x0, 0x0, 0x0, 0x2, 0xff, 0xff, 0xff,
    0xfa, 0x0, 0x0, 0x0, 0x0, 0x0, 0x1, 0x77,
    0x77, 0x77, 0x75, 0x0, 0x0, 0x0, 0x0, 0x0,
    0x0, 0x0, 0x0, 0x0, 0x0, 0x0, 0x0, 0x0,
    0x0, 0x0, 0x0, 0x0, 0x0, 0x0, 0x0, 0x0,
    0x0, 0x0, 0x0, 0x0, 0x0, 0x0, 0x0, 0x0,
    0x0, 0x0, 0x0, 0x0, 0x0, 0x0, 0x1, 0x7b,
    0xef, 0xfd, 0x94, 0x0, 0x0, 0x0, 0x0, 0x0,
    0x6f, 0xff, 0xff, 0xff, 0xff, 0xc2, 0x0, 0x0,
    0x0, 0x9, 0xff, 0xff, 0xff, 0xff, 0xff, 0xfe,
    0x30, 0x0, 0x0, 0x7f, 0xff, 0xfd, 0x86, 0x7a,
    0xff, 0xff, 0xe1, 0x0, 0x2, 0xff, 0xff, 0x70,
    0x0, 0x0, 0x2d, 0xff, 0xfa, 0x0, 0xa, 0xff,
    0xf7, 0x0, 0x0, 0x0, 0x1, 0xef, 0xff, 0x20,
    0xf, 0xff, 0xd0, 0x0, 0x0, 0x0, 0x0, 0x5f,
    0xff, 0x80, 0x4f, 0xff, 0x70, 0x0, 0x0, 0x0,
    0x0, 0xf, 0xff, 0xc0, 0x7f, 0xff, 0x40, 0x0,
    0x0, 0x0, 0x0, 0xb, 0xff, 0xf0, 0x8f, 0xff,
    0x20, 0x0, 0x0, 0x0, 0x0, 0xa, 0xff, 0xf0,
    0x9f, 0xff, 0x10, 0x0, 0x0, 0x0, 0x0, 0x9,
    0xff, 0xf1, 0x8f, 0xff, 0x20, 0x0, 0x0, 0x0,
    0x0, 0xa, 0xff, 0xf0, 0x7f, 0xff, 0x40, 0x0,
    0x0, 0x0, 0x0, 0xb, 0xff, 0xf0, 0x4f, 0xff,
    0x70, 0x0, 0x0, 0x0, 0x0, 0xf, 0xff, 0xc0,
    0xf, 0xff, 0xd0, 0x0, 0x0, 0x0, 0x0, 0x5f,
    0xff, 0x80, 0xa, 0xff, 0xf7, 0x0, 0x0, 0x0,
    0x1, 0xef, 0xff, 0x20, 0x2, 0xff, 0xff, 0x70,
    0x0, 0x0, 0x2d, 0xff, 0xfb, 0x0, 0x0, 0x7f,
    0xff, 0xfd, 0x86, 0x7a, 0xff, 0xff, 0xe1, 0x0,
    0x0, 0x9, 0xff, 0xff, 0xff, 0xff, 0xff, 0xfe,
    0x30, 0x0, 0x0, 0x0, 0x6f, 0xff, 0xff, 0xff,
    0xff, 0xc2, 0x0, 0x0, 0x0, 0x0, 0x1, 0x7b,
    0xef, 0xfd, 0x94, 0x0, 0x0, 0x0,

    /* U+014D "?" */
    0x0, 0x6, 0xff, 0xff, 0xff, 0xf6, 0x0, 0x0,
    0x0, 0x6f, 0xff, 0xff, 0xff, 0x60, 0x0, 0x0,
    0x3, 0x77, 0x77, 0x77, 0x73, 0x0, 0x0, 0x0,
    0x0, 0x0, 0x0, 0x0, 0x0, 0x0, 0x0, 0x0,
    0x0, 0x0, 0x0, 0x0, 0x0, 0x0, 0x0, 0x5,
    0xbe, 0xfe, 0xb5, 0x0, 0x0, 0x0, 0x2d, 0xff,
    0xff, 0xff, 0xfd, 0x20, 0x0, 0x1e, 0xff, 0xff,
    0xff, 0xff, 0xfe, 0x10, 0xa, 0xff, 0xfa, 0x20,
    0x2a, 0xff, 0xfb, 0x2, 0xff, 0xfb, 0x0, 0x0,
    0xb, 0xff, 0xf2, 0x7f, 0xff, 0x30, 0x0, 0x0,
    0x3f, 0xff, 0x8a, 0xff, 0xf0, 0x0, 0x0, 0x0,
    0xef, 0xfa, 0xbf, 0xfe, 0x0, 0x0, 0x0, 0xd,
    0xff, 0xcb, 0xff, 0xe0, 0x0, 0x0, 0x0, 0xdf,
    0xfc, 0xaf, 0xff, 0x0, 0x0, 0x0, 0xe, 0xff,
    0xa7, 0xff, 0xf4, 0x0, 0x0, 0x3, 0xff, 0xf8,
    0x2f, 0xff, 0xb0, 0x0, 0x0, 0xbf, 0xff, 0x20,
    0xaf, 0xff, 0xa2, 0x2, 0xaf, 0xff, 0xb0, 0x1,
    0xef, 0xff, 0xff, 0xff, 0xff, 0xe1, 0x0, 0x2,
    0xdf, 0xff, 0xff, 0xff, 0xd2, 0x0, 0x0, 0x0,
    0x5b, 0xef, 0xeb, 0x60, 0x0, 0x0,

    /* U+014E "?" */
    0x0, 0x0, 0x5, 0x84, 0x0, 0x0, 0x78, 0x10,
    0x0, 0x0, 0x0, 0x0, 0x9, 0xfc, 0x0, 0x3,
    0xff, 0x10, 0x0, 0x0, 0x0, 0x0, 0x3, 0xff,
    0x93, 0x5d, 0xfb, 0x0, 0x0, 0x0, 0x0, 0x0,
    0x0, 0x8f, 0xff, 0xff, 0xe2, 0x0, 0x0, 0x0,
    0x0, 0x0, 0x0, 0x5, 0xcf, 0xea, 0x10, 0x0,
    0x0, 0x0, 0x0, 0x0, 0x0, 0x0, 0x0, 0x0,
    0x0, 0x0, 0x0, 0x0, 0x0, 0x0, 0x0, 0x0,
    0x0, 0x0, 0x0, 0x0, 0x0, 0x0, 0x0, 0x0,
    0x1, 0x7b, 0xef, 0xfd, 0x94, 0x0, 0x0, 0x0,
    0x0, 0x0, 0x6f, 0xff, 0xff, 0xff, 0xff, 0xc2,
    0x0, 0x0, 0x0, 0x9, 0xff, 0xff, 0xff, 0xff,
    0xff, 0xfe, 0x30, 0x0, 0x0, 0x7f, 0xff, 0xfd,
    0x86, 0x7a, 0xff, 0xff, 0xe1, 0x0, 0x2, 0xff,
    0xff, 0x70, 0x0, 0x0, 0x2d, 0xff, 0xfa, 0x0,
    0xa, 0xff, 0xf7, 0x0, 0x0, 0x0, 0x1, 0xef,
    0xff, 0x20, 0xf, 0xff, 0xd0, 0x0, 0x0, 0x0,
    0x0, 0x5f, 0xff, 0x80, 0x4f, 0xff, 0x70, 0x0,
    0x0, 0x0, 0x0, 0xf, 0xff, 0xc0, 0x7f, 0xff,
    0x40, 0x0, 0x0, 0x0, 0x0, 0xb, 0xff, 0xf0,
    0x8f, 0xff, 0x20, 0x0, 0x0, 0x0, 0x0, 0xa,
    0xff, 0xf0, 0x9f, 0xff, 0x10, 0x0, 0x0, 0x0,
    0x0, 0x9, 0xff, 0xf1, 0x8f, 0xff, 0x20, 0x0,
    0x0, 0x0, 0x0, 0xa, 0xff, 0xf0, 0x7f, 0xff,
    0x40, 0x0, 0x0, 0x0, 0x0, 0xb, 0xff, 0xf0,
    0x4f, 0xff, 0x70, 0x0, 0x0, 0x0, 0x0, 0xf,
    0xff, 0xc0, 0xf, 0xff, 0xd0, 0x0, 0x0, 0x0,
    0x0, 0x5f, 0xff, 0x80, 0xa, 0xff, 0xf7, 0x0,
    0x0, 0x0, 0x1, 0xef, 0xff, 0x20, 0x2, 0xff,
    0xff, 0x70, 0x0, 0x0, 0x2d, 0xff, 0xfb, 0x0,
    0x0, 0x7f, 0xff, 0xfd, 0x86, 0x7a, 0xff, 0xff,
    0xe1, 0x0, 0x0, 0x9, 0xff, 0xff, 0xff, 0xff,
    0xff, 0xfe, 0x30, 0x0, 0x0, 0x0, 0x6f, 0xff,
    0xff, 0xff, 0xff, 0xc2, 0x0, 0x0, 0x0, 0x0,
    0x1, 0x7b, 0xef, 0xfd, 0x94, 0x0, 0x0, 0x0,

    /* U+014F "?" */
    0x0, 0x7, 0x82, 0x0, 0x2, 0x87, 0x0, 0x0,
    0x0, 0xdf, 0x70, 0x0, 0x7f, 0xd0, 0x0, 0x0,
    0x7, 0xff, 0x63, 0x6f, 0xf7, 0x0, 0x0, 0x0,
    0xc, 0xff, 0xff, 0xfc, 0x0, 0x0, 0x0, 0x0,
    0x7, 0xdf, 0xd8, 0x0, 0x0, 0x0, 0x0, 0x0,
    0x0, 0x0, 0x0, 0x0, 0x0, 0x0, 0x0, 0x0,
    0x0, 0x0, 0x0, 0x0, 0x0, 0x0, 0x5, 0xbe,
    0xfe, 0xb5, 0x0, 0x0, 0x0, 0x2d, 0xff, 0xff,
    0xff, 0xfd, 0x20, 0x0, 0x1e, 0xff, 0xff, 0xff,
    0xff, 0xfe, 0x10, 0xa, 0xff, 0xfa, 0x20, 0x2a,
    0xff, 0xfb, 0x2, 0xff, 0xfb, 0x0, 0x0, 0xb,
    0xff, 0xf2, 0x7f, 0xff, 0x30, 0x0, 0x0, 0x3f,
    0xff, 0x8a, 0xff, 0xf0, 0x0, 0x0, 0x0, 0xef,
    0xfa, 0xbf, 0xfe, 0x0, 0x0, 0x0, 0xd, 0xff,
    0xcb, 0xff, 0xe0, 0x0, 0x0, 0x0, 0xdf, 0xfc,
    0xaf, 0xff, 0x0, 0x0, 0x0, 0xe, 0xff, 0xa7,
    0xff, 0xf4, 0x0, 0x0, 0x3, 0xff, 0xf8, 0x2f,
    0xff, 0xb0, 0x0, 0x0, 0xbf, 0xff, 0x20, 0xaf,
    0xff, 0xa2, 0x2, 0xaf, 0xff, 0xb0, 0x1, 0xef,
    0xff, 0xff, 0xff, 0xff, 0xe1, 0x0, 0x2, 0xdf,
    0xff, 0xff, 0xff, 0xd2, 0x0, 0x0, 0x0, 0x5b,
    0xef, 0xeb, 0x60, 0x0, 0x0,

    /* U+0150 "?" */
    0x0, 0x0, 0x0, 0x9f, 0xfa, 0x3, 0xff, 0xf3,
    0x0, 0x0, 0x0, 0x0, 0x0, 0xef, 0xf2, 0xc,
    0xff, 0x70, 0x0, 0x0, 0x0, 0x0, 0x4, 0xff,
    0x90, 0x5f, 0xfb, 0x0, 0x0, 0x0, 0x0, 0x0,
    0xa, 0xff, 0x10, 0xdf, 0xe1, 0x0, 0x0, 0x0,
    0x0, 0x0, 0x4, 0x53, 0x1, 0x55, 0x20, 0x0,
    0x0, 0x0, 0x0, 0x0, 0x0, 0x0, 0x0, 0x0,
    0x0, 0x0, 0x0, 0x0, 0x0, 0x0, 0x0, 0x0,
    0x0, 0x0, 0x0, 0x0, 0x0, 0x0, 0x0, 0x0,
    0x1, 0x7b, 0xef, 0xfd, 0x94, 0x0, 0x0, 0x0,
    0x0, 0x0, 0x6f, 0xff, 0xff, 0xff, 0xff, 0xc2,
    0x0, 0x0, 0x0, 0x9, 0xff, 0xff, 0xff, 0xff,
    0xff, 0xfe, 0x30, 0x0, 0x0, 0x7f, 0xff, 0xfd,
    0x86, 0x7a, 0xff, 0xff, 0xe1, 0x0, 0x2, 0xff,
    0xff, 0x70, 0x0, 0x0, 0x2d, 0xff, 0xfa, 0x0,
    0xa, 0xff, 0xf7, 0x0, 0x0, 0x0, 0x1, 0xef,
    0xff, 0x20, 0xf, 0xff, 0xd0, 0x0, 0x0, 0x0,
    0x0, 0x5f, 0xff, 0x80, 0x4f, 0xff, 0x70, 0x0,
    0x0, 0x0, 0x0, 0xf, 0xff, 0xc0, 0x7f, 0xff,
    0x40, 0x0, 0x0, 0x0, 0x0, 0xb, 0xff, 0xf0,
    0x8f, 0xff, 0x20, 0x0, 0x0, 0x0, 0x0, 0xa,
    0xff, 0xf0, 0x9f, 0xff, 0x10, 0x0, 0x0, 0x0,
    0x0, 0x9, 0xff, 0xf1, 0x8f, 0xff, 0x20, 0x0,
    0x0, 0x0, 0x0, 0xa, 0xff, 0xf0, 0x7f, 0xff,
    0x40, 0x0, 0x0, 0x0, 0x0, 0xb, 0xff, 0xf0,
    0x4f, 0xff, 0x70, 0x0, 0x0, 0x0, 0x0, 0xf,
    0xff, 0xc0, 0xf, 0xff, 0xd0, 0x0, 0x0, 0x0,
    0x0, 0x5f, 0xff, 0x80, 0xa, 0xff, 0xf7, 0x0,
    0x0, 0x0, 0x1, 0xef, 0xff, 0x20, 0x2, 0xff,
    0xff, 0x70, 0x0, 0x0, 0x2d, 0xff, 0xfb, 0x0,
    0x0, 0x7f, 0xff, 0xfd, 0x86, 0x7a, 0xff, 0xff,
    0xe1, 0x0, 0x0, 0x9, 0xff, 0xff, 0xff, 0xff,
    0xff, 0xfe, 0x30, 0x0, 0x0, 0x0, 0x6f, 0xff,
    0xff, 0xff, 0xff, 0xc2, 0x0, 0x0, 0x0, 0x0,
    0x1, 0x7b, 0xef, 0xfd, 0x94, 0x0, 0x0, 0x0,

    /* U+0151 "?" */
    0x0, 0x0, 0x35, 0x53, 0x1, 0x55, 0x50, 0x0,
    0x0, 0xf, 0xff, 0x30, 0xaf, 0xfa, 0x0, 0x0,
    0x5, 0xff, 0xb0, 0x3f, 0xfe, 0x10, 0x0, 0x0,
    0xaf, 0xf3, 0xb, 0xff, 0x30, 0x0, 0x0, 0xf,
    0xfa, 0x4, 0xff, 0x70, 0x0, 0x0, 0x0, 0x0,
    0x0, 0x0, 0x0, 0x0, 0x0, 0x0, 0x0, 0x0,
    0x0, 0x0, 0x0, 0x0, 0x0, 0x0, 0x5, 0xbe,
    0xfe, 0xb5, 0x0, 0x0, 0x0, 0x2d, 0xff, 0xff,
    0xff, 0xfd, 0x20, 0x0, 0x1e, 0xff, 0xff, 0xff,
    0xff, 0xfe, 0x10, 0xa, 0xff, 0xfa, 0x20, 0x2a,
    0xff, 0xfb, 0x2, 0xff, 0xfb, 0x0, 0x0, 0xb,
    0xff, 0xf2, 0x7f, 0xff, 0x30, 0x0, 0x0, 0x3f,
    0xff, 0x8a, 0xff, 0xf0, 0x0, 0x0, 0x0, 0xef,
    0xfa, 0xbf, 0xfe, 0x0, 0x0, 0x0, 0xd, 0xff,
    0xcb, 0xff, 0xe0, 0x0, 0x0, 0x0, 0xdf, 0xfc,
    0xaf, 0xff, 0x0, 0x0, 0x0, 0xe, 0xff, 0xa7,
    0xff, 0xf4, 0x0, 0x0, 0x3, 0xff, 0xf8, 0x2f,
    0xff, 0xb0, 0x0, 0x0, 0xbf, 0xff, 0x20, 0xaf,
    0xff, 0xa2, 0x2, 0xaf, 0xff, 0xb0, 0x1, 0xef,
    0xff, 0xff, 0xff, 0xff, 0xe1, 0x0, 0x2, 0xdf,
    0xff, 0xff, 0xff, 0xd2, 0x0, 0x0, 0x0, 0x5b,
    0xef, 0xeb, 0x60, 0x0, 0x0,

    /* U+0152 "?" */
    0x0, 0x0, 0x0, 0x6b, 0xef, 0xff, 0xff, 0xff,
    0xff, 0xff, 0xff, 0xff, 0xfb, 0x0, 0x0, 0x6e,
    0xff, 0xff, 0xff, 0xff, 0xff, 0xff, 0xff, 0xff,
    0xff, 0xfb, 0x0, 0x9, 0xff, 0xff, 0xff, 0xff,
    0xff, 0xff, 0xff, 0xff, 0xff, 0xff, 0xfb, 0x0,
    0x7f, 0xff, 0xfb, 0x53, 0x22, 0x9f, 0xff, 0x42,
    0x22, 0x22, 0x22, 0x21, 0x2, 0xff, 0xff, 0x40,
    0x0, 0x0, 0x8f, 0xff, 0x20, 0x0, 0x0, 0x0,
    0x0, 0xa, 0xff, 0xf5, 0x0, 0x0, 0x0, 0x8f,
    0xff, 0x20, 0x0, 0x0, 0x0, 0x0, 0xf, 0xff,
    0xc0, 0x0, 0x0, 0x0, 0x8f, 0xff, 0x20, 0x0,
    0x0, 0x0, 0x0, 0x4f, 0xff, 0x60, 0x0, 0x0,
    0x0, 0x8f, 0xff, 0x20, 0x0, 0x0, 0x0, 0x0,
    0x7f, 0xff, 0x30, 0x0, 0x0, 0x0, 0x8f, 0xff,
    0x32, 0x22, 0x22, 0x22, 0x20, 0x8f, 0xff, 0x10,
    0x0, 0x0, 0x0, 0x8f, 0xff, 0xff, 0xff, 0xff,
    0xff, 0xf0, 0x9f, 0xff, 0x0, 0x0, 0x0, 0x0,
    0x8f, 0xff, 0xff, 0xff, 0xff, 0xff, 0xf0, 0x8f,
    0xff, 0x10, 0x0, 0x0, 0x0, 0x8f, 0xff, 0xff,
    0xff, 0xff, 0xff, 0xf0, 0x7f, 0xff, 0x30, 0x0,
    0x0, 0x0, 0x8f, 0xff, 0x20, 0x0, 0x0, 0x0,
    0x0, 0x4f, 0xff, 0x60, 0x0, 0x0, 0x0, 0x8f,
    0xff, 0x20, 0x0, 0x0, 0x0, 0x0, 0xf, 0xff,
    0xc0, 0x0, 0x0, 0x0, 0x8f, 0xff, 0x20, 0x0,
    0x0, 0x0, 0x0, 0xa, 0xff, 0xf5, 0x0, 0x0,
    0x0, 0x8f, 0xff, 0x20, 0x0, 0x0, 0x0, 0x0,
    0x2, 0xff, 0xff, 0x40, 0x0, 0x0, 0x8f, 0xff,
    0x20, 0x0, 0x0, 0x0, 0x0, 0x0, 0x7f, 0xff,
    0xfa, 0x53, 0x22, 0x9f, 0xff, 0x42, 0x22, 0x22,
    0x22, 0x22, 0x0, 0x9, 0xff, 0xff, 0xff, 0xff,
    0xff, 0xff, 0xff, 0xff, 0xff, 0xff, 0xfc, 0x0,
    0x0, 0x6e, 0xff, 0xff, 0xff, 0xff, 0xff, 0xff,
    0xff, 0xff, 0xff, 0xfc, 0x0, 0x0, 0x0, 0x6b,
    0xef, 0xff, 0xff, 0xff, 0xff, 0xff, 0xff, 0xff,
    0xfc,

    /* U+0153 "?" */
    0x0, 0x0, 0x5b, 0xef, 0xeb, 0x50, 0x0, 0x5,
    0xbe, 0xfe, 0xb6, 0x0, 0x0, 0x0, 0x2d, 0xff,
    0xff, 0xff, 0xfd, 0x20, 0xbf, 0xff, 0xff, 0xff,
    0xd2, 0x0, 0x1, 0xef, 0xff, 0xff, 0xff, 0xff,
    0xfe, 0xff, 0xff, 0xff, 0xff, 0xfe, 0x10, 0xa,
    0xff, 0xfa, 0x20, 0x2a, 0xff, 0xff, 0xff, 0xa2,
    0x1, 0x8f, 0xff, 0xa0, 0x2f, 0xff, 0xb0, 0x0,
    0x0, 0xbf, 0xff, 0xfb, 0x0, 0x0, 0x8, 0xff,
    0xf1, 0x7f, 0xff, 0x30, 0x0, 0x0, 0x3f, 0xff,
    0xf3, 0x0, 0x0, 0x1, 0xff, 0xf6, 0xaf, 0xff,
    0x0, 0x0, 0x0, 0xf, 0xff, 0xf8, 0x88, 0x88,
    0x88, 0xff, 0xf8, 0xbf, 0xfe, 0x0, 0x0, 0x0,
    0xf, 0xff, 0xff, 0xff, 0xff, 0xff, 0xff, 0xf9,
    0xbf, 0xfe, 0x0, 0x0, 0x0, 0xf, 0xff, 0xff,
    0xff, 0xff, 0xff, 0xff, 0xf9, 0xaf, 0xff, 0x0,
    0x0, 0x0, 0xf, 0xff, 0xf0, 0x0, 0x0, 0x0,
    0x0, 0x0, 0x7f, 0xff, 0x40, 0x0, 0x0, 0x3f,
    0xff, 0xf3, 0x0, 0x0, 0x0, 0x0, 0x0, 0x2f,
    0xff, 0xb0, 0x0, 0x0, 0xbf, 0xff, 0xfb, 0x0,
    0x0, 0x2, 0xc9, 0x51, 0xa, 0xff, 0xfa, 0x20,
    0x2a, 0xff, 0xff, 0xff, 0xb3, 0x0, 0x4d, 0xff,
    0xf1, 0x1, 0xef, 0xff, 0xff, 0xff, 0xff, 0xfe,
    0xff, 0xff, 0xff, 0xff, 0xff, 0x80, 0x0, 0x2d,
    0xff, 0xff, 0xff, 0xfd, 0x20, 0xbf, 0xff, 0xff,
    0xff, 0xf8, 0x0, 0x0, 0x0, 0x5b, 0xef, 0xeb,
    0x60, 0x0, 0x4, 0xad, 0xff, 0xd9, 0x30, 0x0,

    /* U+0154 "?" */
    0x0, 0x0, 0x0, 0x2, 0x55, 0x40, 0x0, 0x0,
    0x0, 0x0, 0x0, 0xc, 0xff, 0x70, 0x0, 0x0,
    0x0, 0x0, 0x0, 0x3f, 0xfd, 0x0, 0x0, 0x0,
    0x0, 0x0, 0x0, 0xaf, 0xf3, 0x0, 0x0, 0x0,
    0x0, 0x0, 0x1, 0xff, 0x90, 0x0, 0x0, 0x0,
    0x0, 0x0, 0x0, 0x0, 0x0, 0x0, 0x0, 0x0,
    0x0, 0x0, 0x0, 0x0, 0x0, 0x0, 0x0, 0x0,
    0xff, 0xff, 0xff, 0xff, 0xfd, 0x93, 0x0, 0x0,
    0xff, 0xff, 0xff, 0xff, 0xff, 0xff, 0x90, 0x0,
    0xff, 0xff, 0xff, 0xff, 0xff, 0xff, 0xf8, 0x0,
    0xff, 0xfb, 0x22, 0x22, 0x4a, 0xff, 0xff, 0x20,
    0xff, 0xfb, 0x0, 0x0, 0x0, 0x9f, 0xff, 0x80,
    0xff, 0xfb, 0x0, 0x0, 0x0, 0x1f, 0xff, 0xb0,
    0xff, 0xfb, 0x0, 0x0, 0x0, 0xe, 0xff, 0xd0,
    0xff, 0xfb, 0x0, 0x0, 0x0, 0xf, 0xff, 0xb0,
    0xff, 0xfb, 0x0, 0x0, 0x0, 0x6f, 0xff, 0x90,
    0xff, 0xfb, 0x0, 0x0, 0x27, 0xff, 0xff, 0x30,
    0xff, 0xff, 0xff, 0xff, 0xff, 0xff, 0xfa, 0x0,
    0xff, 0xff, 0xff, 0xff, 0xff, 0xff, 0xb0, 0x0,
    0xff, 0xff, 0xff, 0xff, 0xff, 0xf7, 0x0, 0x0,
    0xff, 0xfb, 0x11, 0x15, 0xff, 0xfb, 0x0, 0x0,
    0xff, 0xfb, 0x0, 0x0, 0xcf, 0xff, 0x30, 0x0,
    0xff, 0xfb, 0x0, 0x0, 0x4f, 0xff, 0xc0, 0x0,
    0xff, 0xfb, 0x0, 0x0, 0xc, 0xff, 0xf4, 0x0,
    0xff, 0xfb, 0x0, 0x0, 0x4, 0xff, 0xfc, 0x0,
    0xff, 0xfb, 0x0, 0x0, 0x0, 0xcf, 0xff, 0x40,
    0xff, 0xfb, 0x0, 0x0, 0x0, 0x3f, 0xff, 0xc0,
    0xff, 0xfb, 0x0, 0x0, 0x0, 0xb, 0xff, 0xf5,

    /* U+0155 "?" */
    0x0, 0x0, 0x9, 0xff, 0xc0, 0x0, 0x0, 0xf,
    0xff, 0x20, 0x0, 0x0, 0x7f, 0xf8, 0x0, 0x0,
    0x0, 0xdf, 0xd0, 0x0, 0x0, 0x0, 0x55, 0x20,
    0x0, 0x0, 0x0, 0x0, 0x0, 0x0, 0x1f, 0xff,
    0x51, 0x9e, 0xf9, 0x1f, 0xff, 0x5d, 0xff, 0xf9,
    0x1f, 0xff, 0xcf, 0xff, 0xf9, 0x1f, 0xff, 0xfe,
    0x62, 0x11, 0x1f, 0xff, 0xf2, 0x0, 0x0, 0x1f,
    0xff, 0xa0, 0x0, 0x0, 0x1f, 0xff, 0x70, 0x0,
    0x0, 0x1f, 0xff, 0x70, 0x0, 0x0, 0x1f, 0xff,
    0x70, 0x0, 0x0, 0x1f, 0xff, 0x70, 0x0, 0x0,
    0x1f, 0xff, 0x70, 0x0, 0x0, 0x1f, 0xff, 0x70,
    0x0, 0x0, 0x1f, 0xff, 0x70, 0x0, 0x0, 0x1f,
    0xff, 0x70, 0x0, 0x0, 0x1f, 0xff, 0x70, 0x0,
    0x0, 0x1f, 0xff, 0x70, 0x0, 0x0,

    /* U+0156 "?" */
    0xff, 0xff, 0xff, 0xff, 0xfd, 0x93, 0x0, 0x0,
    0xff, 0xff, 0xff, 0xff, 0xff, 0xff, 0x90, 0x0,
    0xff, 0xff, 0xff, 0xff, 0xff, 0xff, 0xf8, 0x0,
    0xff, 0xfb, 0x22, 0x22, 0x4a, 0xff, 0xff, 0x20,
    0xff, 0xfb, 0x0, 0x0, 0x0, 0x9f, 0xff, 0x80,
    0xff, 0xfb, 0x0, 0x0, 0x0, 0x1f, 0xff, 0xb0,
    0xff, 0xfb, 0x0, 0x0, 0x0, 0xe, 0xff, 0xd0,
    0xff, 0xfb, 0x0, 0x0, 0x0, 0xf, 0xff, 0xb0,
    0xff, 0xfb, 0x0, 0x0, 0x0, 0x6f, 0xff, 0x90,
    0xff, 0xfb, 0x0, 0x0, 0x27, 0xff, 0xff, 0x30,
    0xff, 0xff, 0xff, 0xff, 0xff, 0xff, 0xfa, 0x0,
    0xff, 0xff, 0xff, 0xff, 0xff, 0xff, 0xb0, 0x0,
    0xff, 0xff, 0xff, 0xff, 0xff, 0xf7, 0x0, 0x0,
    0xff, 0xfb, 0x11, 0x15, 0xff, 0xfb, 0x0, 0x0,
    0xff, 0xfb, 0x0, 0x0, 0xcf, 0xff, 0x30, 0x0,
    0xff, 0xfb, 0x0, 0x0, 0x4f, 0xff, 0xc0, 0x0,
    0xff, 0xfb, 0x0, 0x0, 0xc, 0xff, 0xf4, 0x0,
    0xff, 0xfb, 0x0, 0x0, 0x4, 0xff, 0xfc, 0x0,
    0xff, 0xfb, 0x0, 0x0, 0x0, 0xcf, 0xff, 0x40,
    0xff, 0xfb, 0x0, 0x0, 0x0, 0x3f, 0xff, 0xc0,
    0xff, 0xfb, 0x0, 0x0, 0x0, 0xb, 0xff, 0xf5,
    0x0, 0x0, 0x0, 0x0, 0x0, 0x0, 0x0, 0x0,
    0x0, 0x0, 0x0, 0x22, 0x20, 0x0, 0x0, 0x0,
    0x0, 0x0, 0x7, 0xff, 0xc0, 0x0, 0x0, 0x0,
    0x0, 0x0, 0xb, 0xff, 0x60, 0x0, 0x0, 0x0,
    0x0, 0x0, 0xe, 0xff, 0x0, 0x0, 0x0, 0x0,
    0x0, 0x0, 0x2f, 0xf9, 0x0, 0x0, 0x0, 0x0,
    0x0, 0x0, 0x6f, 0xf3, 0x0, 0x0, 0x0, 0x0,

    /* U+0157 "?" */
    0x0, 0x0, 0x0, 0x0, 0x0, 0x0, 0x1f, 0xff,
    0x51, 0x9e, 0xf9, 0x1, 0xff, 0xf5, 0xdf, 0xff,
    0x90, 0x1f, 0xff, 0xcf, 0xff, 0xf9, 0x1, 0xff,
    0xff, 0xe6, 0x21, 0x10, 0x1f, 0xff, 0xf2, 0x0,
    0x0, 0x1, 0xff, 0xfa, 0x0, 0x0, 0x0, 0x1f,
    0xff, 0x70, 0x0, 0x0, 0x1, 0xff, 0xf7, 0x0,
    0x0, 0x0, 0x1f, 0xff, 0x70, 0x0, 0x0, 0x1,
    0xff, 0xf7, 0x0, 0x0, 0x0, 0x1f, 0xff, 0x70,
    0x0, 0x0, 0x1, 0xff, 0xf7, 0x0, 0x0, 0x0,
    0x1f, 0xff, 0x70, 0x0, 0x0, 0x1, 0xff, 0xf7,
    0x0, 0x0, 0x0, 0x1f, 0xff, 0x70, 0x0, 0x0,
    0x1, 0xff, 0xf7, 0x0, 0x0, 0x0, 0x0, 0x0,
    0x0, 0x0, 0x0, 0x0, 0x22, 0x20, 0x0, 0x0,
    0x0, 0x2f, 0xff, 0x10, 0x0, 0x0, 0x6, 0xff,
    0xb0, 0x0, 0x0, 0x0, 0xaf, 0xf5, 0x0, 0x0,
    0x0, 0xd, 0xfe, 0x0, 0x0, 0x0, 0x1, 0xff,
    0x80, 0x0, 0x0, 0x0,

    /* U+0158 "?" */
    0x0, 0x78, 0x81, 0x0, 0x18, 0x87, 0x0, 0x0,
    0x0, 0x4f, 0xfc, 0x0, 0xcf, 0xf6, 0x0, 0x0,
    0x0, 0x7, 0xff, 0x88, 0xff, 0x90, 0x0, 0x0,
    0x0, 0x0, 0xaf, 0xff, 0xfb, 0x0, 0x0, 0x0,
    0x0, 0x0, 0xc, 0xff, 0xd0, 0x0, 0x0, 0x0,
    0x0, 0x0, 0x0, 0x0, 0x0, 0x0, 0x0, 0x0,
    0x0, 0x0, 0x0, 0x0, 0x0, 0x0, 0x0, 0x0,
    0xff, 0xff, 0xff, 0xff, 0xfd, 0x93, 0x0, 0x0,
    0xff, 0xff, 0xff, 0xff, 0xff, 0xff, 0x90, 0x0,
    0xff, 0xff, 0xff, 0xff, 0xff, 0xff, 0xf8, 0x0,
    0xff, 0xfb, 0x22, 0x22, 0x4a, 0xff, 0xff, 0x20,
    0xff, 0xfb, 0x0, 0x0, 0x0, 0x9f, 0xff, 0x80,
    0xff, 0xfb, 0x0, 0x0, 0x0, 0x1f, 0xff, 0xb0,
    0xff, 0xfb, 0x0, 0x0, 0x0, 0xe, 0xff, 0xd0,
    0xff, 0xfb, 0x0, 0x0, 0x0, 0xf, 0xff, 0xb0,
    0xff, 0xfb, 0x0, 0x0, 0x0, 0x6f, 0xff, 0x90,
    0xff, 0xfb, 0x0, 0x0, 0x27, 0xff, 0xff, 0x30,
    0xff, 0xff, 0xff, 0xff, 0xff, 0xff, 0xfa, 0x0,
    0xff, 0xff, 0xff, 0xff, 0xff, 0xff, 0xb0, 0x0,
    0xff, 0xff, 0xff, 0xff, 0xff, 0xf7, 0x0, 0x0,
    0xff, 0xfb, 0x11, 0x15, 0xff, 0xfb, 0x0, 0x0,
    0xff, 0xfb, 0x0, 0x0, 0xcf, 0xff, 0x30, 0x0,
    0xff, 0xfb, 0x0, 0x0, 0x4f, 0xff, 0xc0, 0x0,
    0xff, 0xfb, 0x0, 0x0, 0xc, 0xff, 0xf4, 0x0,
    0xff, 0xfb, 0x0, 0x0, 0x4, 0xff, 0xfc, 0x0,
    0xff, 0xfb, 0x0, 0x0, 0x0, 0xcf, 0xff, 0x40,
    0xff, 0xfb, 0x0, 0x0, 0x0, 0x3f, 0xff, 0xc0,
    0xff, 0xfb, 0x0, 0x0, 0x0, 0xb, 0xff, 0xf5,

    /* U+0159 "?" */
    0x9, 0xff, 0x90, 0x5, 0xff, 0xc0, 0x0, 0xaf,
    0xf6, 0x3f, 0xfd, 0x10, 0x0, 0xb, 0xff, 0xef,
    0xd1, 0x0, 0x0, 0x0, 0xcf, 0xfe, 0x20, 0x0,
    0x0, 0x0, 0x0, 0x0, 0x0, 0x0, 0x0, 0x0,
    0x0, 0x0, 0x0, 0x0, 0x1, 0xff, 0xf5, 0x19,
    0xef, 0x90, 0x1, 0xff, 0xf5, 0xdf, 0xff, 0x90,
    0x1, 0xff, 0xfc, 0xff, 0xff, 0x90, 0x1, 0xff,
    0xff, 0xe6, 0x21, 0x10, 0x1, 0xff, 0xff, 0x20,
    0x0, 0x0, 0x1, 0xff, 0xfa, 0x0, 0x0, 0x0,
    0x1, 0xff, 0xf7, 0x0, 0x0, 0x0, 0x1, 0xff,
    0xf7, 0x0, 0x0, 0x0, 0x1, 0xff, 0xf7, 0x0,
    0x0, 0x0, 0x1, 0xff, 0xf7, 0x0, 0x0, 0x0,
    0x1, 0xff, 0xf7, 0x0, 0x0, 0x0, 0x1, 0xff,
    0xf7, 0x0, 0x0, 0x0, 0x1, 0xff, 0xf7, 0x0,
    0x0, 0x0, 0x1, 0xff, 0xf7, 0x0, 0x0, 0x0,
    0x1, 0xff, 0xf7, 0x0, 0x0, 0x0, 0x1, 0xff,
    0xf7, 0x0, 0x0, 0x0,

    /* U+015A "?" */
    0x0, 0x0, 0x0, 0x0, 0x8f, 0xfc, 0x0, 0x0,
    0x0, 0x0, 0x0, 0x0, 0xff, 0xf2, 0x0, 0x0,
    0x0, 0x0, 0x0, 0x6, 0xff, 0x80, 0x0, 0x0,
    0x0, 0x0, 0x0, 0xd, 0xfd, 0x0, 0x0, 0x0,
    0x0, 0x0, 0x0, 0x5, 0x52, 0x0, 0x0, 0x0,
    0x0, 0x0, 0x0, 0x0, 0x0, 0x0, 0x0, 0x0,
    0x0, 0x0, 0x0, 0x0, 0x0, 0x0, 0x0, 0x0,
    0x0, 0x0, 0x39, 0xde, 0xfe, 0xb6, 0x10, 0x0,
    0x0, 0x1a, 0xff, 0xff, 0xff, 0xff, 0xe5, 0x0,
    0x0, 0xcf, 0xff, 0xff, 0xff, 0xff, 0xff, 0x50,
    0x8, 0xff, 0xfe, 0x84, 0x35, 0xbf, 0xff, 0xe0,
    0xe, 0xff, 0xe2, 0x0, 0x0, 0x8, 0xff, 0xf6,
    0x1f, 0xff, 0xa0, 0x0, 0x0, 0x0, 0xee, 0xe8,
    0x1f, 0xff, 0xa0, 0x0, 0x0, 0x0, 0x0, 0x0,
    0xe, 0xff, 0xf6, 0x0, 0x0, 0x0, 0x0, 0x0,
    0x7, 0xff, 0xff, 0xd8, 0x30, 0x0, 0x0, 0x0,
    0x0, 0xaf, 0xff, 0xff, 0xff, 0xa5, 0x0, 0x0,
    0x0, 0x5, 0xdf, 0xff, 0xff, 0xff, 0xe5, 0x0,
    0x0, 0x0, 0x3, 0x7b, 0xff, 0xff, 0xff, 0x70,
    0x0, 0x0, 0x0, 0x0, 0x5, 0xbf, 0xff, 0xf3,
    0x0, 0x0, 0x0, 0x0, 0x0, 0x4, 0xff, 0xfa,
    0x46, 0x65, 0x0, 0x0, 0x0, 0x0, 0xcf, 0xfd,
    0x9f, 0xff, 0x10, 0x0, 0x0, 0x0, 0xdf, 0xfd,
    0x5f, 0xff, 0xa0, 0x0, 0x0, 0x6, 0xff, 0xfa,
    0xe, 0xff, 0xfd, 0x74, 0x46, 0xbf, 0xff, 0xf4,
    0x4, 0xff, 0xff, 0xff, 0xff, 0xff, 0xff, 0xa0,
    0x0, 0x4e, 0xff, 0xff, 0xff, 0xff, 0xf8, 0x0,
    0x0, 0x0, 0x6b, 0xef, 0xfe, 0xc8, 0x20, 0x0,

    /* U+015B "?" */
    0x0, 0x0, 0x0, 0x3, 0x55, 0x30, 0x0, 0x0,
    0x0, 0x0, 0x1f, 0xff, 0x30, 0x0, 0x0, 0x0,
    0x0, 0x7f, 0xf9, 0x0, 0x0, 0x0, 0x0, 0x0,
    0xef, 0xe1, 0x0, 0x0, 0x0, 0x0, 0x5, 0xff,
    0x50, 0x0, 0x0, 0x0, 0x0, 0x0, 0x0, 0x0,
    0x0, 0x0, 0x0, 0x0, 0x0, 0x0, 0x0, 0x0,
    0x0, 0x0, 0x5, 0xbe, 0xff, 0xd9, 0x20, 0x0,
    0x1, 0xcf, 0xff, 0xff, 0xff, 0xf5, 0x0, 0xb,
    0xff, 0xff, 0xcd, 0xff, 0xff, 0x30, 0x2f, 0xff,
    0xa0, 0x0, 0x3e, 0xff, 0xa0, 0x5f, 0xff, 0x30,
    0x0, 0x4, 0x84, 0x10, 0x4f, 0xff, 0x90, 0x0,
    0x0, 0x0, 0x0, 0xe, 0xff, 0xfe, 0xa6, 0x30,
    0x0, 0x0, 0x4, 0xff, 0xff, 0xff, 0xff, 0xa2,
    0x0, 0x0, 0x19, 0xef, 0xff, 0xff, 0xff, 0x40,
    0x0, 0x0, 0x2, 0x59, 0xef, 0xff, 0xe0, 0x0,
    0x0, 0x0, 0x0, 0xb, 0xff, 0xf2, 0x6a, 0xdc,
    0x0, 0x0, 0x7, 0xff, 0xf2, 0x8f, 0xff, 0x80,
    0x0, 0x3e, 0xff, 0xe0, 0x1e, 0xff, 0xff, 0xde,
    0xff, 0xff, 0x60, 0x3, 0xef, 0xff, 0xff, 0xff,
    0xf7, 0x0, 0x0, 0x7, 0xce, 0xfe, 0xd8, 0x20,
    0x0,

    /* U+015C "?" */
    0x0, 0x0, 0x0, 0x48, 0x86, 0x0, 0x0, 0x0,
    0x0, 0x0, 0x4, 0xff, 0xff, 0x70, 0x0, 0x0,
    0x0, 0x0, 0x4f, 0xfc, 0xaf, 0xf6, 0x0, 0x0,
    0x0, 0x3, 0xff, 0xe1, 0xc, 0xff, 0x50, 0x0,
    0x0, 0x7, 0x88, 0x20, 0x1, 0x78, 0x70, 0x0,
    0x0, 0x0, 0x0, 0x0, 0x0, 0x0, 0x0, 0x0,
    0x0, 0x0, 0x0, 0x0, 0x0, 0x0, 0x0, 0x0,
    0x0, 0x0, 0x39, 0xde, 0xfe, 0xb6, 0x10, 0x0,
    0x0, 0x1a, 0xff, 0xff, 0xff, 0xff, 0xe5, 0x0,
    0x0, 0xcf, 0xff, 0xff, 0xff, 0xff, 0xff, 0x50,
    0x8, 0xff, 0xfe, 0x84, 0x35, 0xbf, 0xff, 0xe0,
    0xe, 0xff, 0xe2, 0x0, 0x0, 0x8, 0xff, 0xf6,
    0x1f, 0xff, 0xa0, 0x0, 0x0, 0x0, 0xee, 0xe8,
    0x1f, 0xff, 0xa0, 0x0, 0x0, 0x0, 0x0, 0x0,
    0xe, 0xff, 0xf6, 0x0, 0x0, 0x0, 0x0, 0x0,
    0x7, 0xff, 0xff, 0xd8, 0x30, 0x0, 0x0, 0x0,
    0x0, 0xaf, 0xff, 0xff, 0xff, 0xa5, 0x0, 0x0,
    0x0, 0x5, 0xdf, 0xff, 0xff, 0xff, 0xe5, 0x0,
    0x0, 0x0, 0x3, 0x7b, 0xff, 0xff, 0xff, 0x70,
    0x0, 0x0, 0x0, 0x0, 0x5, 0xbf, 0xff, 0xf3,
    0x0, 0x0, 0x0, 0x0, 0x0, 0x4, 0xff, 0xfa,
    0x46, 0x65, 0x0, 0x0, 0x0, 0x0, 0xcf, 0xfd,
    0x9f, 0xff, 0x10, 0x0, 0x0, 0x0, 0xdf, 0xfd,
    0x5f, 0xff, 0xa0, 0x0, 0x0, 0x6, 0xff, 0xfa,
    0xe, 0xff, 0xfd, 0x74, 0x46, 0xbf, 0xff, 0xf4,
    0x4, 0xff, 0xff, 0xff, 0xff, 0xff, 0xff, 0xa0,
    0x0, 0x4e, 0xff, 0xff, 0xff, 0xff, 0xf8, 0x0,
    0x0, 0x0, 0x6b, 0xef, 0xfe, 0xc8, 0x20, 0x0,

    /* U+015D "?" */
    0x0, 0x0, 0x7, 0x88, 0x30, 0x0, 0x0, 0x0,
    0x0, 0x9f, 0xff, 0xf3, 0x0, 0x0, 0x0, 0x8,
    0xff, 0x8d, 0xfe, 0x20, 0x0, 0x0, 0x8f, 0xfa,
    0x2, 0xff, 0xe1, 0x0, 0x1, 0x78, 0x70, 0x0,
    0x38, 0x85, 0x0, 0x0, 0x0, 0x0, 0x0, 0x0,
    0x0, 0x0, 0x0, 0x0, 0x0, 0x0, 0x0, 0x0,
    0x0, 0x0, 0x5, 0xbe, 0xff, 0xd9, 0x20, 0x0,
    0x1, 0xcf, 0xff, 0xff, 0xff, 0xf5, 0x0, 0xb,
    0xff, 0xff, 0xcd, 0xff, 0xff, 0x30, 0x2f, 0xff,
    0xa0, 0x0, 0x3e, 0xff, 0xa0, 0x5f, 0xff, 0x30,
    0x0, 0x4, 0x84, 0x10, 0x4f, 0xff, 0x90, 0x0,
    0x0, 0x0, 0x0, 0xe, 0xff, 0xfe, 0xa6, 0x30,
    0x0, 0x0, 0x4, 0xff, 0xff, 0xff, 0xff, 0xa2,
    0x0, 0x0, 0x19, 0xef, 0xff, 0xff, 0xff, 0x40,
    0x0, 0x0, 0x2, 0x59, 0xef, 0xff, 0xe0, 0x0,
    0x0, 0x0, 0x0, 0xb, 0xff, 0xf2, 0x6a, 0xdc,
    0x0, 0x0, 0x7, 0xff, 0xf2, 0x8f, 0xff, 0x80,
    0x0, 0x3e, 0xff, 0xe0, 0x1e, 0xff, 0xff, 0xde,
    0xff, 0xff, 0x60, 0x3, 0xef, 0xff, 0xff, 0xff,
    0xf7, 0x0, 0x0, 0x7, 0xce, 0xfe, 0xd8, 0x20,
    0x0,

    /* U+015E "?" */
    0x0, 0x0, 0x39, 0xde, 0xfe, 0xb6, 0x10, 0x0,
    0x0, 0x1a, 0xff, 0xff, 0xff, 0xff, 0xe5, 0x0,
    0x0, 0xcf, 0xff, 0xff, 0xff, 0xff, 0xff, 0x50,
    0x8, 0xff, 0xfe, 0x84, 0x35, 0xbf, 0xff, 0xe0,
    0xe, 0xff, 0xe2, 0x0, 0x0, 0x8, 0xff, 0xf6,
    0x1f, 0xff, 0xa0, 0x0, 0x0, 0x0, 0xee, 0xe8,
    0x1f, 0xff, 0xa0, 0x0, 0x0, 0x0, 0x0, 0x0,
    0xe, 0xff, 0xf6, 0x0, 0x0, 0x0, 0x0, 0x0,
    0x7, 0xff, 0xff, 0xd8, 0x30, 0x0, 0x0, 0x0,
    0x0, 0xaf, 0xff, 0xff, 0xff, 0xa5, 0x0, 0x0,
    0x0, 0x5, 0xdf, 0xff, 0xff, 0xff, 0xe5, 0x0,
    0x0, 0x0, 0x3, 0x7b, 0xff, 0xff, 0xff, 0x70,
    0x0, 0x0, 0x0, 0x0, 0x5, 0xbf, 0xff, 0xf3,
    0x0, 0x0, 0x0, 0x0, 0x0, 0x4, 0xff, 0xfa,
    0x46, 0x65, 0x0, 0x0, 0x0, 0x0, 0xcf, 0xfd,
    0x9f, 0xff, 0x10, 0x0, 0x0, 0x0, 0xdf, 0xfd,
    0x5f, 0xff, 0xa0, 0x0, 0x0, 0x6, 0xff, 0xfa,
    0xe, 0xff, 0xfd, 0x74, 0x46, 0xbf, 0xff, 0xf4,
    0x4, 0xff, 0xff, 0xff, 0xff, 0xff, 0xff, 0xa0,
    0x0, 0x4e, 0xff, 0xff, 0xff, 0xff, 0xf8, 0x0,
    0x0, 0x0, 0x6b, 0xef, 0xfe, 0xc8, 0x20, 0x0,
    0x0, 0x0, 0x0, 0xc, 0xe0, 0x0, 0x0, 0x0,
    0x0, 0x0, 0x0, 0xe, 0xfe, 0x90, 0x0, 0x0,
    0x0, 0x0, 0x0, 0x6, 0x7e, 0xf5, 0x0, 0x0,
    0x0, 0x0, 0x0, 0x0, 0xa, 0xf7, 0x0, 0x0,
    0x0, 0x0, 0x0, 0x59, 0xaf, 0xf4, 0x0, 0x0,
    0x0, 0x0, 0x0, 0x8f, 0xfd, 0x70, 0x0, 0x0,

    /* U+015F "?" */
    0x0, 0x5, 0xbe, 0xff, 0xd9, 0x20, 0x0, 0x1,
    0xcf, 0xff, 0xff, 0xff, 0xf5, 0x0, 0xb, 0xff,
    0xff, 0xcd, 0xff, 0xff, 0x30, 0x2f, 0xff, 0xa0,
    0x0, 0x3e, 0xff, 0xa0, 0x5f, 0xff, 0x30, 0x0,
    0x4, 0x84, 0x10, 0x4f, 0xff, 0x90, 0x0, 0x0,
    0x0, 0x0, 0xe, 0xff, 0xfe, 0xa6, 0x30, 0x0,
    0x0, 0x4, 0xff, 0xff, 0xff, 0xff, 0xa2, 0x0,
    0x0, 0x19, 0xef, 0xff, 0xff, 0xff, 0x40, 0x0,
    0x0, 0x2, 0x59, 0xef, 0xff, 0xe0, 0x0, 0x0,
    0x0, 0x0, 0xb, 0xff, 0xf2, 0x6a, 0xdc, 0x0,
    0x0, 0x7, 0xff, 0xf2, 0x8f, 0xff, 0x80, 0x0,
    0x3e, 0xff, 0xe0, 0x1e, 0xff, 0xff, 0xde, 0xff,
    0xff, 0x60, 0x3, 0xef, 0xff, 0xff, 0xff, 0xf7,
    0x0, 0x0, 0x7, 0xce, 0xff, 0xd8, 0x20, 0x0,
    0x0, 0x0, 0x1, 0xf8, 0x0, 0x0, 0x0, 0x0,
    0x0, 0x4, 0xff, 0xd5, 0x0, 0x0, 0x0, 0x0,
    0x2, 0x69, 0xff, 0x0, 0x0, 0x0, 0x0, 0x0,
    0x0, 0xff, 0x20, 0x0, 0x0, 0x0, 0x8, 0x9c,
    0xfe, 0x0, 0x0, 0x0, 0x0, 0xe, 0xff, 0xc4,
    0x0, 0x0,

    /* U+0160 "?" */
    0x0, 0xa, 0xff, 0x80, 0x4, 0xff, 0xe1, 0x0,
    0x0, 0x0, 0xdf, 0xf3, 0x1e, 0xff, 0x30, 0x0,
    0x0, 0x0, 0x2f, 0xfd, 0xbf, 0xf5, 0x0, 0x0,
    0x0, 0x0, 0x5, 0xff, 0xff, 0x90, 0x0, 0x0,
    0x0, 0x0, 0x0, 0x8c, 0xca, 0x0, 0x0, 0x0,
    0x0, 0x0, 0x0, 0x0, 0x0, 0x0, 0x0, 0x0,
    0x0, 0x0, 0x0, 0x0, 0x0, 0x0, 0x0, 0x0,
    0x0, 0x0, 0x39, 0xde, 0xfe, 0xc8, 0x20, 0x0,
    0x0, 0x1a, 0xff, 0xff, 0xff, 0xff, 0xf8, 0x0,
    0x0, 0xcf, 0xff, 0xff, 0xff, 0xff, 0xff, 0x90,
    0x8, 0xff, 0xfe, 0x84, 0x35, 0x9f, 0xff, 0xf3,
    0xe, 0xff, 0xe2, 0x0, 0x0, 0x3, 0xff, 0xf8,
    0x1f, 0xff, 0xa0, 0x0, 0x0, 0x0, 0x11, 0x11,
    0x1f, 0xff, 0xa0, 0x0, 0x0, 0x0, 0x0, 0x0,
    0xe, 0xff, 0xf6, 0x0, 0x0, 0x0, 0x0, 0x0,
    0x7, 0xff, 0xff, 0xd8, 0x30, 0x0, 0x0, 0x0,
    0x0, 0xaf, 0xff, 0xff, 0xff, 0xa5, 0x0, 0x0,
    0x0, 0x5, 0xdf, 0xff, 0xff, 0xff, 0xe5, 0x0,
    0x0, 0x0, 0x3, 0x7b, 0xff, 0xff, 0xff, 0x70,
    0x0, 0x0, 0x0, 0x0, 0x5, 0xbf, 0xff, 0xf3,
    0x0, 0x0, 0x0, 0x0, 0x0, 0x4, 0xff, 0xfa,
    0x69, 0x98, 0x0, 0x0, 0x0, 0x0, 0xcf, 0xfd,
    0x9f, 0xff, 0x20, 0x0, 0x0, 0x0, 0xdf, 0xfd,
    0x5f, 0xff, 0xb0, 0x0, 0x0, 0x6, 0xff, 0xfa,
    0xd, 0xff, 0xfe, 0x74, 0x46, 0xbf, 0xff, 0xf4,
    0x3, 0xff, 0xff, 0xff, 0xff, 0xff, 0xff, 0xa0,
    0x0, 0x3d, 0xff, 0xff, 0xff, 0xff, 0xf8, 0x0,
    0x0, 0x0, 0x5a, 0xdf, 0xfe, 0xc8, 0x20, 0x0,

    /* U+0161 "?" */
    0x1, 0x78, 0x70, 0x0, 0x38, 0x86, 0x0, 0x0,
    0x6f, 0xfa, 0x2, 0xff, 0xe2, 0x0, 0x0, 0x8,
    0xff, 0x8d, 0xfe, 0x30, 0x0, 0x0, 0x0, 0x9f,
    0xff, 0xf3, 0x0, 0x0, 0x0, 0x0, 0x6, 0x88,
    0x30, 0x0, 0x0, 0x0, 0x0, 0x0, 0x0, 0x0,
    0x0, 0x0, 0x0, 0x0, 0x0, 0x0, 0x0, 0x0,
    0x0, 0x0, 0x5, 0xbe, 0xff, 0xd9, 0x20, 0x0,
    0x1, 0xcf, 0xff, 0xff, 0xff, 0xf5, 0x0, 0xb,
    0xff, 0xff, 0xcd, 0xff, 0xff, 0x30, 0x2f, 0xff,
    0xa0, 0x0, 0x3e, 0xff, 0xa0, 0x5f, 0xff, 0x30,
    0x0, 0x4, 0x84, 0x10, 0x4f, 0xff, 0x90, 0x0,
    0x0, 0x0, 0x0, 0xe, 0xff, 0xfe, 0xa6, 0x30,
    0x0, 0x0, 0x4, 0xff, 0xff, 0xff, 0xff, 0xa2,
    0x0, 0x0, 0x19, 0xef, 0xff, 0xff, 0xff, 0x40,
    0x0, 0x0, 0x2, 0x59, 0xef, 0xff, 0xe0, 0x0,
    0x0, 0x0, 0x0, 0xb, 0xff, 0xf2, 0x6a, 0xdc,
    0x0, 0x0, 0x7, 0xff, 0xf2, 0x8f, 0xff, 0x80,
    0x0, 0x3e, 0xff, 0xe0, 0x1e, 0xff, 0xff, 0xde,
    0xff, 0xff, 0x60, 0x3, 0xef, 0xff, 0xff, 0xff,
    0xf7, 0x0, 0x0, 0x7, 0xce, 0xfe, 0xd8, 0x20,
    0x0,

    /* U+0162 "?" */
    0xdf, 0xff, 0xff, 0xff, 0xff, 0xff, 0xff, 0xff,
    0x5d, 0xff, 0xff, 0xff, 0xff, 0xff, 0xff, 0xff,
    0xf5, 0xdf, 0xff, 0xff, 0xff, 0xff, 0xff, 0xff,
    0xff, 0x52, 0x22, 0x22, 0x2a, 0xff, 0xf3, 0x22,
    0x22, 0x20, 0x0, 0x0, 0x0, 0x9f, 0xff, 0x10,
    0x0, 0x0, 0x0, 0x0, 0x0, 0x9, 0xff, 0xf1,
    0x0, 0x0, 0x0, 0x0, 0x0, 0x0, 0x9f, 0xff,
    0x10, 0x0, 0x0, 0x0, 0x0, 0x0, 0x9, 0xff,
    0xf1, 0x0, 0x0, 0x0, 0x0, 0x0, 0x0, 0x9f,
    0xff, 0x10, 0x0, 0x0, 0x0, 0x0, 0x0, 0x9,
    0xff, 0xf1, 0x0, 0x0, 0x0, 0x0, 0x0, 0x0,
    0x9f, 0xff, 0x10, 0x0, 0x0, 0x0, 0x0, 0x0,
    0x9, 0xff, 0xf1, 0x0, 0x0, 0x0, 0x0, 0x0,
    0x0, 0x9f, 0xff, 0x10, 0x0, 0x0, 0x0, 0x0,
    0x0, 0x9, 0xff, 0xf1, 0x0, 0x0, 0x0, 0x0,
    0x0, 0x0, 0x9f, 0xff, 0x10, 0x0, 0x0, 0x0,
    0x0, 0x0, 0x9, 0xff, 0xf1, 0x0, 0x0, 0x0,
    0x0, 0x0, 0x0, 0x9f, 0xff, 0x10, 0x0, 0x0,
    0x0, 0x0, 0x0, 0x9, 0xff, 0xf1, 0x0, 0x0,
    0x0, 0x0, 0x0, 0x0, 0x9f, 0xff, 0x10, 0x0,
    0x0, 0x0, 0x0, 0x0, 0x9, 0xff, 0xf1, 0x0,
    0x0, 0x0, 0x0, 0x0, 0x0, 0x9f, 0xff, 0x10,
    0x0, 0x0, 0x0, 0x0, 0x0, 0x0, 0x9f, 0x0,
    0x0, 0x0, 0x0, 0x0, 0x0, 0x0, 0xc, 0xfa,
    0x60, 0x0, 0x0, 0x0, 0x0, 0x0, 0x0, 0x89,
    0xef, 0x60, 0x0, 0x0, 0x0, 0x0, 0x0, 0x0,
    0x7, 0xf9, 0x0, 0x0, 0x0, 0x0, 0x0, 0x3,
    0x9a, 0xef, 0x70, 0x0, 0x0, 0x0, 0x0, 0x0,
    0x6f, 0xfe, 0x90, 0x0, 0x0, 0x0,

    /* U+0163 "?" */
    0x0, 0x48, 0x88, 0x0, 0x0, 0x0, 0x8f, 0xff,
    0x0, 0x0, 0x0, 0x8f, 0xff, 0x0, 0x0, 0x0,
    0x8f, 0xff, 0x0, 0x0, 0xbf, 0xff, 0xff, 0xff,
    0xf0, 0xbf, 0xff, 0xff, 0xff, 0xf0, 0xae, 0xff,
    0xff, 0xee, 0xd0, 0x0, 0x8f, 0xff, 0x0, 0x0,
    0x0, 0x8f, 0xff, 0x0, 0x0, 0x0, 0x8f, 0xff,
    0x0, 0x0, 0x0, 0x8f, 0xff, 0x0, 0x0, 0x0,
    0x8f, 0xff, 0x0, 0x0, 0x0, 0x8f, 0xff, 0x0,
    0x0, 0x0, 0x8f, 0xff, 0x0, 0x0, 0x0, 0x8f,
    0xff, 0x0, 0x0, 0x0, 0x8f, 0xff, 0x0, 0x0,
    0x0, 0x7f, 0xff, 0x60, 0x10, 0x0, 0x3f, 0xff,
    0xff, 0xf0, 0x0, 0xa, 0xff, 0xff, 0xf2, 0x0,
    0x0, 0x7f, 0xff, 0xd3, 0x0, 0x0, 0xb, 0xf0,
    0x0, 0x0, 0x0, 0xd, 0xfd, 0x80, 0x0, 0x0,
    0x7, 0x8e, 0xf6, 0x0, 0x0, 0x0, 0x8, 0xf8,
    0x0, 0x0, 0x49, 0xaf, 0xf5, 0x0, 0x0, 0x7f,
    0xfe, 0x80,

    /* U+0164 "?" */
    0x0, 0x5, 0x88, 0x30, 0x0, 0x78, 0x82, 0x0,
    0x0, 0x0, 0x2e, 0xfe, 0x10, 0x8f, 0xfa, 0x0,
    0x0, 0x0, 0x0, 0x4f, 0xfc, 0x4f, 0xfc, 0x0,
    0x0, 0x0, 0x0, 0x0, 0x6f, 0xff, 0xfd, 0x10,
    0x0, 0x0, 0x0, 0x0, 0x0, 0x9f, 0xff, 0x20,
    0x0, 0x0, 0x0, 0x0, 0x0, 0x0, 0x0, 0x0,
    0x0, 0x0, 0x0, 0x0, 0x0, 0x0, 0x0, 0x0,
    0x0, 0x0, 0x0, 0xd, 0xff, 0xff, 0xff, 0xff,
    0xff, 0xff, 0xff, 0xf5, 0xdf, 0xff, 0xff, 0xff,
    0xff, 0xff, 0xff, 0xff, 0x5d, 0xff, 0xff, 0xff,
    0xff, 0xff, 0xff, 0xff, 0xf5, 0x22, 0x22, 0x22,
    0xaf, 0xff, 0x32, 0x22, 0x22, 0x0, 0x0, 0x0,
    0x9, 0xff, 0xf1, 0x0, 0x0, 0x0, 0x0, 0x0,
    0x0, 0x9f, 0xff, 0x10, 0x0, 0x0, 0x0, 0x0,
    0x0, 0x9, 0xff, 0xf1, 0x0, 0x0, 0x0, 0x0,
    0x0, 0x0, 0x9f, 0xff, 0x10, 0x0, 0x0, 0x0,
    0x0, 0x0, 0x9, 0xff, 0xf1, 0x0, 0x0, 0x0,
    0x0, 0x0, 0x0, 0x9f, 0xff, 0x10, 0x0, 0x0,
    0x0, 0x0, 0x0, 0x9, 0xff, 0xf1, 0x0, 0x0,
    0x0, 0x0, 0x0, 0x0, 0x9f, 0xff, 0x10, 0x0,
    0x0, 0x0, 0x0, 0x0, 0x9, 0xff, 0xf1, 0x0,
    0x0, 0x0, 0x0, 0x0, 0x0, 0x9f, 0xff, 0x10,
    0x0, 0x0, 0x0, 0x0, 0x0, 0x9, 0xff, 0xf1,
    0x0, 0x0, 0x0, 0x0, 0x0, 0x0, 0x9f, 0xff,
    0x10, 0x0, 0x0, 0x0, 0x0, 0x0, 0x9, 0xff,
    0xf1, 0x0, 0x0, 0x0, 0x0, 0x0, 0x0, 0x9f,
    0xff, 0x10, 0x0, 0x0, 0x0, 0x0, 0x0, 0x9,
    0xff, 0xf1, 0x0, 0x0, 0x0, 0x0, 0x0, 0x0,
    0x9f, 0xff, 0x10, 0x0, 0x0, 0x0, 0x0, 0x0,
    0x9, 0xff, 0xf1, 0x0, 0x0, 0x0,

    /* U+0165 "?" */
    0x0, 0x0, 0x0, 0x2, 0x66, 0x30, 0x0, 0x0,
    0x0, 0x5f, 0xf7, 0x0, 0x0, 0x0, 0x5, 0xff,
    0x40, 0x0, 0x0, 0x0, 0x5f, 0xf2, 0x0, 0x7d,
    0xdd, 0x5, 0xff, 0x0, 0x8, 0xff, 0xf0, 0x5f,
    0xe0, 0x0, 0x8f, 0xff, 0x0, 0x0, 0x0, 0x8,
    0xff, 0xf0, 0x0, 0x0, 0xbf, 0xff, 0xff, 0xff,
    0xf0, 0xb, 0xff, 0xff, 0xff, 0xff, 0x0, 0xae,
    0xff, 0xff, 0xee, 0xd0, 0x0, 0x8, 0xff, 0xf0,
    0x0, 0x0, 0x0, 0x8f, 0xff, 0x0, 0x0, 0x0,
    0x8, 0xff, 0xf0, 0x0, 0x0, 0x0, 0x8f, 0xff,
    0x0, 0x0, 0x0, 0x8, 0xff, 0xf0, 0x0, 0x0,
    0x0, 0x8f, 0xff, 0x0, 0x0, 0x0, 0x8, 0xff,
    0xf0, 0x0, 0x0, 0x0, 0x8f, 0xff, 0x0, 0x0,
    0x0, 0x8, 0xff, 0xf0, 0x0, 0x0, 0x0, 0x7f,
    0xff, 0x60, 0x10, 0x0, 0x3, 0xff, 0xff, 0xff,
    0x0, 0x0, 0xa, 0xff, 0xff, 0xf2, 0x0, 0x0,
    0x7, 0xdf, 0xfd, 0x30,

    /* U+0166 "?" */
    0xdf, 0xff, 0xff, 0xff, 0xff, 0xff, 0xff, 0xff,
    0x5d, 0xff, 0xff, 0xff, 0xff, 0xff, 0xff, 0xff,
    0xf5, 0xdf, 0xff, 0xff, 0xff, 0xff, 0xff, 0xff,
    0xff, 0x52, 0x22, 0x22, 0x2a, 0xff, 0xf3, 0x22,
    0x22, 0x20, 0x0, 0x0, 0x0, 0x9f, 0xff, 0x10,
    0x0, 0x0, 0x0, 0x0, 0x0, 0x9, 0xff, 0xf1,
    0x0, 0x0, 0x0, 0x0, 0x0, 0x0, 0x9f, 0xff,
    0x10, 0x0, 0x0, 0x0, 0x0, 0x0, 0x9, 0xff,
    0xf1, 0x0, 0x0, 0x0, 0x0, 0x0, 0x0, 0x9f,
    0xff, 0x10, 0x0, 0x0, 0x0, 0x5, 0xaa, 0xaf,
    0xff, 0xfb, 0xaa, 0xa0, 0x0, 0x0, 0x9f, 0xff,
    0xff, 0xff, 0xff, 0xff, 0x10, 0x0, 0x9, 0xff,
    0xff, 0xff, 0xff, 0xff, 0xf1, 0x0, 0x0, 0x0,
    0x0, 0x9f, 0xff, 0x10, 0x0, 0x0, 0x0, 0x0,
    0x0, 0x9, 0xff, 0xf1, 0x0, 0x0, 0x0, 0x0,
    0x0, 0x0, 0x9f, 0xff, 0x10, 0x0, 0x0, 0x0,
    0x0, 0x0, 0x9, 0xff, 0xf1, 0x0, 0x0, 0x0,
    0x0, 0x0, 0x0, 0x9f, 0xff, 0x10, 0x0, 0x0,
    0x0, 0x0, 0x0, 0x9, 0xff, 0xf1, 0x0, 0x0,
    0x0, 0x0, 0x0, 0x0, 0x9f, 0xff, 0x10, 0x0,
    0x0, 0x0, 0x0, 0x0, 0x9, 0xff, 0xf1, 0x0,
    0x0, 0x0, 0x0, 0x0, 0x0, 0x9f, 0xff, 0x10,
    0x0, 0x0, 0x0,

    /* U+0167 "?" */
    0x0, 0x8f, 0xff, 0x0, 0x0, 0x0, 0x8f, 0xff,
    0x0, 0x0, 0x0, 0x8f, 0xff, 0x0, 0x0, 0x0,
    0x8f, 0xff, 0x0, 0x0, 0xbf, 0xff, 0xff, 0xff,
    0xf0, 0xbf, 0xff, 0xff, 0xff, 0xf0, 0xae, 0xff,
    0xff, 0xee, 0xd0, 0x0, 0x8f, 0xff, 0x0, 0x0,
    0x0, 0x8f, 0xff, 0x0, 0x0, 0x58, 0xcf, 0xff,
    0x88, 0x70, 0xbf, 0xff, 0xff, 0xff, 0xf0, 0xbf,
    0xff, 0xff, 0xff, 0xf0, 0x0, 0x8f, 0xff, 0x0,
    0x0, 0x0, 0x8f, 0xff, 0x0, 0x0, 0x0, 0x8f,
    0xff, 0x0, 0x0, 0x0, 0x8f, 0xff, 0x0, 0x0,
    0x0, 0x7f, 0xff, 0x60, 0x10, 0x0, 0x3f, 0xff,
    0xff, 0xf0, 0x0, 0xa, 0xff, 0xff, 0xf2, 0x0,
    0x0, 0x7d, 0xff, 0xd3,

    /* U+0168 "?" */
    0x0, 0x0, 0x0, 0x20, 0x0, 0x2, 0x20, 0x0,
    0x0, 0x0, 0x3, 0xef, 0xf8, 0x17, 0xfb, 0x0,
    0x0, 0x0, 0x0, 0xdf, 0xff, 0xff, 0xff, 0x70,
    0x0, 0x0, 0x0, 0x1f, 0xf2, 0x3c, 0xff, 0xb0,
    0x0, 0x0, 0x0, 0x0, 0x32, 0x0, 0x1, 0x20,
    0x0, 0x0, 0x0, 0x0, 0x0, 0x0, 0x0, 0x0,
    0x0, 0x0, 0x0, 0x0, 0x0, 0x0, 0x0, 0x0,
    0x0, 0x0, 0x0, 0xf, 0xff, 0xb0, 0x0, 0x0,
    0x0, 0x1, 0xff, 0xf9, 0xff, 0xfb, 0x0, 0x0,
    0x0, 0x0, 0x1f, 0xff, 0x9f, 0xff, 0xb0, 0x0,
    0x0, 0x0, 0x1, 0xff, 0xf9, 0xff, 0xfb, 0x0,
    0x0, 0x0, 0x0, 0x1f, 0xff, 0x9f, 0xff, 0xb0,
    0x0, 0x0, 0x0, 0x1, 0xff, 0xf9, 0xff, 0xfb,
    0x0, 0x0, 0x0, 0x0, 0x1f, 0xff, 0x9f, 0xff,
    0xb0, 0x0, 0x0, 0x0, 0x1, 0xff, 0xf9, 0xff,
    0xfb, 0x0, 0x0, 0x0, 0x0, 0x1f, 0xff, 0x9f,
    0xff, 0xb0, 0x0, 0x0, 0x0, 0x1, 0xff, 0xf9,
    0xff, 0xfb, 0x0, 0x0, 0x0, 0x0, 0x1f, 0xff,
    0x9f, 0xff, 0xb0, 0x0, 0x0, 0x0, 0x1, 0xff,
    0xf9, 0xff, 0xfb, 0x0, 0x0, 0x0, 0x0, 0x1f,
    0xff, 0x9f, 0xff, 0xb0, 0x0, 0x0, 0x0, 0x1,
    0xff, 0xf9, 0xff, 0xfb, 0x0, 0x0, 0x0, 0x0,
    0x1f, 0xff, 0x8e, 0xff, 0xe0, 0x0, 0x0, 0x0,
    0x4, 0xff, 0xf7, 0xbf, 0xff, 0x50, 0x0, 0x0,
    0x0, 0xbf, 0xff, 0x45, 0xff, 0xfe, 0x30, 0x0,
    0x0, 0x8f, 0xff, 0xe0, 0xc, 0xff, 0xff, 0xb7,
    0x68, 0xdf, 0xff, 0xf6, 0x0, 0x1e, 0xff, 0xff,
    0xff, 0xff, 0xff, 0xfa, 0x0, 0x0, 0x1b, 0xff,
    0xff, 0xff, 0xff, 0xf7, 0x0, 0x0, 0x0, 0x3,
    0x9d, 0xef, 0xec, 0x71, 0x0, 0x0,

    /* U+0169 "?" */
    0x0, 0x2, 0xbf, 0xff, 0xff, 0xff, 0x0, 0x0,
    0x0, 0xbf, 0xff, 0xff, 0xff, 0x50, 0x0, 0x0,
    0x2, 0x32, 0x22, 0x32, 0x0, 0x0, 0x0, 0x0,
    0x0, 0x0, 0x0, 0x0, 0x0, 0x0, 0x0, 0x0,
    0x0, 0x0, 0x0, 0x0, 0x0, 0x1, 0xff, 0xf7,
    0x0, 0x0, 0x5, 0xff, 0xf4, 0x1f, 0xff, 0x70,
    0x0, 0x0, 0x5f, 0xff, 0x41, 0xff, 0xf7, 0x0,
    0x0, 0x5, 0xff, 0xf4, 0x1f, 0xff, 0x70, 0x0,
    0x0, 0x5f, 0xff, 0x41, 0xff, 0xf7, 0x0, 0x0,
    0x5, 0xff, 0xf4, 0x1f, 0xff, 0x70, 0x0, 0x0,
    0x5f, 0xff, 0x41, 0xff, 0xf7, 0x0, 0x0, 0x5,
    0xff, 0xf4, 0x1f, 0xff, 0x70, 0x0, 0x0, 0x5f,
    0xff, 0x41, 0xff, 0xf7, 0x0, 0x0, 0x5, 0xff,
    0xf4, 0x1f, 0xff, 0x70, 0x0, 0x0, 0x5f, 0xff,
    0x41, 0xff, 0xf9, 0x0, 0x0, 0x8, 0xff, 0xf4,
    0xf, 0xff, 0xe0, 0x0, 0x1, 0xef, 0xff, 0x40,
    0xbf, 0xff, 0xd4, 0x25, 0xdf, 0xff, 0xf4, 0x5,
    0xff, 0xff, 0xff, 0xff, 0x8f, 0xff, 0x40, 0x9,
    0xff, 0xff, 0xff, 0xa2, 0xff, 0xf4, 0x0, 0x5,
    0xcf, 0xfc, 0x60, 0x2f, 0xff, 0x40,

    /* U+016A "?" */
    0x0, 0x0, 0x9f, 0xff, 0xff, 0xff, 0x30, 0x0,
    0x0, 0x0, 0x9, 0xff, 0xff, 0xff, 0xf3, 0x0,
    0x0, 0x0, 0x0, 0x47, 0x77, 0x77, 0x77, 0x10,
    0x0, 0x0, 0x0, 0x0, 0x0, 0x0, 0x0, 0x0,
    0x0, 0x0, 0x0, 0x0, 0x0, 0x0, 0x0, 0x0,
    0x0, 0x0, 0x0, 0x0, 0x0, 0x0, 0x0, 0x0,
    0x0, 0x0, 0x0, 0xff, 0xfb, 0x0, 0x0, 0x0,
    0x0, 0x1f, 0xff, 0x9f, 0xff, 0xb0, 0x0, 0x0,
    0x0, 0x1, 0xff, 0xf9, 0xff, 0xfb, 0x0, 0x0,
    0x0, 0x0, 0x1f, 0xff, 0x9f, 0xff, 0xb0, 0x0,
    0x0, 0x0, 0x1, 0xff, 0xf9, 0xff, 0xfb, 0x0,
    0x0, 0x0, 0x0, 0x1f, 0xff, 0x9f, 0xff, 0xb0,
    0x0, 0x0, 0x0, 0x1, 0xff, 0xf9, 0xff, 0xfb,
    0x0, 0x0, 0x0, 0x0, 0x1f, 0xff, 0x9f, 0xff,
    0xb0, 0x0, 0x0, 0x0, 0x1, 0xff, 0xf9, 0xff,
    0xfb, 0x0, 0x0, 0x0, 0x0, 0x1f, 0xff, 0x9f,
    0xff, 0xb0, 0x0, 0x0, 0x0, 0x1, 0xff, 0xf9,
    0xff, 0xfb, 0x0, 0x0, 0x0, 0x0, 0x1f, 0xff,
    0x9f, 0xff, 0xb0, 0x0, 0x0, 0x0, 0x1, 0xff,
    0xf9, 0xff, 0xfb, 0x0, 0x0, 0x0, 0x0, 0x1f,
    0xff, 0x9f, 0xff, 0xb0, 0x0, 0x0, 0x0, 0x1,
    0xff, 0xf8, 0xef, 0xfe, 0x0, 0x0, 0x0, 0x0,
    0x4f, 0xff, 0x7b, 0xff, 0xf5, 0x0, 0x0, 0x0,
    0xb, 0xff, 0xf4, 0x5f, 0xff, 0xe3, 0x0, 0x0,
    0x8, 0xff, 0xfe, 0x0, 0xcf, 0xff, 0xfb, 0x76,
    0x8d, 0xff, 0xff, 0x60, 0x1, 0xef, 0xff, 0xff,
    0xff, 0xff, 0xff, 0xa0, 0x0, 0x1, 0xbf, 0xff,
    0xff, 0xff, 0xff, 0x70, 0x0, 0x0, 0x0, 0x39,
    0xde, 0xfe, 0xc7, 0x10, 0x0, 0x0,

    /* U+016B "?" */
    0x0, 0x5, 0xff, 0xff, 0xff, 0xf7, 0x0, 0x0,
    0x0, 0x5f, 0xff, 0xff, 0xff, 0x70, 0x0, 0x0,
    0x2, 0x77, 0x77, 0x77, 0x73, 0x0, 0x0, 0x0,
    0x0, 0x0, 0x0, 0x0, 0x0, 0x0, 0x0, 0x0,
    0x0, 0x0, 0x0, 0x0, 0x0, 0x1, 0xff, 0xf7,
    0x0, 0x0, 0x5, 0xff, 0xf4, 0x1f, 0xff, 0x70,
    0x0, 0x0, 0x5f, 0xff, 0x41, 0xff, 0xf7, 0x0,
    0x0, 0x5, 0xff, 0xf4, 0x1f, 0xff, 0x70, 0x0,
    0x0, 0x5f, 0xff, 0x41, 0xff, 0xf7, 0x0, 0x0,
    0x5, 0xff, 0xf4, 0x1f, 0xff, 0x70, 0x0, 0x0,
    0x5f, 0xff, 0x41, 0xff, 0xf7, 0x0, 0x0, 0x5,
    0xff, 0xf4, 0x1f, 0xff, 0x70, 0x0, 0x0, 0x5f,
    0xff, 0x41, 0xff, 0xf7, 0x0, 0x0, 0x5, 0xff,
    0xf4, 0x1f, 0xff, 0x70, 0x0, 0x0, 0x5f, 0xff,
    0x41, 0xff, 0xf9, 0x0, 0x0, 0x8, 0xff, 0xf4,
    0xf, 0xff, 0xe0, 0x0, 0x1, 0xef, 0xff, 0x40,
    0xbf, 0xff, 0xd4, 0x25, 0xdf, 0xff, 0xf4, 0x5,
    0xff, 0xff, 0xff, 0xff, 0x8f, 0xff, 0x40, 0x9,
    0xff, 0xff, 0xff, 0xa2, 0xff, 0xf4, 0x0, 0x5,
    0xcf, 0xfc, 0x60, 0x2f, 0xff, 0x40,

    /* U+016C "?" */
    0x0, 0x1, 0x88, 0x0, 0x0, 0x38, 0x50, 0x0,
    0x0, 0x0, 0xf, 0xf4, 0x0, 0xb, 0xfa, 0x0,
    0x0, 0x0, 0x0, 0xaf, 0xe5, 0x38, 0xff, 0x40,
    0x0, 0x0, 0x0, 0x1, 0xef, 0xff, 0xff, 0x90,
    0x0, 0x0, 0x0, 0x0, 0x1, 0x9e, 0xfc, 0x60,
    0x0, 0x0, 0x0, 0x0, 0x0, 0x0, 0x0, 0x0,
    0x0, 0x0, 0x0, 0x0, 0x0, 0x0, 0x0, 0x0,
    0x0, 0x0, 0x0, 0xf, 0xff, 0xb0, 0x0, 0x0,
    0x0, 0x1, 0xff, 0xf9, 0xff, 0xfb, 0x0, 0x0,
    0x0, 0x0, 0x1f, 0xff, 0x9f, 0xff, 0xb0, 0x0,
    0x0, 0x0, 0x1, 0xff, 0xf9, 0xff, 0xfb, 0x0,
    0x0, 0x0, 0x0, 0x1f, 0xff, 0x9f, 0xff, 0xb0,
    0x0, 0x0, 0x0, 0x1, 0xff, 0xf9, 0xff, 0xfb,
    0x0, 0x0, 0x0, 0x0, 0x1f, 0xff, 0x9f, 0xff,
    0xb0, 0x0, 0x0, 0x0, 0x1, 0xff, 0xf9, 0xff,
    0xfb, 0x0, 0x0, 0x0, 0x0, 0x1f, 0xff, 0x9f,
    0xff, 0xb0, 0x0, 0x0, 0x0, 0x1, 0xff, 0xf9,
    0xff, 0xfb, 0x0, 0x0, 0x0, 0x0, 0x1f, 0xff,
    0x9f, 0xff, 0xb0, 0x0, 0x0, 0x0, 0x1, 0xff,
    0xf9, 0xff, 0xfb, 0x0, 0x0, 0x0, 0x0, 0x1f,
    0xff, 0x9f, 0xff, 0xb0, 0x0, 0x0, 0x0, 0x1,
    0xff, 0xf9, 0xff, 0xfb, 0x0, 0x0, 0x0, 0x0,
    0x1f, 0xff, 0x8e, 0xff, 0xe0, 0x0, 0x0, 0x0,
    0x4, 0xff, 0xf7, 0xbf, 0xff, 0x50, 0x0, 0x0,
    0x0, 0xbf, 0xff, 0x45, 0xff, 0xfe, 0x30, 0x0,
    0x0, 0x8f, 0xff, 0xe0, 0xc, 0xff, 0xff, 0xb7,
    0x68, 0xdf, 0xff, 0xf6, 0x0, 0x1e, 0xff, 0xff,
    0xff, 0xff, 0xff, 0xfa, 0x0, 0x0, 0x1b, 0xff,
    0xff, 0xff, 0xff, 0xf7, 0x0, 0x0, 0x0, 0x3,
    0x9d, 0xef, 0xec, 0x71, 0x0, 0x0,

    /* U+016D "?" */
    0x0, 0x6, 0x82, 0x0, 0x1, 0x87, 0x0, 0x0,
    0x0, 0xcf, 0x80, 0x0, 0x6f, 0xe0, 0x0, 0x0,
    0x6, 0xff, 0x73, 0x6f, 0xf8, 0x0, 0x0, 0x0,
    0xb, 0xff, 0xff, 0xfd, 0x0, 0x0, 0x0, 0x0,
    0x7, 0xdf, 0xe8, 0x0, 0x0, 0x0, 0x0, 0x0,
    0x0, 0x0, 0x0, 0x0, 0x0, 0x0, 0x0, 0x0,
    0x0, 0x0, 0x0, 0x0, 0x1, 0xff, 0xf7, 0x0,
    0x0, 0x5, 0xff, 0xf4, 0x1f, 0xff, 0x70, 0x0,
    0x0, 0x5f, 0xff, 0x41, 0xff, 0xf7, 0x0, 0x0,
    0x5, 0xff, 0xf4, 0x1f, 0xff, 0x70, 0x0, 0x0,
    0x5f, 0xff, 0x41, 0xff, 0xf7, 0x0, 0x0, 0x5,
    0xff, 0xf4, 0x1f, 0xff, 0x70, 0x0, 0x0, 0x5f,
    0xff, 0x41, 0xff, 0xf7, 0x0, 0x0, 0x5, 0xff,
    0xf4, 0x1f, 0xff, 0x70, 0x0, 0x0, 0x5f, 0xff,
    0x41, 0xff, 0xf7, 0x0, 0x0, 0x5, 0xff, 0xf4,
    0x1f, 0xff, 0x70, 0x0, 0x0, 0x5f, 0xff, 0x41,
    0xff, 0xf9, 0x0, 0x0, 0x8, 0xff, 0xf4, 0xf,
    0xff, 0xe0, 0x0, 0x1, 0xef, 0xff, 0x40, 0xbf,
    0xff, 0xd4, 0x25, 0xdf, 0xff, 0xf4, 0x5, 0xff,
    0xff, 0xff, 0xff, 0x8f, 0xff, 0x40, 0x9, 0xff,
    0xff, 0xff, 0xa2, 0xff, 0xf4, 0x0, 0x5, 0xcf,
    0xfc, 0x60, 0x2f, 0xff, 0x40,

    /* U+016E "?" */
    0x0, 0x0, 0x0, 0x8d, 0xfc, 0x40, 0x0, 0x0,
    0x0, 0x0, 0x0, 0xbf, 0xfe, 0xff, 0x50, 0x0,
    0x0, 0x0, 0x0, 0x3f, 0xe1, 0x6, 0xfd, 0x0,
    0x0, 0x0, 0x0, 0x5, 0xfb, 0x0, 0x1f, 0xf0,
    0x0, 0x0, 0x0, 0x0, 0x3f, 0xf3, 0x8, 0xfd,
    0x0, 0x0, 0x0, 0x0, 0x0, 0x9f, 0xff, 0xff,
    0x40, 0x0, 0x0, 0x0, 0x0, 0x0, 0x5b, 0xc9,
    0x20, 0x0, 0x0, 0x0, 0x0, 0x0, 0x0, 0x0,
    0x0, 0x0, 0x0, 0x0, 0xff, 0xfb, 0x0, 0x0,
    0x0, 0x0, 0x1f, 0xff, 0x9f, 0xff, 0xb0, 0x0,
    0x0, 0x0, 0x1, 0xff, 0xf9, 0xff, 0xfb, 0x0,
    0x0, 0x0, 0x0, 0x1f, 0xff, 0x9f, 0xff, 0xb0,
    0x0, 0x0, 0x0, 0x1, 0xff, 0xf9, 0xff, 0xfb,
    0x0, 0x0, 0x0, 0x0, 0x1f, 0xff, 0x9f, 0xff,
    0xb0, 0x0, 0x0, 0x0, 0x1, 0xff, 0xf9, 0xff,
    0xfb, 0x0, 0x0, 0x0, 0x0, 0x1f, 0xff, 0x9f,
    0xff, 0xb0, 0x0, 0x0, 0x0, 0x1, 0xff, 0xf9,
    0xff, 0xfb, 0x0, 0x0, 0x0, 0x0, 0x1f, 0xff,
    0x9f, 0xff, 0xb0, 0x0, 0x0, 0x0, 0x1, 0xff,
    0xf9, 0xff, 0xfb, 0x0, 0x0, 0x0, 0x0, 0x1f,
    0xff, 0x9f, 0xff, 0xb0, 0x0, 0x0, 0x0, 0x1,
    0xff, 0xf9, 0xff, 0xfb, 0x0, 0x0, 0x0, 0x0,
    0x1f, 0xff, 0x9f, 0xff, 0xb0, 0x0, 0x0, 0x0,
    0x1, 0xff, 0xf8, 0xef, 0xfe, 0x0, 0x0, 0x0,
    0x0, 0x4f, 0xff, 0x7b, 0xff, 0xf5, 0x0, 0x0,
    0x0, 0xb, 0xff, 0xf4, 0x5f, 0xff, 0xe3, 0x0,
    0x0, 0x8, 0xff, 0xfe, 0x0, 0xcf, 0xff, 0xfb,
    0x76, 0x8d, 0xff, 0xff, 0x60, 0x1, 0xef, 0xff,
    0xff, 0xff, 0xff, 0xff, 0xa0, 0x0, 0x1, 0xbf,
    0xff, 0xff, 0xff, 0xff, 0x70, 0x0, 0x0, 0x0,
    0x39, 0xde, 0xfe, 0xc7, 0x10, 0x0, 0x0,

    /* U+016F "?" */
    0x0, 0x0, 0x5, 0xdf, 0xd7, 0x0, 0x0, 0x0,
    0x0, 0x7, 0xff, 0xef, 0xf9, 0x0, 0x0, 0x0,
    0x0, 0xff, 0x50, 0x3f, 0xf1, 0x0, 0x0, 0x0,
    0x1f, 0xf0, 0x0, 0xdf, 0x30, 0x0, 0x0, 0x0,
    0xef, 0x70, 0x5f, 0xf1, 0x0, 0x0, 0x0, 0x5,
    0xff, 0xff, 0xf7, 0x0, 0x0, 0x0, 0x0, 0x4,
    0xbd, 0xb5, 0x0, 0x0, 0x0, 0x0, 0x0, 0x0,
    0x0, 0x0, 0x0, 0x0, 0x1f, 0xff, 0x70, 0x0,
    0x0, 0x5f, 0xff, 0x41, 0xff, 0xf7, 0x0, 0x0,
    0x5, 0xff, 0xf4, 0x1f, 0xff, 0x70, 0x0, 0x0,
    0x5f, 0xff, 0x41, 0xff, 0xf7, 0x0, 0x0, 0x5,
    0xff, 0xf4, 0x1f, 0xff, 0x70, 0x0, 0x0, 0x5f,
    0xff, 0x41, 0xff, 0xf7, 0x0, 0x0, 0x5, 0xff,
    0xf4, 0x1f, 0xff, 0x70, 0x0, 0x0, 0x5f, 0xff,
    0x41, 0xff, 0xf7, 0x0, 0x0, 0x5, 0xff, 0xf4,
    0x1f, 0xff, 0x70, 0x0, 0x0, 0x5f, 0xff, 0x41,
    0xff, 0xf7, 0x0, 0x0, 0x5, 0xff, 0xf4, 0x1f,
    0xff, 0x90, 0x0, 0x0, 0x8f, 0xff, 0x40, 0xff,
    0xfe, 0x0, 0x0, 0x1e, 0xff, 0xf4, 0xb, 0xff,
    0xfd, 0x42, 0x5d, 0xff, 0xff, 0x40, 0x5f, 0xff,
    0xff, 0xff, 0xf8, 0xff, 0xf4, 0x0, 0x9f, 0xff,
    0xff, 0xfa, 0x2f, 0xff, 0x40, 0x0, 0x5c, 0xff,
    0xc6, 0x2, 0xff, 0xf4,

    /* U+0170 "?" */
    0x0, 0x0, 0x1f, 0xff, 0x30, 0xbf, 0xfb, 0x0,
    0x0, 0x0, 0x6, 0xff, 0xa0, 0x3f, 0xfe, 0x10,
    0x0, 0x0, 0x0, 0xcf, 0xf2, 0xc, 0xff, 0x30,
    0x0, 0x0, 0x0, 0x1f, 0xf9, 0x5, 0xff, 0x70,
    0x0, 0x0, 0x0, 0x1, 0x55, 0x10, 0x35, 0x50,
    0x0, 0x0, 0x0, 0x0, 0x0, 0x0, 0x0, 0x0,
    0x0, 0x0, 0x0, 0x0, 0x0, 0x0, 0x0, 0x0,
    0x0, 0x0, 0x0, 0xf, 0xff, 0xb0, 0x0, 0x0,
    0x0, 0x1, 0xff, 0xf9, 0xff, 0xfb, 0x0, 0x0,
    0x0, 0x0, 0x1f, 0xff, 0x9f, 0xff, 0xb0, 0x0,
    0x0, 0x0, 0x1, 0xff, 0xf9, 0xff, 0xfb, 0x0,
    0x0, 0x0, 0x0, 0x1f, 0xff, 0x9f, 0xff, 0xb0,
    0x0, 0x0, 0x0, 0x1, 0xff, 0xf9, 0xff, 0xfb,
    0x0, 0x0, 0x0, 0x0, 0x1f, 0xff, 0x9f, 0xff,
    0xb0, 0x0, 0x0, 0x0, 0x1, 0xff, 0xf9, 0xff,
    0xfb, 0x0, 0x0, 0x0, 0x0, 0x1f, 0xff, 0x9f,
    0xff, 0xb0, 0x0, 0x0, 0x0, 0x1, 0xff, 0xf9,
    0xff, 0xfb, 0x0, 0x0, 0x0, 0x0, 0x1f, 0xff,
    0x9f, 0xff, 0xb0, 0x0, 0x0, 0x0, 0x1, 0xff,
    0xf9, 0xff, 0xfb, 0x0, 0x0, 0x0, 0x0, 0x1f,
    0xff, 0x9f, 0xff, 0xb0, 0x0, 0x0, 0x0, 0x1,
    0xff, 0xf9, 0xff, 0xfb, 0x0, 0x0, 0x0, 0x0,
    0x1f, 0xff, 0x8e, 0xff, 0xe0, 0x0, 0x0, 0x0,
    0x4, 0xff, 0xf7, 0xbf, 0xff, 0x50, 0x0, 0x0,
    0x0, 0xbf, 0xff, 0x45, 0xff, 0xfe, 0x30, 0x0,
    0x0, 0x8f, 0xff, 0xe0, 0xc, 0xff, 0xff, 0xb7,
    0x68, 0xdf, 0xff, 0xf6, 0x0, 0x1e, 0xff, 0xff,
    0xff, 0xff, 0xff, 0xfa, 0x0, 0x0, 0x1b, 0xff,
    0xff, 0xff, 0xff, 0xf7, 0x0, 0x0, 0x0, 0x3,
    0x9d, 0xef, 0xec, 0x71, 0x0, 0x0,

    /* U+0171 "?" */
    0x0, 0x0, 0x35, 0x53, 0x1, 0x55, 0x51, 0x0,
    0x0, 0xe, 0xff, 0x40, 0xaf, 0xfb, 0x0, 0x0,
    0x4, 0xff, 0xc0, 0x2f, 0xfe, 0x10, 0x0, 0x0,
    0x9f, 0xf3, 0xb, 0xff, 0x40, 0x0, 0x0, 0xe,
    0xfb, 0x3, 0xff, 0x80, 0x0, 0x0, 0x0, 0x0,
    0x0, 0x0, 0x0, 0x0, 0x0, 0x0, 0x0, 0x0,
    0x0, 0x0, 0x0, 0x0, 0x1, 0xff, 0xf7, 0x0,
    0x0, 0x5, 0xff, 0xf4, 0x1f, 0xff, 0x70, 0x0,
    0x0, 0x5f, 0xff, 0x41, 0xff, 0xf7, 0x0, 0x0,
    0x5, 0xff, 0xf4, 0x1f, 0xff, 0x70, 0x0, 0x0,
    0x5f, 0xff, 0x41, 0xff, 0xf7, 0x0, 0x0, 0x5,
    0xff, 0xf4, 0x1f, 0xff, 0x70, 0x0, 0x0, 0x5f,
    0xff, 0x41, 0xff, 0xf7, 0x0, 0x0, 0x5, 0xff,
    0xf4, 0x1f, 0xff, 0x70, 0x0, 0x0, 0x5f, 0xff,
    0x41, 0xff, 0xf7, 0x0, 0x0, 0x5, 0xff, 0xf4,
    0x1f, 0xff, 0x70, 0x0, 0x0, 0x5f, 0xff, 0x41,
    0xff, 0xf9, 0x0, 0x0, 0x8, 0xff, 0xf4, 0xf,
    0xff, 0xe0, 0x0, 0x1, 0xef, 0xff, 0x40, 0xbf,
    0xff, 0xd4, 0x25, 0xdf, 0xff, 0xf4, 0x5, 0xff,
    0xff, 0xff, 0xff, 0x8f, 0xff, 0x40, 0x9, 0xff,
    0xff, 0xff, 0xa2, 0xff, 0xf4, 0x0, 0x5, 0xcf,
    0xfc, 0x60, 0x2f, 0xff, 0x40,

    /* U+0172 "?" */
    0xff, 0xfb, 0x0, 0x0, 0x0, 0x0, 0x1f, 0xff,
    0x9f, 0xff, 0xb0, 0x0, 0x0, 0x0, 0x1, 0xff,
    0xf9, 0xff, 0xfb, 0x0, 0x0, 0x0, 0x0, 0x1f,
    0xff, 0x9f, 0xff, 0xb0, 0x0, 0x0, 0x0, 0x1,
    0xff, 0xf9, 0xff, 0xfb, 0x0, 0x0, 0x0, 0x0,
    0x1f, 0xff, 0x9f, 0xff, 0xb0, 0x0, 0x0, 0x0,
    0x1, 0xff, 0xf9, 0xff, 0xfb, 0x0, 0x0, 0x0,
    0x0, 0x1f, 0xff, 0x9f, 0xff, 0xb0, 0x0, 0x0,
    0x0, 0x1, 0xff, 0xf9, 0xff, 0xfb, 0x0, 0x0,
    0x0, 0x0, 0x1f, 0xff, 0x9f, 0xff, 0xb0, 0x0,
    0x0, 0x0, 0x1, 0xff, 0xf9, 0xff, 0xfb, 0x0,
    0x0, 0x0, 0x0, 0x1f, 0xff, 0x9f, 0xff, 0xb0,
    0x0, 0x0, 0x0, 0x1, 0xff, 0xf9, 0xff, 0xfb,
    0x0, 0x0, 0x0, 0x0, 0x1f, 0xff, 0x9f, 0xff,
    0xb0, 0x0, 0x0, 0x0, 0x1, 0xff, 0xfd, 0xef,
    0xfe, 0x0, 0x0, 0x0, 0x0, 0x4f, 0xff, 0xfb,
    0xff, 0xf5, 0x0, 0x0, 0x0, 0xb, 0xff, 0xfa,
    0x5f, 0xff, 0xe3, 0x0, 0x0, 0x8, 0xff, 0xff,
    0x10, 0xcf, 0xff, 0xfb, 0x76, 0x8d, 0xff, 0xff,
    0xe0, 0x1, 0xef, 0xff, 0xff, 0xff, 0xff, 0xff,
    0xf0, 0x0, 0x1, 0xbf, 0xff, 0xff, 0xff, 0xff,
    0xf0, 0x0, 0x0, 0x0, 0x39, 0xde, 0xff, 0xff,
    0x60, 0x0, 0x0, 0x0, 0x0, 0x1, 0xbf, 0xf8,
    0x0, 0x0, 0x0, 0x0, 0x0, 0x0, 0xcf, 0xf5,
    0x0, 0x0, 0x0, 0x0, 0x0, 0x0, 0x2f, 0xff,
    0x0, 0x0, 0x0, 0x0, 0x0, 0x0, 0x2, 0xff,
    0xf9, 0x83, 0x0, 0x0, 0x0, 0x0, 0x0, 0xd,
    0xff, 0xff, 0xa0, 0x0, 0x0, 0x0, 0x0, 0x0,
    0x1a, 0xef, 0xd7, 0x0, 0x0, 0x0,

    /* U+0173 "?" */
    0x1f, 0xff, 0x70, 0x0, 0x0, 0x5f, 0xff, 0x40,
    0x1f, 0xff, 0x70, 0x0, 0x0, 0x5f, 0xff, 0x40,
    0x1f, 0xff, 0x70, 0x0, 0x0, 0x5f, 0xff, 0x40,
    0x1f, 0xff, 0x70, 0x0, 0x0, 0x5f, 0xff, 0x40,
    0x1f, 0xff, 0x70, 0x0, 0x0, 0x5f, 0xff, 0x40,
    0x1f, 0xff, 0x70, 0x0, 0x0, 0x5f, 0xff, 0x40,
    0x1f, 0xff, 0x70, 0x0, 0x0, 0x5f, 0xff, 0x40,
    0x1f, 0xff, 0x70, 0x0, 0x0, 0x5f, 0xff, 0x40,
    0x1f, 0xff, 0x70, 0x0, 0x0, 0x5f, 0xff, 0x40,
    0x1f, 0xff, 0x70, 0x0, 0x0, 0x5f, 0xff, 0x40,
    0x1f, 0xff, 0x90, 0x0, 0x0, 0x8f, 0xff, 0x40,
    0xf, 0xff, 0xe0, 0x0, 0x1, 0xef, 0xff, 0x40,
    0xb, 0xff, 0xfd, 0x42, 0x5d, 0xff, 0xff, 0x40,
    0x5, 0xff, 0xff, 0xff, 0xff, 0x8f, 0xff, 0x40,
    0x0, 0x9f, 0xff, 0xff, 0xfa, 0x2f, 0xff, 0x40,
    0x0, 0x5, 0xcf, 0xfc, 0x60, 0x5f, 0xff, 0x40,
    0x0, 0x0, 0x0, 0x0, 0x3, 0xff, 0xf4, 0x0,
    0x0, 0x0, 0x0, 0x0, 0xd, 0xff, 0x40, 0x0,
    0x0, 0x0, 0x0, 0x0, 0x2f, 0xff, 0x0, 0x0,
    0x0, 0x0, 0x0, 0x0, 0x1f, 0xff, 0xa8, 0x40,
    0x0, 0x0, 0x0, 0x0, 0xc, 0xff, 0xff, 0xb0,
    0x0, 0x0, 0x0, 0x0, 0x1, 0x9e, 0xfd, 0x80,

    /* U+0174 "?" */
    0x0, 0x0, 0x0, 0x0, 0x0, 0x0, 0x28, 0x87,
    0x0, 0x0, 0x0, 0x0, 0x0, 0x0, 0x0, 0x0,
    0x0, 0x0, 0x0, 0x1, 0xef, 0xff, 0x80, 0x0,
    0x0, 0x0, 0x0, 0x0, 0x0, 0x0, 0x0, 0x0,
    0x0, 0xc, 0xff, 0xbf, 0xf5, 0x0, 0x0, 0x0,
    0x0, 0x0, 0x0, 0x0, 0x0, 0x0, 0x0, 0xbf,
    0xf7, 0xd, 0xff, 0x30, 0x0, 0x0, 0x0, 0x0,
    0x0, 0x0, 0x0, 0x0, 0x8, 0xff, 0xb0, 0x2,
    0xff, 0xe1, 0x0, 0x0, 0x0, 0x0, 0x0, 0x0,
    0x0, 0x0, 0x0, 0x0, 0x0, 0x0, 0x0, 0x0,
    0x0, 0x0, 0x0, 0x0, 0x0, 0x0, 0x0, 0x0,
    0x0, 0x0, 0x0, 0x0, 0x0, 0x0, 0x0, 0x0,
    0x0, 0x0, 0x2f, 0xff, 0xb0, 0x0, 0x0, 0x0,
    0xcf, 0xff, 0x50, 0x0, 0x0, 0x2, 0xff, 0xfb,
    0xe, 0xff, 0xf0, 0x0, 0x0, 0x0, 0xff, 0xff,
    0x90, 0x0, 0x0, 0x6, 0xff, 0xf7, 0xa, 0xff,
    0xf3, 0x0, 0x0, 0x4, 0xff, 0xff, 0xd0, 0x0,
    0x0, 0xa, 0xff, 0xf3, 0x6, 0xff, 0xf7, 0x0,
    0x0, 0x8, 0xff, 0xff, 0xf1, 0x0, 0x0, 0xe,
    0xff, 0xf0, 0x2, 0xff, 0xfa, 0x0, 0x0, 0xc,
    0xff, 0xff, 0xf5, 0x0, 0x0, 0x2f, 0xff, 0xb0,
    0x0, 0xdf, 0xfe, 0x0, 0x0, 0xf, 0xff, 0xaf,
    0xf9, 0x0, 0x0, 0x5f, 0xff, 0x60, 0x0, 0x9f,
    0xff, 0x20, 0x0, 0x4f, 0xfe, 0x6f, 0xfd, 0x0,
    0x0, 0x9f, 0xff, 0x20, 0x0, 0x5f, 0xff, 0x60,
    0x0, 0x8f, 0xfb, 0x3f, 0xff, 0x10, 0x0, 0xdf,
    0xfe, 0x0, 0x0, 0x1f, 0xff, 0xa0, 0x0, 0xcf,
    0xf8, 0xf, 0xff, 0x40, 0x1, 0xff, 0xfa, 0x0,
    0x0, 0xd, 0xff, 0xd0, 0x0, 0xff, 0xf4, 0xc,
    0xff, 0x80, 0x4, 0xff, 0xf6, 0x0, 0x0, 0x9,
    0xff, 0xf1, 0x4, 0xff, 0xf0, 0x8, 0xff, 0xc0,
    0x8, 0xff, 0xf1, 0x0, 0x0, 0x4, 0xff, 0xf5,
    0x7, 0xff, 0xc0, 0x3, 0xff, 0xf0, 0xc, 0xff,
    0xd0, 0x0, 0x0, 0x0, 0xff, 0xf8, 0xb, 0xff,
    0x80, 0x0, 0xff, 0xf3, 0xf, 0xff, 0x90, 0x0,
    0x0, 0x0, 0xcf, 0xfb, 0xe, 0xff, 0x40, 0x0,
    0xbf, 0xf7, 0x2f, 0xff, 0x50, 0x0, 0x0, 0x0,
    0x8f, 0xfe, 0x1f, 0xff, 0x0, 0x0, 0x7f, 0xfa,
    0x5f, 0xff, 0x10, 0x0, 0x0, 0x0, 0x4f, 0xff,
    0x5f, 0xfc, 0x0, 0x0, 0x3f, 0xfd, 0x8f, 0xfd,
    0x0, 0x0, 0x0, 0x0, 0xf, 0xff, 0xbf, 0xf8,
    0x0, 0x0, 0xf, 0xff, 0xbf, 0xf8, 0x0, 0x0,
    0x0, 0x0, 0xb, 0xff, 0xff, 0xf4, 0x0, 0x0,
    0xb, 0xff, 0xff, 0xf4, 0x0, 0x0, 0x0, 0x0,
    0x7, 0xff, 0xff, 0xf0, 0x0, 0x0, 0x7, 0xff,
    0xff, 0xf0, 0x0, 0x0, 0x0, 0x0, 0x3, 0xff,
    0xff, 0xb0, 0x0, 0x0, 0x3, 0xff, 0xff, 0xc0,
    0x0, 0x0, 0x0, 0x0, 0x0, 0xef, 0xff, 0x70,
    0x0, 0x0, 0x0, 0xef, 0xff, 0x80, 0x0, 0x0,

    /* U+0175 "?" */
    0x0, 0x0, 0x0, 0x0, 0x3, 0xff, 0xfa, 0x0,
    0x0, 0x0, 0x0, 0x0, 0x0, 0x0, 0x0, 0x2,
    0xef, 0xef, 0xf9, 0x0, 0x0, 0x0, 0x0, 0x0,
    0x0, 0x0, 0x2, 0xef, 0xe2, 0x9f, 0xf7, 0x0,
    0x0, 0x0, 0x0, 0x0, 0x0, 0x1, 0xef, 0xf3,
    0x0, 0xbf, 0xf6, 0x0, 0x0, 0x0, 0x0, 0x0,
    0x0, 0x0, 0x0, 0x0, 0x0, 0x0, 0x0, 0x0,
    0x0, 0x0, 0x0, 0x0, 0x0, 0x0, 0x0, 0x0,
    0x0, 0x0, 0x0, 0x0, 0x0, 0x4f, 0xff, 0x70,
    0x0, 0x0, 0xff, 0xf9, 0x0, 0x0, 0xf, 0xff,
    0xc0, 0xff, 0xfb, 0x0, 0x0, 0x4f, 0xff, 0xd0,
    0x0, 0x3, 0xff, 0xf7, 0xa, 0xff, 0xe0, 0x0,
    0x8, 0xff, 0xff, 0x10, 0x0, 0x7f, 0xff, 0x30,
    0x6f, 0xff, 0x30, 0x0, 0xcf, 0xff, 0xf4, 0x0,
    0xb, 0xff, 0xe0, 0x1, 0xff, 0xf6, 0x0, 0xf,
    0xfe, 0xff, 0x80, 0x0, 0xff, 0xf9, 0x0, 0xd,
    0xff, 0xa0, 0x4, 0xff, 0x7f, 0xfc, 0x0, 0x3f,
    0xff, 0x50, 0x0, 0x8f, 0xfe, 0x0, 0x8f, 0xf3,
    0xcf, 0xf0, 0x6, 0xff, 0xf0, 0x0, 0x4, 0xff,
    0xf2, 0xc, 0xff, 0x8, 0xff, 0x30, 0xaf, 0xfc,
    0x0, 0x0, 0xf, 0xff, 0x50, 0xff, 0xc0, 0x4f,
    0xf7, 0xe, 0xff, 0x70, 0x0, 0x0, 0xbf, 0xf9,
    0x3f, 0xf8, 0x0, 0xff, 0xb1, 0xff, 0xf2, 0x0,
    0x0, 0x6, 0xff, 0xc6, 0xff, 0x40, 0xc, 0xfe,
    0x4f, 0xfe, 0x0, 0x0, 0x0, 0x1f, 0xff, 0xaf,
    0xf0, 0x0, 0x7f, 0xf9, 0xff, 0x90, 0x0, 0x0,
    0x0, 0xdf, 0xff, 0xfb, 0x0, 0x3, 0xff, 0xff,
    0xf5, 0x0, 0x0, 0x0, 0x8, 0xff, 0xff, 0x60,
    0x0, 0xe, 0xff, 0xff, 0x0, 0x0, 0x0, 0x0,
    0x4f, 0xff, 0xf2, 0x0, 0x0, 0xaf, 0xff, 0xc0,
    0x0, 0x0, 0x0, 0x0, 0xff, 0xfe, 0x0, 0x0,
    0x6, 0xff, 0xf7, 0x0, 0x0,

    /* U+0176 "?" */
    0x0, 0x0, 0x0, 0x0, 0x36, 0x63, 0x0, 0x0,
    0x0, 0x0, 0x0, 0x0, 0x0, 0x4, 0xff, 0xff,
    0x40, 0x0, 0x0, 0x0, 0x0, 0x0, 0x0, 0x3f,
    0xfd, 0xdf, 0xe2, 0x0, 0x0, 0x0, 0x0, 0x0,
    0x2, 0xef, 0xf2, 0x2f, 0xfe, 0x10, 0x0, 0x0,
    0x0, 0x0, 0xa, 0xcc, 0x40, 0x4, 0xcc, 0x90,
    0x0, 0x0, 0x0, 0x0, 0x0, 0x0, 0x0, 0x0,
    0x0, 0x0, 0x0, 0x0, 0x0, 0x0, 0x0, 0x0,
    0x0, 0x0, 0x0, 0x0, 0x0, 0x0, 0x1f, 0xff,
    0xf3, 0x0, 0x0, 0x0, 0x0, 0x3f, 0xff, 0xe1,
    0x7, 0xff, 0xfc, 0x0, 0x0, 0x0, 0x0, 0xcf,
    0xff, 0x60, 0x0, 0xdf, 0xff, 0x50, 0x0, 0x0,
    0x4, 0xff, 0xfd, 0x0, 0x0, 0x4f, 0xff, 0xd0,
    0x0, 0x0, 0xd, 0xff, 0xf4, 0x0, 0x0, 0xb,
    0xff, 0xf6, 0x0, 0x0, 0x6f, 0xff, 0xb0, 0x0,
    0x0, 0x2, 0xff, 0xfe, 0x0, 0x0, 0xef, 0xff,
    0x20, 0x0, 0x0, 0x0, 0x8f, 0xff, 0x80, 0x7,
    0xff, 0xf8, 0x0, 0x0, 0x0, 0x0, 0xe, 0xff,
    0xf1, 0xe, 0xff, 0xe0, 0x0, 0x0, 0x0, 0x0,
    0x5, 0xff, 0xf8, 0x7f, 0xff, 0x60, 0x0, 0x0,
    0x0, 0x0, 0x0, 0xcf, 0xfe, 0xdf, 0xfc, 0x0,
    0x0, 0x0, 0x0, 0x0, 0x0, 0x3f, 0xff, 0xff,
    0xf3, 0x0, 0x0, 0x0, 0x0, 0x0, 0x0, 0x9,
    0xff, 0xff, 0xa0, 0x0, 0x0, 0x0, 0x0, 0x0,
    0x0, 0x1, 0xff, 0xff, 0x10, 0x0, 0x0, 0x0,
    0x0, 0x0, 0x0, 0x0, 0xcf, 0xfd, 0x0, 0x0,
    0x0, 0x0, 0x0, 0x0, 0x0, 0x0, 0xcf, 0xfd,
    0x0, 0x0, 0x0, 0x0, 0x0, 0x0, 0x0, 0x0,
    0xcf, 0xfd, 0x0, 0x0, 0x0, 0x0, 0x0, 0x0,
    0x0, 0x0, 0xcf, 0xfd, 0x0, 0x0, 0x0, 0x0,
    0x0, 0x0, 0x0, 0x0, 0xcf, 0xfd, 0x0, 0x0,
    0x0, 0x0, 0x0, 0x0, 0x0, 0x0, 0xcf, 0xfd,
    0x0, 0x0, 0x0, 0x0, 0x0, 0x0, 0x0, 0x0,
    0xcf, 0xfd, 0x0, 0x0, 0x0, 0x0, 0x0, 0x0,
    0x0, 0x0, 0xcf, 0xfd, 0x0, 0x0, 0x0, 0x0,

    /* U+0177 "?" */
    0x0, 0x0, 0x0, 0xaf, 0xff, 0x30, 0x0, 0x0,
    0x0, 0x0, 0x9, 0xff, 0xef, 0xe2, 0x0, 0x0,
    0x0, 0x0, 0x8f, 0xf9, 0x2e, 0xfe, 0x10, 0x0,
    0x0, 0x7, 0xff, 0xb0, 0x3, 0xff, 0xd1, 0x0,
    0x0, 0x0, 0x0, 0x0, 0x0, 0x0, 0x0, 0x0,
    0x0, 0x0, 0x0, 0x0, 0x0, 0x0, 0x0, 0x0,
    0x4f, 0xff, 0x70, 0x0, 0x0, 0x0, 0xff, 0xfc,
    0xe, 0xff, 0xc0, 0x0, 0x0, 0x5, 0xff, 0xf6,
    0x9, 0xff, 0xf2, 0x0, 0x0, 0xa, 0xff, 0xf0,
    0x3, 0xff, 0xf7, 0x0, 0x0, 0xf, 0xff, 0xa0,
    0x0, 0xdf, 0xfc, 0x0, 0x0, 0x5f, 0xff, 0x40,
    0x0, 0x7f, 0xff, 0x10, 0x0, 0xaf, 0xfe, 0x0,
    0x0, 0x2f, 0xff, 0x60, 0x0, 0xff, 0xf9, 0x0,
    0x0, 0xc, 0xff, 0xb0, 0x5, 0xff, 0xf3, 0x0,
    0x0, 0x6, 0xff, 0xf1, 0xa, 0xff, 0xd0, 0x0,
    0x0, 0x1, 0xff, 0xf5, 0xe, 0xff, 0x70, 0x0,
    0x0, 0x0, 0xaf, 0xf9, 0x3f, 0xff, 0x10, 0x0,
    0x0, 0x0, 0x5f, 0xfd, 0x8f, 0xfb, 0x0, 0x0,
    0x0, 0x0, 0xe, 0xff, 0xdf, 0xf6, 0x0, 0x0,
    0x0, 0x0, 0x9, 0xff, 0xff, 0xf0, 0x0, 0x0,
    0x0, 0x0, 0x3, 0xff, 0xff, 0xa0, 0x0, 0x0,
    0x0, 0x0, 0x0, 0xdf, 0xff, 0x40, 0x0, 0x0,
    0x0, 0x0, 0x0, 0xdf, 0xfe, 0x0, 0x0, 0x0,
    0x0, 0x0, 0x1, 0xff, 0xf8, 0x0, 0x0, 0x0,
    0x0, 0x11, 0x1b, 0xff, 0xf2, 0x0, 0x0, 0x0,
    0x0, 0xaf, 0xff, 0xff, 0x90, 0x0, 0x0, 0x0,
    0x0, 0xef, 0xff, 0xfc, 0x0, 0x0, 0x0, 0x0,
    0x1, 0xdf, 0xfd, 0x80, 0x0, 0x0, 0x0, 0x0,

    /* U+0178 "?" */
    0x0, 0x0, 0x4, 0xee, 0x40, 0x4, 0xed, 0x30,
    0x0, 0x0, 0x0, 0x0, 0xc, 0xff, 0xd0, 0xd,
    0xff, 0xc0, 0x0, 0x0, 0x0, 0x0, 0xc, 0xff,
    0xc0, 0xc, 0xff, 0xb0, 0x0, 0x0, 0x0, 0x0,
    0x2, 0xbb, 0x20, 0x3, 0xcb, 0x20, 0x0, 0x0,
    0x0, 0x0, 0x0, 0x0, 0x0, 0x0, 0x0, 0x0,
    0x0, 0x0, 0x0, 0x0, 0x0, 0x0, 0x0, 0x0,
    0x0, 0x0, 0x0, 0x0, 0x1f, 0xff, 0xf3, 0x0,
    0x0, 0x0, 0x0, 0x3f, 0xff, 0xe1, 0x7, 0xff,
    0xfc, 0x0, 0x0, 0x0, 0x0, 0xcf, 0xff, 0x60,
    0x0, 0xdf, 0xff, 0x50, 0x0, 0x0, 0x4, 0xff,
    0xfd, 0x0, 0x0, 0x4f, 0xff, 0xd0, 0x0, 0x0,
    0xd, 0xff, 0xf4, 0x0, 0x0, 0xb, 0xff, 0xf6,
    0x0, 0x0, 0x6f, 0xff, 0xb0, 0x0, 0x0, 0x2,
    0xff, 0xfe, 0x0, 0x0, 0xef, 0xff, 0x20, 0x0,
    0x0, 0x0, 0x8f, 0xff, 0x80, 0x7, 0xff, 0xf8,
    0x0, 0x0, 0x0, 0x0, 0xe, 0xff, 0xf1, 0xe,
    0xff, 0xe0, 0x0, 0x0, 0x0, 0x0, 0x5, 0xff,
    0xf8, 0x7f, 0xff, 0x60, 0x0, 0x0, 0x0, 0x0,
    0x0, 0xcf, 0xfe, 0xdf, 0xfc, 0x0, 0x0, 0x0,
    0x0, 0x0, 0x0, 0x3f, 0xff, 0xff, 0xf3, 0x0,
    0x0, 0x0, 0x0, 0x0, 0x0, 0x9, 0xff, 0xff,
    0xa0, 0x0, 0x0, 0x0, 0x0, 0x0, 0x0, 0x1,
    0xff, 0xff, 0x10, 0x0, 0x0, 0x0, 0x0, 0x0,
    0x0, 0x0, 0xcf, 0xfd, 0x0, 0x0, 0x0, 0x0,
    0x0, 0x0, 0x0, 0x0, 0xcf, 0xfd, 0x0, 0x0,
    0x0, 0x0, 0x0, 0x0, 0x0, 0x0, 0xcf, 0xfd,
    0x0, 0x0, 0x0, 0x0, 0x0, 0x0, 0x0, 0x0,
    0xcf, 0xfd, 0x0, 0x0, 0x0, 0x0, 0x0, 0x0,
    0x0, 0x0, 0xcf, 0xfd, 0x0, 0x0, 0x0, 0x0,
    0x0, 0x0, 0x0, 0x0, 0xcf, 0xfd, 0x0, 0x0,
    0x0, 0x0, 0x0, 0x0, 0x0, 0x0, 0xcf, 0xfd,
    0x0, 0x0, 0x0, 0x0, 0x0, 0x0, 0x0, 0x0,
    0xcf, 0xfd, 0x0, 0x0, 0x0, 0x0,

    /* U+0179 "?" */
    0x0, 0x0, 0x0, 0x0, 0x15, 0x55, 0x0, 0x0,
    0x0, 0x0, 0x0, 0x0, 0xaf, 0xfa, 0x0, 0x0,
    0x0, 0x0, 0x0, 0x1, 0xff, 0xe1, 0x0, 0x0,
    0x0, 0x0, 0x0, 0x8, 0xff, 0x50, 0x0, 0x0,
    0x0, 0x0, 0x0, 0xe, 0xfb, 0x0, 0x0, 0x0,
    0x0, 0x0, 0x0, 0x0, 0x0, 0x0, 0x0, 0x0,
    0x0, 0x0, 0x0, 0x0, 0x0, 0x0, 0x0, 0x0,
    0x6f, 0xff, 0xff, 0xff, 0xff, 0xff, 0xff, 0xfa,
    0x6f, 0xff, 0xff, 0xff, 0xff, 0xff, 0xff, 0xfa,
    0x6f, 0xff, 0xff, 0xff, 0xff, 0xff, 0xff, 0xf7,
    0x2, 0x22, 0x22, 0x22, 0x22, 0x3e, 0xff, 0xd0,
    0x0, 0x0, 0x0, 0x0, 0x0, 0xbf, 0xff, 0x30,
    0x0, 0x0, 0x0, 0x0, 0x7, 0xff, 0xf8, 0x0,
    0x0, 0x0, 0x0, 0x0, 0x2f, 0xff, 0xc0, 0x0,
    0x0, 0x0, 0x0, 0x0, 0xcf, 0xff, 0x20, 0x0,
    0x0, 0x0, 0x0, 0x8, 0xff, 0xf7, 0x0, 0x0,
    0x0, 0x0, 0x0, 0x3f, 0xff, 0xc0, 0x0, 0x0,
    0x0, 0x0, 0x0, 0xdf, 0xff, 0x20, 0x0, 0x0,
    0x0, 0x0, 0x8, 0xff, 0xf7, 0x0, 0x0, 0x0,
    0x0, 0x0, 0x3f, 0xff, 0xc0, 0x0, 0x0, 0x0,
    0x0, 0x0, 0xdf, 0xff, 0x20, 0x0, 0x0, 0x0,
    0x0, 0x8, 0xff, 0xf6, 0x0, 0x0, 0x0, 0x0,
    0x0, 0x3f, 0xff, 0xb0, 0x0, 0x0, 0x0, 0x0,
    0x0, 0xdf, 0xfe, 0x10, 0x0, 0x0, 0x0, 0x0,
    0x9, 0xff, 0xf5, 0x22, 0x22, 0x22, 0x22, 0x21,
    0x3f, 0xff, 0xff, 0xff, 0xff, 0xff, 0xff, 0xfb,
    0x5f, 0xff, 0xff, 0xff, 0xff, 0xff, 0xff, 0xfb,
    0x5f, 0xff, 0xff, 0xff, 0xff, 0xff, 0xff, 0xfb,

    /* U+017A "?" */
    0x0, 0x0, 0x0, 0xd, 0xff, 0x80, 0x0, 0x0,
    0x0, 0x0, 0x4f, 0xfd, 0x0, 0x0, 0x0, 0x0,
    0x0, 0xbf, 0xf3, 0x0, 0x0, 0x0, 0x0, 0x2,
    0xff, 0x90, 0x0, 0x0, 0x0, 0x0, 0x2, 0x55,
    0x0, 0x0, 0x0, 0x0, 0x0, 0x0, 0x0, 0x0,
    0x0, 0x0, 0x1f, 0xff, 0xff, 0xff, 0xff, 0xff,
    0xe0, 0x1f, 0xff, 0xff, 0xff, 0xff, 0xff, 0xe0,
    0x1f, 0xff, 0xff, 0xff, 0xff, 0xff, 0xd0, 0x2,
    0x22, 0x22, 0x22, 0xcf, 0xff, 0x30, 0x0, 0x0,
    0x0, 0x7, 0xff, 0xf8, 0x0, 0x0, 0x0, 0x0,
    0x3f, 0xff, 0xc0, 0x0, 0x0, 0x0, 0x1, 0xef,
    0xfe, 0x10, 0x0, 0x0, 0x0, 0xb, 0xff, 0xf5,
    0x0, 0x0, 0x0, 0x0, 0x7f, 0xff, 0x90, 0x0,
    0x0, 0x0, 0x3, 0xff, 0xfd, 0x0, 0x0, 0x0,
    0x0, 0x1e, 0xff, 0xf2, 0x0, 0x0, 0x0, 0x0,
    0xbf, 0xff, 0x60, 0x0, 0x0, 0x0, 0x7, 0xff,
    0xfc, 0x22, 0x22, 0x22, 0x20, 0x2f, 0xff, 0xff,
    0xff, 0xff, 0xff, 0xf2, 0x5f, 0xff, 0xff, 0xff,
    0xff, 0xff, 0xf2, 0x5f, 0xff, 0xff, 0xff, 0xff,
    0xff, 0xf2,

    /* U+017B "?" */
    0x0, 0x0, 0x0, 0x0, 0x0, 0x0, 0x0, 0x0,
    0x0, 0x0, 0x0, 0x3d, 0xf7, 0x0, 0x0, 0x0,
    0x0, 0x0, 0x0, 0xcf, 0xff, 0x20, 0x0, 0x0,
    0x0, 0x0, 0x0, 0xcf, 0xff, 0x10, 0x0, 0x0,
    0x0, 0x0, 0x0, 0x3d, 0xe7, 0x0, 0x0, 0x0,
    0x0, 0x0, 0x0, 0x0, 0x0, 0x0, 0x0, 0x0,
    0x0, 0x0, 0x0, 0x0, 0x0, 0x0, 0x0, 0x0,
    0x6f, 0xff, 0xff, 0xff, 0xff, 0xff, 0xff, 0xfa,
    0x6f, 0xff, 0xff, 0xff, 0xff, 0xff, 0xff, 0xfa,
    0x6f, 0xff, 0xff, 0xff, 0xff, 0xff, 0xff, 0xf7,
    0x2, 0x22, 0x22, 0x22, 0x22, 0x3e, 0xff, 0xd0,
    0x0, 0x0, 0x0, 0x0, 0x0, 0xbf, 0xff, 0x30,
    0x0, 0x0, 0x0, 0x0, 0x7, 0xff, 0xf8, 0x0,
    0x0, 0x0, 0x0, 0x0, 0x2f, 0xff, 0xc0, 0x0,
    0x0, 0x0, 0x0, 0x0, 0xcf, 0xff, 0x20, 0x0,
    0x0, 0x0, 0x0, 0x8, 0xff, 0xf7, 0x0, 0x0,
    0x0, 0x0, 0x0, 0x3f, 0xff, 0xc0, 0x0, 0x0,
    0x0, 0x0, 0x0, 0xdf, 0xff, 0x20, 0x0, 0x0,
    0x0, 0x0, 0x8, 0xff, 0xf7, 0x0, 0x0, 0x0,
    0x0, 0x0, 0x3f, 0xff, 0xc0, 0x0, 0x0, 0x0,
    0x0, 0x0, 0xdf, 0xff, 0x20, 0x0, 0x0, 0x0,
    0x0, 0x8, 0xff, 0xf6, 0x0, 0x0, 0x0, 0x0,
    0x0, 0x3f, 0xff, 0xb0, 0x0, 0x0, 0x0, 0x0,
    0x0, 0xdf, 0xfe, 0x10, 0x0, 0x0, 0x0, 0x0,
    0x9, 0xff, 0xf5, 0x22, 0x22, 0x22, 0x22, 0x21,
    0x3f, 0xff, 0xff, 0xff, 0xff, 0xff, 0xff, 0xfb,
    0x5f, 0xff, 0xff, 0xff, 0xff, 0xff, 0xff, 0xfb,
    0x5f, 0xff, 0xff, 0xff, 0xff, 0xff, 0xff, 0xfb,

    /* U+017C "?" */
    0x0, 0x0, 0x0, 0x0, 0x0, 0x0, 0x0, 0x0,
    0x0, 0x7, 0xfd, 0x30, 0x0, 0x0, 0x0, 0x0,
    0x2f, 0xff, 0xc0, 0x0, 0x0, 0x0, 0x0, 0x2f,
    0xff, 0xc0, 0x0, 0x0, 0x0, 0x0, 0x7, 0xed,
    0x30, 0x0, 0x0, 0x0, 0x0, 0x0, 0x0, 0x0,
    0x0, 0x0, 0x0, 0x0, 0x0, 0x0, 0x0, 0x0,
    0x0, 0x1f, 0xff, 0xff, 0xff, 0xff, 0xff, 0xe0,
    0x1f, 0xff, 0xff, 0xff, 0xff, 0xff, 0xe0, 0x1f,
    0xff, 0xff, 0xff, 0xff, 0xff, 0xd0, 0x2, 0x22,
    0x22, 0x22, 0xcf, 0xff, 0x30, 0x0, 0x0, 0x0,
    0x7, 0xff, 0xf8, 0x0, 0x0, 0x0, 0x0, 0x3f,
    0xff, 0xc0, 0x0, 0x0, 0x0, 0x1, 0xef, 0xfe,
    0x10, 0x0, 0x0, 0x0, 0xb, 0xff, 0xf5, 0x0,
    0x0, 0x0, 0x0, 0x7f, 0xff, 0x90, 0x0, 0x0,
    0x0, 0x3, 0xff, 0xfd, 0x0, 0x0, 0x0, 0x0,
    0x1e, 0xff, 0xf2, 0x0, 0x0, 0x0, 0x0, 0xbf,
    0xff, 0x60, 0x0, 0x0, 0x0, 0x7, 0xff, 0xfc,
    0x22, 0x22, 0x22, 0x20, 0x2f, 0xff, 0xff, 0xff,
    0xff, 0xff, 0xf2, 0x5f, 0xff, 0xff, 0xff, 0xff,
    0xff, 0xf2, 0x5f, 0xff, 0xff, 0xff, 0xff, 0xff,
    0xf2,

    /* U+017D "?" */
    0x0, 0x6, 0x88, 0x30, 0x0, 0x78, 0x71, 0x0,
    0x0, 0x3, 0xff, 0xe1, 0xa, 0xff, 0x80, 0x0,
    0x0, 0x0, 0x5f, 0xfa, 0x6f, 0xfb, 0x0, 0x0,
    0x0, 0x0, 0x8, 0xff, 0xff, 0xd0, 0x0, 0x0,
    0x0, 0x0, 0x0, 0xaf, 0xfe, 0x10, 0x0, 0x0,
    0x0, 0x0, 0x0, 0x0, 0x0, 0x0, 0x0, 0x0,
    0x0, 0x0, 0x0, 0x0, 0x0, 0x0, 0x0, 0x0,
    0x6f, 0xff, 0xff, 0xff, 0xff, 0xff, 0xff, 0xfa,
    0x6f, 0xff, 0xff, 0xff, 0xff, 0xff, 0xff, 0xfa,
    0x6f, 0xff, 0xff, 0xff, 0xff, 0xff, 0xff, 0xf7,
    0x2, 0x22, 0x22, 0x22, 0x22, 0x3e, 0xff, 0xd0,
    0x0, 0x0, 0x0, 0x0, 0x0, 0xbf, 0xff, 0x30,
    0x0, 0x0, 0x0, 0x0, 0x7, 0xff, 0xf8, 0x0,
    0x0, 0x0, 0x0, 0x0, 0x2f, 0xff, 0xc0, 0x0,
    0x0, 0x0, 0x0, 0x0, 0xcf, 0xff, 0x20, 0x0,
    0x0, 0x0, 0x0, 0x8, 0xff, 0xf7, 0x0, 0x0,
    0x0, 0x0, 0x0, 0x3f, 0xff, 0xc0, 0x0, 0x0,
    0x0, 0x0, 0x0, 0xdf, 0xff, 0x20, 0x0, 0x0,
    0x0, 0x0, 0x8, 0xff, 0xf7, 0x0, 0x0, 0x0,
    0x0, 0x0, 0x3f, 0xff, 0xc0, 0x0, 0x0, 0x0,
    0x0, 0x0, 0xdf, 0xff, 0x20, 0x0, 0x0, 0x0,
    0x0, 0x8, 0xff, 0xf6, 0x0, 0x0, 0x0, 0x0,
    0x0, 0x3f, 0xff, 0xb0, 0x0, 0x0, 0x0, 0x0,
    0x0, 0xdf, 0xfe, 0x10, 0x0, 0x0, 0x0, 0x0,
    0x9, 0xff, 0xf5, 0x22, 0x22, 0x22, 0x22, 0x21,
    0x3f, 0xff, 0xff, 0xff, 0xff, 0xff, 0xff, 0xfb,
    0x5f, 0xff, 0xff, 0xff, 0xff, 0xff, 0xff, 0xfb,
    0x5f, 0xff, 0xff, 0xff, 0xff, 0xff, 0xff, 0xfb,

    /* U+017E "?" */
    0x0, 0xcf, 0xf4, 0x0, 0xaf, 0xf9, 0x0, 0x0,
    0x1d, 0xff, 0x27, 0xff, 0xa0, 0x0, 0x0, 0x1,
    0xef, 0xef, 0xfa, 0x0, 0x0, 0x0, 0x0, 0x2e,
    0xff, 0xb0, 0x0, 0x0, 0x0, 0x0, 0x0, 0x0,
    0x0, 0x0, 0x0, 0x0, 0x0, 0x0, 0x0, 0x0,
    0x0, 0x0, 0x1f, 0xff, 0xff, 0xff, 0xff, 0xff,
    0xe0, 0x1f, 0xff, 0xff, 0xff, 0xff, 0xff, 0xe0,
    0x1f, 0xff, 0xff, 0xff, 0xff, 0xff, 0xd0, 0x2,
    0x22, 0x22, 0x22, 0xcf, 0xff, 0x30, 0x0, 0x0,
    0x0, 0x7, 0xff, 0xf8, 0x0, 0x0, 0x0, 0x0,
    0x3f, 0xff, 0xc0, 0x0, 0x0, 0x0, 0x1, 0xef,
    0xfe, 0x10, 0x0, 0x0, 0x0, 0xb, 0xff, 0xf5,
    0x0, 0x0, 0x0, 0x0, 0x7f, 0xff, 0x90, 0x0,
    0x0, 0x0, 0x3, 0xff, 0xfd, 0x0, 0x0, 0x0,
    0x0, 0x1e, 0xff, 0xf2, 0x0, 0x0, 0x0, 0x0,
    0xbf, 0xff, 0x60, 0x0, 0x0, 0x0, 0x7, 0xff,
    0xfc, 0x22, 0x22, 0x22, 0x20, 0x2f, 0xff, 0xff,
    0xff, 0xff, 0xff, 0xf2, 0x5f, 0xff, 0xff, 0xff,
    0xff, 0xff, 0xf2, 0x5f, 0xff, 0xff, 0xff, 0xff,
    0xff, 0xf2,

    /* U+017F "?" */
    0x0, 0x18, 0xdf, 0xec, 0x20, 0x1e, 0xff, 0xff,
    0xf1, 0xa, 0xff, 0xff, 0xfd, 0x0, 0xff, 0xfe,
    0x31, 0x20, 0x1f, 0xff, 0x70, 0x0, 0x1, 0xff,
    0xf6, 0x0, 0x0, 0x1f, 0xff, 0x60, 0x0, 0x1,
    0xff, 0xf6, 0x0, 0x0, 0x1f, 0xff, 0x60, 0x0,
    0x1, 0xff, 0xf6, 0x0, 0x0, 0x1f, 0xff, 0x60,
    0x0, 0x1, 0xff, 0xf6, 0x0, 0x0, 0x1f, 0xff,
    0x60, 0x0, 0x1, 0xff, 0xf6, 0x0, 0x0, 0x1f,
    0xff, 0x60, 0x0, 0x1, 0xff, 0xf6, 0x0, 0x0,
    0x1f, 0xff, 0x60, 0x0, 0x1, 0xff, 0xf6, 0x0,
    0x0, 0x1f, 0xff, 0x60, 0x0, 0x1, 0xff, 0xf6,
    0x0, 0x0, 0x1f, 0xff, 0x60, 0x0, 0x1, 0xff,
    0xf6, 0x0, 0x0,

    /* U+0374 "?" */
    0xaf, 0xfd, 0x9f, 0xfc, 0x7f, 0xfa, 0x5f, 0xf9,
    0x4f, 0xf7, 0x2f, 0xf5, 0xf, 0xf4, 0xe, 0xf2,
    0x6, 0x80,

    /* U+0375 "?" */
    0x0, 0xc, 0xf4, 0x0, 0x6f, 0xf0, 0x0, 0xef,
    0xb0, 0x8, 0xff, 0x60, 0x2f, 0xff, 0x20,

    /* U+0376 "?" */
    0xff, 0xfc, 0x0, 0x0, 0x0, 0x0, 0x3f, 0xff,
    0xf3, 0xff, 0xfc, 0x0, 0x0, 0x0, 0x0, 0xdf,
    0xff, 0xf3, 0xff, 0xfc, 0x0, 0x0, 0x0, 0x7,
    0xff, 0xff, 0xf3, 0xff, 0xfc, 0x0, 0x0, 0x0,
    0x1f, 0xff, 0xff, 0xf3, 0xff, 0xfc, 0x0, 0x0,
    0x0, 0xaf, 0xff, 0xff, 0xf3, 0xff, 0xfc, 0x0,
    0x0, 0x4, 0xff, 0xf9, 0xff, 0xf3, 0xff, 0xfc,
    0x0, 0x0, 0xd, 0xff, 0xc5, 0xff, 0xf3, 0xff,
    0xfc, 0x0, 0x0, 0x7f, 0xff, 0x46, 0xff, 0xf3,
    0xff, 0xfc, 0x0, 0x1, 0xff, 0xfb, 0x7, 0xff,
    0xf3, 0xff, 0xfc, 0x0, 0xb, 0xff, 0xf2, 0x7,
    0xff, 0xf3, 0xff, 0xfc, 0x0, 0x4f, 0xff, 0x90,
    0x8, 0xff, 0xf3, 0xff, 0xfb, 0x0, 0xdf, 0xfe,
    0x10, 0x8, 0xff, 0xf3, 0xff, 0xfb, 0x7, 0xff,
    0xf5, 0x0, 0x8, 0xff, 0xf3, 0xff, 0xfa, 0x1f,
    0xff, 0xc0, 0x0, 0x8, 0xff, 0xf3, 0xff, 0xfa,
    0x9f, 0xff, 0x20, 0x0, 0x8, 0xff, 0xf3, 0xff,
    0xfa, 0xff, 0xf8, 0x0, 0x0, 0x8, 0xff, 0xf3,
    0xff, 0xff, 0xff, 0xe0, 0x0, 0x0, 0x8, 0xff,
    0xf3, 0xff, 0xff, 0xff, 0x50, 0x0, 0x0, 0x8,
    0xff, 0xf3, 0xff, 0xff, 0xfb, 0x0, 0x0, 0x0,
    0x8, 0xff, 0xf3, 0xff, 0xff, 0xf2, 0x0, 0x0,
    0x0, 0x8, 0xff, 0xf3, 0xff, 0xff, 0x70, 0x0,
    0x0, 0x0, 0x8, 0xff, 0xf3,

    /* U+037A "?" */
    0x45, 0x40, 0xd, 0xfe, 0x0, 0xdf, 0xe0, 0xd,
    0xff, 0x0, 0xaf, 0xfd, 0x32, 0xcf, 0xe3,

    /* U+037B "?" */
    0x0, 0x4, 0xae, 0xfe, 0xc7, 0x10, 0x0, 0x0,
    0xa, 0xff, 0xff, 0xff, 0xff, 0x40, 0x0, 0xb,
    0xff, 0xff, 0xff, 0xff, 0xff, 0x40, 0x4, 0xff,
    0xfd, 0x30, 0x6, 0xff, 0xfe, 0x10, 0xaf, 0xfe,
    0x10, 0x0, 0x7, 0xff, 0xf7, 0x0, 0x26, 0x50,
    0x0, 0x0, 0xe, 0xff, 0xc0, 0x0, 0x0, 0x0,
    0x0, 0x0, 0xbf, 0xff, 0x0, 0x0, 0x0, 0x0,
    0x0, 0x9, 0xff, 0xf0, 0x0, 0x0, 0x0, 0x0,
    0x0, 0x8f, 0xff, 0x0, 0x0, 0x0, 0x0, 0x0,
    0xa, 0xff, 0xf0, 0x14, 0x86, 0x0, 0x0, 0x0,
    0xef, 0xfc, 0xa, 0xff, 0xe1, 0x0, 0x0, 0x7f,
    0xff, 0x70, 0x4f, 0xff, 0xd4, 0x1, 0x7f, 0xff,
    0xe1, 0x0, 0xaf, 0xff, 0xff, 0xff, 0xff, 0xf5,
    0x0, 0x0, 0xaf, 0xff, 0xff, 0xff, 0xf5, 0x0,
    0x0, 0x0, 0x4a, 0xef, 0xec, 0x71, 0x0, 0x0,

    /* U+037C "?" */
    0x0, 0x0, 0x5b, 0xef, 0xec, 0x60, 0x0, 0x0,
    0x2, 0xdf, 0xff, 0xff, 0xff, 0xe3, 0x0, 0x1,
    0xef, 0xff, 0xff, 0xff, 0xff, 0xe1, 0x0, 0xaf,
    0xff, 0xa2, 0x2, 0x9f, 0xff, 0xa0, 0x2f, 0xff,
    0xc0, 0x0, 0x0, 0xaf, 0xfe, 0x7, 0xff, 0xf4,
    0x0, 0x0, 0x2, 0x52, 0x0, 0xaf, 0xff, 0x0,
    0x9f, 0x90, 0x0, 0x0, 0xb, 0xff, 0xe0, 0x3f,
    0xff, 0x30, 0x0, 0x0, 0xbf, 0xfe, 0x2, 0xff,
    0xf1, 0x0, 0x0, 0xa, 0xff, 0xf0, 0x5, 0x94,
    0x0, 0x0, 0x0, 0x7f, 0xff, 0x40, 0x0, 0x0,
    0x39, 0x62, 0x2, 0xff, 0xfb, 0x0, 0x0, 0xb,
    0xff, 0xf0, 0xa, 0xff, 0xfa, 0x20, 0x2a, 0xff,
    0xf9, 0x0, 0x1e, 0xff, 0xff, 0xff, 0xff, 0xfe,
    0x10, 0x0, 0x2d, 0xff, 0xff, 0xff, 0xfd, 0x20,
    0x0, 0x0, 0x5, 0xbe, 0xfe, 0xc6, 0x0, 0x0,

    /* U+037D "?" */
    0x0, 0x4, 0xae, 0xfe, 0xc7, 0x10, 0x0, 0x0,
    0xb, 0xff, 0xff, 0xff, 0xff, 0x40, 0x0, 0xb,
    0xff, 0xff, 0xff, 0xff, 0xff, 0x40, 0x5, 0xff,
    0xfc, 0x30, 0x6, 0xff, 0xfe, 0x10, 0x9f, 0xfe,
    0x0, 0x0, 0x7, 0xff, 0xf7, 0x0, 0x3, 0x30,
    0x0, 0x0, 0xe, 0xff, 0xc0, 0x0, 0x0, 0x8,
    0xfa, 0x0, 0xbf, 0xff, 0x0, 0x0, 0x2, 0xff,
    0xf4, 0x9, 0xff, 0xf0, 0x0, 0x0, 0x1f, 0xff,
    0x30, 0x8f, 0xff, 0x0, 0x0, 0x0, 0x4a, 0x50,
    0xa, 0xff, 0xf0, 0x25, 0x97, 0x0, 0x0, 0x0,
    0xef, 0xfc, 0xa, 0xff, 0xf1, 0x0, 0x0, 0x7f,
    0xff, 0x70, 0x4f, 0xff, 0xd4, 0x1, 0x7f, 0xff,
    0xe1, 0x0, 0xaf, 0xff, 0xff, 0xff, 0xff, 0xf5,
    0x0, 0x0, 0xaf, 0xff, 0xff, 0xff, 0xf5, 0x0,
    0x0, 0x0, 0x4a, 0xef, 0xec, 0x71, 0x0, 0x0,

    /* U+037E "?" */
    0x0, 0x17, 0x50, 0x1, 0xef, 0xf8, 0x5, 0xff,
    0xfe, 0x4, 0xff, 0xfc, 0x0, 0x8f, 0xd2, 0x0,
    0x0, 0x0, 0x0, 0x0, 0x0, 0x0, 0x0, 0x0,
    0x0, 0x0, 0x0, 0x0, 0x0, 0x0, 0x0, 0x0,
    0x0, 0x0, 0x0, 0x0, 0x1, 0x88, 0x83, 0x4,
    0xff, 0xf4, 0x6, 0xff, 0xf0, 0x8, 0xff, 0xb0,
    0xa, 0xff, 0x60, 0xd, 0xff, 0x20, 0xf, 0xfd,
    0x0, 0x1f, 0xf9, 0x0, 0x3f, 0xf4, 0x0,

    /* U+037F "?" */
    0x0, 0x0, 0x0, 0x0, 0x7, 0xff, 0xf3, 0x0,
    0x0, 0x0, 0x0, 0x7, 0xff, 0xf3, 0x0, 0x0,
    0x0, 0x0, 0x7, 0xff, 0xf3, 0x0, 0x0, 0x0,
    0x0, 0x7, 0xff, 0xf3, 0x0, 0x0, 0x0, 0x0,
    0x7, 0xff, 0xf3, 0x0, 0x0, 0x0, 0x0, 0x7,
    0xff, 0xf3, 0x0, 0x0, 0x0, 0x0, 0x7, 0xff,
    0xf3, 0x0, 0x0, 0x0, 0x0, 0x7, 0xff, 0xf3,
    0x0, 0x0, 0x0, 0x0, 0x7, 0xff, 0xf3, 0x0,
    0x0, 0x0, 0x0, 0x7, 0xff, 0xf3, 0x0, 0x0,
    0x0, 0x0, 0x7, 0xff, 0xf3, 0x0, 0x0, 0x0,
    0x0, 0x7, 0xff, 0xf3, 0x0, 0x0, 0x0, 0x0,
    0x7, 0xff, 0xf3, 0x9a, 0xa7, 0x0, 0x0, 0x7,
    0xff, 0xf3, 0xef, 0xfb, 0x0, 0x0, 0x7, 0xff,
    0xf2, 0xdf, 0xfd, 0x0, 0x0, 0x9, 0xff, 0xf1,
    0xbf, 0xff, 0x30, 0x0, 0xe, 0xff, 0xf0, 0x6f,
    0xff, 0xe5, 0x24, 0xcf, 0xff, 0xa0, 0xc, 0xff,
    0xff, 0xff, 0xff, 0xff, 0x20, 0x1, 0xcf, 0xff,
    0xff, 0xff, 0xe4, 0x0, 0x0, 0x6, 0xbe, 0xff,
    0xc8, 0x10, 0x0,

    /* U+0384 "?" */
    0x4, 0x55, 0x20, 0xff, 0xf2, 0x1f, 0xfc, 0x2,
    0xff, 0x60, 0x4f, 0xf1, 0x0,

    /* U+0385 "?" */
    0x0, 0x0, 0x0, 0x45, 0x52, 0x0, 0x0, 0x0,
    0x0, 0x0, 0xff, 0xf3, 0x0, 0x0, 0x0, 0x0,
    0x0, 0xff, 0xd0, 0x0, 0x0, 0x0, 0x0, 0x2,
    0xff, 0x70, 0x0, 0x0, 0x6, 0xc8, 0x3, 0xff,
    0x11, 0xac, 0x30, 0x2f, 0xff, 0x40, 0x0, 0x8,
    0xff, 0xe0, 0x3f, 0xff, 0x50, 0x0, 0x9, 0xff,
    0xf0, 0x9, 0xfa, 0x0, 0x0, 0x2, 0xde, 0x50,

    /* U+0386 "?" */
    0xa, 0xff, 0x90, 0x6, 0xff, 0xff, 0x90, 0x0,
    0x0, 0x0, 0xc, 0xff, 0x30, 0xb, 0xff, 0xff,
    0xe0, 0x0, 0x0, 0x0, 0xd, 0xfd, 0x0, 0x1f,
    0xff, 0xff, 0xf4, 0x0, 0x0, 0x0, 0xf, 0xf7,
    0x0, 0x6f, 0xfe, 0xcf, 0xfa, 0x0, 0x0, 0x0,
    0x5, 0x50, 0x0, 0xbf, 0xfb, 0x8f, 0xff, 0x0,
    0x0, 0x0, 0x0, 0x0, 0x1, 0xff, 0xf7, 0x3f,
    0xff, 0x50, 0x0, 0x0, 0x0, 0x0, 0x6, 0xff,
    0xf3, 0xf, 0xff, 0xa0, 0x0, 0x0, 0x0, 0x0,
    0xb, 0xff, 0xe0, 0xb, 0xff, 0xf0, 0x0, 0x0,
    0x0, 0x0, 0x1f, 0xff, 0xa0, 0x6, 0xff, 0xf5,
    0x0, 0x0, 0x0, 0x0, 0x6f, 0xff, 0x60, 0x2,
    0xff, 0xfb, 0x0, 0x0, 0x0, 0x0, 0xcf, 0xff,
    0x10, 0x0, 0xdf, 0xff, 0x10, 0x0, 0x0, 0x1,
    0xff, 0xfc, 0x0, 0x0, 0x8f, 0xff, 0x60, 0x0,
    0x0, 0x7, 0xff, 0xf7, 0x0, 0x0, 0x3f, 0xff,
    0xc0, 0x0, 0x0, 0xc, 0xff, 0xff, 0xff, 0xff,
    0xff, 0xff, 0xf1, 0x0, 0x0, 0x1f, 0xff, 0xff,
    0xff, 0xff, 0xff, 0xff, 0xf7, 0x0, 0x0, 0x7f,
    0xff, 0xff, 0xff, 0xff, 0xff, 0xff, 0xfc, 0x0,
    0x0, 0xcf, 0xff, 0x20, 0x0, 0x0, 0x0, 0xdf,
    0xff, 0x20, 0x2, 0xff, 0xfd, 0x0, 0x0, 0x0,
    0x0, 0x8f, 0xff, 0x70, 0x7, 0xff, 0xf8, 0x0,
    0x0, 0x0, 0x0, 0x2f, 0xff, 0xd0, 0xc, 0xff,
    0xf2, 0x0, 0x0, 0x0, 0x0, 0xd, 0xff, 0xf2,
    0x2f, 0xff, 0xd0, 0x0, 0x0, 0x0, 0x0, 0x7,
    0xff, 0xf8,

    /* U+0387 "?" */
    0x1b, 0xfa, 0x9, 0xff, 0xf7, 0xaf, 0xff, 0x95,
    0xff, 0xf4, 0x3, 0x73, 0x0,

    /* U+0388 "?" */
    0x7f, 0xfb, 0x2, 0xff, 0xff, 0xff, 0xff, 0xff,
    0xff, 0xf1, 0x9f, 0xf6, 0x2, 0xff, 0xff, 0xff,
    0xff, 0xff, 0xff, 0xf1, 0xaf, 0xf0, 0x2, 0xff,
    0xff, 0xff, 0xff, 0xff, 0xff, 0xf1, 0xcf, 0xa0,
    0x2, 0xff, 0xf9, 0x22, 0x22, 0x22, 0x22, 0x20,
    0x45, 0x10, 0x2, 0xff, 0xf7, 0x0, 0x0, 0x0,
    0x0, 0x0, 0x0, 0x0, 0x2, 0xff, 0xf7, 0x0,
    0x0, 0x0, 0x0, 0x0, 0x0, 0x0, 0x2, 0xff,
    0xf7, 0x0, 0x0, 0x0, 0x0, 0x0, 0x0, 0x0,
    0x2, 0xff, 0xf7, 0x0, 0x0, 0x0, 0x0, 0x0,
    0x0, 0x0, 0x2, 0xff, 0xf8, 0x22, 0x22, 0x22,
    0x22, 0x0, 0x0, 0x0, 0x2, 0xff, 0xff, 0xff,
    0xff, 0xff, 0xff, 0x50, 0x0, 0x0, 0x2, 0xff,
    0xff, 0xff, 0xff, 0xff, 0xff, 0x50, 0x0, 0x0,
    0x2, 0xff, 0xff, 0xff, 0xff, 0xff, 0xff, 0x50,
    0x0, 0x0, 0x2, 0xff, 0xf7, 0x0, 0x0, 0x0,
    0x0, 0x0, 0x0, 0x0, 0x2, 0xff, 0xf7, 0x0,
    0x0, 0x0, 0x0, 0x0, 0x0, 0x0, 0x2, 0xff,
    0xf7, 0x0, 0x0, 0x0, 0x0, 0x0, 0x0, 0x0,
    0x2, 0xff, 0xf7, 0x0, 0x0, 0x0, 0x0, 0x0,
    0x0, 0x0, 0x2, 0xff, 0xf7, 0x0, 0x0, 0x0,
    0x0, 0x0, 0x0, 0x0, 0x2, 0xff, 0xf9, 0x22,
    0x22, 0x22, 0x22, 0x20, 0x0, 0x0, 0x2, 0xff,
    0xff, 0xff, 0xff, 0xff, 0xff, 0xf2, 0x0, 0x0,
    0x2, 0xff, 0xff, 0xff, 0xff, 0xff, 0xff, 0xf2,
    0x0, 0x0, 0x2, 0xff, 0xff, 0xff, 0xff, 0xff,
    0xff, 0xf2,

    /* U+0389 "?" */
    0x7f, 0xfb, 0x2, 0xff, 0xf7, 0x0, 0x0, 0x0,
    0x0, 0xf, 0xff, 0x99, 0xff, 0x60, 0x2f, 0xff,
    0x70, 0x0, 0x0, 0x0, 0x0, 0xff, 0xf9, 0xaf,
    0xf0, 0x2, 0xff, 0xf7, 0x0, 0x0, 0x0, 0x0,
    0xf, 0xff, 0x9c, 0xfa, 0x0, 0x2f, 0xff, 0x70,
    0x0, 0x0, 0x0, 0x0, 0xff, 0xf9, 0x45, 0x10,
    0x2, 0xff, 0xf7, 0x0, 0x0, 0x0, 0x0, 0xf,
    0xff, 0x90, 0x0, 0x0, 0x2f, 0xff, 0x70, 0x0,
    0x0, 0x0, 0x0, 0xff, 0xf9, 0x0, 0x0, 0x2,
    0xff, 0xf7, 0x0, 0x0, 0x0, 0x0, 0xf, 0xff,
    0x90, 0x0, 0x0, 0x2f, 0xff, 0x70, 0x0, 0x0,
    0x0, 0x0, 0xff, 0xf9, 0x0, 0x0, 0x2, 0xff,
    0xf9, 0x22, 0x22, 0x22, 0x22, 0x3f, 0xff, 0x90,
    0x0, 0x0, 0x2f, 0xff, 0xff, 0xff, 0xff, 0xff,
    0xff, 0xff, 0xf9, 0x0, 0x0, 0x2, 0xff, 0xff,
    0xff, 0xff, 0xff, 0xff, 0xff, 0xff, 0x90, 0x0,
    0x0, 0x2f, 0xff, 0xff, 0xff, 0xff, 0xff, 0xff,
    0xff, 0xf9, 0x0, 0x0, 0x2, 0xff, 0xf7, 0x0,
    0x0, 0x0, 0x0, 0xf, 0xff, 0x90, 0x0, 0x0,
    0x2f, 0xff, 0x70, 0x0, 0x0, 0x0, 0x0, 0xff,
    0xf9, 0x0, 0x0, 0x2, 0xff, 0xf7, 0x0, 0x0,
    0x0, 0x0, 0xf, 0xff, 0x90, 0x0, 0x0, 0x2f,
    0xff, 0x70, 0x0, 0x0, 0x0, 0x0, 0xff, 0xf9,
    0x0, 0x0, 0x2, 0xff, 0xf7, 0x0, 0x0, 0x0,
    0x0, 0xf, 0xff, 0x90, 0x0, 0x0, 0x2f, 0xff,
    0x70, 0x0, 0x0, 0x0, 0x0, 0xff, 0xf9, 0x0,
    0x0, 0x2, 0xff, 0xf7, 0x0, 0x0, 0x0, 0x0,
    0xf, 0xff, 0x90, 0x0, 0x0, 0x2f, 0xff, 0x70,
    0x0, 0x0, 0x0, 0x0, 0xff, 0xf9, 0x0, 0x0,
    0x2, 0xff, 0xf7, 0x0, 0x0, 0x0, 0x0, 0xf,
    0xff, 0x90,

    /* U+038A "?" */
    0x7f, 0xfb, 0x2, 0xff, 0xf7, 0x9f, 0xf6, 0x2,
    0xff, 0xf7, 0xaf, 0xf0, 0x2, 0xff, 0xf7, 0xcf,
    0xa0, 0x2, 0xff, 0xf7, 0x45, 0x10, 0x2, 0xff,
    0xf7, 0x0, 0x0, 0x2, 0xff, 0xf7, 0x0, 0x0,
    0x2, 0xff, 0xf7, 0x0, 0x0, 0x2, 0xff, 0xf7,
    0x0, 0x0, 0x2, 0xff, 0xf7, 0x0, 0x0, 0x2,
    0xff, 0xf7, 0x0, 0x0, 0x2, 0xff, 0xf7, 0x0,
    0x0, 0x2, 0xff, 0xf7, 0x0, 0x0, 0x2, 0xff,
    0xf7, 0x0, 0x0, 0x2, 0xff, 0xf7, 0x0, 0x0,
    0x2, 0xff, 0xf7, 0x0, 0x0, 0x2, 0xff, 0xf7,
    0x0, 0x0, 0x2, 0xff, 0xf7, 0x0, 0x0, 0x2,
    0xff, 0xf7, 0x0, 0x0, 0x2, 0xff, 0xf7, 0x0,
    0x0, 0x2, 0xff, 0xf7, 0x0, 0x0, 0x2, 0xff,
    0xf7,

    /* U+038C "?" */
    0x7f, 0xfb, 0x0, 0x0, 0x3, 0x9d, 0xff, 0xeb,
    0x71, 0x0, 0x0, 0x9, 0xff, 0x60, 0x0, 0x1b,
    0xff, 0xff, 0xff, 0xff, 0xf7, 0x0, 0x0, 0xaf,
    0xf0, 0x0, 0x2e, 0xff, 0xff, 0xff, 0xff, 0xff,
    0xfa, 0x0, 0xc, 0xfa, 0x0, 0x1e, 0xff, 0xff,
    0xa7, 0x68, 0xdf, 0xff, 0xf8, 0x0, 0x45, 0x10,
    0xa, 0xff, 0xfd, 0x20, 0x0, 0x0, 0x7f, 0xff,
    0xf3, 0x0, 0x0, 0x2, 0xff, 0xfe, 0x10, 0x0,
    0x0, 0x0, 0x7f, 0xff, 0xa0, 0x0, 0x0, 0x8f,
    0xff, 0x60, 0x0, 0x0, 0x0, 0x0, 0xdf, 0xff,
    0x10, 0x0, 0xc, 0xff, 0xf0, 0x0, 0x0, 0x0,
    0x0, 0x7, 0xff, 0xf5, 0x0, 0x0, 0xff, 0xfc,
    0x0, 0x0, 0x0, 0x0, 0x0, 0x3f, 0xff, 0x70,
    0x0, 0xf, 0xff, 0xa0, 0x0, 0x0, 0x0, 0x0,
    0x1, 0xff, 0xf9, 0x0, 0x1, 0xff, 0xf9, 0x0,
    0x0, 0x0, 0x0, 0x0, 0x1f, 0xff, 0x90, 0x0,
    0xf, 0xff, 0xa0, 0x0, 0x0, 0x0, 0x0, 0x1,
    0xff, 0xf9, 0x0, 0x0, 0xff, 0xfc, 0x0, 0x0,
    0x0, 0x0, 0x0, 0x3f, 0xff, 0x70, 0x0, 0xc,
    0xff, 0xf0, 0x0, 0x0, 0x0, 0x0, 0x7, 0xff,
    0xf5, 0x0, 0x0, 0x8f, 0xff, 0x60, 0x0, 0x0,
    0x0, 0x0, 0xdf, 0xff, 0x10, 0x0, 0x2, 0xff,
    0xfe, 0x10, 0x0, 0x0, 0x0, 0x7f, 0xff, 0xa0,
    0x0, 0x0, 0xa, 0xff, 0xfd, 0x20, 0x0, 0x0,
    0x6f, 0xff, 0xf3, 0x0, 0x0, 0x0, 0x1e, 0xff,
    0xff, 0xa7, 0x68, 0xdf, 0xff, 0xf8, 0x0, 0x0,
    0x0, 0x0, 0x3e, 0xff, 0xff, 0xff, 0xff, 0xff,
    0xfa, 0x0, 0x0, 0x0, 0x0, 0x0, 0x2b, 0xff,
    0xff, 0xff, 0xff, 0xf7, 0x0, 0x0, 0x0, 0x0,
    0x0, 0x0, 0x4, 0x9d, 0xff, 0xeb, 0x71, 0x0,
    0x0, 0x0,

    /* U+038E "?" */
    0x7f, 0xfb, 0x0, 0xdf, 0xff, 0x60, 0x0, 0x0,
    0x0, 0x1, 0xff, 0xff, 0x29, 0xff, 0x60, 0x4,
    0xff, 0xfe, 0x0, 0x0, 0x0, 0x0, 0x9f, 0xff,
    0x90, 0xaf, 0xf0, 0x0, 0xb, 0xff, 0xf7, 0x0,
    0x0, 0x0, 0x2f, 0xff, 0xe1, 0xc, 0xfa, 0x0,
    0x0, 0x2f, 0xff, 0xf1, 0x0, 0x0, 0xa, 0xff,
    0xf6, 0x0, 0x45, 0x10, 0x0, 0x0, 0x8f, 0xff,
    0x90, 0x0, 0x3, 0xff, 0xfd, 0x0, 0x0, 0x0,
    0x0, 0x0, 0x0, 0xef, 0xff, 0x20, 0x0, 0xcf,
    0xff, 0x40, 0x0, 0x0, 0x0, 0x0, 0x0, 0x5,
    0xff, 0xfa, 0x0, 0x4f, 0xff, 0xa0, 0x0, 0x0,
    0x0, 0x0, 0x0, 0x0, 0xc, 0xff, 0xf3, 0xc,
    0xff, 0xf2, 0x0, 0x0, 0x0, 0x0, 0x0, 0x0,
    0x0, 0x3f, 0xff, 0xa4, 0xff, 0xf8, 0x0, 0x0,
    0x0, 0x0, 0x0, 0x0, 0x0, 0x0, 0x9f, 0xff,
    0xcf, 0xfe, 0x0, 0x0, 0x0, 0x0, 0x0, 0x0,
    0x0, 0x0, 0x1, 0xff, 0xff, 0xff, 0x50, 0x0,
    0x0, 0x0, 0x0, 0x0, 0x0, 0x0, 0x0, 0x7,
    0xff, 0xff, 0xc0, 0x0, 0x0, 0x0, 0x0, 0x0,
    0x0, 0x0, 0x0, 0x0, 0xd, 0xff, 0xf3, 0x0,
    0x0, 0x0, 0x0, 0x0, 0x0, 0x0, 0x0, 0x0,
    0x0, 0xaf, 0xff, 0x0, 0x0, 0x0, 0x0, 0x0,
    0x0, 0x0, 0x0, 0x0, 0x0, 0xa, 0xff, 0xf0,
    0x0, 0x0, 0x0, 0x0, 0x0, 0x0, 0x0, 0x0,
    0x0, 0x0, 0xaf, 0xff, 0x0, 0x0, 0x0, 0x0,
    0x0, 0x0, 0x0, 0x0, 0x0, 0x0, 0xa, 0xff,
    0xf0, 0x0, 0x0, 0x0, 0x0, 0x0, 0x0, 0x0,
    0x0, 0x0, 0x0, 0xaf, 0xff, 0x0, 0x0, 0x0,
    0x0, 0x0, 0x0, 0x0, 0x0, 0x0, 0x0, 0xa,
    0xff, 0xf0, 0x0, 0x0, 0x0, 0x0, 0x0, 0x0,
    0x0, 0x0, 0x0, 0x0, 0xaf, 0xff, 0x0, 0x0,
    0x0, 0x0, 0x0, 0x0, 0x0, 0x0, 0x0, 0x0,
    0xa, 0xff, 0xf0, 0x0, 0x0, 0x0, 0x0,

    /* U+038F "?" */
    0x7f, 0xfb, 0x0, 0x0, 0x4, 0xad, 0xff, 0xec,
    0x82, 0x0, 0x0, 0x9, 0xff, 0x60, 0x0, 0x2c,
    0xff, 0xff, 0xff, 0xff, 0xf8, 0x0, 0x0, 0xaf,
    0xf0, 0x0, 0x5f, 0xff, 0xff, 0xff, 0xff, 0xff,
    0xfc, 0x10, 0xc, 0xfa, 0x0, 0x2f, 0xff, 0xff,
    0xb7, 0x78, 0xcf, 0xff, 0xfb, 0x0, 0x45, 0x10,
    0xd, 0xff, 0xfb, 0x10, 0x0, 0x0, 0x5f, 0xff,
    0xf7, 0x0, 0x0, 0x6, 0xff, 0xfc, 0x0, 0x0,
    0x0, 0x0, 0x3f, 0xff, 0xe0, 0x0, 0x0, 0xcf,
    0xff, 0x30, 0x0, 0x0, 0x0, 0x0, 0x9f, 0xff,
    0x50, 0x0, 0xf, 0xff, 0xd0, 0x0, 0x0, 0x0,
    0x0, 0x4, 0xff, 0xf9, 0x0, 0x2, 0xff, 0xfa,
    0x0, 0x0, 0x0, 0x0, 0x0, 0xf, 0xff, 0xb0,
    0x0, 0x2f, 0xff, 0x90, 0x0, 0x0, 0x0, 0x0,
    0x0, 0xff, 0xfc, 0x0, 0x2, 0xff, 0xf9, 0x0,
    0x0, 0x0, 0x0, 0x0, 0xf, 0xff, 0xb0, 0x0,
    0xf, 0xff, 0xb0, 0x0, 0x0, 0x0, 0x0, 0x2,
    0xff, 0xf9, 0x0, 0x0, 0xbf, 0xff, 0x0, 0x0,
    0x0, 0x0, 0x0, 0x6f, 0xff, 0x50, 0x0, 0x5,
    0xff, 0xf7, 0x0, 0x0, 0x0, 0x0, 0xd, 0xff,
    0xe0, 0x0, 0x0, 0xc, 0xff, 0xf4, 0x0, 0x0,
    0x0, 0xa, 0xff, 0xf5, 0x0, 0x0, 0x0, 0x1c,
    0xff, 0xf9, 0x20, 0x0, 0x4c, 0xff, 0xf7, 0x0,
    0x0, 0x0, 0x0, 0x6, 0xdf, 0xfa, 0x0, 0x1f,
    0xff, 0xb3, 0x0, 0x0, 0x0, 0x1, 0x11, 0x11,
    0xff, 0xa0, 0x1, 0xff, 0x91, 0x11, 0x11, 0x0,
    0x2, 0xff, 0xff, 0xff, 0xfa, 0x0, 0x1f, 0xff,
    0xff, 0xff, 0xb0, 0x0, 0x2f, 0xff, 0xff, 0xff,
    0xa0, 0x1, 0xff, 0xff, 0xff, 0xfb, 0x0, 0x2,
    0xff, 0xff, 0xff, 0xfa, 0x0, 0x1f, 0xff, 0xff,
    0xff, 0xb0,

    /* U+0390 "?" */
    0x0, 0x0, 0xff, 0xd0, 0x0, 0x0, 0x2, 0xff,
    0x80, 0x0, 0x0, 0x3, 0xff, 0x20, 0x0, 0x0,
    0x5, 0xfc, 0x0, 0x0, 0x0, 0x0, 0x0, 0x0,
    0x0, 0x0, 0x0, 0x0, 0x0, 0x0, 0x4e, 0xd3,
    0x0, 0xbf, 0x80, 0xdf, 0xfb, 0x6, 0xff, 0xf2,
    0xcf, 0xfa, 0x5, 0xff, 0xf2, 0x2b, 0xa1, 0x0,
    0x8c, 0x60, 0x0, 0x0, 0x0, 0x0, 0x0, 0x0,
    0x1f, 0xff, 0x70, 0x0, 0x0, 0x1f, 0xff, 0x70,
    0x0, 0x0, 0x1f, 0xff, 0x70, 0x0, 0x0, 0x1f,
    0xff, 0x70, 0x0, 0x0, 0x1f, 0xff, 0x70, 0x0,
    0x0, 0x1f, 0xff, 0x70, 0x0, 0x0, 0x1f, 0xff,
    0x70, 0x0, 0x0, 0x1f, 0xff, 0x70, 0x0, 0x0,
    0x1f, 0xff, 0x70, 0x0, 0x0, 0x1f, 0xff, 0x70,
    0x0, 0x0, 0x1f, 0xff, 0x70, 0x0, 0x0, 0x1f,
    0xff, 0x70, 0x0, 0x0, 0x1f, 0xff, 0xa0, 0x0,
    0x0, 0xe, 0xff, 0xff, 0x90, 0x0, 0x7, 0xff,
    0xff, 0xd0, 0x0, 0x0, 0x6c, 0xff, 0xd0,

    /* U+0391 "?" */
    0x0, 0x0, 0x0, 0x6, 0xff, 0xff, 0x90, 0x0,
    0x0, 0x0, 0x0, 0x0, 0x0, 0xb, 0xff, 0xff,
    0xe0, 0x0, 0x0, 0x0, 0x0, 0x0, 0x0, 0x1f,
    0xff, 0xff, 0xf4, 0x0, 0x0, 0x0, 0x0, 0x0,
    0x0, 0x6f, 0xff, 0xcf, 0xfa, 0x0, 0x0, 0x0,
    0x0, 0x0, 0x0, 0xbf, 0xfb, 0x8f, 0xff, 0x0,
    0x0, 0x0, 0x0, 0x0, 0x1, 0xff, 0xf7, 0x4f,
    0xff, 0x50, 0x0, 0x0, 0x0, 0x0, 0x6, 0xff,
    0xf3, 0xf, 0xff, 0xa0, 0x0, 0x0, 0x0, 0x0,
    0xb, 0xff, 0xe0, 0xb, 0xff, 0xf0, 0x0, 0x0,
    0x0, 0x0, 0x1f, 0xff, 0xa0, 0x7, 0xff, 0xf5,
    0x0, 0x0, 0x0, 0x0, 0x6f, 0xff, 0x60, 0x2,
    0xff, 0xfb, 0x0, 0x0, 0x0, 0x0, 0xcf, 0xff,
    0x10, 0x0, 0xdf, 0xff, 0x10, 0x0, 0x0, 0x1,
    0xff, 0xfc, 0x0, 0x0, 0x8f, 0xff, 0x60, 0x0,
    0x0, 0x7, 0xff, 0xf7, 0x0, 0x0, 0x3f, 0xff,
    0xc0, 0x0, 0x0, 0xc, 0xff, 0xff, 0xff, 0xff,
    0xff, 0xff, 0xf1, 0x0, 0x0, 0x1f, 0xff, 0xff,
    0xff, 0xff, 0xff, 0xff, 0xf7, 0x0, 0x0, 0x7f,
    0xff, 0xff, 0xff, 0xff, 0xff, 0xff, 0xfc, 0x0,
    0x0, 0xcf, 0xff, 0x20, 0x0, 0x0, 0x0, 0xdf,
    0xff, 0x20, 0x2, 0xff, 0xfd, 0x0, 0x0, 0x0,
    0x0, 0x8f, 0xff, 0x70, 0x7, 0xff, 0xf8, 0x0,
    0x0, 0x0, 0x0, 0x2f, 0xff, 0xd0, 0xc, 0xff,
    0xf2, 0x0, 0x0, 0x0, 0x0, 0xd, 0xff, 0xf2,
    0x2f, 0xff, 0xd0, 0x0, 0x0, 0x0, 0x0, 0x7,
    0xff, 0xf8,

    /* U+0392 "?" */
    0xff, 0xff, 0xff, 0xff, 0xfd, 0x93, 0x0, 0x0,
    0xff, 0xff, 0xff, 0xff, 0xff, 0xff, 0x90, 0x0,
    0xff, 0xff, 0xff, 0xff, 0xff, 0xff, 0xf8, 0x0,
    0xff, 0xfb, 0x22, 0x22, 0x4a, 0xff, 0xff, 0x10,
    0xff, 0xfb, 0x0, 0x0, 0x0, 0xaf, 0xff, 0x40,
    0xff, 0xfb, 0x0, 0x0, 0x0, 0x5f, 0xff, 0x60,
    0xff, 0xfb, 0x0, 0x0, 0x0, 0x5f, 0xff, 0x50,
    0xff, 0xfb, 0x0, 0x0, 0x0, 0xbf, 0xff, 0x10,
    0xff, 0xfb, 0x0, 0x0, 0x3a, 0xff, 0xf5, 0x0,
    0xff, 0xff, 0xff, 0xff, 0xff, 0xfb, 0x30, 0x0,
    0xff, 0xff, 0xff, 0xff, 0xff, 0xfb, 0x50, 0x0,
    0xff, 0xfe, 0xbb, 0xbb, 0xdf, 0xff, 0xfa, 0x0,
    0xff, 0xfb, 0x0, 0x0, 0x1, 0xbf, 0xff, 0x70,
    0xff, 0xfb, 0x0, 0x0, 0x0, 0xd, 0xff, 0xe0,
    0xff, 0xfb, 0x0, 0x0, 0x0, 0x9, 0xff, 0xf2,
    0xff, 0xfb, 0x0, 0x0, 0x0, 0x9, 0xff, 0xf2,
    0xff, 0xfb, 0x0, 0x0, 0x0, 0x1e, 0xff, 0xf1,
    0xff, 0xfb, 0x22, 0x22, 0x36, 0xdf, 0xff, 0xc0,
    0xff, 0xff, 0xff, 0xff, 0xff, 0xff, 0xff, 0x30,
    0xff, 0xff, 0xff, 0xff, 0xff, 0xff, 0xe5, 0x0,
    0xff, 0xff, 0xff, 0xff, 0xfe, 0xc7, 0x10, 0x0,

    /* U+0393 "?" */
    0xff, 0xff, 0xff, 0xff, 0xff, 0xff, 0xf2, 0xff,
    0xff, 0xff, 0xff, 0xff, 0xff, 0xf2, 0xff, 0xff,
    0xff, 0xff, 0xff, 0xff, 0xf2, 0xff, 0xfb, 0x22,
    0x22, 0x22, 0x22, 0x20, 0xff, 0xfb, 0x0, 0x0,
    0x0, 0x0, 0x0, 0xff, 0xfb, 0x0, 0x0, 0x0,
    0x0, 0x0, 0xff, 0xfb, 0x0, 0x0, 0x0, 0x0,
    0x0, 0xff, 0xfb, 0x0, 0x0, 0x0, 0x0, 0x0,
    0xff, 0xfb, 0x0, 0x0, 0x0, 0x0, 0x0, 0xff,
    0xfb, 0x0, 0x0, 0x0, 0x0, 0x0, 0xff, 0xfb,
    0x0, 0x0, 0x0, 0x0, 0x0, 0xff, 0xfb, 0x0,
    0x0, 0x0, 0x0, 0x0, 0xff, 0xfb, 0x0, 0x0,
    0x0, 0x0, 0x0, 0xff, 0xfb, 0x0, 0x0, 0x0,
    0x0, 0x0, 0xff, 0xfb, 0x0, 0x0, 0x0, 0x0,
    0x0, 0xff, 0xfb, 0x0, 0x0, 0x0, 0x0, 0x0,
    0xff, 0xfb, 0x0, 0x0, 0x0, 0x0, 0x0, 0xff,
    0xfb, 0x0, 0x0, 0x0, 0x0, 0x0, 0xff, 0xfb,
    0x0, 0x0, 0x0, 0x0, 0x0, 0xff, 0xfb, 0x0,
    0x0, 0x0, 0x0, 0x0, 0xff, 0xfb, 0x0, 0x0,
    0x0, 0x0, 0x0,

    /* U+0394 "?" */
    0x0, 0x0, 0x0, 0x4, 0xff, 0xff, 0x80, 0x0,
    0x0, 0x0, 0x0, 0x0, 0x0, 0xa, 0xff, 0xff,
    0xd0, 0x0, 0x0, 0x0, 0x0, 0x0, 0x0, 0xf,
    0xff, 0xff, 0xf3, 0x0, 0x0, 0x0, 0x0, 0x0,
    0x0, 0x5f, 0xff, 0xff, 0xf8, 0x0, 0x0, 0x0,
    0x0, 0x0, 0x0, 0xaf, 0xfe, 0xcf, 0xfe, 0x0,
    0x0, 0x0, 0x0, 0x0, 0x0, 0xff, 0xfa, 0x6f,
    0xff, 0x30, 0x0, 0x0, 0x0, 0x0, 0x5, 0xff,
    0xf4, 0x1f, 0xff, 0x90, 0x0, 0x0, 0x0, 0x0,
    0xb, 0xff, 0xf0, 0xb, 0xff, 0xe0, 0x0, 0x0,
    0x0, 0x0, 0xf, 0xff, 0xa0, 0x6, 0xff, 0xf4,
    0x0, 0x0, 0x0, 0x0, 0x6f, 0xff, 0x50, 0x1,
    0xff, 0xf9, 0x0, 0x0, 0x0, 0x0, 0xbf, 0xff,
    0x0, 0x0, 0xcf, 0xfe, 0x0, 0x0, 0x0, 0x1,
    0xff, 0xfa, 0x0, 0x0, 0x6f, 0xff, 0x40, 0x0,
    0x0, 0x6, 0xff, 0xf5, 0x0, 0x0, 0x1f, 0xff,
    0xa0, 0x0, 0x0, 0xb, 0xff, 0xf0, 0x0, 0x0,
    0xc, 0xff, 0xf0, 0x0, 0x0, 0x1f, 0xff, 0xb0,
    0x0, 0x0, 0x7, 0xff, 0xf4, 0x0, 0x0, 0x6f,
    0xff, 0x50, 0x0, 0x0, 0x1, 0xff, 0xfa, 0x0,
    0x0, 0xcf, 0xff, 0x10, 0x0, 0x0, 0x0, 0xcf,
    0xff, 0x0, 0x1, 0xff, 0xfc, 0x22, 0x22, 0x22,
    0x22, 0x9f, 0xff, 0x50, 0x7, 0xff, 0xff, 0xff,
    0xff, 0xff, 0xff, 0xff, 0xff, 0xa0, 0xc, 0xff,
    0xff, 0xff, 0xff, 0xff, 0xff, 0xff, 0xff, 0xf0,
    0x2f, 0xff, 0xff, 0xff, 0xff, 0xff, 0xff, 0xff,
    0xff, 0xf5,

    /* U+0395 "?" */
    0xff, 0xff, 0xff, 0xff, 0xff, 0xff, 0xf4, 0xff,
    0xff, 0xff, 0xff, 0xff, 0xff, 0xf4, 0xff, 0xff,
    0xff, 0xff, 0xff, 0xff, 0xf4, 0xff, 0xfc, 0x22,
    0x22, 0x22, 0x22, 0x20, 0xff, 0xfb, 0x0, 0x0,
    0x0, 0x0, 0x0, 0xff, 0xfb, 0x0, 0x0, 0x0,
    0x0, 0x0, 0xff, 0xfb, 0x0, 0x0, 0x0, 0x0,
    0x0, 0xff, 0xfb, 0x0, 0x0, 0x0, 0x0, 0x0,
    0xff, 0xfb, 0x22, 0x22, 0x22, 0x22, 0x10, 0xff,
    0xff, 0xff, 0xff, 0xff, 0xff, 0x90, 0xff, 0xff,
    0xff, 0xff, 0xff, 0xff, 0x90, 0xff, 0xff, 0xff,
    0xff, 0xff, 0xff, 0x90, 0xff, 0xfb, 0x0, 0x0,
    0x0, 0x0, 0x0, 0xff, 0xfb, 0x0, 0x0, 0x0,
    0x0, 0x0, 0xff, 0xfb, 0x0, 0x0, 0x0, 0x0,
    0x0, 0xff, 0xfb, 0x0, 0x0, 0x0, 0x0, 0x0,
    0xff, 0xfb, 0x0, 0x0, 0x0, 0x0, 0x0, 0xff,
    0xfc, 0x22, 0x22, 0x22, 0x22, 0x20, 0xff, 0xff,
    0xff, 0xff, 0xff, 0xff, 0xf5, 0xff, 0xff, 0xff,
    0xff, 0xff, 0xff, 0xf5, 0xff, 0xff, 0xff, 0xff,
    0xff, 0xff, 0xf5,

    /* U+0396 "?" */
    0x6f, 0xff, 0xff, 0xff, 0xff, 0xff, 0xff, 0xfa,
    0x6f, 0xff, 0xff, 0xff, 0xff, 0xff, 0xff, 0xfa,
    0x6f, 0xff, 0xff, 0xff, 0xff, 0xff, 0xff, 0xf7,
    0x2, 0x22, 0x22, 0x22, 0x22, 0x3e, 0xff, 0xd0,
    0x0, 0x0, 0x0, 0x0, 0x0, 0xbf, 0xff, 0x30,
    0x0, 0x0, 0x0, 0x0, 0x7, 0xff, 0xf8, 0x0,
    0x0, 0x0, 0x0, 0x0, 0x2f, 0xff, 0xc0, 0x0,
    0x0, 0x0, 0x0, 0x0, 0xcf, 0xff, 0x20, 0x0,
    0x0, 0x0, 0x0, 0x8, 0xff, 0xf7, 0x0, 0x0,
    0x0, 0x0, 0x0, 0x3f, 0xff, 0xc0, 0x0, 0x0,
    0x0, 0x0, 0x0, 0xdf, 0xff, 0x20, 0x0, 0x0,
    0x0, 0x0, 0x8, 0xff, 0xf7, 0x0, 0x0, 0x0,
    0x0, 0x0, 0x3f, 0xff, 0xc0, 0x0, 0x0, 0x0,
    0x0, 0x0, 0xdf, 0xff, 0x20, 0x0, 0x0, 0x0,
    0x0, 0x8, 0xff, 0xf6, 0x0, 0x0, 0x0, 0x0,
    0x0, 0x3f, 0xff, 0xb0, 0x0, 0x0, 0x0, 0x0,
    0x0, 0xdf, 0xfe, 0x10, 0x0, 0x0, 0x0, 0x0,
    0x9, 0xff, 0xf5, 0x22, 0x22, 0x22, 0x22, 0x21,
    0x3f, 0xff, 0xff, 0xff, 0xff, 0xff, 0xff, 0xfb,
    0x5f, 0xff, 0xff, 0xff, 0xff, 0xff, 0xff, 0xfb,
    0x5f, 0xff, 0xff, 0xff, 0xff, 0xff, 0xff, 0xfb,

    /* U+0397 "?" */
    0xff, 0xfb, 0x0, 0x0, 0x0, 0x0, 0xd, 0xff,
    0xdf, 0xff, 0xb0, 0x0, 0x0, 0x0, 0x0, 0xdf,
    0xfd, 0xff, 0xfb, 0x0, 0x0, 0x0, 0x0, 0xd,
    0xff, 0xdf, 0xff, 0xb0, 0x0, 0x0, 0x0, 0x0,
    0xdf, 0xfd, 0xff, 0xfb, 0x0, 0x0, 0x0, 0x0,
    0xd, 0xff, 0xdf, 0xff, 0xb0, 0x0, 0x0, 0x0,
    0x0, 0xdf, 0xfd, 0xff, 0xfb, 0x0, 0x0, 0x0,
    0x0, 0xd, 0xff, 0xdf, 0xff, 0xb0, 0x0, 0x0,
    0x0, 0x0, 0xdf, 0xfd, 0xff, 0xfc, 0x22, 0x22,
    0x22, 0x22, 0x2d, 0xff, 0xdf, 0xff, 0xff, 0xff,
    0xff, 0xff, 0xff, 0xff, 0xfd, 0xff, 0xff, 0xff,
    0xff, 0xff, 0xff, 0xff, 0xff, 0xdf, 0xff, 0xff,
    0xff, 0xff, 0xff, 0xff, 0xff, 0xfd, 0xff, 0xfb,
    0x0, 0x0, 0x0, 0x0, 0xd, 0xff, 0xdf, 0xff,
    0xb0, 0x0, 0x0, 0x0, 0x0, 0xdf, 0xfd, 0xff,
    0xfb, 0x0, 0x0, 0x0, 0x0, 0xd, 0xff, 0xdf,
    0xff, 0xb0, 0x0, 0x0, 0x0, 0x0, 0xdf, 0xfd,
    0xff, 0xfb, 0x0, 0x0, 0x0, 0x0, 0xd, 0xff,
    0xdf, 0xff, 0xb0, 0x0, 0x0, 0x0, 0x0, 0xdf,
    0xfd, 0xff, 0xfb, 0x0, 0x0, 0x0, 0x0, 0xd,
    0xff, 0xdf, 0xff, 0xb0, 0x0, 0x0, 0x0, 0x0,
    0xdf, 0xfd, 0xff, 0xfb, 0x0, 0x0, 0x0, 0x0,
    0xd, 0xff, 0xd0,

    /* U+0398 "?" */
    0x0, 0x0, 0x1, 0x7b, 0xef, 0xfd, 0x94, 0x0,
    0x0, 0x0, 0x0, 0x0, 0x6f, 0xff, 0xff, 0xff,
    0xff, 0xc2, 0x0, 0x0, 0x0, 0x9, 0xff, 0xff,
    0xff, 0xff, 0xff, 0xfe, 0x30, 0x0, 0x0, 0x7f,
    0xff, 0xfd, 0x86, 0x7a, 0xff, 0xff, 0xe1, 0x0,
    0x2, 0xff, 0xff, 0x70, 0x0, 0x0, 0x2d, 0xff,
    0xfa, 0x0, 0xa, 0xff, 0xf7, 0x0, 0x0, 0x0,
    0x1, 0xef, 0xff, 0x20, 0xf, 0xff, 0xd0, 0x0,
    0x0, 0x0, 0x0, 0x5f, 0xff, 0x80, 0x4f, 0xff,
    0x70, 0x0, 0x0, 0x0, 0x0, 0xf, 0xff, 0xc0,
    0x7f, 0xff, 0x40, 0x0, 0x0, 0x0, 0x0, 0xb,
    0xff, 0xf0, 0x8f, 0xff, 0x20, 0xff, 0xff, 0xff,
    0xf9, 0xa, 0xff, 0xf0, 0x9f, 0xff, 0x10, 0xff,
    0xff, 0xff, 0xf9, 0x9, 0xff, 0xf1, 0x8f, 0xff,
    0x20, 0xaa, 0xaa, 0xaa, 0xa5, 0xa, 0xff, 0xf0,
    0x7f, 0xff, 0x40, 0x0, 0x0, 0x0, 0x0, 0xb,
    0xff, 0xf0, 0x4f, 0xff, 0x70, 0x0, 0x0, 0x0,
    0x0, 0xf, 0xff, 0xc0, 0xf, 0xff, 0xd0, 0x0,
    0x0, 0x0, 0x0, 0x5f, 0xff, 0x80, 0xa, 0xff,
    0xf7, 0x0, 0x0, 0x0, 0x1, 0xef, 0xff, 0x20,
    0x2, 0xff, 0xff, 0x70, 0x0, 0x0, 0x2d, 0xff,
    0xfb, 0x0, 0x0, 0x7f, 0xff, 0xfd, 0x86, 0x7a,
    0xff, 0xff, 0xe1, 0x0, 0x0, 0x9, 0xff, 0xff,
    0xff, 0xff, 0xff, 0xfe, 0x30, 0x0, 0x0, 0x0,
    0x6f, 0xff, 0xff, 0xff, 0xff, 0xc2, 0x0, 0x0,
    0x0, 0x0, 0x1, 0x7b, 0xef, 0xfd, 0x94, 0x0,
    0x0, 0x0,

    /* U+0399 "?" */
    0xff, 0xfb, 0xff, 0xfb, 0xff, 0xfb, 0xff, 0xfb,
    0xff, 0xfb, 0xff, 0xfb, 0xff, 0xfb, 0xff, 0xfb,
    0xff, 0xfb, 0xff, 0xfb, 0xff, 0xfb, 0xff, 0xfb,
    0xff, 0xfb, 0xff, 0xfb, 0xff, 0xfb, 0xff, 0xfb,
    0xff, 0xfb, 0xff, 0xfb, 0xff, 0xfb, 0xff, 0xfb,
    0xff, 0xfb,

    /* U+039A "?" */
    0xff, 0xfb, 0x0, 0x0, 0x0, 0x3, 0xff, 0xff,
    0x6f, 0xff, 0xb0, 0x0, 0x0, 0x1, 0xef, 0xff,
    0x80, 0xff, 0xfb, 0x0, 0x0, 0x0, 0xcf, 0xff,
    0xa0, 0xf, 0xff, 0xb0, 0x0, 0x0, 0xbf, 0xff,
    0xc0, 0x0, 0xff, 0xfb, 0x0, 0x0, 0x8f, 0xff,
    0xd1, 0x0, 0xf, 0xff, 0xb0, 0x0, 0x6f, 0xff,
    0xe2, 0x0, 0x0, 0xff, 0xfb, 0x0, 0x4f, 0xff,
    0xf4, 0x0, 0x0, 0xf, 0xff, 0xa0, 0x1e, 0xff,
    0xf5, 0x0, 0x0, 0x0, 0xff, 0xfa, 0xc, 0xff,
    0xf8, 0x0, 0x0, 0x0, 0xf, 0xff, 0xa8, 0xff,
    0xff, 0x40, 0x0, 0x0, 0x0, 0xff, 0xfd, 0xff,
    0xff, 0xfe, 0x0, 0x0, 0x0, 0xf, 0xff, 0xff,
    0xfd, 0xff, 0xf9, 0x0, 0x0, 0x0, 0xff, 0xff,
    0xfa, 0xd, 0xff, 0xf4, 0x0, 0x0, 0xf, 0xff,
    0xfb, 0x0, 0x4f, 0xff, 0xe0, 0x0, 0x0, 0xff,
    0xfd, 0x0, 0x0, 0x9f, 0xff, 0x90, 0x0, 0xf,
    0xff, 0xb0, 0x0, 0x0, 0xef, 0xff, 0x40, 0x0,
    0xff, 0xfb, 0x0, 0x0, 0x4, 0xff, 0xfe, 0x10,
    0xf, 0xff, 0xb0, 0x0, 0x0, 0xa, 0xff, 0xf9,
    0x0, 0xff, 0xfb, 0x0, 0x0, 0x0, 0x1e, 0xff,
    0xf4, 0xf, 0xff, 0xb0, 0x0, 0x0, 0x0, 0x5f,
    0xff, 0xe1, 0xff, 0xfb, 0x0, 0x0, 0x0, 0x0,
    0xaf, 0xff, 0xa0,

    /* U+039B "?" */
    0x0, 0x0, 0x0, 0x6, 0xff, 0xff, 0x90, 0x0,
    0x0, 0x0, 0x0, 0x0, 0x0, 0xb, 0xff, 0xff,
    0xe0, 0x0, 0x0, 0x0, 0x0, 0x0, 0x0, 0x1f,
    0xff, 0xff, 0xf4, 0x0, 0x0, 0x0, 0x0, 0x0,
    0x0, 0x6f, 0xfe, 0xcf, 0xfa, 0x0, 0x0, 0x0,
    0x0, 0x0, 0x0, 0xbf, 0xfa, 0x8f, 0xff, 0x0,
    0x0, 0x0, 0x0, 0x0, 0x1, 0xff, 0xf6, 0x3f,
    0xff, 0x50, 0x0, 0x0, 0x0, 0x0, 0x6, 0xff,
    0xf2, 0xf, 0xff, 0xa0, 0x0, 0x0, 0x0, 0x0,
    0xb, 0xff, 0xe0, 0xb, 0xff, 0xf0, 0x0, 0x0,
    0x0, 0x0, 0x1f, 0xff, 0xa0, 0x6, 0xff, 0xf5,
    0x0, 0x0, 0x0, 0x0, 0x6f, 0xff, 0x50, 0x1,
    0xff, 0xfb, 0x0, 0x0, 0x0, 0x0, 0xcf, 0xff,
    0x10, 0x0, 0xcf, 0xff, 0x10, 0x0, 0x0, 0x1,
    0xff, 0xfb, 0x0, 0x0, 0x7f, 0xff, 0x60, 0x0,
    0x0, 0x7, 0xff, 0xf6, 0x0, 0x0, 0x2f, 0xff,
    0xc0, 0x0, 0x0, 0xc, 0xff, 0xf1, 0x0, 0x0,
    0xc, 0xff, 0xf1, 0x0, 0x0, 0x1f, 0xff, 0xc0,
    0x0, 0x0, 0x7, 0xff, 0xf7, 0x0, 0x0, 0x7f,
    0xff, 0x60, 0x0, 0x0, 0x2, 0xff, 0xfc, 0x0,
    0x0, 0xcf, 0xff, 0x10, 0x0, 0x0, 0x0, 0xcf,
    0xff, 0x20, 0x2, 0xff, 0xfc, 0x0, 0x0, 0x0,
    0x0, 0x7f, 0xff, 0x70, 0x7, 0xff, 0xf7, 0x0,
    0x0, 0x0, 0x0, 0x2f, 0xff, 0xd0, 0xc, 0xff,
    0xf2, 0x0, 0x0, 0x0, 0x0, 0xc, 0xff, 0xf2,
    0x2f, 0xff, 0xd0, 0x0, 0x0, 0x0, 0x0, 0x7,
    0xff, 0xf8,

    /* U+039C "?" */
    0xff, 0xff, 0xfb, 0x0, 0x0, 0x0, 0x0, 0x0,
    0xef, 0xff, 0xfc, 0xff, 0xff, 0xff, 0x10, 0x0,
    0x0, 0x0, 0x4, 0xff, 0xff, 0xfc, 0xff, 0xff,
    0xff, 0x70, 0x0, 0x0, 0x0, 0x9, 0xff, 0xff,
    0xfc, 0xff, 0xff, 0xff, 0xc0, 0x0, 0x0, 0x0,
    0xf, 0xff, 0xff, 0xfc, 0xff, 0xfc, 0xff, 0xf2,
    0x0, 0x0, 0x0, 0x5f, 0xff, 0xcf, 0xfc, 0xff,
    0xf9, 0xef, 0xf8, 0x0, 0x0, 0x0, 0xaf, 0xfb,
    0xcf, 0xfc, 0xff, 0xf9, 0xaf, 0xfd, 0x0, 0x0,
    0x0, 0xff, 0xf6, 0xcf, 0xfc, 0xff, 0xf9, 0x6f,
    0xff, 0x30, 0x0, 0x6, 0xff, 0xf1, 0xdf, 0xfc,
    0xff, 0xf9, 0x1f, 0xff, 0x90, 0x0, 0xb, 0xff,
    0xd0, 0xdf, 0xfc, 0xff, 0xfa, 0xc, 0xff, 0xe0,
    0x0, 0x1f, 0xff, 0x80, 0xdf, 0xfc, 0xff, 0xfa,
    0x6, 0xff, 0xf4, 0x0, 0x7f, 0xff, 0x20, 0xdf,
    0xfc, 0xff, 0xfa, 0x1, 0xff, 0xf9, 0x0, 0xcf,
    0xfd, 0x0, 0xdf, 0xfc, 0xff, 0xfa, 0x0, 0xbf,
    0xfe, 0x0, 0xff, 0xf7, 0x0, 0xdf, 0xfc, 0xff,
    0xfa, 0x0, 0x5f, 0xff, 0x24, 0xff, 0xf1, 0x0,
    0xdf, 0xfc, 0xff, 0xfa, 0x0, 0xf, 0xff, 0x68,
    0xff, 0xc0, 0x0, 0xdf, 0xfc, 0xff, 0xfa, 0x0,
    0x9, 0xff, 0xac, 0xff, 0x60, 0x0, 0xdf, 0xfc,
    0xff, 0xfa, 0x0, 0x4, 0xff, 0xef, 0xff, 0x10,
    0x0, 0xdf, 0xfc, 0xff, 0xfa, 0x0, 0x0, 0xef,
    0xff, 0xfb, 0x0, 0x0, 0xdf, 0xfc, 0xff, 0xfa,
    0x0, 0x0, 0x8f, 0xff, 0xf5, 0x0, 0x0, 0xdf,
    0xfc, 0xff, 0xfa, 0x0, 0x0, 0x2f, 0xff, 0xf0,
    0x0, 0x0, 0xdf, 0xfc, 0xff, 0xfa, 0x0, 0x0,
    0xd, 0xff, 0xa0, 0x0, 0x0, 0xdf, 0xfc,

    /* U+039D "?" */
    0xff, 0xff, 0x70, 0x0, 0x0, 0x0, 0x8, 0xff,
    0xf3, 0xff, 0xff, 0xf2, 0x0, 0x0, 0x0, 0x8,
    0xff, 0xf3, 0xff, 0xff, 0xfb, 0x0, 0x0, 0x0,
    0x8, 0xff, 0xf3, 0xff, 0xff, 0xff, 0x40, 0x0,
    0x0, 0x8, 0xff, 0xf3, 0xff, 0xff, 0xff, 0xe0,
    0x0, 0x0, 0x8, 0xff, 0xf3, 0xff, 0xfa, 0xff,
    0xf8, 0x0, 0x0, 0x8, 0xff, 0xf3, 0xff, 0xf9,
    0x8f, 0xff, 0x20, 0x0, 0x8, 0xff, 0xf3, 0xff,
    0xfa, 0x1f, 0xff, 0xb0, 0x0, 0x8, 0xff, 0xf3,
    0xff, 0xfb, 0x7, 0xff, 0xf5, 0x0, 0x8, 0xff,
    0xf3, 0xff, 0xfb, 0x0, 0xef, 0xfe, 0x0, 0x8,
    0xff, 0xf3, 0xff, 0xfc, 0x0, 0x5f, 0xff, 0x90,
    0x8, 0xff, 0xf3, 0xff, 0xfc, 0x0, 0xb, 0xff,
    0xf2, 0x7, 0xff, 0xf3, 0xff, 0xfc, 0x0, 0x2,
    0xff, 0xfc, 0x7, 0xff, 0xf3, 0xff, 0xfc, 0x0,
    0x0, 0x8f, 0xff, 0x47, 0xff, 0xf3, 0xff, 0xfc,
    0x0, 0x0, 0xd, 0xff, 0xc6, 0xff, 0xf3, 0xff,
    0xfc, 0x0, 0x0, 0x4, 0xff, 0xf9, 0xff, 0xf3,
    0xff, 0xfc, 0x0, 0x0, 0x0, 0xaf, 0xff, 0xff,
    0xf3, 0xff, 0xfc, 0x0, 0x0, 0x0, 0x1f, 0xff,
    0xff, 0xf3, 0xff, 0xfc, 0x0, 0x0, 0x0, 0x7,
    0xff, 0xff, 0xf3, 0xff, 0xfc, 0x0, 0x0, 0x0,
    0x0, 0xdf, 0xff, 0xf3, 0xff, 0xfc, 0x0, 0x0,
    0x0, 0x0, 0x3f, 0xff, 0xf3,

    /* U+039E "?" */
    0x3f, 0xff, 0xff, 0xff, 0xff, 0xff, 0xff, 0xff,
    0x23, 0xff, 0xff, 0xff, 0xff, 0xff, 0xff, 0xff,
    0xf2, 0x3f, 0xff, 0xff, 0xff, 0xff, 0xff, 0xff,
    0xff, 0x20, 0x22, 0x22, 0x22, 0x22, 0x22, 0x22,
    0x22, 0x20, 0x0, 0x0, 0x0, 0x0, 0x0, 0x0,
    0x0, 0x0, 0x0, 0x0, 0x0, 0x0, 0x0, 0x0,
    0x0, 0x0, 0x0, 0x0, 0x0, 0x0, 0x0, 0x0,
    0x0, 0x0, 0x0, 0x0, 0x0, 0x0, 0x0, 0x0,
    0x0, 0x0, 0x0, 0x0, 0x0, 0x22, 0x22, 0x22,
    0x22, 0x22, 0x22, 0x20, 0x0, 0x2f, 0xff, 0xff,
    0xff, 0xff, 0xff, 0xff, 0x10, 0x2, 0xff, 0xff,
    0xff, 0xff, 0xff, 0xff, 0xf1, 0x0, 0x2f, 0xff,
    0xff, 0xff, 0xff, 0xff, 0xff, 0x10, 0x0, 0x0,
    0x0, 0x0, 0x0, 0x0, 0x0, 0x0, 0x0, 0x0,
    0x0, 0x0, 0x0, 0x0, 0x0, 0x0, 0x0, 0x0,
    0x0, 0x0, 0x0, 0x0, 0x0, 0x0, 0x0, 0x0,
    0x0, 0x0, 0x0, 0x0, 0x0, 0x0, 0x0, 0x0,
    0x0, 0x0, 0x0, 0x0, 0x0, 0x0, 0x0, 0x0,
    0x0, 0x22, 0x22, 0x22, 0x22, 0x22, 0x22, 0x22,
    0x20, 0x5f, 0xff, 0xff, 0xff, 0xff, 0xff, 0xff,
    0xff, 0x45, 0xff, 0xff, 0xff, 0xff, 0xff, 0xff,
    0xff, 0xf4, 0x5f, 0xff, 0xff, 0xff, 0xff, 0xff,
    0xff, 0xff, 0x40,

    /* U+039F "?" */
    0x0, 0x0, 0x1, 0x7b, 0xef, 0xfd, 0x94, 0x0,
    0x0, 0x0, 0x0, 0x0, 0x6f, 0xff, 0xff, 0xff,
    0xff, 0xc2, 0x0, 0x0, 0x0, 0x9, 0xff, 0xff,
    0xff, 0xff, 0xff, 0xfe, 0x30, 0x0, 0x0, 0x7f,
    0xff, 0xfd, 0x86, 0x7a, 0xff, 0xff, 0xe1, 0x0,
    0x2, 0xff, 0xff, 0x70, 0x0, 0x0, 0x2d, 0xff,
    0xfa, 0x0, 0xa, 0xff, 0xf7, 0x0, 0x0, 0x0,
    0x1, 0xef, 0xff, 0x20, 0xf, 0xff, 0xd0, 0x0,
    0x0, 0x0, 0x0, 0x5f, 0xff, 0x80, 0x4f, 0xff,
    0x70, 0x0, 0x0, 0x0, 0x0, 0xf, 0xff, 0xc0,
    0x7f, 0xff, 0x40, 0x0, 0x0, 0x0, 0x0, 0xb,
    0xff, 0xf0, 0x8f, 0xff, 0x20, 0x0, 0x0, 0x0,
    0x0, 0xa, 0xff, 0xf0, 0x9f, 0xff, 0x10, 0x0,
    0x0, 0x0, 0x0, 0x9, 0xff, 0xf1, 0x8f, 0xff,
    0x20, 0x0, 0x0, 0x0, 0x0, 0xa, 0xff, 0xf0,
    0x7f, 0xff, 0x40, 0x0, 0x0, 0x0, 0x0, 0xb,
    0xff, 0xf0, 0x4f, 0xff, 0x70, 0x0, 0x0, 0x0,
    0x0, 0xf, 0xff, 0xc0, 0xf, 0xff, 0xd0, 0x0,
    0x0, 0x0, 0x0, 0x5f, 0xff, 0x80, 0xa, 0xff,
    0xf7, 0x0, 0x0, 0x0, 0x1, 0xef, 0xff, 0x20,
    0x2, 0xff, 0xff, 0x70, 0x0, 0x0, 0x2d, 0xff,
    0xfb, 0x0, 0x0, 0x7f, 0xff, 0xfd, 0x86, 0x7a,
    0xff, 0xff, 0xe1, 0x0, 0x0, 0x9, 0xff, 0xff,
    0xff, 0xff, 0xff, 0xfe, 0x30, 0x0, 0x0, 0x0,
    0x6f, 0xff, 0xff, 0xff, 0xff, 0xc2, 0x0, 0x0,
    0x0, 0x0, 0x1, 0x7b, 0xef, 0xfd, 0x94, 0x0,
    0x0, 0x0,

    /* U+03A0 "?" */
    0xff, 0xff, 0xff, 0xff, 0xff, 0xff, 0xff, 0xff,
    0xdf, 0xff, 0xff, 0xff, 0xff, 0xff, 0xff, 0xff,
    0xfd, 0xff, 0xff, 0xff, 0xff, 0xff, 0xff, 0xff,
    0xff, 0xdf, 0xff, 0xc2, 0x22, 0x22, 0x22, 0x22,
    0xdf, 0xfd, 0xff, 0xfb, 0x0, 0x0, 0x0, 0x0,
    0xd, 0xff, 0xdf, 0xff, 0xb0, 0x0, 0x0, 0x0,
    0x0, 0xdf, 0xfd, 0xff, 0xfb, 0x0, 0x0, 0x0,
    0x0, 0xd, 0xff, 0xdf, 0xff, 0xb0, 0x0, 0x0,
    0x0, 0x0, 0xdf, 0xfd, 0xff, 0xfb, 0x0, 0x0,
    0x0, 0x0, 0xd, 0xff, 0xdf, 0xff, 0xb0, 0x0,
    0x0, 0x0, 0x0, 0xdf, 0xfd, 0xff, 0xfb, 0x0,
    0x0, 0x0, 0x0, 0xd, 0xff, 0xdf, 0xff, 0xb0,
    0x0, 0x0, 0x0, 0x0, 0xdf, 0xfd, 0xff, 0xfb,
    0x0, 0x0, 0x0, 0x0, 0xd, 0xff, 0xdf, 0xff,
    0xb0, 0x0, 0x0, 0x0, 0x0, 0xdf, 0xfd, 0xff,
    0xfb, 0x0, 0x0, 0x0, 0x0, 0xd, 0xff, 0xdf,
    0xff, 0xb0, 0x0, 0x0, 0x0, 0x0, 0xdf, 0xfd,
    0xff, 0xfb, 0x0, 0x0, 0x0, 0x0, 0xd, 0xff,
    0xdf, 0xff, 0xb0, 0x0, 0x0, 0x0, 0x0, 0xdf,
    0xfd, 0xff, 0xfb, 0x0, 0x0, 0x0, 0x0, 0xd,
    0xff, 0xdf, 0xff, 0xb0, 0x0, 0x0, 0x0, 0x0,
    0xdf, 0xfd, 0xff, 0xfb, 0x0, 0x0, 0x0, 0x0,
    0xd, 0xff, 0xd0,

    /* U+03A1 "?" */
    0xff, 0xff, 0xff, 0xff, 0xec, 0x81, 0x0, 0xf,
    0xff, 0xff, 0xff, 0xff, 0xff, 0xf6, 0x0, 0xff,
    0xff, 0xff, 0xff, 0xff, 0xff, 0xf5, 0xf, 0xff,
    0xb2, 0x22, 0x25, 0xbf, 0xff, 0xf1, 0xff, 0xfb,
    0x0, 0x0, 0x0, 0xbf, 0xff, 0x6f, 0xff, 0xb0,
    0x0, 0x0, 0x2, 0xff, 0xfa, 0xff, 0xfb, 0x0,
    0x0, 0x0, 0xf, 0xff, 0xcf, 0xff, 0xb0, 0x0,
    0x0, 0x0, 0xff, 0xfc, 0xff, 0xfb, 0x0, 0x0,
    0x0, 0x2f, 0xff, 0xaf, 0xff, 0xb0, 0x0, 0x0,
    0xa, 0xff, 0xf6, 0xff, 0xfb, 0x11, 0x12, 0x4b,
    0xff, 0xff, 0x1f, 0xff, 0xff, 0xff, 0xff, 0xff,
    0xff, 0x50, 0xff, 0xff, 0xff, 0xff, 0xff, 0xff,
    0x60, 0xf, 0xff, 0xff, 0xff, 0xfe, 0xc8, 0x10,
    0x0, 0xff, 0xfb, 0x0, 0x0, 0x0, 0x0, 0x0,
    0xf, 0xff, 0xb0, 0x0, 0x0, 0x0, 0x0, 0x0,
    0xff, 0xfb, 0x0, 0x0, 0x0, 0x0, 0x0, 0xf,
    0xff, 0xb0, 0x0, 0x0, 0x0, 0x0, 0x0, 0xff,
    0xfb, 0x0, 0x0, 0x0, 0x0, 0x0, 0xf, 0xff,
    0xb0, 0x0, 0x0, 0x0, 0x0, 0x0, 0xff, 0xfb,
    0x0, 0x0, 0x0, 0x0, 0x0, 0x0,

    /* U+03A3 "?" */
    0xf, 0xff, 0xff, 0xff, 0xff, 0xff, 0xff, 0xff,
    0x90, 0xff, 0xff, 0xff, 0xff, 0xff, 0xff, 0xff,
    0xf9, 0xf, 0xff, 0xff, 0xff, 0xff, 0xff, 0xff,
    0xff, 0x90, 0x6f, 0xff, 0xd3, 0x22, 0x22, 0x22,
    0x22, 0x21, 0x0, 0x6f, 0xff, 0xd1, 0x0, 0x0,
    0x0, 0x0, 0x0, 0x0, 0x7f, 0xff, 0xe2, 0x0,
    0x0, 0x0, 0x0, 0x0, 0x0, 0x8f, 0xff, 0xe2,
    0x0, 0x0, 0x0, 0x0, 0x0, 0x0, 0x8f, 0xff,
    0xd1, 0x0, 0x0, 0x0, 0x0, 0x0, 0x0, 0x8f,
    0xff, 0xd1, 0x0, 0x0, 0x0, 0x0, 0x0, 0x0,
    0x7f, 0xff, 0xc0, 0x0, 0x0, 0x0, 0x0, 0x0,
    0x1, 0xdf, 0xfe, 0x0, 0x0, 0x0, 0x0, 0x0,
    0x1, 0xdf, 0xff, 0x50, 0x0, 0x0, 0x0, 0x0,
    0x2, 0xef, 0xff, 0x60, 0x0, 0x0, 0x0, 0x0,
    0x1, 0xdf, 0xff, 0x70, 0x0, 0x0, 0x0, 0x0,
    0x1, 0xdf, 0xff, 0x80, 0x0, 0x0, 0x0, 0x0,
    0x0, 0xcf, 0xff, 0x80, 0x0, 0x0, 0x0, 0x0,
    0x0, 0xcf, 0xff, 0x80, 0x0, 0x0, 0x0, 0x0,
    0x0, 0xbf, 0xff, 0x82, 0x22, 0x22, 0x22, 0x22,
    0x21, 0x6f, 0xff, 0xff, 0xff, 0xff, 0xff, 0xff,
    0xff, 0xc6, 0xff, 0xff, 0xff, 0xff, 0xff, 0xff,
    0xff, 0xfc, 0x6f, 0xff, 0xff, 0xff, 0xff, 0xff,
    0xff, 0xff, 0xc0,

    /* U+03A4 "?" */
    0xdf, 0xff, 0xff, 0xff, 0xff, 0xff, 0xff, 0xff,
    0x5d, 0xff, 0xff, 0xff, 0xff, 0xff, 0xff, 0xff,
    0xf5, 0xdf, 0xff, 0xff, 0xff, 0xff, 0xff, 0xff,
    0xff, 0x52, 0x22, 0x22, 0x2a, 0xff, 0xf3, 0x22,
    0x22, 0x20, 0x0, 0x0, 0x0, 0x9f, 0xff, 0x10,
    0x0, 0x0, 0x0, 0x0, 0x0, 0x9, 0xff, 0xf1,
    0x0, 0x0, 0x0, 0x0, 0x0, 0x0, 0x9f, 0xff,
    0x10, 0x0, 0x0, 0x0, 0x0, 0x0, 0x9, 0xff,
    0xf1, 0x0, 0x0, 0x0, 0x0, 0x0, 0x0, 0x9f,
    0xff, 0x10, 0x0, 0x0, 0x0, 0x0, 0x0, 0x9,
    0xff, 0xf1, 0x0, 0x0, 0x0, 0x0, 0x0, 0x0,
    0x9f, 0xff, 0x10, 0x0, 0x0, 0x0, 0x0, 0x0,
    0x9, 0xff, 0xf1, 0x0, 0x0, 0x0, 0x0, 0x0,
    0x0, 0x9f, 0xff, 0x10, 0x0, 0x0, 0x0, 0x0,
    0x0, 0x9, 0xff, 0xf1, 0x0, 0x0, 0x0, 0x0,
    0x0, 0x0, 0x9f, 0xff, 0x10, 0x0, 0x0, 0x0,
    0x0, 0x0, 0x9, 0xff, 0xf1, 0x0, 0x0, 0x0,
    0x0, 0x0, 0x0, 0x9f, 0xff, 0x10, 0x0, 0x0,
    0x0, 0x0, 0x0, 0x9, 0xff, 0xf1, 0x0, 0x0,
    0x0, 0x0, 0x0, 0x0, 0x9f, 0xff, 0x10, 0x0,
    0x0, 0x0, 0x0, 0x0, 0x9, 0xff, 0xf1, 0x0,
    0x0, 0x0, 0x0, 0x0, 0x0, 0x9f, 0xff, 0x10,
    0x0, 0x0, 0x0,

    /* U+03A5 "?" */
    0x1f, 0xff, 0xf3, 0x0, 0x0, 0x0, 0x0, 0x3f,
    0xff, 0xe1, 0x7, 0xff, 0xfc, 0x0, 0x0, 0x0,
    0x0, 0xcf, 0xff, 0x60, 0x0, 0xdf, 0xff, 0x50,
    0x0, 0x0, 0x4, 0xff, 0xfd, 0x0, 0x0, 0x4f,
    0xff, 0xd0, 0x0, 0x0, 0xd, 0xff, 0xf4, 0x0,
    0x0, 0xb, 0xff, 0xf6, 0x0, 0x0, 0x6f, 0xff,
    0xb0, 0x0, 0x0, 0x2, 0xff, 0xfe, 0x0, 0x0,
    0xef, 0xff, 0x20, 0x0, 0x0, 0x0, 0x8f, 0xff,
    0x80, 0x7, 0xff, 0xf8, 0x0, 0x0, 0x0, 0x0,
    0xe, 0xff, 0xf1, 0xe, 0xff, 0xe0, 0x0, 0x0,
    0x0, 0x0, 0x5, 0xff, 0xf8, 0x7f, 0xff, 0x60,
    0x0, 0x0, 0x0, 0x0, 0x0, 0xcf, 0xfe, 0xdf,
    0xfc, 0x0, 0x0, 0x0, 0x0, 0x0, 0x0, 0x3f,
    0xff, 0xff, 0xf3, 0x0, 0x0, 0x0, 0x0, 0x0,
    0x0, 0x9, 0xff, 0xff, 0xa0, 0x0, 0x0, 0x0,
    0x0, 0x0, 0x0, 0x1, 0xff, 0xff, 0x10, 0x0,
    0x0, 0x0, 0x0, 0x0, 0x0, 0x0, 0xcf, 0xfd,
    0x0, 0x0, 0x0, 0x0, 0x0, 0x0, 0x0, 0x0,
    0xcf, 0xfd, 0x0, 0x0, 0x0, 0x0, 0x0, 0x0,
    0x0, 0x0, 0xcf, 0xfd, 0x0, 0x0, 0x0, 0x0,
    0x0, 0x0, 0x0, 0x0, 0xcf, 0xfd, 0x0, 0x0,
    0x0, 0x0, 0x0, 0x0, 0x0, 0x0, 0xcf, 0xfd,
    0x0, 0x0, 0x0, 0x0, 0x0, 0x0, 0x0, 0x0,
    0xcf, 0xfd, 0x0, 0x0, 0x0, 0x0, 0x0, 0x0,
    0x0, 0x0, 0xcf, 0xfd, 0x0, 0x0, 0x0, 0x0,
    0x0, 0x0, 0x0, 0x0, 0xcf, 0xfd, 0x0, 0x0,
    0x0, 0x0,

    /* U+03A6 "?" */
    0x0, 0x0, 0x0, 0x0, 0x0, 0x0, 0x0, 0x0,
    0x0, 0x0, 0x0, 0x0, 0x0, 0x0, 0x0, 0x0,
    0x4f, 0xff, 0x30, 0x0, 0x0, 0x0, 0x0, 0x0,
    0x0, 0x0, 0x0, 0x16, 0xff, 0xf4, 0x10, 0x0,
    0x0, 0x0, 0x0, 0x0, 0x0, 0x3a, 0xef, 0xff,
    0xff, 0xff, 0xe9, 0x20, 0x0, 0x0, 0x0, 0x0,
    0x9f, 0xff, 0xff, 0xff, 0xff, 0xff, 0xff, 0x80,
    0x0, 0x0, 0x0, 0xcf, 0xff, 0xff, 0xff, 0xff,
    0xff, 0xff, 0xff, 0xb0, 0x0, 0x0, 0xaf, 0xff,
    0xe6, 0x25, 0xff, 0xf3, 0x27, 0xef, 0xff, 0x80,
    0x0, 0x5f, 0xff, 0xc1, 0x0, 0x4f, 0xff, 0x30,
    0x1, 0xdf, 0xff, 0x40, 0xd, 0xff, 0xf2, 0x0,
    0x4, 0xff, 0xf3, 0x0, 0x3, 0xff, 0xfb, 0x3,
    0xff, 0xf9, 0x0, 0x0, 0x4f, 0xff, 0x30, 0x0,
    0xb, 0xff, 0xf1, 0x6f, 0xff, 0x40, 0x0, 0x4,
    0xff, 0xf3, 0x0, 0x0, 0x6f, 0xff, 0x48, 0xff,
    0xf2, 0x0, 0x0, 0x4f, 0xff, 0x30, 0x0, 0x4,
    0xff, 0xf6, 0x9f, 0xff, 0x10, 0x0, 0x4, 0xff,
    0xf3, 0x0, 0x0, 0x3f, 0xff, 0x78, 0xff, 0xf2,
    0x0, 0x0, 0x4f, 0xff, 0x30, 0x0, 0x4, 0xff,
    0xf6, 0x6f, 0xff, 0x50, 0x0, 0x4, 0xff, 0xf3,
    0x0, 0x0, 0x7f, 0xff, 0x42, 0xff, 0xfa, 0x0,
    0x0, 0x4f, 0xff, 0x30, 0x0, 0xc, 0xff, 0xf0,
    0xc, 0xff, 0xf3, 0x0, 0x4, 0xff, 0xf3, 0x0,
    0x4, 0xff, 0xfa, 0x0, 0x4f, 0xff, 0xd2, 0x0,
    0x4f, 0xff, 0x30, 0x3, 0xef, 0xff, 0x20, 0x0,
    0x8f, 0xff, 0xf9, 0x46, 0xff, 0xf5, 0x49, 0xff,
    0xff, 0x60, 0x0, 0x0, 0xaf, 0xff, 0xff, 0xff,
    0xff, 0xff, 0xff, 0xff, 0x80, 0x0, 0x0, 0x0,
    0x6f, 0xff, 0xff, 0xff, 0xff, 0xff, 0xfe, 0x50,
    0x0, 0x0, 0x0, 0x0, 0x17, 0xce, 0xff, 0xff,
    0xfe, 0xb6, 0x0, 0x0, 0x0, 0x0, 0x0, 0x0,
    0x0, 0x4, 0xff, 0xf3, 0x0, 0x0, 0x0, 0x0,
    0x0, 0x0, 0x0, 0x0, 0x0, 0x4f, 0xff, 0x30,
    0x0, 0x0, 0x0, 0x0,

    /* U+03A7 "?" */
    0x5, 0xff, 0xfd, 0x0, 0x0, 0x0, 0x0, 0x9f,
    0xff, 0x80, 0x0, 0xbf, 0xff, 0x70, 0x0, 0x0,
    0x3, 0xff, 0xfd, 0x0, 0x0, 0x1f, 0xff, 0xf2,
    0x0, 0x0, 0xd, 0xff, 0xf3, 0x0, 0x0, 0x6,
    0xff, 0xfc, 0x0, 0x0, 0x8f, 0xff, 0x90, 0x0,
    0x0, 0x0, 0xbf, 0xff, 0x60, 0x2, 0xff, 0xfd,
    0x0, 0x0, 0x0, 0x0, 0x2f, 0xff, 0xe0, 0xb,
    0xff, 0xf4, 0x0, 0x0, 0x0, 0x0, 0x6, 0xff,
    0xf8, 0x4f, 0xff, 0x90, 0x0, 0x0, 0x0, 0x0,
    0x0, 0xcf, 0xff, 0xcf, 0xfe, 0x0, 0x0, 0x0,
    0x0, 0x0, 0x0, 0x2f, 0xff, 0xff, 0xf4, 0x0,
    0x0, 0x0, 0x0, 0x0, 0x0, 0x7, 0xff, 0xff,
    0x90, 0x0, 0x0, 0x0, 0x0, 0x0, 0x0, 0x2,
    0xff, 0xff, 0x70, 0x0, 0x0, 0x0, 0x0, 0x0,
    0x0, 0xc, 0xff, 0xff, 0xf2, 0x0, 0x0, 0x0,
    0x0, 0x0, 0x0, 0x7f, 0xff, 0xff, 0xfc, 0x0,
    0x0, 0x0, 0x0, 0x0, 0x2, 0xff, 0xfb, 0x9f,
    0xff, 0x60, 0x0, 0x0, 0x0, 0x0, 0xd, 0xff,
    0xf3, 0x1f, 0xff, 0xf2, 0x0, 0x0, 0x0, 0x0,
    0x8f, 0xff, 0x90, 0x7, 0xff, 0xfc, 0x0, 0x0,
    0x0, 0x3, 0xff, 0xfe, 0x0, 0x0, 0xcf, 0xff,
    0x60, 0x0, 0x0, 0xd, 0xff, 0xf4, 0x0, 0x0,
    0x2f, 0xff, 0xf2, 0x0, 0x0, 0x9f, 0xff, 0x90,
    0x0, 0x0, 0x8, 0xff, 0xfc, 0x0, 0x4, 0xff,
    0xfd, 0x0, 0x0, 0x0, 0x0, 0xdf, 0xff, 0x60,
    0xe, 0xff, 0xf4, 0x0, 0x0, 0x0, 0x0, 0x3f,
    0xff, 0xf2,

    /* U+03A8 "?" */
    0xff, 0xfa, 0x0, 0x0, 0x4f, 0xff, 0x30, 0x0,
    0xb, 0xff, 0xdf, 0xff, 0xa0, 0x0, 0x4, 0xff,
    0xf3, 0x0, 0x0, 0xbf, 0xfd, 0xff, 0xfa, 0x0,
    0x0, 0x4f, 0xff, 0x30, 0x0, 0xb, 0xff, 0xdf,
    0xff, 0xa0, 0x0, 0x4, 0xff, 0xf3, 0x0, 0x0,
    0xbf, 0xfd, 0xff, 0xfa, 0x0, 0x0, 0x4f, 0xff,
    0x30, 0x0, 0xb, 0xff, 0xdf, 0xff, 0xa0, 0x0,
    0x4, 0xff, 0xf3, 0x0, 0x0, 0xbf, 0xfd, 0xef,
    0xfb, 0x0, 0x0, 0x4f, 0xff, 0x30, 0x0, 0xc,
    0xff, 0xcd, 0xff, 0xc0, 0x0, 0x4, 0xff, 0xf3,
    0x0, 0x0, 0xdf, 0xfb, 0xbf, 0xfe, 0x0, 0x0,
    0x4f, 0xff, 0x30, 0x0, 0xf, 0xff, 0x97, 0xff,
    0xf3, 0x0, 0x4, 0xff, 0xf3, 0x0, 0x4, 0xff,
    0xf5, 0x1f, 0xff, 0xc0, 0x0, 0x4f, 0xff, 0x30,
    0x0, 0xdf, 0xff, 0x0, 0x9f, 0xff, 0xc5, 0x15,
    0xff, 0xf3, 0x15, 0xdf, 0xff, 0x80, 0x0, 0xdf,
    0xff, 0xff, 0xff, 0xff, 0xff, 0xff, 0xff, 0xb0,
    0x0, 0x0, 0xbf, 0xff, 0xff, 0xff, 0xff, 0xff,
    0xff, 0x90, 0x0, 0x0, 0x0, 0x3a, 0xef, 0xff,
    0xff, 0xff, 0xd9, 0x30, 0x0, 0x0, 0x0, 0x0,
    0x0, 0x5, 0xff, 0xf4, 0x0, 0x0, 0x0, 0x0,
    0x0, 0x0, 0x0, 0x0, 0x4f, 0xff, 0x30, 0x0,
    0x0, 0x0, 0x0, 0x0, 0x0, 0x0, 0x4, 0xff,
    0xf3, 0x0, 0x0, 0x0, 0x0, 0x0, 0x0, 0x0,
    0x0, 0x4f, 0xff, 0x30, 0x0, 0x0, 0x0, 0x0,
    0x0, 0x0, 0x0, 0x4, 0xff, 0xf3, 0x0, 0x0,
    0x0, 0x0, 0x0, 0x0, 0x0, 0x0, 0x4f, 0xff,
    0x30, 0x0, 0x0, 0x0, 0x0,

    /* U+03A9 "?" */
    0x0, 0x0, 0x1, 0x7b, 0xef, 0xfd, 0xa5, 0x0,
    0x0, 0x0, 0x0, 0x0, 0x6f, 0xff, 0xff, 0xff,
    0xff, 0xe4, 0x0, 0x0, 0x0, 0xa, 0xff, 0xff,
    0xff, 0xff, 0xff, 0xff, 0x70, 0x0, 0x0, 0x8f,
    0xff, 0xfe, 0x97, 0x7a, 0xef, 0xff, 0xf5, 0x0,
    0x4, 0xff, 0xff, 0x70, 0x0, 0x0, 0xa, 0xff,
    0xff, 0x10, 0xc, 0xff, 0xf6, 0x0, 0x0, 0x0,
    0x0, 0xaf, 0xff, 0x90, 0x2f, 0xff, 0xd0, 0x0,
    0x0, 0x0, 0x0, 0x1f, 0xff, 0xe0, 0x6f, 0xff,
    0x70, 0x0, 0x0, 0x0, 0x0, 0xa, 0xff, 0xf2,
    0x8f, 0xff, 0x30, 0x0, 0x0, 0x0, 0x0, 0x7,
    0xff, 0xf4, 0x9f, 0xff, 0x20, 0x0, 0x0, 0x0,
    0x0, 0x6, 0xff, 0xf5, 0x8f, 0xff, 0x20, 0x0,
    0x0, 0x0, 0x0, 0x6, 0xff, 0xf5, 0x6f, 0xff,
    0x50, 0x0, 0x0, 0x0, 0x0, 0x8, 0xff, 0xf2,
    0x2f, 0xff, 0x90, 0x0, 0x0, 0x0, 0x0, 0xc,
    0xff, 0xe0, 0xc, 0xff, 0xf1, 0x0, 0x0, 0x0,
    0x0, 0x4f, 0xff, 0x80, 0x3, 0xff, 0xfc, 0x0,
    0x0, 0x0, 0x2, 0xef, 0xfe, 0x10, 0x0, 0x5f,
    0xff, 0xd5, 0x0, 0x1, 0x7e, 0xff, 0xe2, 0x0,
    0x0, 0x2, 0xaf, 0xff, 0x40, 0x7, 0xff, 0xe8,
    0x10, 0x0, 0x1, 0x11, 0x16, 0xff, 0x40, 0x7,
    0xff, 0x31, 0x11, 0x10, 0x8f, 0xff, 0xff, 0xff,
    0x40, 0x7, 0xff, 0xff, 0xff, 0xf5, 0x8f, 0xff,
    0xff, 0xff, 0x40, 0x7, 0xff, 0xff, 0xff, 0xf5,
    0x8f, 0xff, 0xff, 0xff, 0x40, 0x7, 0xff, 0xff,
    0xff, 0xf5,

    /* U+03AA "?" */
    0x5e, 0xd2, 0x0, 0x5e, 0xd2, 0xef, 0xfb, 0x0,
    0xff, 0xfa, 0xdf, 0xfa, 0x0, 0xef, 0xfa, 0x3c,
    0xb1, 0x0, 0x4c, 0xb1, 0x0, 0x0, 0x0, 0x0,
    0x0, 0x0, 0x0, 0x0, 0x0, 0x0, 0x0, 0xf,
    0xff, 0xb0, 0x0, 0x0, 0xf, 0xff, 0xb0, 0x0,
    0x0, 0xf, 0xff, 0xb0, 0x0, 0x0, 0xf, 0xff,
    0xb0, 0x0, 0x0, 0xf, 0xff, 0xb0, 0x0, 0x0,
    0xf, 0xff, 0xb0, 0x0, 0x0, 0xf, 0xff, 0xb0,
    0x0, 0x0, 0xf, 0xff, 0xb0, 0x0, 0x0, 0xf,
    0xff, 0xb0, 0x0, 0x0, 0xf, 0xff, 0xb0, 0x0,
    0x0, 0xf, 0xff, 0xb0, 0x0, 0x0, 0xf, 0xff,
    0xb0, 0x0, 0x0, 0xf, 0xff, 0xb0, 0x0, 0x0,
    0xf, 0xff, 0xb0, 0x0, 0x0, 0xf, 0xff, 0xb0,
    0x0, 0x0, 0xf, 0xff, 0xb0, 0x0, 0x0, 0xf,
    0xff, 0xb0, 0x0, 0x0, 0xf, 0xff, 0xb0, 0x0,
    0x0, 0xf, 0xff, 0xb0, 0x0, 0x0, 0xf, 0xff,
    0xb0, 0x0, 0x0, 0xf, 0xff, 0xb0, 0x0,

    /* U+03AB "?" */
    0x0, 0x0, 0x4, 0xee, 0x40, 0x4, 0xed, 0x30,
    0x0, 0x0, 0x0, 0x0, 0xc, 0xff, 0xd0, 0xd,
    0xff, 0xc0, 0x0, 0x0, 0x0, 0x0, 0xc, 0xff,
    0xc0, 0xc, 0xff, 0xb0, 0x0, 0x0, 0x0, 0x0,
    0x2, 0xbb, 0x20, 0x3, 0xcb, 0x20, 0x0, 0x0,
    0x0, 0x0, 0x0, 0x0, 0x0, 0x0, 0x0, 0x0,
    0x0, 0x0, 0x0, 0x0, 0x0, 0x0, 0x0, 0x0,
    0x0, 0x0, 0x0, 0x0, 0x1f, 0xff, 0xf3, 0x0,
    0x0, 0x0, 0x0, 0x3f, 0xff, 0xe1, 0x7, 0xff,
    0xfc, 0x0, 0x0, 0x0, 0x0, 0xcf, 0xff, 0x60,
    0x0, 0xdf, 0xff, 0x50, 0x0, 0x0, 0x4, 0xff,
    0xfd, 0x0, 0x0, 0x4f, 0xff, 0xd0, 0x0, 0x0,
    0xd, 0xff, 0xf4, 0x0, 0x0, 0xb, 0xff, 0xf6,
    0x0, 0x0, 0x6f, 0xff, 0xb0, 0x0, 0x0, 0x2,
    0xff, 0xfe, 0x0, 0x0, 0xef, 0xff, 0x20, 0x0,
    0x0, 0x0, 0x8f, 0xff, 0x80, 0x7, 0xff, 0xf8,
    0x0, 0x0, 0x0, 0x0, 0xe, 0xff, 0xf1, 0xe,
    0xff, 0xe0, 0x0, 0x0, 0x0, 0x0, 0x5, 0xff,
    0xf8, 0x7f, 0xff, 0x60, 0x0, 0x0, 0x0, 0x0,
    0x0, 0xcf, 0xfe, 0xdf, 0xfc, 0x0, 0x0, 0x0,
    0x0, 0x0, 0x0, 0x3f, 0xff, 0xff, 0xf3, 0x0,
    0x0, 0x0, 0x0, 0x0, 0x0, 0x9, 0xff, 0xff,
    0xa0, 0x0, 0x0, 0x0, 0x0, 0x0, 0x0, 0x1,
    0xff, 0xff, 0x10, 0x0, 0x0, 0x0, 0x0, 0x0,
    0x0, 0x0, 0xcf, 0xfd, 0x0, 0x0, 0x0, 0x0,
    0x0, 0x0, 0x0, 0x0, 0xcf, 0xfd, 0x0, 0x0,
    0x0, 0x0, 0x0, 0x0, 0x0, 0x0, 0xcf, 0xfd,
    0x0, 0x0, 0x0, 0x0, 0x0, 0x0, 0x0, 0x0,
    0xcf, 0xfd, 0x0, 0x0, 0x0, 0x0, 0x0, 0x0,
    0x0, 0x0, 0xcf, 0xfd, 0x0, 0x0, 0x0, 0x0,
    0x0, 0x0, 0x0, 0x0, 0xcf, 0xfd, 0x0, 0x0,
    0x0, 0x0, 0x0, 0x0, 0x0, 0x0, 0xcf, 0xfd,
    0x0, 0x0, 0x0, 0x0, 0x0, 0x0, 0x0, 0x0,
    0xcf, 0xfd, 0x0, 0x0, 0x0, 0x0,

    /* U+03AC "?" */
    0x0, 0x0, 0x0, 0x5, 0x55, 0x10, 0x0, 0x0,
    0x0, 0x0, 0x0, 0x0, 0x2f, 0xff, 0x0, 0x0,
    0x0, 0x0, 0x0, 0x0, 0x0, 0x4f, 0xf9, 0x0,
    0x0, 0x0, 0x0, 0x0, 0x0, 0x0, 0x5f, 0xf3,
    0x0, 0x0, 0x0, 0x0, 0x0, 0x0, 0x0, 0x7f,
    0xd0, 0x0, 0x0, 0x0, 0x0, 0x0, 0x0, 0x0,
    0x0, 0x0, 0x0, 0x0, 0x0, 0x0, 0x0, 0x0,
    0x0, 0x0, 0x0, 0x0, 0x0, 0x0, 0x0, 0x0,
    0x0, 0x6c, 0xef, 0xe9, 0x20, 0x6, 0xff, 0xd0,
    0x0, 0x2d, 0xff, 0xff, 0xff, 0xf4, 0x9, 0xff,
    0xa0, 0x1, 0xef, 0xff, 0xff, 0xff, 0xfe, 0x1c,
    0xff, 0x60, 0xb, 0xff, 0xfb, 0x30, 0x28, 0xff,
    0x8f, 0xff, 0x20, 0x2f, 0xff, 0xc0, 0x0, 0x0,
    0x5f, 0xff, 0xfe, 0x0, 0x7f, 0xff, 0x30, 0x0,
    0x0, 0xb, 0xff, 0xfa, 0x0, 0xaf, 0xff, 0x0,
    0x0, 0x0, 0x4, 0xff, 0xf6, 0x0, 0xbf, 0xfd,
    0x0, 0x0, 0x0, 0x0, 0xff, 0xf2, 0x0, 0xbf,
    0xfe, 0x0, 0x0, 0x0, 0x0, 0xff, 0xf2, 0x0,
    0xaf, 0xff, 0x0, 0x0, 0x0, 0x5, 0xff, 0xf7,
    0x0, 0x7f, 0xff, 0x40, 0x0, 0x0, 0xd, 0xff,
    0xfb, 0x0, 0x2f, 0xff, 0xc0, 0x0, 0x0, 0x7f,
    0xdf, 0xff, 0x0, 0xb, 0xff, 0xfb, 0x41, 0x39,
    0xff, 0x6d, 0xff, 0x40, 0x1, 0xef, 0xff, 0xff,
    0xff, 0xfd, 0xa, 0xff, 0x80, 0x0, 0x2d, 0xff,
    0xff, 0xff, 0xe2, 0x7, 0xff, 0xc0, 0x0, 0x0,
    0x6c, 0xef, 0xd9, 0x10, 0x3, 0xff, 0xf1,

    /* U+03AD "?" */
    0x0, 0x0, 0x0, 0x45, 0x52, 0x0, 0x0, 0x0,
    0x0, 0x0, 0xdf, 0xf4, 0x0, 0x0, 0x0, 0x0,
    0x0, 0xff, 0xe0, 0x0, 0x0, 0x0, 0x0, 0x1,
    0xff, 0x80, 0x0, 0x0, 0x0, 0x0, 0x2, 0xff,
    0x20, 0x0, 0x0, 0x0, 0x0, 0x0, 0x0, 0x0,
    0x0, 0x0, 0x0, 0x0, 0x0, 0x0, 0x0, 0x0,
    0x0, 0x0, 0x6, 0xbe, 0xff, 0xda, 0x30, 0x0,
    0x2, 0xef, 0xff, 0xff, 0xff, 0xf8, 0x0, 0xe,
    0xff, 0xff, 0xde, 0xff, 0xff, 0x60, 0x5f, 0xff,
    0xa1, 0x0, 0x2d, 0xff, 0xd0, 0x7f, 0xff, 0x0,
    0x0, 0x4, 0x96, 0x30, 0x5f, 0xff, 0x30, 0x0,
    0x0, 0x0, 0x0, 0xc, 0xff, 0xfa, 0x77, 0x50,
    0x0, 0x0, 0x0, 0x8f, 0xff, 0xff, 0xd0, 0x0,
    0x0, 0x3, 0xcf, 0xff, 0xff, 0xd0, 0x0, 0x0,
    0x2f, 0xff, 0xa3, 0x0, 0x0, 0x0, 0x0, 0x9f,
    0xfd, 0x0, 0x0, 0x0, 0x0, 0x0, 0xcf, 0xfc,
    0x0, 0x0, 0x2, 0xfd, 0xa1, 0x9f, 0xff, 0x80,
    0x0, 0x2c, 0xff, 0xe0, 0x2f, 0xff, 0xff, 0xee,
    0xff, 0xff, 0x70, 0x4, 0xef, 0xff, 0xff, 0xff,
    0xf9, 0x0, 0x0, 0x7, 0xbe, 0xff, 0xea, 0x40,
    0x0,

    /* U+03AE "?" */
    0x0, 0x0, 0x0, 0xf, 0xff, 0x30, 0x0, 0x0,
    0x0, 0x0, 0x1, 0xff, 0xd0, 0x0, 0x0, 0x0,
    0x0, 0x0, 0x3f, 0xf7, 0x0, 0x0, 0x0, 0x0,
    0x0, 0x5, 0xff, 0x10, 0x0, 0x0, 0x0, 0x0,
    0x0, 0x25, 0x40, 0x0, 0x0, 0x0, 0x0, 0x0,
    0x0, 0x0, 0x0, 0x0, 0x0, 0x1f, 0xff, 0x40,
    0x5c, 0xef, 0xc6, 0x0, 0x1, 0xff, 0xf4, 0x9f,
    0xff, 0xff, 0xfb, 0x0, 0x1f, 0xff, 0x9f, 0xff,
    0xff, 0xff, 0xf7, 0x1, 0xff, 0xff, 0xc3, 0x1,
    0x8f, 0xff, 0xe0, 0x1f, 0xff, 0xe1, 0x0, 0x0,
    0xcf, 0xff, 0x21, 0xff, 0xf9, 0x0, 0x0, 0x6,
    0xff, 0xf3, 0x1f, 0xff, 0x70, 0x0, 0x0, 0x5f,
    0xff, 0x41, 0xff, 0xf7, 0x0, 0x0, 0x5, 0xff,
    0xf4, 0x1f, 0xff, 0x70, 0x0, 0x0, 0x5f, 0xff,
    0x41, 0xff, 0xf7, 0x0, 0x0, 0x5, 0xff, 0xf4,
    0x1f, 0xff, 0x70, 0x0, 0x0, 0x5f, 0xff, 0x41,
    0xff, 0xf7, 0x0, 0x0, 0x5, 0xff, 0xf4, 0x1f,
    0xff, 0x70, 0x0, 0x0, 0x5f, 0xff, 0x41, 0xff,
    0xf7, 0x0, 0x0, 0x5, 0xff, 0xf4, 0x1f, 0xff,
    0x70, 0x0, 0x0, 0x5f, 0xff, 0x41, 0xff, 0xf7,
    0x0, 0x0, 0x5, 0xff, 0xf4, 0x0, 0x0, 0x0,
    0x0, 0x0, 0x5f, 0xff, 0x40, 0x0, 0x0, 0x0,
    0x0, 0x5, 0xff, 0xf4, 0x0, 0x0, 0x0, 0x0,
    0x0, 0x5f, 0xff, 0x40, 0x0, 0x0, 0x0, 0x0,
    0x5, 0xff, 0xf4, 0x0, 0x0, 0x0, 0x0, 0x0,
    0x5f, 0xff, 0x40, 0x0, 0x0, 0x0, 0x0, 0x5,
    0xff, 0xf4,

    /* U+03AF "?" */
    0x0, 0x55, 0x51, 0x0, 0x1, 0xff, 0xf1, 0x0,
    0x2, 0xff, 0xa0, 0x0, 0x4, 0xff, 0x40, 0x0,
    0x6, 0xfe, 0x0, 0x0, 0x0, 0x0, 0x0, 0x0,
    0x0, 0x0, 0x0, 0x0, 0x1f, 0xff, 0x70, 0x0,
    0x1f, 0xff, 0x70, 0x0, 0x1f, 0xff, 0x70, 0x0,
    0x1f, 0xff, 0x70, 0x0, 0x1f, 0xff, 0x70, 0x0,
    0x1f, 0xff, 0x70, 0x0, 0x1f, 0xff, 0x70, 0x0,
    0x1f, 0xff, 0x70, 0x0, 0x1f, 0xff, 0x70, 0x0,
    0x1f, 0xff, 0x70, 0x0, 0x1f, 0xff, 0x70, 0x0,
    0x1f, 0xff, 0x70, 0x0, 0x1f, 0xff, 0xa0, 0x0,
    0xe, 0xff, 0xff, 0x90, 0x7, 0xff, 0xff, 0xd0,
    0x0, 0x6c, 0xff, 0xd0,

    /* U+03B0 "?" */
    0x0, 0x0, 0x0, 0x5, 0x55, 0x0, 0x0, 0x0,
    0x0, 0x0, 0x4, 0xff, 0xe0, 0x0, 0x0, 0x0,
    0x0, 0x0, 0x5f, 0xf8, 0x0, 0x0, 0x0, 0x0,
    0x0, 0x7, 0xff, 0x20, 0x0, 0x0, 0x1, 0xcf,
    0x60, 0x8f, 0xc0, 0x5e, 0xd2, 0x0, 0x8f, 0xff,
    0x10, 0x0, 0xe, 0xff, 0xa0, 0x7, 0xff, 0xf0,
    0x0, 0x0, 0xdf, 0xf9, 0x0, 0x9, 0xc4, 0x0,
    0x0, 0x3, 0xba, 0x10, 0x0, 0x0, 0x0, 0x0,
    0x0, 0x0, 0x0, 0x0, 0x0, 0x0, 0x0, 0x0,
    0x0, 0x0, 0x0, 0x1f, 0xff, 0x70, 0x0, 0x0,
    0x5f, 0xff, 0x41, 0xff, 0xf7, 0x0, 0x0, 0x5,
    0xff, 0xf4, 0x1f, 0xff, 0x70, 0x0, 0x0, 0x5f,
    0xff, 0x41, 0xff, 0xf7, 0x0, 0x0, 0x5, 0xff,
    0xf4, 0x1f, 0xff, 0x70, 0x0, 0x0, 0x5f, 0xff,
    0x41, 0xff, 0xf7, 0x0, 0x0, 0x5, 0xff, 0xf4,
    0x1f, 0xff, 0x70, 0x0, 0x0, 0x5f, 0xff, 0x41,
    0xff, 0xf7, 0x0, 0x0, 0x5, 0xff, 0xf4, 0x1f,
    0xff, 0x70, 0x0, 0x0, 0x5f, 0xff, 0x41, 0xff,
    0xf7, 0x0, 0x0, 0x5, 0xff, 0xf3, 0xf, 0xff,
    0x90, 0x0, 0x0, 0x7f, 0xff, 0x20, 0xef, 0xfe,
    0x0, 0x0, 0xd, 0xff, 0xf0, 0x9, 0xff, 0xfc,
    0x42, 0x4b, 0xff, 0xfb, 0x0, 0x1e, 0xff, 0xff,
    0xff, 0xff, 0xff, 0x20, 0x0, 0x3e, 0xff, 0xff,
    0xff, 0xfe, 0x40, 0x0, 0x0, 0x7, 0xce, 0xff,
    0xc8, 0x10, 0x0,

    /* U+03B1 "?" */
    0x0, 0x0, 0x6c, 0xef, 0xe9, 0x20, 0x6, 0xff,
    0xd0, 0x0, 0x2d, 0xff, 0xff, 0xff, 0xf4, 0x9,
    0xff, 0xa0, 0x1, 0xef, 0xff, 0xff, 0xff, 0xfe,
    0x1c, 0xff, 0x60, 0xb, 0xff, 0xfb, 0x30, 0x28,
    0xff, 0x8f, 0xff, 0x20, 0x2f, 0xff, 0xc0, 0x0,
    0x0, 0x5f, 0xff, 0xfe, 0x0, 0x7f, 0xff, 0x30,
    0x0, 0x0, 0xb, 0xff, 0xfa, 0x0, 0xaf, 0xff,
    0x0, 0x0, 0x0, 0x4, 0xff, 0xf6, 0x0, 0xbf,
    0xfd, 0x0, 0x0, 0x0, 0x0, 0xff, 0xf2, 0x0,
    0xbf, 0xfe, 0x0, 0x0, 0x0, 0x0, 0xff, 0xf2,
    0x0, 0xaf, 0xff, 0x0, 0x0, 0x0, 0x5, 0xff,
    0xf7, 0x0, 0x7f, 0xff, 0x40, 0x0, 0x0, 0xd,
    0xff, 0xfb, 0x0, 0x2f, 0xff, 0xc0, 0x0, 0x0,
    0x7f, 0xdf, 0xff, 0x0, 0xb, 0xff, 0xfb, 0x41,
    0x39, 0xff, 0x6d, 0xff, 0x40, 0x1, 0xef, 0xff,
    0xff, 0xff, 0xfd, 0xa, 0xff, 0x80, 0x0, 0x2d,
    0xff, 0xff, 0xff, 0xe2, 0x7, 0xff, 0xc0, 0x0,
    0x0, 0x6c, 0xef, 0xd9, 0x10, 0x3, 0xff, 0xf1,

    /* U+03B2 "?" */
    0x0, 0x0, 0x6c, 0xef, 0xeb, 0x50, 0x0, 0x0,
    0x2, 0xdf, 0xff, 0xff, 0xff, 0xc1, 0x0, 0x1,
    0xdf, 0xff, 0xff, 0xff, 0xff, 0xc0, 0x0, 0x8f,
    0xff, 0xd6, 0x47, 0xef, 0xff, 0x60, 0xd, 0xff,
    0xd0, 0x0, 0x1, 0xff, 0xfb, 0x0, 0xff, 0xf7,
    0x0, 0x0, 0xa, 0xff, 0xd0, 0x1f, 0xff, 0x50,
    0x0, 0x0, 0xaf, 0xfc, 0x1, 0xff, 0xf5, 0x0,
    0x0, 0xe, 0xff, 0x90, 0x1f, 0xff, 0x50, 0x0,
    0x3b, 0xff, 0xe1, 0x1, 0xff, 0xf5, 0x9, 0xff,
    0xff, 0xa1, 0x0, 0x1f, 0xff, 0x50, 0x9f, 0xff,
    0xe7, 0x10, 0x1, 0xff, 0xf5, 0x6, 0xab, 0xef,
    0xfe, 0x30, 0x1f, 0xff, 0x50, 0x0, 0x0, 0xaf,
    0xff, 0x11, 0xff, 0xf5, 0x0, 0x0, 0x0, 0xff,
    0xf7, 0x1f, 0xff, 0x50, 0x0, 0x0, 0xc, 0xff,
    0xa1, 0xff, 0xf7, 0x0, 0x0, 0x0, 0xef, 0xfa,
    0x1f, 0xff, 0xe0, 0x0, 0x0, 0x5f, 0xff, 0x71,
    0xff, 0xff, 0xd6, 0x34, 0x8f, 0xff, 0xf2, 0x1f,
    0xff, 0xef, 0xff, 0xff, 0xff, 0xf9, 0x1, 0xff,
    0xf6, 0xdf, 0xff, 0xff, 0xfa, 0x0, 0x1f, 0xff,
    0x51, 0x9e, 0xfe, 0xa4, 0x0, 0x1, 0xff, 0xf5,
    0x0, 0x0, 0x0, 0x0, 0x0, 0x1f, 0xff, 0x50,
    0x0, 0x0, 0x0, 0x0, 0x1, 0xff, 0xf5, 0x0,
    0x0, 0x0, 0x0, 0x0, 0x1f, 0xff, 0x50, 0x0,
    0x0, 0x0, 0x0, 0x1, 0xff, 0xf5, 0x0, 0x0,
    0x0, 0x0, 0x0, 0x1f, 0xff, 0x50, 0x0, 0x0,
    0x0, 0x0, 0x0,

    /* U+03B3 "?" */
    0x4f, 0xff, 0x70, 0x0, 0x0, 0x0, 0xff, 0xfb,
    0xe, 0xff, 0xc0, 0x0, 0x0, 0x5, 0xff, 0xf6,
    0x9, 0xff, 0xf2, 0x0, 0x0, 0xa, 0xff, 0xf0,
    0x3, 0xff, 0xf7, 0x0, 0x0, 0xf, 0xff, 0xa0,
    0x0, 0xdf, 0xfc, 0x0, 0x0, 0x4f, 0xff, 0x50,
    0x0, 0x8f, 0xff, 0x10, 0x0, 0x9f, 0xfe, 0x0,
    0x0, 0x2f, 0xff, 0x60, 0x0, 0xef, 0xf9, 0x0,
    0x0, 0xc, 0xff, 0xb0, 0x4, 0xff, 0xf3, 0x0,
    0x0, 0x7, 0xff, 0xf1, 0x9, 0xff, 0xe0, 0x0,
    0x0, 0x1, 0xff, 0xf5, 0xd, 0xff, 0x80, 0x0,
    0x0, 0x0, 0xbf, 0xfa, 0x2f, 0xff, 0x20, 0x0,
    0x0, 0x0, 0x6f, 0xfe, 0x6f, 0xfd, 0x0, 0x0,
    0x0, 0x0, 0x1f, 0xff, 0xcf, 0xf7, 0x0, 0x0,
    0x0, 0x0, 0xa, 0xff, 0xff, 0xf1, 0x0, 0x0,
    0x0, 0x0, 0x5, 0xff, 0xff, 0xc0, 0x0, 0x0,
    0x0, 0x0, 0x0, 0xff, 0xff, 0x60, 0x0, 0x0,
    0x0, 0x0, 0x0, 0xaf, 0xff, 0x10, 0x0, 0x0,
    0x0, 0x0, 0x0, 0x9f, 0xff, 0x0, 0x0, 0x0,
    0x0, 0x0, 0x0, 0x9f, 0xff, 0x0, 0x0, 0x0,
    0x0, 0x0, 0x0, 0x9f, 0xff, 0x0, 0x0, 0x0,
    0x0, 0x0, 0x0, 0x9f, 0xff, 0x0, 0x0, 0x0,
    0x0, 0x0, 0x0, 0x9f, 0xff, 0x0, 0x0, 0x0,

    /* U+03B4 "?" */
    0x0, 0x0, 0x28, 0xbd, 0xff, 0xff, 0x10, 0x0,
    0x0, 0xaf, 0xff, 0xff, 0xff, 0xf1, 0x0, 0x0,
    0x9f, 0xff, 0xff, 0xff, 0xff, 0x10, 0x0, 0xe,
    0xff, 0xf6, 0x20, 0x0, 0x0, 0x0, 0x0, 0xcf,
    0xfa, 0x0, 0x0, 0x0, 0x0, 0x0, 0x2, 0xdf,
    0xf6, 0x0, 0x0, 0x0, 0x0, 0x0, 0x0, 0x39,
    0xee, 0xa5, 0x0, 0x0, 0x0, 0x0, 0x7d, 0xff,
    0xff, 0xff, 0x60, 0x0, 0x1, 0xcf, 0xff, 0xff,
    0xff, 0xff, 0x90, 0x0, 0xbf, 0xff, 0x92, 0x3,
    0xcf, 0xff, 0x50, 0x3f, 0xff, 0x90, 0x0, 0x0,
    0xdf, 0xfe, 0x8, 0xff, 0xf1, 0x0, 0x0, 0x6,
    0xff, 0xf3, 0xbf, 0xfe, 0x0, 0x0, 0x0, 0x2f,
    0xff, 0x6c, 0xff, 0xc0, 0x0, 0x0, 0x1, 0xff,
    0xf7, 0xbf, 0xfd, 0x0, 0x0, 0x0, 0x1f, 0xff,
    0x79, 0xff, 0xf0, 0x0, 0x0, 0x4, 0xff, 0xf5,
    0x4f, 0xff, 0x70, 0x0, 0x0, 0xcf, 0xff, 0x10,
    0xdf, 0xff, 0x82, 0x13, 0xbf, 0xff, 0xa0, 0x3,
    0xff, 0xff, 0xff, 0xff, 0xff, 0xe1, 0x0, 0x4,
    0xef, 0xff, 0xff, 0xff, 0xd2, 0x0, 0x0, 0x1,
    0x7c, 0xef, 0xeb, 0x50, 0x0, 0x0,

    /* U+03B5 "?" */
    0x0, 0x6, 0xbe, 0xff, 0xda, 0x30, 0x0, 0x2,
    0xef, 0xff, 0xff, 0xff, 0xf8, 0x0, 0xe, 0xff,
    0xff, 0xde, 0xff, 0xff, 0x60, 0x5f, 0xff, 0xa1,
    0x0, 0x2d, 0xff, 0xd0, 0x7f, 0xff, 0x0, 0x0,
    0x4, 0x96, 0x30, 0x5f, 0xff, 0x30, 0x0, 0x0,
    0x0, 0x0, 0xc, 0xff, 0xfa, 0x77, 0x50, 0x0,
    0x0, 0x0, 0x8f, 0xff, 0xff, 0xd0, 0x0, 0x0,
    0x3, 0xcf, 0xff, 0xff, 0xd0, 0x0, 0x0, 0x2f,
    0xff, 0xa3, 0x0, 0x0, 0x0, 0x0, 0x9f, 0xfd,
    0x0, 0x0, 0x0, 0x0, 0x0, 0xcf, 0xfc, 0x0,
    0x0, 0x2, 0xfd, 0xa1, 0x9f, 0xff, 0x80, 0x0,
    0x2c, 0xff, 0xe0, 0x2f, 0xff, 0xff, 0xee, 0xff,
    0xff, 0x70, 0x4, 0xef, 0xff, 0xff, 0xff, 0xf9,
    0x0, 0x0, 0x7, 0xbe, 0xff, 0xea, 0x40, 0x0,

    /* U+03B6 "?" */
    0x1f, 0xff, 0xff, 0xff, 0xff, 0xff, 0x41, 0xff,
    0xff, 0xff, 0xff, 0xff, 0xf4, 0x1f, 0xff, 0xff,
    0xee, 0xdf, 0xff, 0x20, 0x0, 0x0, 0x0, 0x1c,
    0xff, 0x60, 0x0, 0x0, 0x0, 0x1e, 0xff, 0xa0,
    0x0, 0x0, 0x0, 0x1d, 0xff, 0xd0, 0x0, 0x0,
    0x0, 0xb, 0xff, 0xe2, 0x0, 0x0, 0x0, 0x8,
    0xff, 0xf4, 0x0, 0x0, 0x0, 0x5, 0xff, 0xf7,
    0x0, 0x0, 0x0, 0x2, 0xff, 0xfb, 0x0, 0x0,
    0x0, 0x0, 0xdf, 0xfd, 0x10, 0x0, 0x0, 0x0,
    0x9f, 0xff, 0x30, 0x0, 0x0, 0x0, 0x2f, 0xff,
    0x70, 0x0, 0x0, 0x0, 0x7, 0xff, 0xf0, 0x0,
    0x0, 0x0, 0x0, 0xbf, 0xfb, 0x0, 0x0, 0x0,
    0x0, 0xc, 0xff, 0xc0, 0x0, 0x0, 0x0, 0x0,
    0xaf, 0xff, 0x10, 0x0, 0x0, 0x0, 0x6, 0xff,
    0xfd, 0x41, 0x0, 0x0, 0x0, 0xe, 0xff, 0xff,
    0xff, 0xfd, 0x91, 0x0, 0x2d, 0xff, 0xff, 0xff,
    0xff, 0xd0, 0x0, 0x6, 0xbe, 0xff, 0xff, 0xff,
    0x60, 0x0, 0x0, 0x0, 0x1, 0xcf, 0xf8, 0x0,
    0x0, 0x0, 0x0, 0x7, 0xff, 0x90, 0x0, 0x0,
    0x0, 0x0, 0x7f, 0xf9, 0x0, 0x0, 0x0, 0x0,
    0x7, 0xff, 0x90,

    /* U+03B7 "?" */
    0x1f, 0xff, 0x40, 0x5c, 0xef, 0xc6, 0x0, 0x1,
    0xff, 0xf4, 0x9f, 0xff, 0xff, 0xfb, 0x0, 0x1f,
    0xff, 0x9f, 0xff, 0xff, 0xff, 0xf7, 0x1, 0xff,
    0xff, 0xc3, 0x1, 0x8f, 0xff, 0xe0, 0x1f, 0xff,
    0xe1, 0x0, 0x0, 0xcf, 0xff, 0x21, 0xff, 0xf9,
    0x0, 0x0, 0x6, 0xff, 0xf3, 0x1f, 0xff, 0x70,
    0x0, 0x0, 0x5f, 0xff, 0x41, 0xff, 0xf7, 0x0,
    0x0, 0x5, 0xff, 0xf4, 0x1f, 0xff, 0x70, 0x0,
    0x0, 0x5f, 0xff, 0x41, 0xff, 0xf7, 0x0, 0x0,
    0x5, 0xff, 0xf4, 0x1f, 0xff, 0x70, 0x0, 0x0,
    0x5f, 0xff, 0x41, 0xff, 0xf7, 0x0, 0x0, 0x5,
    0xff, 0xf4, 0x1f, 0xff, 0x70, 0x0, 0x0, 0x5f,
    0xff, 0x41, 0xff, 0xf7, 0x0, 0x0, 0x5, 0xff,
    0xf4, 0x1f, 0xff, 0x70, 0x0, 0x0, 0x5f, 0xff,
    0x41, 0xff, 0xf7, 0x0, 0x0, 0x5, 0xff, 0xf4,
    0x0, 0x0, 0x0, 0x0, 0x0, 0x5f, 0xff, 0x40,
    0x0, 0x0, 0x0, 0x0, 0x5, 0xff, 0xf4, 0x0,
    0x0, 0x0, 0x0, 0x0, 0x5f, 0xff, 0x40, 0x0,
    0x0, 0x0, 0x0, 0x5, 0xff, 0xf4, 0x0, 0x0,
    0x0, 0x0, 0x0, 0x5f, 0xff, 0x40, 0x0, 0x0,
    0x0, 0x0, 0x5, 0xff, 0xf4,

    /* U+03B8 "?" */
    0x0, 0x0, 0x3a, 0xef, 0xfc, 0x60, 0x0, 0x0,
    0x0, 0x7, 0xff, 0xff, 0xff, 0xfd, 0x10, 0x0,
    0x0, 0x6f, 0xff, 0xff, 0xff, 0xff, 0xd1, 0x0,
    0x1, 0xff, 0xfd, 0x41, 0x28, 0xff, 0xf9, 0x0,
    0x9, 0xff, 0xe1, 0x0, 0x0, 0x7f, 0xff, 0x20,
    0xe, 0xff, 0x70, 0x0, 0x0, 0xe, 0xff, 0x70,
    0x3f, 0xff, 0x20, 0x0, 0x0, 0xa, 0xff, 0xb0,
    0x6f, 0xff, 0x0, 0x0, 0x0, 0x8, 0xff, 0xe0,
    0x7f, 0xfe, 0x0, 0x0, 0x0, 0x6, 0xff, 0xf0,
    0x9f, 0xff, 0xff, 0xff, 0xff, 0xff, 0xff, 0xf1,
    0x9f, 0xff, 0xff, 0xff, 0xff, 0xff, 0xff, 0xf1,
    0x9f, 0xff, 0xaa, 0xaa, 0xaa, 0xac, 0xff, 0xf1,
    0x7f, 0xff, 0x0, 0x0, 0x0, 0x7, 0xff, 0xf0,
    0x6f, 0xff, 0x0, 0x0, 0x0, 0x8, 0xff, 0xe0,
    0x3f, 0xff, 0x30, 0x0, 0x0, 0xb, 0xff, 0xb0,
    0xe, 0xff, 0x80, 0x0, 0x0, 0xf, 0xff, 0x70,
    0x9, 0xff, 0xe1, 0x0, 0x0, 0x8f, 0xff, 0x20,
    0x1, 0xff, 0xfd, 0x41, 0x28, 0xff, 0xf9, 0x0,
    0x0, 0x6f, 0xff, 0xff, 0xff, 0xff, 0xd1, 0x0,
    0x0, 0x7, 0xff, 0xff, 0xff, 0xfd, 0x10, 0x0,
    0x0, 0x0, 0x3a, 0xef, 0xfc, 0x60, 0x0, 0x0,

    /* U+03B9 "?" */
    0x1f, 0xff, 0x70, 0x0, 0x1f, 0xff, 0x70, 0x0,
    0x1f, 0xff, 0x70, 0x0, 0x1f, 0xff, 0x70, 0x0,
    0x1f, 0xff, 0x70, 0x0, 0x1f, 0xff, 0x70, 0x0,
    0x1f, 0xff, 0x70, 0x0, 0x1f, 0xff, 0x70, 0x0,
    0x1f, 0xff, 0x70, 0x0, 0x1f, 0xff, 0x70, 0x0,
    0x1f, 0xff, 0x70, 0x0, 0x1f, 0xff, 0x70, 0x0,
    0x1f, 0xff, 0xa0, 0x0, 0xe, 0xff, 0xff, 0x90,
    0x7, 0xff, 0xff, 0xd0, 0x0, 0x6c, 0xff, 0xd0,

    /* U+03BA "?" */
    0x1f, 0xff, 0x70, 0x0, 0x1, 0xef, 0xff, 0x41,
    0xff, 0xf7, 0x0, 0x0, 0xaf, 0xff, 0x80, 0x1f,
    0xff, 0x70, 0x0, 0x5f, 0xff, 0xc0, 0x1, 0xff,
    0xf7, 0x0, 0x1e, 0xff, 0xf2, 0x0, 0x1f, 0xff,
    0x70, 0xa, 0xff, 0xf6, 0x0, 0x1, 0xff, 0xf7,
    0x4, 0xff, 0xfa, 0x0, 0x0, 0x1f, 0xff, 0x71,
    0xef, 0xfe, 0x10, 0x0, 0x1, 0xff, 0xff, 0xff,
    0xff, 0x30, 0x0, 0x0, 0x1f, 0xff, 0xff, 0xff,
    0xd0, 0x0, 0x0, 0x1, 0xff, 0xfc, 0xbf, 0xff,
    0x80, 0x0, 0x0, 0x1f, 0xff, 0x70, 0xcf, 0xff,
    0x50, 0x0, 0x1, 0xff, 0xf7, 0x1, 0xef, 0xff,
    0x20, 0x0, 0x1f, 0xff, 0x70, 0x5, 0xff, 0xfc,
    0x0, 0x1, 0xff, 0xf7, 0x0, 0x9, 0xff, 0xf9,
    0x0, 0x1f, 0xff, 0x70, 0x0, 0xd, 0xff, 0xf5,
    0x1, 0xff, 0xf7, 0x0, 0x0, 0x3f, 0xff, 0xf2,

    /* U+03BB "?" */
    0x0, 0xce, 0xfd, 0x81, 0x0, 0x0, 0x0, 0x0,
    0x0, 0x0, 0xc, 0xff, 0xff, 0xe2, 0x0, 0x0,
    0x0, 0x0, 0x0, 0x0, 0x7f, 0xff, 0xff, 0xd0,
    0x0, 0x0, 0x0, 0x0, 0x0, 0x0, 0x0, 0x9f,
    0xff, 0x50, 0x0, 0x0, 0x0, 0x0, 0x0, 0x0,
    0x0, 0xff, 0xfc, 0x0, 0x0, 0x0, 0x0, 0x0,
    0x0, 0x0, 0xc, 0xff, 0xf2, 0x0, 0x0, 0x0,
    0x0, 0x0, 0x0, 0x1, 0xff, 0xff, 0x80, 0x0,
    0x0, 0x0, 0x0, 0x0, 0x0, 0x7f, 0xff, 0xfe,
    0x0, 0x0, 0x0, 0x0, 0x0, 0x0, 0xd, 0xff,
    0xff, 0xf4, 0x0, 0x0, 0x0, 0x0, 0x0, 0x3,
    0xff, 0xe9, 0xff, 0xa0, 0x0, 0x0, 0x0, 0x0,
    0x0, 0x9f, 0xfb, 0x4f, 0xff, 0x0, 0x0, 0x0,
    0x0, 0x0, 0xe, 0xff, 0x60, 0xff, 0xf6, 0x0,
    0x0, 0x0, 0x0, 0x5, 0xff, 0xf2, 0xa, 0xff,
    0xc0, 0x0, 0x0, 0x0, 0x0, 0xbf, 0xfd, 0x0,
    0x4f, 0xff, 0x20, 0x0, 0x0, 0x0, 0x1f, 0xff,
    0x70, 0x0, 0xef, 0xf8, 0x0, 0x0, 0x0, 0x6,
    0xff, 0xf2, 0x0, 0x8, 0xff, 0xe0, 0x0, 0x0,
    0x0, 0xcf, 0xfd, 0x0, 0x0, 0x3f, 0xff, 0x40,
    0x0, 0x0, 0x2f, 0xff, 0x70, 0x0, 0x0, 0xcf,
    0xfc, 0x0, 0x0, 0x8, 0xff, 0xf2, 0x0, 0x0,
    0x5, 0xff, 0xfd, 0xa8, 0x0, 0xef, 0xfd, 0x0,
    0x0, 0x0, 0x9, 0xff, 0xff, 0xf1, 0x4f, 0xff,
    0x70, 0x0, 0x0, 0x0, 0x5, 0xce, 0xff, 0x50,

    /* U+03BC "?" */
    0x1f, 0xff, 0x60, 0x0, 0x0, 0x4f, 0xff, 0x40,
    0x1, 0xff, 0xf6, 0x0, 0x0, 0x4, 0xff, 0xf4,
    0x0, 0x1f, 0xff, 0x60, 0x0, 0x0, 0x4f, 0xff,
    0x40, 0x1, 0xff, 0xf6, 0x0, 0x0, 0x4, 0xff,
    0xf4, 0x0, 0x1f, 0xff, 0x60, 0x0, 0x0, 0x4f,
    0xff, 0x40, 0x1, 0xff, 0xf6, 0x0, 0x0, 0x4,
    0xff, 0xf4, 0x0, 0x1f, 0xff, 0x60, 0x0, 0x0,
    0x4f, 0xff, 0x40, 0x1, 0xff, 0xf6, 0x0, 0x0,
    0x4, 0xff, 0xf4, 0x0, 0x1f, 0xff, 0x60, 0x0,
    0x0, 0x4f, 0xff, 0x40, 0x1, 0xff, 0xf6, 0x0,
    0x0, 0x4, 0xff, 0xf4, 0x0, 0x1f, 0xff, 0x80,
    0x0, 0x0, 0x6f, 0xff, 0x40, 0x1, 0xff, 0xfd,
    0x0, 0x0, 0xb, 0xff, 0xf4, 0x0, 0x1f, 0xff,
    0xf9, 0x0, 0x7, 0xff, 0xff, 0x60, 0x1, 0xff,
    0xff, 0xff, 0xdf, 0xff, 0xff, 0xff, 0xd0, 0x1f,
    0xff, 0x9f, 0xff, 0xff, 0x78, 0xff, 0xff, 0x11,
    0xff, 0xf6, 0x3c, 0xfd, 0x60, 0x7, 0xdf, 0xf1,
    0x1f, 0xff, 0x60, 0x0, 0x0, 0x0, 0x0, 0x0,
    0x1, 0xff, 0xf6, 0x0, 0x0, 0x0, 0x0, 0x0,
    0x0, 0x1f, 0xff, 0x60, 0x0, 0x0, 0x0, 0x0,
    0x0, 0x1, 0xff, 0xf6, 0x0, 0x0, 0x0, 0x0,
    0x0, 0x0, 0x1f, 0xff, 0x60, 0x0, 0x0, 0x0,
    0x0, 0x0, 0x1, 0xff, 0xf6, 0x0, 0x0, 0x0,
    0x0, 0x0, 0x0,

    /* U+03BD "?" */
    0x7f, 0xd8, 0x10, 0x0, 0x0, 0x0, 0x8f, 0xff,
    0x37, 0xff, 0xfd, 0x10, 0x0, 0x0, 0xd, 0xff,
    0xe0, 0x7f, 0xff, 0xf7, 0x0, 0x0, 0x2, 0xff,
    0xf8, 0x0, 0x1c, 0xff, 0xe0, 0x0, 0x0, 0x7f,
    0xff, 0x20, 0x0, 0x5f, 0xff, 0x30, 0x0, 0xc,
    0xff, 0xd0, 0x0, 0x0, 0xff, 0xf9, 0x0, 0x1,
    0xff, 0xf7, 0x0, 0x0, 0xa, 0xff, 0xe0, 0x0,
    0x6f, 0xff, 0x10, 0x0, 0x0, 0x4f, 0xff, 0x30,
    0xb, 0xff, 0xb0, 0x0, 0x0, 0x0, 0xef, 0xf8,
    0x1, 0xff, 0xf6, 0x0, 0x0, 0x0, 0x9, 0xff,
    0xd0, 0x5f, 0xff, 0x10, 0x0, 0x0, 0x0, 0x3f,
    0xff, 0x29, 0xff, 0xa0, 0x0, 0x0, 0x0, 0x0,
    0xdf, 0xf6, 0xef, 0xf5, 0x0, 0x0, 0x0, 0x0,
    0x8, 0xff, 0xcf, 0xfe, 0x0, 0x0, 0x0, 0x0,
    0x0, 0x2f, 0xff, 0xff, 0x90, 0x0, 0x0, 0x0,
    0x0, 0x0, 0xcf, 0xff, 0xf4, 0x0, 0x0, 0x0,
    0x0, 0x0, 0x7, 0xff, 0xfe, 0x0, 0x0, 0x0,

    /* U+03BE "?" */
    0xf, 0xff, 0xff, 0xff, 0xff, 0xff, 0x90, 0xf,
    0xff, 0xff, 0xff, 0xff, 0xff, 0x90, 0xc, 0xcc,
    0xcf, 0xff, 0xed, 0xcb, 0x60, 0x0, 0x29, 0xee,
    0x61, 0x0, 0x0, 0x0, 0x2, 0xef, 0xf1, 0x0,
    0x0, 0x0, 0x0, 0xa, 0xff, 0xa0, 0x0, 0x0,
    0x0, 0x0, 0xd, 0xff, 0xa0, 0x0, 0x0, 0x0,
    0x0, 0xb, 0xff, 0xe1, 0x0, 0x0, 0x0, 0x0,
    0x4, 0xff, 0xfd, 0x51, 0x0, 0x0, 0x0, 0x0,
    0x4d, 0xff, 0xff, 0xff, 0xfa, 0x0, 0x0, 0x0,
    0x6d, 0xff, 0xff, 0xfa, 0x0, 0x0, 0x8f, 0xff,
    0xff, 0xff, 0xf9, 0x0, 0xb, 0xff, 0xe6, 0x10,
    0x0, 0x0, 0x0, 0x5f, 0xff, 0x20, 0x0, 0x0,
    0x0, 0x0, 0x9f, 0xfb, 0x0, 0x0, 0x0, 0x0,
    0x0, 0xbf, 0xfb, 0x0, 0x0, 0x0, 0x0, 0x0,
    0xaf, 0xff, 0x10, 0x0, 0x0, 0x0, 0x0, 0x6f,
    0xff, 0xd5, 0x10, 0x0, 0x0, 0x0, 0xd, 0xff,
    0xff, 0xff, 0xfe, 0xb4, 0x0, 0x1, 0xdf, 0xff,
    0xff, 0xff, 0xff, 0x50, 0x0, 0x5, 0xbe, 0xff,
    0xff, 0xff, 0xd0, 0x0, 0x0, 0x0, 0x0, 0x4,
    0xff, 0xf0, 0x0, 0x0, 0x0, 0x0, 0x0, 0xff,
    0xf0, 0x0, 0x0, 0x0, 0x0, 0x0, 0xff, 0xf0,
    0x0, 0x0, 0x0, 0x0, 0x0, 0xff, 0xf0,

    /* U+03BF "?" */
    0x0, 0x0, 0x5b, 0xef, 0xeb, 0x50, 0x0, 0x0,
    0x2, 0xdf, 0xff, 0xff, 0xff, 0xd2, 0x0, 0x1,
    0xef, 0xff, 0xff, 0xff, 0xff, 0xe1, 0x0, 0xaf,
    0xff, 0xa2, 0x2, 0xaf, 0xff, 0xb0, 0x2f, 0xff,
    0xb0, 0x0, 0x0, 0xbf, 0xff, 0x27, 0xff, 0xf3,
    0x0, 0x0, 0x3, 0xff, 0xf8, 0xaf, 0xff, 0x0,
    0x0, 0x0, 0xe, 0xff, 0xab, 0xff, 0xe0, 0x0,
    0x0, 0x0, 0xdf, 0xfc, 0xbf, 0xfe, 0x0, 0x0,
    0x0, 0xd, 0xff, 0xca, 0xff, 0xf0, 0x0, 0x0,
    0x0, 0xef, 0xfa, 0x7f, 0xff, 0x40, 0x0, 0x0,
    0x3f, 0xff, 0x82, 0xff, 0xfb, 0x0, 0x0, 0xb,
    0xff, 0xf2, 0xa, 0xff, 0xfa, 0x20, 0x2a, 0xff,
    0xfb, 0x0, 0x1e, 0xff, 0xff, 0xff, 0xff, 0xfe,
    0x10, 0x0, 0x2d, 0xff, 0xff, 0xff, 0xfd, 0x20,
    0x0, 0x0, 0x5, 0xbe, 0xfe, 0xb6, 0x0, 0x0,

    /* U+03C0 "?" */
    0x7f, 0xff, 0xff, 0xff, 0xff, 0xff, 0xff, 0xff,
    0xf0, 0x7f, 0xff, 0xff, 0xff, 0xff, 0xff, 0xff,
    0xff, 0xf0, 0x6e, 0xef, 0xff, 0xee, 0xee, 0xef,
    0xff, 0xee, 0xe0, 0x0, 0x1f, 0xff, 0x50, 0x0,
    0xf, 0xff, 0x60, 0x0, 0x0, 0x1f, 0xff, 0x50,
    0x0, 0xf, 0xff, 0x60, 0x0, 0x0, 0x1f, 0xff,
    0x50, 0x0, 0xf, 0xff, 0x60, 0x0, 0x0, 0x1f,
    0xff, 0x50, 0x0, 0xf, 0xff, 0x60, 0x0, 0x0,
    0x1f, 0xff, 0x50, 0x0, 0xf, 0xff, 0x60, 0x0,
    0x0, 0x1f, 0xff, 0x50, 0x0, 0xf, 0xff, 0x60,
    0x0, 0x0, 0x1f, 0xff, 0x50, 0x0, 0xf, 0xff,
    0x60, 0x0, 0x0, 0x1f, 0xff, 0x50, 0x0, 0xf,
    0xff, 0x60, 0x0, 0x0, 0x1f, 0xff, 0x50, 0x0,
    0xf, 0xff, 0x60, 0x0, 0x0, 0x1f, 0xff, 0x50,
    0x0, 0xf, 0xff, 0xa0, 0x0, 0x0, 0x1f, 0xff,
    0x50, 0x0, 0xc, 0xff, 0xff, 0x90, 0x0, 0x1f,
    0xff, 0x50, 0x0, 0x5, 0xff, 0xff, 0xc0, 0x0,
    0x1f, 0xff, 0x50, 0x0, 0x0, 0x6d, 0xff, 0xd0,

    /* U+03C1 "?" */
    0x0, 0x0, 0x18, 0xdf, 0xfd, 0x92, 0x0, 0x0,
    0x0, 0x5, 0xff, 0xff, 0xff, 0xff, 0x80, 0x0,
    0x0, 0x5f, 0xff, 0xff, 0xff, 0xff, 0xf8, 0x0,
    0x1, 0xef, 0xfe, 0x61, 0x15, 0xef, 0xff, 0x30,
    0x6, 0xff, 0xf4, 0x0, 0x0, 0x4f, 0xff, 0xa0,
    0xc, 0xff, 0xc0, 0x0, 0x0, 0xd, 0xff, 0xe0,
    0xf, 0xff, 0x80, 0x0, 0x0, 0x8, 0xff, 0xf1,
    0xf, 0xff, 0x60, 0x0, 0x0, 0x6, 0xff, 0xf3,
    0x1f, 0xff, 0x60, 0x0, 0x0, 0x7, 0xff, 0xf3,
    0x1f, 0xff, 0x80, 0x0, 0x0, 0x8, 0xff, 0xf2,
    0x1f, 0xff, 0xd0, 0x0, 0x0, 0xd, 0xff, 0xf0,
    0x1f, 0xff, 0xf4, 0x0, 0x0, 0x4f, 0xff, 0xb0,
    0x1f, 0xff, 0xff, 0x61, 0x16, 0xff, 0xff, 0x40,
    0x1f, 0xff, 0xbf, 0xff, 0xff, 0xff, 0xfb, 0x0,
    0x1f, 0xff, 0x78, 0xff, 0xff, 0xff, 0xb0, 0x0,
    0x1f, 0xff, 0x70, 0x5c, 0xfe, 0xc5, 0x0, 0x0,
    0x1f, 0xff, 0x70, 0x0, 0x0, 0x0, 0x0, 0x0,
    0x1f, 0xff, 0x70, 0x0, 0x0, 0x0, 0x0, 0x0,
    0x1f, 0xff, 0x70, 0x0, 0x0, 0x0, 0x0, 0x0,
    0x1f, 0xff, 0x70, 0x0, 0x0, 0x0, 0x0, 0x0,
    0x1f, 0xff, 0x70, 0x0, 0x0, 0x0, 0x0, 0x0,
    0x1f, 0xff, 0x70, 0x0, 0x0, 0x0, 0x0, 0x0,

    /* U+03C2 "?" */
    0x0, 0x0, 0x6b, 0xef, 0xeb, 0x60, 0x0, 0x0,
    0x1, 0xcf, 0xff, 0xff, 0xff, 0xd2, 0x0, 0x1,
    0xef, 0xff, 0xff, 0xff, 0xff, 0xe1, 0x0, 0xaf,
    0xff, 0xa2, 0x2, 0xaf, 0xff, 0x90, 0x1f, 0xff,
    0xc0, 0x0, 0x0, 0xbf, 0xff, 0x6, 0xff, 0xf5,
    0x0, 0x0, 0x3, 0x84, 0x10, 0x9f, 0xff, 0x0,
    0x0, 0x0, 0x0, 0x0, 0xb, 0xff, 0xe0, 0x0,
    0x0, 0x0, 0x0, 0x0, 0xbf, 0xfe, 0x0, 0x0,
    0x0, 0x0, 0x0, 0xa, 0xff, 0xf0, 0x0, 0x0,
    0x0, 0x0, 0x0, 0x8f, 0xff, 0x30, 0x0, 0x0,
    0x0, 0x0, 0x3, 0xff, 0xfa, 0x0, 0x0, 0x0,
    0x0, 0x0, 0xc, 0xff, 0xf9, 0x10, 0x0, 0x0,
    0x0, 0x0, 0x2f, 0xff, 0xff, 0xfe, 0xda, 0x30,
    0x0, 0x0, 0x3d, 0xff, 0xff, 0xff, 0xff, 0x70,
    0x0, 0x0, 0x6, 0xbe, 0xff, 0xff, 0xff, 0x20,
    0x0, 0x0, 0x0, 0x0, 0x3, 0xef, 0xf7, 0x0,
    0x0, 0x0, 0x0, 0x0, 0x8, 0xff, 0x90, 0x0,
    0x0, 0x0, 0x0, 0x0, 0x7f, 0xf9, 0x0, 0x0,
    0x0, 0x0, 0x0, 0x7, 0xff, 0x90,

    /* U+03C3 "?" */
    0x0, 0x0, 0x5b, 0xef, 0xff, 0xff, 0xff, 0xff,
    0x70, 0x2, 0xdf, 0xff, 0xff, 0xff, 0xff, 0xff,
    0xf7, 0x1, 0xef, 0xff, 0xfe, 0xff, 0xff, 0xee,
    0xee, 0x60, 0xbf, 0xff, 0x80, 0x0, 0x8f, 0xf7,
    0x0, 0x0, 0x2f, 0xff, 0xb0, 0x0, 0x0, 0xaf,
    0xf7, 0x0, 0x7, 0xff, 0xf3, 0x0, 0x0, 0x3,
    0xff, 0xf2, 0x0, 0xaf, 0xff, 0x0, 0x0, 0x0,
    0xf, 0xff, 0x80, 0xb, 0xff, 0xe0, 0x0, 0x0,
    0x0, 0xdf, 0xfb, 0x0, 0xbf, 0xfe, 0x0, 0x0,
    0x0, 0xd, 0xff, 0xc0, 0xa, 0xff, 0xf0, 0x0,
    0x0, 0x0, 0xff, 0xfb, 0x0, 0x7f, 0xff, 0x40,
    0x0, 0x0, 0x3f, 0xff, 0x90, 0x1, 0xff, 0xfc,
    0x0, 0x0, 0xb, 0xff, 0xf4, 0x0, 0xa, 0xff,
    0xfb, 0x20, 0x2a, 0xff, 0xfc, 0x0, 0x0, 0x1e,
    0xff, 0xff, 0xff, 0xff, 0xff, 0x20, 0x0, 0x0,
    0x1d, 0xff, 0xff, 0xff, 0xfd, 0x20, 0x0, 0x0,
    0x0, 0x5, 0xbe, 0xfe, 0xb6, 0x0, 0x0, 0x0,

    /* U+03C4 "?" */
    0xbf, 0xff, 0xff, 0xff, 0xff, 0xff, 0xf9, 0xbf,
    0xff, 0xff, 0xff, 0xff, 0xff, 0xf9, 0xbf, 0xff,
    0xff, 0xff, 0xff, 0xff, 0xf9, 0x0, 0x0, 0xd,
    0xff, 0xb0, 0x0, 0x0, 0x0, 0x0, 0xd, 0xff,
    0xb0, 0x0, 0x0, 0x0, 0x0, 0xd, 0xff, 0xb0,
    0x0, 0x0, 0x0, 0x0, 0xd, 0xff, 0xb0, 0x0,
    0x0, 0x0, 0x0, 0xd, 0xff, 0xb0, 0x0, 0x0,
    0x0, 0x0, 0xd, 0xff, 0xb0, 0x0, 0x0, 0x0,
    0x0, 0xd, 0xff, 0xb0, 0x0, 0x0, 0x0, 0x0,
    0xd, 0xff, 0xb0, 0x0, 0x0, 0x0, 0x0, 0xd,
    0xff, 0xb0, 0x0, 0x0, 0x0, 0x0, 0xc, 0xff,
    0xf2, 0x1, 0x0, 0x0, 0x0, 0x8, 0xff, 0xff,
    0xfa, 0x0, 0x0, 0x0, 0x1, 0xdf, 0xff, 0xfd,
    0x0, 0x0, 0x0, 0x0, 0x19, 0xef, 0xfc, 0x0,

    /* U+03C5 "?" */
    0x1f, 0xff, 0x70, 0x0, 0x0, 0x5f, 0xff, 0x41,
    0xff, 0xf7, 0x0, 0x0, 0x5, 0xff, 0xf4, 0x1f,
    0xff, 0x70, 0x0, 0x0, 0x5f, 0xff, 0x41, 0xff,
    0xf7, 0x0, 0x0, 0x5, 0xff, 0xf4, 0x1f, 0xff,
    0x70, 0x0, 0x0, 0x5f, 0xff, 0x41, 0xff, 0xf7,
    0x0, 0x0, 0x5, 0xff, 0xf4, 0x1f, 0xff, 0x70,
    0x0, 0x0, 0x5f, 0xff, 0x41, 0xff, 0xf7, 0x0,
    0x0, 0x5, 0xff, 0xf4, 0x1f, 0xff, 0x70, 0x0,
    0x0, 0x5f, 0xff, 0x41, 0xff, 0xf7, 0x0, 0x0,
    0x5, 0xff, 0xf3, 0xf, 0xff, 0x90, 0x0, 0x0,
    0x7f, 0xff, 0x20, 0xef, 0xfe, 0x0, 0x0, 0xd,
    0xff, 0xf0, 0x9, 0xff, 0xfc, 0x42, 0x4b, 0xff,
    0xfb, 0x0, 0x1e, 0xff, 0xff, 0xff, 0xff, 0xff,
    0x20, 0x0, 0x3e, 0xff, 0xff, 0xff, 0xfe, 0x40,
    0x0, 0x0, 0x7, 0xce, 0xff, 0xc8, 0x10, 0x0,

    /* U+03C6 "?" */
    0x0, 0x1, 0x95, 0x0, 0x1, 0x8d, 0xfe, 0xc5,
    0x0, 0x0, 0x0, 0x3e, 0xfb, 0x0, 0xd, 0xff,
    0xff, 0xff, 0xc1, 0x0, 0x1, 0xef, 0xff, 0x10,
    0x7f, 0xff, 0xff, 0xff, 0xfc, 0x0, 0xa, 0xff,
    0xf7, 0x0, 0xdf, 0xfe, 0x31, 0x9f, 0xff, 0x60,
    0x2f, 0xff, 0x90, 0x0, 0xff, 0xf9, 0x0, 0xc,
    0xff, 0xd0, 0x6f, 0xff, 0x10, 0x0, 0xff, 0xf7,
    0x0, 0x6, 0xff, 0xf2, 0xaf, 0xfd, 0x0, 0x0,
    0xff, 0xf6, 0x0, 0x3, 0xff, 0xf4, 0xbf, 0xfb,
    0x0, 0x0, 0xff, 0xf6, 0x0, 0x2, 0xff, 0xf5,
    0xbf, 0xfb, 0x0, 0x0, 0xff, 0xf6, 0x0, 0x2,
    0xff, 0xf5, 0xaf, 0xfe, 0x0, 0x0, 0xff, 0xf6,
    0x0, 0x5, 0xff, 0xf4, 0x7f, 0xff, 0x30, 0x0,
    0xff, 0xf6, 0x0, 0xa, 0xff, 0xf0, 0x1f, 0xff,
    0xc0, 0x0, 0xff, 0xf6, 0x0, 0x4f, 0xff, 0xb0,
    0x9, 0xff, 0xfc, 0x41, 0xff, 0xf6, 0x18, 0xff,
    0xff, 0x30, 0x0, 0xdf, 0xff, 0xff, 0xff, 0xff,
    0xff, 0xff, 0xf8, 0x0, 0x0, 0x1b, 0xff, 0xff,
    0xff, 0xff, 0xff, 0xff, 0x70, 0x0, 0x0, 0x0,
    0x5a, 0xef, 0xff, 0xff, 0xec, 0x81, 0x0, 0x0,
    0x0, 0x0, 0x0, 0x0, 0xff, 0xf6, 0x0, 0x0,
    0x0, 0x0, 0x0, 0x0, 0x0, 0x0, 0xff, 0xf6,
    0x0, 0x0, 0x0, 0x0, 0x0, 0x0, 0x0, 0x0,
    0xff, 0xf6, 0x0, 0x0, 0x0, 0x0, 0x0, 0x0,
    0x0, 0x0, 0xff, 0xf6, 0x0, 0x0, 0x0, 0x0,
    0x0, 0x0, 0x0, 0x0, 0xff, 0xf6, 0x0, 0x0,
    0x0, 0x0, 0x0, 0x0, 0x0, 0x0, 0xff, 0xf6,
    0x0, 0x0, 0x0, 0x0,

    /* U+03C7 "?" */
    0xbf, 0xea, 0x20, 0x0, 0x0, 0x2, 0xff, 0xf8,
    0xb, 0xff, 0xfe, 0x10, 0x0, 0x0, 0xaf, 0xfe,
    0x0, 0xbf, 0xff, 0xfb, 0x0, 0x0, 0x2f, 0xff,
    0x70, 0x0, 0x7, 0xff, 0xf3, 0x0, 0xa, 0xff,
    0xe0, 0x0, 0x0, 0xd, 0xff, 0xb0, 0x2, 0xff,
    0xf7, 0x0, 0x0, 0x0, 0x5f, 0xff, 0x30, 0xaf,
    0xfe, 0x0, 0x0, 0x0, 0x0, 0xdf, 0xfb, 0x3f,
    0xff, 0x60, 0x0, 0x0, 0x0, 0x5, 0xff, 0xfd,
    0xff, 0xd0, 0x0, 0x0, 0x0, 0x0, 0xc, 0xff,
    0xff, 0xf6, 0x0, 0x0, 0x0, 0x0, 0x0, 0x4f,
    0xff, 0xfd, 0x0, 0x0, 0x0, 0x0, 0x0, 0x0,
    0xcf, 0xff, 0x50, 0x0, 0x0, 0x0, 0x0, 0x0,
    0xd, 0xff, 0xf4, 0x0, 0x0, 0x0, 0x0, 0x0,
    0x5, 0xff, 0xff, 0xc0, 0x0, 0x0, 0x0, 0x0,
    0x0, 0xdf, 0xff, 0xff, 0x40, 0x0, 0x0, 0x0,
    0x0, 0x6f, 0xff, 0xdf, 0xfc, 0x0, 0x0, 0x0,
    0x0, 0xe, 0xff, 0xb4, 0xff, 0xf4, 0x0, 0x0,
    0x0, 0x6, 0xff, 0xf3, 0xc, 0xff, 0xc0, 0x0,
    0x0, 0x0, 0xef, 0xfa, 0x0, 0x4f, 0xff, 0x40,
    0x0, 0x0, 0x7f, 0xff, 0x20, 0x0, 0xcf, 0xfd,
    0x10, 0x0, 0xe, 0xff, 0xa0, 0x0, 0x4, 0xff,
    0xff, 0xf2, 0x7, 0xff, 0xf2, 0x0, 0x0, 0x9,
    0xff, 0xff, 0x31, 0xff, 0xfa, 0x0, 0x0, 0x0,
    0x7, 0xdf, 0xf3,

    /* U+03C8 "?" */
    0x0, 0x0, 0x0, 0x0, 0x27, 0x77, 0x0, 0x0,
    0x0, 0x0, 0x0, 0x0, 0x0, 0x0, 0x6f, 0xff,
    0x20, 0x0, 0x0, 0x0, 0x0, 0x0, 0x0, 0x0,
    0x6f, 0xff, 0x20, 0x0, 0x0, 0x0, 0x0, 0x0,
    0x0, 0x0, 0x6f, 0xff, 0x20, 0x0, 0x0, 0x0,
    0x1f, 0xff, 0x60, 0x0, 0x6f, 0xff, 0x20, 0x0,
    0xaf, 0xfe, 0x1f, 0xff, 0x60, 0x0, 0x6f, 0xff,
    0x20, 0x0, 0xaf, 0xfe, 0x1f, 0xff, 0x60, 0x0,
    0x6f, 0xff, 0x20, 0x0, 0xaf, 0xfe, 0x1f, 0xff,
    0x60, 0x0, 0x6f, 0xff, 0x20, 0x0, 0xaf, 0xfe,
    0x1f, 0xff, 0x60, 0x0, 0x6f, 0xff, 0x20, 0x0,
    0xaf, 0xfe, 0x1f, 0xff, 0x60, 0x0, 0x6f, 0xff,
    0x20, 0x0, 0xaf, 0xfe, 0x1f, 0xff, 0x60, 0x0,
    0x6f, 0xff, 0x20, 0x0, 0xaf, 0xfe, 0x1f, 0xff,
    0x60, 0x0, 0x6f, 0xff, 0x20, 0x0, 0xaf, 0xfd,
    0x1f, 0xff, 0x60, 0x0, 0x6f, 0xff, 0x20, 0x0,
    0xaf, 0xfd, 0xf, 0xff, 0x80, 0x0, 0x6f, 0xff,
    0x20, 0x0, 0xcf, 0xfc, 0xc, 0xff, 0xc0, 0x0,
    0x6f, 0xff, 0x20, 0x1, 0xff, 0xf8, 0x8, 0xff,
    0xf4, 0x0, 0x6f, 0xff, 0x20, 0x8, 0xff, 0xf4,
    0x1, 0xff, 0xff, 0x72, 0x6f, 0xff, 0x23, 0x9f,
    0xff, 0xd0, 0x0, 0x6f, 0xff, 0xff, 0xff, 0xff,
    0xff, 0xff, 0xff, 0x30, 0x0, 0x6, 0xff, 0xff,
    0xff, 0xff, 0xff, 0xff, 0xe3, 0x0, 0x0, 0x0,
    0x18, 0xce, 0xff, 0xff, 0xfe, 0xb6, 0x0, 0x0,
    0x0, 0x0, 0x0, 0x0, 0x6f, 0xff, 0x20, 0x0,
    0x0, 0x0, 0x0, 0x0, 0x0, 0x0, 0x6f, 0xff,
    0x20, 0x0, 0x0, 0x0, 0x0, 0x0, 0x0, 0x0,
    0x6f, 0xff, 0x20, 0x0, 0x0, 0x0, 0x0, 0x0,
    0x0, 0x0, 0x6f, 0xff, 0x20, 0x0, 0x0, 0x0,
    0x0, 0x0, 0x0, 0x0, 0x6f, 0xff, 0x20, 0x0,
    0x0, 0x0, 0x0, 0x0, 0x0, 0x0, 0x6f, 0xff,
    0x20, 0x0, 0x0, 0x0,

    /* U+03C9 "?" */
    0x0, 0x1d, 0xff, 0xd0, 0x0, 0x0, 0x0, 0xcf,
    0xfe, 0x10, 0x0, 0xa, 0xff, 0xf2, 0x0, 0x0,
    0x0, 0x2, 0xff, 0xfb, 0x0, 0x3, 0xff, 0xf7,
    0x0, 0x0, 0x0, 0x0, 0x6, 0xff, 0xf5, 0x0,
    0xbf, 0xfe, 0x0, 0x0, 0x0, 0x0, 0x0, 0xd,
    0xff, 0xc0, 0x1f, 0xff, 0x80, 0x0, 0x0, 0x0,
    0x0, 0x0, 0x6f, 0xff, 0x26, 0xff, 0xf2, 0x0,
    0x0, 0x66, 0x61, 0x0, 0x1, 0xff, 0xf7, 0x9f,
    0xff, 0x0, 0x0, 0x1f, 0xff, 0x30, 0x0, 0xd,
    0xff, 0xab, 0xff, 0xd0, 0x0, 0x1, 0xff, 0xf3,
    0x0, 0x0, 0xcf, 0xfc, 0xcf, 0xfc, 0x0, 0x0,
    0x1f, 0xff, 0x30, 0x0, 0xb, 0xff, 0xdb, 0xff,
    0xc0, 0x0, 0x2, 0xff, 0xf3, 0x0, 0x0, 0xbf,
    0xfc, 0x9f, 0xfe, 0x0, 0x0, 0x3f, 0xff, 0x50,
    0x0, 0xd, 0xff, 0xb6, 0xff, 0xf4, 0x0, 0x8,
    0xff, 0xf9, 0x0, 0x3, 0xff, 0xf7, 0x1f, 0xff,
    0xd2, 0x4, 0xff, 0xcf, 0xf4, 0x2, 0xdf, 0xff,
    0x20, 0x8f, 0xff, 0xff, 0xff, 0xf1, 0xff, 0xff,
    0xff, 0xff, 0x90, 0x0, 0xaf, 0xff, 0xff, 0xf6,
    0x6, 0xff, 0xff, 0xff, 0xb0, 0x0, 0x0, 0x5b,
    0xef, 0xd6, 0x0, 0x6, 0xdf, 0xec, 0x50, 0x0,

    /* U+03CA "?" */
    0x8, 0xfc, 0x10, 0x8, 0xfb, 0x2, 0xff, 0xf7,
    0x2, 0xff, 0xf7, 0x1f, 0xff, 0x70, 0x2f, 0xff,
    0x60, 0x6c, 0x90, 0x0, 0x6c, 0x90, 0x0, 0x0,
    0x0, 0x0, 0x0, 0x0, 0x0, 0x0, 0x0, 0x0,
    0x0, 0x0, 0x1, 0xff, 0xf7, 0x0, 0x0, 0x0,
    0x1f, 0xff, 0x70, 0x0, 0x0, 0x1, 0xff, 0xf7,
    0x0, 0x0, 0x0, 0x1f, 0xff, 0x70, 0x0, 0x0,
    0x1, 0xff, 0xf7, 0x0, 0x0, 0x0, 0x1f, 0xff,
    0x70, 0x0, 0x0, 0x1, 0xff, 0xf7, 0x0, 0x0,
    0x0, 0x1f, 0xff, 0x70, 0x0, 0x0, 0x1, 0xff,
    0xf7, 0x0, 0x0, 0x0, 0x1f, 0xff, 0x70, 0x0,
    0x0, 0x1, 0xff, 0xf7, 0x0, 0x0, 0x0, 0x1f,
    0xff, 0x70, 0x0, 0x0, 0x1, 0xff, 0xfa, 0x0,
    0x0, 0x0, 0xe, 0xff, 0xff, 0x90, 0x0, 0x0,
    0x7f, 0xff, 0xfd, 0x0, 0x0, 0x0, 0x6c, 0xff,
    0xd0,

    /* U+03CB "?" */
    0x0, 0x9, 0xfb, 0x0, 0x9, 0xfa, 0x0, 0x0,
    0x3, 0xff, 0xf6, 0x4, 0xff, 0xf5, 0x0, 0x0,
    0x2f, 0xff, 0x50, 0x3f, 0xff, 0x50, 0x0, 0x0,
    0x7c, 0x90, 0x0, 0x7c, 0x80, 0x0, 0x0, 0x0,
    0x0, 0x0, 0x0, 0x0, 0x0, 0x0, 0x0, 0x0,
    0x0, 0x0, 0x0, 0x0, 0x0, 0x1f, 0xff, 0x70,
    0x0, 0x0, 0x5f, 0xff, 0x41, 0xff, 0xf7, 0x0,
    0x0, 0x5, 0xff, 0xf4, 0x1f, 0xff, 0x70, 0x0,
    0x0, 0x5f, 0xff, 0x41, 0xff, 0xf7, 0x0, 0x0,
    0x5, 0xff, 0xf4, 0x1f, 0xff, 0x70, 0x0, 0x0,
    0x5f, 0xff, 0x41, 0xff, 0xf7, 0x0, 0x0, 0x5,
    0xff, 0xf4, 0x1f, 0xff, 0x70, 0x0, 0x0, 0x5f,
    0xff, 0x41, 0xff, 0xf7, 0x0, 0x0, 0x5, 0xff,
    0xf4, 0x1f, 0xff, 0x70, 0x0, 0x0, 0x5f, 0xff,
    0x41, 0xff, 0xf7, 0x0, 0x0, 0x5, 0xff, 0xf3,
    0xf, 0xff, 0x90, 0x0, 0x0, 0x7f, 0xff, 0x20,
    0xef, 0xfe, 0x0, 0x0, 0xd, 0xff, 0xf0, 0x9,
    0xff, 0xfc, 0x42, 0x4b, 0xff, 0xfb, 0x0, 0x1e,
    0xff, 0xff, 0xff, 0xff, 0xff, 0x20, 0x0, 0x3e,
    0xff, 0xff, 0xff, 0xfe, 0x40, 0x0, 0x0, 0x7,
    0xce, 0xff, 0xc8, 0x10, 0x0,

    /* U+03CC "?" */
    0x0, 0x0, 0x0, 0x5, 0x55, 0x0, 0x0, 0x0,
    0x0, 0x0, 0x3, 0xff, 0xe0, 0x0, 0x0, 0x0,
    0x0, 0x0, 0x5f, 0xf8, 0x0, 0x0, 0x0, 0x0,
    0x0, 0x7, 0xff, 0x20, 0x0, 0x0, 0x0, 0x0,
    0x0, 0x8f, 0xc0, 0x0, 0x0, 0x0, 0x0, 0x0,
    0x0, 0x0, 0x0, 0x0, 0x0, 0x0, 0x0, 0x0,
    0x0, 0x0, 0x0, 0x0, 0x0, 0x0, 0x5, 0xbe,
    0xfe, 0xb5, 0x0, 0x0, 0x0, 0x2d, 0xff, 0xff,
    0xff, 0xfd, 0x20, 0x0, 0x1e, 0xff, 0xff, 0xff,
    0xff, 0xfe, 0x10, 0xa, 0xff, 0xfa, 0x20, 0x2a,
    0xff, 0xfb, 0x2, 0xff, 0xfb, 0x0, 0x0, 0xb,
    0xff, 0xf2, 0x7f, 0xff, 0x30, 0x0, 0x0, 0x3f,
    0xff, 0x8a, 0xff, 0xf0, 0x0, 0x0, 0x0, 0xef,
    0xfa, 0xbf, 0xfe, 0x0, 0x0, 0x0, 0xd, 0xff,
    0xcb, 0xff, 0xe0, 0x0, 0x0, 0x0, 0xdf, 0xfc,
    0xaf, 0xff, 0x0, 0x0, 0x0, 0xe, 0xff, 0xa7,
    0xff, 0xf4, 0x0, 0x0, 0x3, 0xff, 0xf8, 0x2f,
    0xff, 0xb0, 0x0, 0x0, 0xbf, 0xff, 0x20, 0xaf,
    0xff, 0xa2, 0x2, 0xaf, 0xff, 0xb0, 0x1, 0xef,
    0xff, 0xff, 0xff, 0xff, 0xe1, 0x0, 0x2, 0xdf,
    0xff, 0xff, 0xff, 0xd2, 0x0, 0x0, 0x0, 0x5b,
    0xef, 0xeb, 0x60, 0x0, 0x0,

    /* U+03CD "?" */
    0x0, 0x0, 0x0, 0x5, 0x55, 0x0, 0x0, 0x0,
    0x0, 0x0, 0x2, 0xff, 0xe0, 0x0, 0x0, 0x0,
    0x0, 0x0, 0x4f, 0xf9, 0x0, 0x0, 0x0, 0x0,
    0x0, 0x6, 0xff, 0x30, 0x0, 0x0, 0x0, 0x0,
    0x0, 0x7f, 0xd0, 0x0, 0x0, 0x0, 0x0, 0x0,
    0x0, 0x0, 0x0, 0x0, 0x0, 0x0, 0x0, 0x0,
    0x0, 0x0, 0x0, 0x0, 0x1, 0xff, 0xf7, 0x0,
    0x0, 0x5, 0xff, 0xf4, 0x1f, 0xff, 0x70, 0x0,
    0x0, 0x5f, 0xff, 0x41, 0xff, 0xf7, 0x0, 0x0,
    0x5, 0xff, 0xf4, 0x1f, 0xff, 0x70, 0x0, 0x0,
    0x5f, 0xff, 0x41, 0xff, 0xf7, 0x0, 0x0, 0x5,
    0xff, 0xf4, 0x1f, 0xff, 0x70, 0x0, 0x0, 0x5f,
    0xff, 0x41, 0xff, 0xf7, 0x0, 0x0, 0x5, 0xff,
    0xf4, 0x1f, 0xff, 0x70, 0x0, 0x0, 0x5f, 0xff,
    0x41, 0xff, 0xf7, 0x0, 0x0, 0x5, 0xff, 0xf4,
    0x1f, 0xff, 0x70, 0x0, 0x0, 0x5f, 0xff, 0x30,
    0xff, 0xf9, 0x0, 0x0, 0x7, 0xff, 0xf2, 0xe,
    0xff, 0xe0, 0x0, 0x0, 0xdf, 0xff, 0x0, 0x9f,
    0xff, 0xc4, 0x24, 0xbf, 0xff, 0xb0, 0x1, 0xef,
    0xff, 0xff, 0xff, 0xff, 0xf2, 0x0, 0x3, 0xef,
    0xff, 0xff, 0xff, 0xe4, 0x0, 0x0, 0x0, 0x7c,
    0xef, 0xfc, 0x81, 0x0, 0x0,

    /* U+03CE "?" */
    0x0, 0x0, 0x0, 0x0, 0x0, 0x55, 0x50, 0x0,
    0x0, 0x0, 0x0, 0x0, 0x0, 0x0, 0x0, 0x3f,
    0xfe, 0x0, 0x0, 0x0, 0x0, 0x0, 0x0, 0x0,
    0x0, 0x4, 0xff, 0x80, 0x0, 0x0, 0x0, 0x0,
    0x0, 0x0, 0x0, 0x0, 0x6f, 0xf2, 0x0, 0x0,
    0x0, 0x0, 0x0, 0x0, 0x0, 0x0, 0x8, 0xfc,
    0x0, 0x0, 0x0, 0x0, 0x0, 0x0, 0x0, 0x0,
    0x0, 0x0, 0x0, 0x0, 0x0, 0x0, 0x0, 0x0,
    0x0, 0x0, 0x0, 0x0, 0x0, 0x0, 0x0, 0x0,
    0x0, 0x0, 0x1, 0xdf, 0xfd, 0x0, 0x0, 0x0,
    0xc, 0xff, 0xe1, 0x0, 0x0, 0xaf, 0xff, 0x20,
    0x0, 0x0, 0x0, 0x2f, 0xff, 0xb0, 0x0, 0x3f,
    0xff, 0x70, 0x0, 0x0, 0x0, 0x0, 0x6f, 0xff,
    0x50, 0xb, 0xff, 0xe0, 0x0, 0x0, 0x0, 0x0,
    0x0, 0xdf, 0xfc, 0x1, 0xff, 0xf8, 0x0, 0x0,
    0x0, 0x0, 0x0, 0x6, 0xff, 0xf2, 0x6f, 0xff,
    0x20, 0x0, 0x6, 0x66, 0x10, 0x0, 0x1f, 0xff,
    0x79, 0xff, 0xf0, 0x0, 0x1, 0xff, 0xf3, 0x0,
    0x0, 0xdf, 0xfa, 0xbf, 0xfd, 0x0, 0x0, 0x1f,
    0xff, 0x30, 0x0, 0xc, 0xff, 0xcc, 0xff, 0xc0,
    0x0, 0x1, 0xff, 0xf3, 0x0, 0x0, 0xbf, 0xfd,
    0xbf, 0xfc, 0x0, 0x0, 0x2f, 0xff, 0x30, 0x0,
    0xb, 0xff, 0xc9, 0xff, 0xe0, 0x0, 0x3, 0xff,
    0xf5, 0x0, 0x0, 0xdf, 0xfb, 0x6f, 0xff, 0x40,
    0x0, 0x8f, 0xff, 0x90, 0x0, 0x3f, 0xff, 0x71,
    0xff, 0xfd, 0x20, 0x4f, 0xfc, 0xff, 0x40, 0x2d,
    0xff, 0xf2, 0x8, 0xff, 0xff, 0xff, 0xff, 0x1f,
    0xff, 0xff, 0xff, 0xf9, 0x0, 0xa, 0xff, 0xff,
    0xff, 0x60, 0x6f, 0xff, 0xff, 0xfb, 0x0, 0x0,
    0x5, 0xbe, 0xfd, 0x60, 0x0, 0x6d, 0xfe, 0xc5,
    0x0, 0x0,

    /* U+03CF "?" */
    0xff, 0xfb, 0x0, 0x0, 0x0, 0x3, 0xff, 0xff,
    0x6f, 0xff, 0xb0, 0x0, 0x0, 0x1, 0xef, 0xff,
    0x80, 0xff, 0xfb, 0x0, 0x0, 0x0, 0xcf, 0xff,
    0xa0, 0xf, 0xff, 0xb0, 0x0, 0x0, 0xbf, 0xff,
    0xc0, 0x0, 0xff, 0xfb, 0x0, 0x0, 0x8f, 0xff,
    0xd1, 0x0, 0xf, 0xff, 0xb0, 0x0, 0x6f, 0xff,
    0xe2, 0x0, 0x0, 0xff, 0xfb, 0x0, 0x4f, 0xff,
    0xf4, 0x0, 0x0, 0xf, 0xff, 0xa0, 0x1e, 0xff,
    0xf5, 0x0, 0x0, 0x0, 0xff, 0xfa, 0xc, 0xff,
    0xf8, 0x0, 0x0, 0x0, 0xf, 0xff, 0xa8, 0xff,
    0xff, 0x40, 0x0, 0x0, 0x0, 0xff, 0xfd, 0xff,
    0xff, 0xfe, 0x0, 0x0, 0x0, 0xf, 0xff, 0xff,
    0xfd, 0xff, 0xf9, 0x0, 0x0, 0x0, 0xff, 0xff,
    0xfa, 0xd, 0xff, 0xf4, 0x0, 0x0, 0xf, 0xff,
    0xfb, 0x0, 0x3f, 0xff, 0xe0, 0x0, 0x0, 0xff,
    0xfd, 0x0, 0x0, 0x9f, 0xff, 0x90, 0x0, 0xf,
    0xff, 0xb0, 0x0, 0x0, 0xdf, 0xff, 0x40, 0x0,
    0xff, 0xfb, 0x0, 0x0, 0x3, 0xff, 0xfe, 0x10,
    0xf, 0xff, 0xb0, 0x0, 0x0, 0x8, 0xff, 0xf9,
    0x0, 0xff, 0xfb, 0x0, 0x0, 0x0, 0xd, 0xff,
    0xf4, 0xf, 0xff, 0xb0, 0x0, 0x0, 0x0, 0x3f,
    0xff, 0xe1, 0xff, 0xfb, 0x0, 0x0, 0x0, 0x0,
    0x8f, 0xff, 0xa0, 0x0, 0x0, 0x0, 0x0, 0x0,
    0x8, 0xff, 0xf9, 0x0, 0x0, 0x0, 0x0, 0x0,
    0x3, 0xff, 0xfe, 0x0, 0x0, 0x0, 0x0, 0x0,
    0x0, 0xdf, 0xff, 0x40, 0x0, 0x0, 0x0, 0x0,
    0x0, 0x8f, 0xff, 0x90, 0x0, 0x0, 0x0, 0x0,
    0x0, 0x8, 0xff, 0xd0, 0x0, 0x0, 0x0, 0x0,
    0x0, 0x0, 0x4, 0xe3, 0x0, 0x0, 0x0, 0x0,
    0x0, 0x0, 0x0, 0x0, 0x0, 0x0,

    /* U+03D0 "?" */
    0x0, 0x0, 0x18, 0xdf, 0xfd, 0x91, 0x0, 0x0,
    0x0, 0x4e, 0xff, 0xff, 0xff, 0xe2, 0x0, 0x0,
    0x4f, 0xff, 0xfd, 0xff, 0xff, 0xa0, 0x0, 0xe,
    0xff, 0x80, 0x0, 0xcf, 0xfd, 0x0, 0x7, 0xff,
    0xe4, 0x10, 0x2d, 0xff, 0xc0, 0x0, 0xef, 0xff,
    0xff, 0xff, 0xff, 0xf5, 0x0, 0x2f, 0xff, 0xff,
    0xff, 0xff, 0xf7, 0x0, 0x6, 0xff, 0x82, 0x58,
    0x98, 0x61, 0x0, 0x0, 0x9f, 0xf6, 0x0, 0x0,
    0x0, 0x0, 0x0, 0xa, 0xff, 0x51, 0x8d, 0xff,
    0xea, 0x20, 0x0, 0xbf, 0xf8, 0xef, 0xff, 0xff,
    0xff, 0x50, 0xc, 0xff, 0xff, 0xff, 0xff, 0xff,
    0xff, 0x30, 0xcf, 0xff, 0xf7, 0x20, 0x3b, 0xff,
    0xfb, 0xb, 0xff, 0xf6, 0x0, 0x0, 0xd, 0xff,
    0xf0, 0xaf, 0xff, 0x10, 0x0, 0x0, 0x9f, 0xff,
    0x28, 0xff, 0xf0, 0x0, 0x0, 0x7, 0xff, 0xf2,
    0x4f, 0xff, 0x10, 0x0, 0x0, 0x9f, 0xff, 0x10,
    0xff, 0xf7, 0x0, 0x0, 0x1f, 0xff, 0xd0, 0x9,
    0xff, 0xf7, 0x21, 0x4d, 0xff, 0xf7, 0x0, 0x1e,
    0xff, 0xff, 0xff, 0xff, 0xfc, 0x0, 0x0, 0x2d,
    0xff, 0xff, 0xff, 0xfc, 0x10, 0x0, 0x0, 0x7,
    0xce, 0xfe, 0xb5, 0x0, 0x0,

    /* U+03D1 "?" */
    0x0, 0x0, 0x0, 0x7c, 0xff, 0xc6, 0x0, 0x0,
    0x0, 0x0, 0xc, 0xff, 0xff, 0xff, 0x90, 0x0,
    0x0, 0x0, 0x8f, 0xff, 0xff, 0xff, 0xf5, 0x0,
    0x0, 0x0, 0xff, 0xfe, 0x69, 0xff, 0xfb, 0x0,
    0x0, 0x2, 0xff, 0xf6, 0x0, 0xef, 0xfe, 0x0,
    0x0, 0x3, 0xff, 0xf4, 0x0, 0xcf, 0xff, 0x0,
    0x0, 0x2, 0xff, 0xf6, 0x0, 0xcf, 0xff, 0x0,
    0x0, 0x0, 0xff, 0xfb, 0x0, 0xcf, 0xff, 0x0,
    0x0, 0x0, 0xaf, 0xff, 0x50, 0xcf, 0xff, 0x0,
    0x0, 0x0, 0x3f, 0xff, 0xf9, 0xdf, 0xff, 0x32,
    0x3, 0x33, 0x6, 0xff, 0xff, 0xff, 0xff, 0xf9,
    0x4f, 0xff, 0x40, 0x5f, 0xff, 0xff, 0xff, 0xfa,
    0x4f, 0xff, 0x40, 0x1, 0x8d, 0xff, 0xff, 0xe7,
    0x4f, 0xff, 0x40, 0x0, 0x0, 0xcf, 0xff, 0x0,
    0x3f, 0xff, 0x40, 0x0, 0x0, 0xcf, 0xff, 0x0,
    0x2f, 0xff, 0x60, 0x0, 0x0, 0xef, 0xfe, 0x0,
    0xf, 0xff, 0xc0, 0x0, 0x4, 0xff, 0xfb, 0x0,
    0x9, 0xff, 0xfb, 0x43, 0x6e, 0xff, 0xf5, 0x0,
    0x1, 0xef, 0xff, 0xff, 0xff, 0xff, 0xb0, 0x0,
    0x0, 0x2d, 0xff, 0xff, 0xff, 0xfb, 0x10, 0x0,
    0x0, 0x0, 0x6c, 0xef, 0xeb, 0x50, 0x0, 0x0,

    /* U+03D2 "?" */
    0x9e, 0xfb, 0x30, 0x0, 0x0, 0x0, 0x7, 0xdf,
    0xd3, 0xaf, 0xff, 0xf2, 0x0, 0x0, 0x0, 0x7f,
    0xff, 0xf2, 0x8f, 0xff, 0xfb, 0x0, 0x0, 0x1,
    0xff, 0xff, 0xf0, 0x25, 0xcf, 0xff, 0x20, 0x0,
    0x9, 0xff, 0xf8, 0x40, 0x0, 0x2f, 0xff, 0x80,
    0x0, 0xf, 0xff, 0x90, 0x0, 0x0, 0xa, 0xff,
    0xe0, 0x0, 0x6f, 0xff, 0x20, 0x0, 0x0, 0x4,
    0xff, 0xf5, 0x0, 0xcf, 0xfb, 0x0, 0x0, 0x0,
    0x0, 0xdf, 0xfb, 0x3, 0xff, 0xf4, 0x0, 0x0,
    0x0, 0x0, 0x6f, 0xff, 0x19, 0xff, 0xd0, 0x0,
    0x0, 0x0, 0x0, 0xe, 0xff, 0x9f, 0xff, 0x60,
    0x0, 0x0, 0x0, 0x0, 0x8, 0xff, 0xff, 0xfe,
    0x0, 0x0, 0x0, 0x0, 0x0, 0x1, 0xff, 0xff,
    0xf8, 0x0, 0x0, 0x0, 0x0, 0x0, 0x0, 0xaf,
    0xff, 0xf1, 0x0, 0x0, 0x0, 0x0, 0x0, 0x0,
    0x3f, 0xff, 0xa0, 0x0, 0x0, 0x0, 0x0, 0x0,
    0x0, 0x1f, 0xff, 0x80, 0x0, 0x0, 0x0, 0x0,
    0x0, 0x0, 0x1f, 0xff, 0x80, 0x0, 0x0, 0x0,
    0x0, 0x0, 0x0, 0x1f, 0xff, 0x80, 0x0, 0x0,
    0x0, 0x0, 0x0, 0x0, 0x1f, 0xff, 0x80, 0x0,
    0x0, 0x0, 0x0, 0x0, 0x0, 0x1f, 0xff, 0x80,
    0x0, 0x0, 0x0, 0x0, 0x0, 0x0, 0x1f, 0xff,
    0x80, 0x0, 0x0, 0x0, 0x0, 0x0, 0x0, 0x1f,
    0xff, 0x80, 0x0, 0x0, 0x0,

    /* U+03D3 "?" */
    0x7f, 0xfb, 0x1, 0xef, 0xe9, 0x10, 0x0, 0x0,
    0x0, 0x19, 0xef, 0xe0, 0x9f, 0xf6, 0x0, 0xff,
    0xff, 0xc0, 0x0, 0x0, 0x0, 0xcf, 0xff, 0xd0,
    0xaf, 0xf0, 0x0, 0xcf, 0xff, 0xf6, 0x0, 0x0,
    0x6, 0xff, 0xff, 0xb0, 0xcf, 0xa0, 0x0, 0x36,
    0xff, 0xfd, 0x0, 0x0, 0xe, 0xff, 0xe6, 0x30,
    0x45, 0x10, 0x0, 0x0, 0x6f, 0xff, 0x40, 0x0,
    0x5f, 0xff, 0x40, 0x0, 0x0, 0x0, 0x0, 0x0,
    0xe, 0xff, 0xa0, 0x0, 0xbf, 0xfd, 0x0, 0x0,
    0x0, 0x0, 0x0, 0x0, 0x8, 0xff, 0xf1, 0x2,
    0xff, 0xf6, 0x0, 0x0, 0x0, 0x0, 0x0, 0x0,
    0x1, 0xff, 0xf7, 0x8, 0xff, 0xe0, 0x0, 0x0,
    0x0, 0x0, 0x0, 0x0, 0x0, 0xaf, 0xfd, 0xe,
    0xff, 0x80, 0x0, 0x0, 0x0, 0x0, 0x0, 0x0,
    0x0, 0x3f, 0xff, 0xaf, 0xff, 0x10, 0x0, 0x0,
    0x0, 0x0, 0x0, 0x0, 0x0, 0xc, 0xff, 0xff,
    0xfa, 0x0, 0x0, 0x0, 0x0, 0x0, 0x0, 0x0,
    0x0, 0x5, 0xff, 0xff, 0xf3, 0x0, 0x0, 0x0,
    0x0, 0x0, 0x0, 0x0, 0x0, 0x0, 0xef, 0xff,
    0xb0, 0x0, 0x0, 0x0, 0x0, 0x0, 0x0, 0x0,
    0x0, 0x0, 0x7f, 0xff, 0x50, 0x0, 0x0, 0x0,
    0x0, 0x0, 0x0, 0x0, 0x0, 0x0, 0x6f, 0xff,
    0x30, 0x0, 0x0, 0x0, 0x0, 0x0, 0x0, 0x0,
    0x0, 0x0, 0x6f, 0xff, 0x30, 0x0, 0x0, 0x0,
    0x0, 0x0, 0x0, 0x0, 0x0, 0x0, 0x6f, 0xff,
    0x30, 0x0, 0x0, 0x0, 0x0, 0x0, 0x0, 0x0,
    0x0, 0x0, 0x6f, 0xff, 0x30, 0x0, 0x0, 0x0,
    0x0, 0x0, 0x0, 0x0, 0x0, 0x0, 0x6f, 0xff,
    0x30, 0x0, 0x0, 0x0, 0x0, 0x0, 0x0, 0x0,
    0x0, 0x0, 0x6f, 0xff, 0x30, 0x0, 0x0, 0x0,
    0x0, 0x0, 0x0, 0x0, 0x0, 0x0, 0x6f, 0xff,
    0x30, 0x0, 0x0, 0x0,

    /* U+03D4 "?" */
    0x0, 0x0, 0x6f, 0xc1, 0x0, 0x7f, 0xc1, 0x0,
    0x0, 0x0, 0x0, 0xff, 0xf9, 0x1, 0xff, 0xf8,
    0x0, 0x0, 0x0, 0x0, 0xff, 0xf8, 0x1, 0xff,
    0xf7, 0x0, 0x0, 0x0, 0x0, 0x5c, 0xa1, 0x0,
    0x5c, 0xa0, 0x0, 0x0, 0x0, 0x0, 0x0, 0x0,
    0x0, 0x0, 0x0, 0x0, 0x0, 0x0, 0x0, 0x0,
    0x0, 0x0, 0x0, 0x0, 0x0, 0x0, 0x9e, 0xfb,
    0x30, 0x0, 0x0, 0x0, 0x7, 0xdf, 0xd3, 0xaf,
    0xff, 0xf2, 0x0, 0x0, 0x0, 0x7f, 0xff, 0xf2,
    0x8f, 0xff, 0xfb, 0x0, 0x0, 0x1, 0xff, 0xff,
    0xf0, 0x25, 0xcf, 0xff, 0x20, 0x0, 0x9, 0xff,
    0xf8, 0x40, 0x0, 0x2f, 0xff, 0x80, 0x0, 0xf,
    0xff, 0x90, 0x0, 0x0, 0xa, 0xff, 0xe0, 0x0,
    0x6f, 0xff, 0x20, 0x0, 0x0, 0x4, 0xff, 0xf5,
    0x0, 0xcf, 0xfb, 0x0, 0x0, 0x0, 0x0, 0xdf,
    0xfb, 0x3, 0xff, 0xf4, 0x0, 0x0, 0x0, 0x0,
    0x6f, 0xff, 0x19, 0xff, 0xd0, 0x0, 0x0, 0x0,
    0x0, 0xe, 0xff, 0x9f, 0xff, 0x60, 0x0, 0x0,
    0x0, 0x0, 0x8, 0xff, 0xff, 0xfe, 0x0, 0x0,
    0x0, 0x0, 0x0, 0x1, 0xff, 0xff, 0xf8, 0x0,
    0x0, 0x0, 0x0, 0x0, 0x0, 0xaf, 0xff, 0xf1,
    0x0, 0x0, 0x0, 0x0, 0x0, 0x0, 0x3f, 0xff,
    0xa0, 0x0, 0x0, 0x0, 0x0, 0x0, 0x0, 0x1f,
    0xff, 0x80, 0x0, 0x0, 0x0, 0x0, 0x0, 0x0,
    0x1f, 0xff, 0x80, 0x0, 0x0, 0x0, 0x0, 0x0,
    0x0, 0x1f, 0xff, 0x80, 0x0, 0x0, 0x0, 0x0,
    0x0, 0x0, 0x1f, 0xff, 0x80, 0x0, 0x0, 0x0,
    0x0, 0x0, 0x0, 0x1f, 0xff, 0x80, 0x0, 0x0,
    0x0, 0x0, 0x0, 0x0, 0x1f, 0xff, 0x80, 0x0,
    0x0, 0x0, 0x0, 0x0, 0x0, 0x1f, 0xff, 0x80,
    0x0, 0x0, 0x0,

    /* U+03D5 "?" */
    0x0, 0x0, 0x0, 0x7, 0xff, 0xe0, 0x0, 0x0,
    0x0, 0x0, 0x0, 0x0, 0x0, 0x7f, 0xfe, 0x0,
    0x0, 0x0, 0x0, 0x0, 0x0, 0x0, 0x7, 0xff,
    0xe0, 0x0, 0x0, 0x0, 0x0, 0x0, 0x0, 0x0,
    0x7f, 0xfe, 0x0, 0x0, 0x0, 0x0, 0x0, 0x0,
    0x0, 0x7, 0xff, 0xe0, 0x0, 0x0, 0x0, 0x0,
    0x0, 0x5, 0xbe, 0xff, 0xff, 0xec, 0x81, 0x0,
    0x0, 0x0, 0x2d, 0xff, 0xff, 0xff, 0xff, 0xff,
    0xf5, 0x0, 0x0, 0x1e, 0xff, 0xff, 0xff, 0xff,
    0xff, 0xff, 0xf6, 0x0, 0xa, 0xff, 0xfa, 0x27,
    0xff, 0xe1, 0x6f, 0xff, 0xf1, 0x2, 0xff, 0xfb,
    0x0, 0x7f, 0xfe, 0x0, 0x5f, 0xff, 0x80, 0x7f,
    0xff, 0x30, 0x7, 0xff, 0xe0, 0x0, 0xdf, 0xfd,
    0xa, 0xff, 0xf0, 0x0, 0x7f, 0xfe, 0x0, 0x9,
    0xff, 0xf0, 0xbf, 0xfe, 0x0, 0x7, 0xff, 0xe0,
    0x0, 0x7f, 0xff, 0x1b, 0xff, 0xe0, 0x0, 0x7f,
    0xfe, 0x0, 0x7, 0xff, 0xf1, 0xaf, 0xff, 0x0,
    0x7, 0xff, 0xe0, 0x0, 0x9f, 0xff, 0x7, 0xff,
    0xf4, 0x0, 0x7f, 0xfe, 0x0, 0xd, 0xff, 0xd0,
    0x2f, 0xff, 0xb0, 0x7, 0xff, 0xe0, 0x5, 0xff,
    0xf8, 0x0, 0xaf, 0xff, 0xa2, 0x7f, 0xfe, 0x16,
    0xff, 0xff, 0x10, 0x1, 0xef, 0xff, 0xff, 0xff,
    0xff, 0xff, 0xff, 0x60, 0x0, 0x2, 0xdf, 0xff,
    0xff, 0xff, 0xff, 0xff, 0x50, 0x0, 0x0, 0x0,
    0x5b, 0xef, 0xff, 0xfe, 0xc8, 0x10, 0x0, 0x0,
    0x0, 0x0, 0x0, 0x7f, 0xfe, 0x0, 0x0, 0x0,
    0x0, 0x0, 0x0, 0x0, 0x7, 0xff, 0xe0, 0x0,
    0x0, 0x0, 0x0, 0x0, 0x0, 0x0, 0x7f, 0xfe,
    0x0, 0x0, 0x0, 0x0, 0x0, 0x0, 0x0, 0x7,
    0xff, 0xe0, 0x0, 0x0, 0x0, 0x0, 0x0, 0x0,
    0x0, 0x7f, 0xfe, 0x0, 0x0, 0x0, 0x0, 0x0,
    0x0, 0x0, 0x7, 0xff, 0xe0, 0x0, 0x0, 0x0,
    0x0,

    /* U+03D6 "?" */
    0xbf, 0xff, 0xff, 0xff, 0xff, 0xff, 0xff, 0xff,
    0xff, 0xff, 0xff, 0xbb, 0xff, 0xff, 0xff, 0xff,
    0xff, 0xff, 0xff, 0xff, 0xff, 0xff, 0xfb, 0x8c,
    0xff, 0xfd, 0xcc, 0xcc, 0xcc, 0xcc, 0xcc, 0xce,
    0xff, 0xfc, 0x80, 0x3f, 0xff, 0x40, 0x0, 0x0,
    0x0, 0x0, 0x0, 0x4f, 0xff, 0x30, 0x8, 0xff,
    0xf0, 0x0, 0x0, 0x0, 0x0, 0x0, 0x0, 0xff,
    0xf7, 0x0, 0xbf, 0xfc, 0x0, 0x0, 0x26, 0x66,
    0x20, 0x0, 0xc, 0xff, 0xb0, 0xd, 0xff, 0xa0,
    0x0, 0x7, 0xff, 0xf6, 0x0, 0x0, 0xbf, 0xfc,
    0x0, 0xef, 0xf9, 0x0, 0x0, 0x7f, 0xff, 0x60,
    0x0, 0x9, 0xff, 0xe0, 0xe, 0xff, 0x80, 0x0,
    0x7, 0xff, 0xf6, 0x0, 0x0, 0x9f, 0xfe, 0x0,
    0xdf, 0xfa, 0x0, 0x0, 0x8f, 0xff, 0x70, 0x0,
    0xa, 0xff, 0xd0, 0xb, 0xff, 0xd0, 0x0, 0x9,
    0xff, 0xf9, 0x0, 0x0, 0xdf, 0xfb, 0x0, 0x8f,
    0xff, 0x20, 0x0, 0xef, 0xff, 0xe0, 0x0, 0x3f,
    0xff, 0x70, 0x2, 0xff, 0xfd, 0x21, 0x9f, 0xff,
    0xff, 0x91, 0x3d, 0xff, 0xf2, 0x0, 0xa, 0xff,
    0xff, 0xff, 0xff, 0x5f, 0xff, 0xff, 0xff, 0xf9,
    0x0, 0x0, 0x1c, 0xff, 0xff, 0xff, 0x60, 0x7f,
    0xff, 0xff, 0xfc, 0x0, 0x0, 0x0, 0x7, 0xdf,
    0xeb, 0x40, 0x0, 0x4c, 0xef, 0xc7, 0x0, 0x0,

    /* U+03D7 "?" */
    0x1f, 0xff, 0x70, 0x0, 0x1, 0xef, 0xff, 0x41,
    0xff, 0xf7, 0x0, 0x0, 0xaf, 0xff, 0x90, 0x1f,
    0xff, 0x70, 0x0, 0x4f, 0xff, 0xd0, 0x1, 0xff,
    0xf7, 0x0, 0xe, 0xff, 0xf3, 0x0, 0x1f, 0xff,
    0x70, 0x9, 0xff, 0xf7, 0x0, 0x1, 0xff, 0xf7,
    0x3, 0xff, 0xfb, 0x0, 0x0, 0x1f, 0xff, 0x70,
    0xdf, 0xfe, 0x10, 0x0, 0x1, 0xff, 0xff, 0xff,
    0xff, 0x50, 0x0, 0x0, 0x1f, 0xff, 0xff, 0xff,
    0xd0, 0x0, 0x0, 0x1, 0xff, 0xff, 0xff, 0xff,
    0x70, 0x0, 0x0, 0x1f, 0xff, 0x70, 0xdf, 0xff,
    0x40, 0x0, 0x1, 0xff, 0xf7, 0x2, 0xef, 0xfe,
    0x10, 0x0, 0x1f, 0xff, 0x70, 0x4, 0xff, 0xfc,
    0x0, 0x1, 0xff, 0xf7, 0x0, 0x7, 0xff, 0xf9,
    0x0, 0x1f, 0xff, 0x70, 0x0, 0xa, 0xff, 0xf5,
    0x1, 0xff, 0xf7, 0x0, 0x0, 0xc, 0xff, 0xf2,
    0x0, 0x0, 0x0, 0x0, 0x0, 0xdf, 0xff, 0x20,
    0x0, 0x0, 0x0, 0x0, 0x7f, 0xff, 0x50, 0x0,
    0x0, 0x0, 0x0, 0x2f, 0xff, 0x80, 0x0, 0x0,
    0x0, 0x0, 0xc, 0xff, 0xb0, 0x0, 0x0, 0x0,
    0x0, 0x3, 0xff, 0xe1, 0x0, 0x0, 0x0, 0x0,
    0x0, 0x4, 0xd3, 0x0, 0x0, 0x0, 0x0, 0x0,
    0x0, 0x0, 0x0, 0x0, 0x0,

    /* U+03DC "?" */
    0xff, 0xff, 0xff, 0xff, 0xff, 0xff, 0xf1, 0xff,
    0xff, 0xff, 0xff, 0xff, 0xff, 0xf1, 0xff, 0xff,
    0xff, 0xff, 0xff, 0xff, 0xf1, 0xff, 0xfb, 0x22,
    0x22, 0x22, 0x22, 0x20, 0xff, 0xfb, 0x0, 0x0,
    0x0, 0x0, 0x0, 0xff, 0xfb, 0x0, 0x0, 0x0,
    0x0, 0x0, 0xff, 0xfb, 0x0, 0x0, 0x0, 0x0,
    0x0, 0xff, 0xfb, 0x0, 0x0, 0x0, 0x0, 0x0,
    0xff, 0xfb, 0x0, 0x0, 0x0, 0x0, 0x0, 0xff,
    0xfb, 0x22, 0x22, 0x22, 0x22, 0x20, 0xff, 0xff,
    0xff, 0xff, 0xff, 0xff, 0xf1, 0xff, 0xff, 0xff,
    0xff, 0xff, 0xff, 0xf1, 0xff, 0xff, 0xff, 0xff,
    0xff, 0xff, 0xf1, 0xff, 0xfb, 0x0, 0x0, 0x0,
    0x0, 0x0, 0xff, 0xfb, 0x0, 0x0, 0x0, 0x0,
    0x0, 0xff, 0xfb, 0x0, 0x0, 0x0, 0x0, 0x0,
    0xff, 0xfb, 0x0, 0x0, 0x0, 0x0, 0x0, 0xff,
    0xfb, 0x0, 0x0, 0x0, 0x0, 0x0, 0xff, 0xfb,
    0x0, 0x0, 0x0, 0x0, 0x0, 0xff, 0xfb, 0x0,
    0x0, 0x0, 0x0, 0x0, 0xff, 0xfb, 0x0, 0x0,
    0x0, 0x0, 0x0,

    /* U+03DD "?" */
    0x1f, 0xff, 0xff, 0xff, 0xff, 0xff, 0x81, 0xff,
    0xff, 0xff, 0xff, 0xff, 0xf8, 0x1f, 0xff, 0xff,
    0xff, 0xff, 0xff, 0x81, 0xff, 0xf7, 0x0, 0x0,
    0x0, 0x0, 0x1f, 0xff, 0x70, 0x0, 0x0, 0x0,
    0x1, 0xff, 0xf7, 0x0, 0x0, 0x0, 0x0, 0x1f,
    0xff, 0x70, 0x0, 0x0, 0x0, 0x1, 0xff, 0xf7,
    0x0, 0x0, 0x0, 0x0, 0x1f, 0xff, 0xff, 0xff,
    0xff, 0xff, 0x81, 0xff, 0xff, 0xff, 0xff, 0xff,
    0xf8, 0x1f, 0xff, 0xff, 0xff, 0xff, 0xff, 0x81,
    0xff, 0xf7, 0x0, 0x0, 0x0, 0x0, 0x1f, 0xff,
    0x70, 0x0, 0x0, 0x0, 0x1, 0xff, 0xf7, 0x0,
    0x0, 0x0, 0x0, 0x1f, 0xff, 0x70, 0x0, 0x0,
    0x0, 0x1, 0xff, 0xf7, 0x0, 0x0, 0x0, 0x0,
    0x1f, 0xff, 0x70, 0x0, 0x0, 0x0, 0x1, 0xff,
    0xf7, 0x0, 0x0, 0x0, 0x0, 0x1f, 0xff, 0x70,
    0x0, 0x0, 0x0, 0x1, 0xff, 0xf7, 0x0, 0x0,
    0x0, 0x0, 0x1f, 0xff, 0x70, 0x0, 0x0, 0x0,
    0x1, 0xff, 0xf7, 0x0, 0x0, 0x0, 0x0,

    /* U+03F0 "?" */
    0x4e, 0xfe, 0xa2, 0x0, 0x0, 0x0, 0x8, 0xff,
    0x90, 0x6, 0xff, 0xff, 0xe1, 0x0, 0x0, 0x4,
    0xff, 0xe0, 0x0, 0x5e, 0xff, 0xff, 0x90, 0x0,
    0x1, 0xef, 0xf4, 0x0, 0x0, 0x1, 0xbf, 0xfd,
    0x0, 0x0, 0xaf, 0xff, 0x30, 0x0, 0x0, 0x4,
    0xff, 0xf0, 0x0, 0x6f, 0xff, 0xf3, 0x0, 0x0,
    0x0, 0x3f, 0xff, 0x0, 0x2f, 0xff, 0xff, 0x30,
    0x0, 0x0, 0x3, 0xff, 0xf0, 0xd, 0xff, 0xff,
    0xf3, 0x0, 0x0, 0x0, 0x3f, 0xff, 0x9, 0xff,
    0x9f, 0xff, 0x30, 0x0, 0x0, 0x3, 0xff, 0xf4,
    0xff, 0xd0, 0xff, 0xf3, 0x0, 0x0, 0x0, 0x3f,
    0xff, 0xef, 0xf3, 0xf, 0xff, 0x30, 0x0, 0x0,
    0x3, 0xff, 0xff, 0xf7, 0x0, 0xff, 0xf3, 0x0,
    0x0, 0x0, 0x3f, 0xff, 0xfb, 0x0, 0xf, 0xff,
    0x40, 0x0, 0x0, 0x3, 0xff, 0xfe, 0x10, 0x0,
    0xdf, 0xfb, 0x10, 0x0, 0x0, 0x3f, 0xff, 0x50,
    0x0, 0x9, 0xff, 0xff, 0xf5, 0x0, 0x9, 0xff,
    0xa0, 0x0, 0x0, 0x1e, 0xff, 0xff, 0x50, 0x3,
    0xff, 0xd0, 0x0, 0x0, 0x0, 0x2a, 0xef, 0xf5,

    /* U+03F1 "?" */
    0x0, 0x1, 0x8c, 0xff, 0xda, 0x30, 0x0, 0x0,
    0x3, 0xef, 0xff, 0xff, 0xff, 0x90, 0x0, 0x2,
    0xff, 0xff, 0xff, 0xff, 0xff, 0xa0, 0x0, 0xbf,
    0xff, 0x71, 0x4, 0xdf, 0xff, 0x40, 0x2f, 0xff,
    0x90, 0x0, 0x2, 0xff, 0xfa, 0x7, 0xff, 0xf2,
    0x0, 0x0, 0xb, 0xff, 0xf0, 0xaf, 0xff, 0x0,
    0x0, 0x0, 0x8f, 0xff, 0x1b, 0xff, 0xe0, 0x0,
    0x0, 0x7, 0xff, 0xf3, 0xcf, 0xfe, 0x0, 0x0,
    0x0, 0x7f, 0xff, 0x2c, 0xff, 0xf1, 0x0, 0x0,
    0xa, 0xff, 0xf1, 0xbf, 0xff, 0x70, 0x0, 0x1,
    0xff, 0xfd, 0xa, 0xff, 0xff, 0x71, 0x3, 0xdf,
    0xff, 0x70, 0x8f, 0xff, 0xff, 0xff, 0xff, 0xff,
    0xd0, 0x5, 0xff, 0xae, 0xff, 0xff, 0xff, 0xd2,
    0x0, 0x1f, 0xfb, 0x18, 0xdf, 0xfd, 0x71, 0x0,
    0x0, 0xcf, 0xf3, 0x0, 0x0, 0x0, 0x0, 0x0,
    0x5, 0xff, 0xe5, 0x0, 0x0, 0x0, 0x0, 0x0,
    0xb, 0xff, 0xfc, 0x72, 0x0, 0x0, 0x0, 0x0,
    0xc, 0xff, 0xff, 0xfe, 0x80, 0x0, 0x0, 0x0,
    0x8, 0xff, 0xff, 0xff, 0xd1, 0x0, 0x0, 0x0,
    0x1, 0x7b, 0xff, 0xff, 0x90, 0x0, 0x0, 0x0,
    0x0, 0x0, 0x8f, 0xfd, 0x0, 0x0, 0x0, 0x0,
    0x0, 0x0, 0x88, 0x70, 0x0,

    /* U+03F2 "?" */
    0x0, 0x0, 0x5b, 0xef, 0xec, 0x60, 0x0, 0x0,
    0x2, 0xdf, 0xff, 0xff, 0xff, 0xd2, 0x0, 0x1,
    0xef, 0xff, 0xff, 0xff, 0xff, 0xe1, 0x0, 0xaf,
    0xff, 0xa2, 0x2, 0xaf, 0xff, 0x90, 0x2f, 0xff,
    0xc0, 0x0, 0x0, 0xbf, 0xfe, 0x7, 0xff, 0xf4,
    0x0, 0x0, 0x3, 0x73, 0x0, 0xaf, 0xff, 0x0,
    0x0, 0x0, 0x0, 0x0, 0xb, 0xff, 0xe0, 0x0,
    0x0, 0x0, 0x0, 0x0, 0xbf, 0xfe, 0x0, 0x0,
    0x0, 0x0, 0x0, 0xa, 0xff, 0xf0, 0x0, 0x0,
    0x0, 0x0, 0x0, 0x7f, 0xff, 0x40, 0x0, 0x0,
    0x39, 0x52, 0x2, 0xff, 0xfb, 0x0, 0x0, 0xb,
    0xff, 0xf0, 0xa, 0xff, 0xfa, 0x20, 0x2a, 0xff,
    0xf9, 0x0, 0x1e, 0xff, 0xff, 0xff, 0xff, 0xfe,
    0x10, 0x0, 0x2d, 0xff, 0xff, 0xff, 0xfd, 0x20,
    0x0, 0x0, 0x5, 0xbe, 0xfe, 0xc6, 0x0, 0x0,

    /* U+03F3 "?" */
    0x0, 0x9, 0xfc, 0x10, 0x4, 0xff, 0xf9, 0x0,
    0x4f, 0xff, 0x90, 0x0, 0x9f, 0xc2, 0x0, 0x0,
    0x0, 0x0, 0x0, 0x0, 0x0, 0x0, 0x2f, 0xff,
    0x70, 0x2, 0xff, 0xf7, 0x0, 0x2f, 0xff, 0x70,
    0x2, 0xff, 0xf7, 0x0, 0x2f, 0xff, 0x70, 0x2,
    0xff, 0xf7, 0x0, 0x2f, 0xff, 0x70, 0x2, 0xff,
    0xf7, 0x0, 0x2f, 0xff, 0x70, 0x2, 0xff, 0xf7,
    0x0, 0x2f, 0xff, 0x70, 0x2, 0xff, 0xf7, 0x0,
    0x2f, 0xff, 0x70, 0x2, 0xff, 0xf7, 0x0, 0x2f,
    0xff, 0x70, 0x2, 0xff, 0xf7, 0x0, 0x2f, 0xff,
    0x60, 0x3, 0xff, 0xf6, 0x1, 0xaf, 0xff, 0x49,
    0xff, 0xff, 0xe0, 0x9f, 0xff, 0xf4, 0x9, 0xfe,
    0xa2, 0x0,

    /* U+03F4 "?" */
    0x0, 0x0, 0x1, 0x7b, 0xef, 0xfd, 0x94, 0x0,
    0x0, 0x0, 0x0, 0x0, 0x6f, 0xff, 0xff, 0xff,
    0xff, 0xc2, 0x0, 0x0, 0x0, 0x9, 0xff, 0xff,
    0xff, 0xff, 0xff, 0xfe, 0x30, 0x0, 0x0, 0x7f,
    0xff, 0xfd, 0x86, 0x7a, 0xff, 0xff, 0xe1, 0x0,
    0x2, 0xff, 0xff, 0x60, 0x0, 0x0, 0x1c, 0xff,
    0xfa, 0x0, 0xa, 0xff, 0xf6, 0x0, 0x0, 0x0,
    0x0, 0xdf, 0xff, 0x20, 0xf, 0xff, 0xc0, 0x0,
    0x0, 0x0, 0x0, 0x4f, 0xff, 0x80, 0x4f, 0xff,
    0x70, 0x0, 0x0, 0x0, 0x0, 0xe, 0xff, 0xc0,
    0x7f, 0xff, 0x30, 0x0, 0x0, 0x0, 0x0, 0xb,
    0xff, 0xf0, 0x8f, 0xff, 0xff, 0xff, 0xff, 0xff,
    0xff, 0xff, 0xff, 0xf0, 0x9f, 0xff, 0xff, 0xff,
    0xff, 0xff, 0xff, 0xff, 0xff, 0xf1, 0x8f, 0xff,
    0xba, 0xaa, 0xaa, 0xaa, 0xaa, 0xae, 0xff, 0xf0,
    0x7f, 0xff, 0x40, 0x0, 0x0, 0x0, 0x0, 0xc,
    0xff, 0xf0, 0x4f, 0xff, 0x80, 0x0, 0x0, 0x0,
    0x0, 0xf, 0xff, 0xc0, 0xf, 0xff, 0xe0, 0x0,
    0x0, 0x0, 0x0, 0x6f, 0xff, 0x80, 0xa, 0xff,
    0xf7, 0x0, 0x0, 0x0, 0x1, 0xef, 0xff, 0x20,
    0x2, 0xff, 0xff, 0x70, 0x0, 0x0, 0x2d, 0xff,
    0xfb, 0x0, 0x0, 0x7f, 0xff, 0xfd, 0x86, 0x7a,
    0xff, 0xff, 0xe1, 0x0, 0x0, 0x9, 0xff, 0xff,
    0xff, 0xff, 0xff, 0xfe, 0x30, 0x0, 0x0, 0x0,
    0x6f, 0xff, 0xff, 0xff, 0xff, 0xc2, 0x0, 0x0,
    0x0, 0x0, 0x1, 0x7b, 0xef, 0xfd, 0x94, 0x0,
    0x0, 0x0,

    /* U+03F5 "?" */
    0x0, 0x3, 0x9d, 0xff, 0xff, 0xf2, 0x0, 0x7f,
    0xff, 0xff, 0xff, 0xf2, 0x6, 0xff, 0xff, 0xff,
    0xff, 0xf2, 0x1e, 0xff, 0xf6, 0x10, 0x0, 0x0,
    0x6f, 0xff, 0x70, 0x0, 0x0, 0x0, 0xbf, 0xff,
    0x0, 0x0, 0x0, 0x0, 0xdf, 0xfd, 0x0, 0x0,
    0x0, 0x0, 0xff, 0xff, 0xff, 0xff, 0xe0, 0x0,
    0xff, 0xff, 0xff, 0xff, 0xe0, 0x0, 0xdf, 0xff,
    0xcc, 0xcc, 0xb0, 0x0, 0xbf, 0xff, 0x0, 0x0,
    0x0, 0x0, 0x6f, 0xff, 0x40, 0x0, 0x0, 0x0,
    0x1e, 0xff, 0xe5, 0x10, 0x0, 0x0, 0x6, 0xff,
    0xff, 0xff, 0xff, 0xf2, 0x0, 0x6f, 0xff, 0xff,
    0xff, 0xf2, 0x0, 0x3, 0x9d, 0xff, 0xff, 0xf2,

    /* U+03F6 "?" */
    0xff, 0xff, 0xfe, 0xa4, 0x0, 0x0, 0xff, 0xff,
    0xff, 0xff, 0x90, 0x0, 0xff, 0xff, 0xff, 0xff,
    0xf8, 0x0, 0x0, 0x0, 0x4, 0xef, 0xff, 0x20,
    0x0, 0x0, 0x0, 0x5f, 0xff, 0x90, 0x0, 0x0,
    0x0, 0xe, 0xff, 0xe0, 0x0, 0x0, 0x0, 0xa,
    0xff, 0xf0, 0x0, 0xcf, 0xff, 0xff, 0xff, 0xf1,
    0x0, 0xcf, 0xff, 0xff, 0xff, 0xf1, 0x0, 0x9c,
    0xcc, 0xce, 0xff, 0xf0, 0x0, 0x0, 0x0, 0xb,
    0xff, 0xe0, 0x0, 0x0, 0x0, 0x2f, 0xff, 0x90,
    0x0, 0x0, 0x14, 0xdf, 0xff, 0x30, 0xff, 0xff,
    0xff, 0xff, 0xf9, 0x0, 0xff, 0xff, 0xff, 0xff,
    0x90, 0x0, 0xff, 0xff, 0xfe, 0xa4, 0x0, 0x0,

    /* U+03F9 "?" */
    0x0, 0x0, 0x1, 0x7b, 0xef, 0xed, 0x93, 0x0,
    0x0, 0x0, 0x0, 0x6, 0xff, 0xff, 0xff, 0xff,
    0xfb, 0x20, 0x0, 0x0, 0xa, 0xff, 0xff, 0xff,
    0xff, 0xff, 0xfe, 0x20, 0x0, 0x8, 0xff, 0xff,
    0xd8, 0x67, 0xaf, 0xff, 0xfd, 0x0, 0x2, 0xff,
    0xff, 0x70, 0x0, 0x0, 0x2d, 0xff, 0xf7, 0x0,
    0xaf, 0xff, 0x80, 0x0, 0x0, 0x0, 0x1f, 0xff,
    0xe0, 0xf, 0xff, 0xd0, 0x0, 0x0, 0x0, 0x0,
    0x9f, 0xff, 0x24, 0xff, 0xf7, 0x0, 0x0, 0x0,
    0x0, 0x0, 0x22, 0x20, 0x7f, 0xff, 0x40, 0x0,
    0x0, 0x0, 0x0, 0x0, 0x0, 0x8, 0xff, 0xf2,
    0x0, 0x0, 0x0, 0x0, 0x0, 0x0, 0x0, 0x9f,
    0xff, 0x10, 0x0, 0x0, 0x0, 0x0, 0x0, 0x0,
    0x8, 0xff, 0xf2, 0x0, 0x0, 0x0, 0x0, 0x0,
    0x0, 0x0, 0x7f, 0xff, 0x40, 0x0, 0x0, 0x0,
    0x0, 0x0, 0x0, 0x4, 0xff, 0xf7, 0x0, 0x0,
    0x0, 0x0, 0x0, 0x22, 0x20, 0xf, 0xff, 0xd0,
    0x0, 0x0, 0x0, 0x0, 0x9f, 0xff, 0x20, 0xaf,
    0xff, 0x70, 0x0, 0x0, 0x0, 0x1f, 0xff, 0xe0,
    0x2, 0xff, 0xff, 0x70, 0x0, 0x0, 0x2d, 0xff,
    0xf7, 0x0, 0x8, 0xff, 0xff, 0xd8, 0x67, 0xaf,
    0xff, 0xfd, 0x0, 0x0, 0xa, 0xff, 0xff, 0xff,
    0xff, 0xff, 0xfe, 0x10, 0x0, 0x0, 0x7, 0xff,
    0xff, 0xff, 0xff, 0xfa, 0x10, 0x0, 0x0, 0x0,
    0x1, 0x7b, 0xef, 0xed, 0x93, 0x0, 0x0, 0x0,

    /* U+03FA "?" */
    0xff, 0xff, 0xfb, 0x0, 0x0, 0x0, 0x0, 0x0,
    0xef, 0xff, 0xfc, 0xff, 0xff, 0xff, 0x10, 0x0,
    0x0, 0x0, 0x4, 0xff, 0xff, 0xfc, 0xff, 0xff,
    0xff, 0x70, 0x0, 0x0, 0x0, 0x9, 0xff, 0xff,
    0xfc, 0xff, 0xff, 0xff, 0xc0, 0x0, 0x0, 0x0,
    0xf, 0xff, 0xff, 0xfc, 0xff, 0xfc, 0xff, 0xf2,
    0x0, 0x0, 0x0, 0x5f, 0xff, 0xcf, 0xfc, 0xff,
    0xf9, 0xef, 0xf8, 0x0, 0x0, 0x0, 0xaf, 0xfb,
    0xcf, 0xfc, 0xff, 0xf9, 0xaf, 0xfd, 0x0, 0x0,
    0x0, 0xff, 0xf6, 0xcf, 0xfc, 0xff, 0xf9, 0x6f,
    0xff, 0x30, 0x0, 0x6, 0xff, 0xf1, 0xdf, 0xfc,
    0xff, 0xf9, 0x1f, 0xff, 0x90, 0x0, 0xb, 0xff,
    0xd0, 0xdf, 0xfc, 0xff, 0xfa, 0xc, 0xff, 0xe0,
    0x0, 0x1f, 0xff, 0x80, 0xdf, 0xfc, 0xff, 0xfa,
    0x6, 0xff, 0xf4, 0x0, 0x7f, 0xff, 0x20, 0xdf,
    0xfc, 0xff, 0xfa, 0x1, 0xff, 0xf9, 0x0, 0xcf,
    0xfd, 0x0, 0xdf, 0xfc, 0xff, 0xfa, 0x0, 0xbf,
    0xfe, 0x0, 0xff, 0xf7, 0x0, 0xdf, 0xfc, 0xff,
    0xfa, 0x0, 0x5f, 0xff, 0x24, 0xff, 0xf1, 0x0,
    0xdf, 0xfc, 0xff, 0xfa, 0x0, 0xf, 0xff, 0x68,
    0xff, 0xc0, 0x0, 0xdf, 0xfc, 0xff, 0xfa, 0x0,
    0x9, 0xff, 0xac, 0xff, 0x60, 0x0, 0xdf, 0xfc,
    0xff, 0xfa, 0x0, 0x4, 0xff, 0xef, 0xff, 0x10,
    0x0, 0xdf, 0xfc, 0xff, 0xfa, 0x0, 0x0, 0xef,
    0xff, 0xfb, 0x0, 0x0, 0xdf, 0xfc, 0xff, 0xfa,
    0x0, 0x0, 0x8f, 0xff, 0xf5, 0x0, 0x0, 0xdf,
    0xfc, 0xff, 0xfa, 0x0, 0x0, 0x2f, 0xff, 0xf0,
    0x0, 0x0, 0xdf, 0xfc, 0xff, 0xfa, 0x0, 0x0,
    0xd, 0xff, 0xa0, 0x0, 0x0, 0xdf, 0xfc,

    /* U+03FC "?" */
    0x0, 0x0, 0x0, 0x18, 0xdf, 0xfd, 0x92, 0x0,
    0x0, 0x0, 0x0, 0x5, 0xff, 0xff, 0xff, 0xff,
    0x80, 0x0, 0x0, 0x0, 0x5f, 0xff, 0xff, 0xff,
    0xff, 0xf8, 0x0, 0x0, 0x1, 0xef, 0xfe, 0x61,
    0x15, 0xef, 0xff, 0x30, 0x0, 0x6, 0xff, 0xf4,
    0x0, 0x0, 0x4f, 0xff, 0xa0, 0x0, 0xc, 0xff,
    0xc0, 0x0, 0x0, 0xd, 0xff, 0xe0, 0x0, 0xf,
    0xff, 0x80, 0x0, 0x0, 0x8, 0xff, 0xf1, 0x0,
    0xf, 0xff, 0x60, 0x0, 0x0, 0x6, 0xff, 0xf3,
    0x0, 0x1f, 0xff, 0x60, 0x0, 0x0, 0x7, 0xff,
    0xf3, 0x0, 0x1f, 0xff, 0x80, 0x0, 0x0, 0x8,
    0xff, 0xf2, 0x0, 0x1f, 0xff, 0xd0, 0x0, 0x0,
    0xd, 0xff, 0xf0, 0x0, 0x1f, 0xff, 0xf4, 0x0,
    0x0, 0x4f, 0xff, 0xb0, 0x0, 0x1f, 0xff, 0xff,
    0x61, 0x16, 0xff, 0xff, 0x40, 0x0, 0x1f, 0xff,
    0xbf, 0xff, 0xff, 0xff, 0xfb, 0x0, 0x0, 0x1f,
    0xff, 0x78, 0xff, 0xff, 0xff, 0xb0, 0x0, 0x0,
    0x1f, 0xff, 0x70, 0x5c, 0xfe, 0xc5, 0x0, 0x0,
    0x0, 0x1f, 0xff, 0x70, 0x0, 0x0, 0x0, 0x0,
    0x0, 0x35, 0x7f, 0xff, 0xc5, 0x55, 0x0, 0x0,
    0x0, 0x0, 0x9f, 0xff, 0xff, 0xff, 0xfe, 0x0,
    0x0, 0x0, 0x0, 0x9f, 0xff, 0xff, 0xff, 0xfe,
    0x0, 0x0, 0x0, 0x0, 0x0, 0x1f, 0xff, 0x70,
    0x0, 0x0, 0x0, 0x0, 0x0, 0x0, 0x1f, 0xff,
    0x70, 0x0, 0x0, 0x0, 0x0, 0x0,

    /* U+03FD "?" */
    0x0, 0x0, 0x6, 0xbd, 0xff, 0xda, 0x40, 0x0,
    0x0, 0x0, 0x0, 0x5e, 0xff, 0xff, 0xff, 0xff,
    0xc3, 0x0, 0x0, 0x0, 0x7f, 0xff, 0xff, 0xff,
    0xff, 0xff, 0xf4, 0x0, 0x0, 0x4f, 0xff, 0xfe,
    0x96, 0x7a, 0xff, 0xff, 0xf2, 0x0, 0xd, 0xff,
    0xf8, 0x0, 0x0, 0x1, 0xcf, 0xff, 0xc0, 0x4,
    0xff, 0xfa, 0x0, 0x0, 0x0, 0x0, 0xdf, 0xff,
    0x40, 0x8f, 0xff, 0x20, 0x0, 0x0, 0x0, 0x4,
    0xff, 0xfa, 0x1, 0x22, 0x10, 0x0, 0x0, 0x0,
    0x0, 0xd, 0xff, 0xe0, 0x0, 0x0, 0x0, 0x0,
    0x0, 0x0, 0x0, 0xaf, 0xff, 0x0, 0x0, 0x0,
    0x0, 0x0, 0x0, 0x0, 0x8, 0xff, 0xf2, 0x0,
    0x0, 0x0, 0x0, 0x0, 0x0, 0x0, 0x7f, 0xff,
    0x30, 0x0, 0x0, 0x0, 0x0, 0x0, 0x0, 0x8,
    0xff, 0xf2, 0x0, 0x0, 0x0, 0x0, 0x0, 0x0,
    0x0, 0xaf, 0xff, 0x11, 0x22, 0x10, 0x0, 0x0,
    0x0, 0x0, 0xd, 0xff, 0xe0, 0x8f, 0xff, 0x30,
    0x0, 0x0, 0x0, 0x3, 0xff, 0xfa, 0x4, 0xff,
    0xfa, 0x0, 0x0, 0x0, 0x0, 0xdf, 0xff, 0x40,
    0xd, 0xff, 0xf9, 0x0, 0x0, 0x1, 0xcf, 0xff,
    0xc0, 0x0, 0x4f, 0xff, 0xfe, 0x96, 0x6a, 0xff,
    0xff, 0xf2, 0x0, 0x0, 0x6f, 0xff, 0xff, 0xff,
    0xff, 0xff, 0xf4, 0x0, 0x0, 0x0, 0x4e, 0xff,
    0xff, 0xff, 0xff, 0xd3, 0x0, 0x0, 0x0, 0x0,
    0x5, 0xbd, 0xff, 0xda, 0x50, 0x0, 0x0, 0x0,

    /* U+03FE "?" */
    0x0, 0x0, 0x1, 0x7b, 0xef, 0xed, 0x94, 0x0,
    0x0, 0x0, 0x0, 0x6, 0xff, 0xff, 0xff, 0xff,
    0xfc, 0x20, 0x0, 0x0, 0xa, 0xff, 0xff, 0xff,
    0xff, 0xff, 0xfe, 0x30, 0x0, 0x8, 0xff, 0xff,
    0xd8, 0x67, 0xaf, 0xff, 0xfe, 0x10, 0x2, 0xff,
    0xff, 0x70, 0x0, 0x0, 0x1c, 0xff, 0xf8, 0x0,
    0xaf, 0xff, 0x80, 0x0, 0x0, 0x0, 0xe, 0xff,
    0xe0, 0xf, 0xff, 0xd0, 0x0, 0x0, 0x0, 0x0,
    0x7d, 0xdd, 0x24, 0xff, 0xf7, 0x0, 0x0, 0x0,
    0x0, 0x0, 0x0, 0x0, 0x7f, 0xff, 0x40, 0x0,
    0x9f, 0xc2, 0x0, 0x0, 0x0, 0x8, 0xff, 0xf2,
    0x0, 0x5f, 0xff, 0xb0, 0x0, 0x0, 0x0, 0x9f,
    0xff, 0x10, 0x7, 0xff, 0xfd, 0x0, 0x0, 0x0,
    0x8, 0xff, 0xf2, 0x0, 0x2f, 0xff, 0x70, 0x0,
    0x0, 0x0, 0x7f, 0xff, 0x40, 0x0, 0x27, 0x40,
    0x0, 0x0, 0x0, 0x4, 0xff, 0xf7, 0x0, 0x0,
    0x0, 0x0, 0x1, 0x44, 0x41, 0xf, 0xff, 0xd0,
    0x0, 0x0, 0x0, 0x0, 0xaf, 0xff, 0x20, 0xaf,
    0xff, 0x70, 0x0, 0x0, 0x0, 0x2f, 0xff, 0xd0,
    0x2, 0xff, 0xff, 0x70, 0x0, 0x0, 0x2d, 0xff,
    0xf6, 0x0, 0x8, 0xff, 0xff, 0xd8, 0x66, 0xaf,
    0xff, 0xfc, 0x0, 0x0, 0xa, 0xff, 0xff, 0xff,
    0xff, 0xff, 0xfd, 0x10, 0x0, 0x0, 0x7, 0xff,
    0xff, 0xff, 0xff, 0xfa, 0x10, 0x0, 0x0, 0x0,
    0x1, 0x7b, 0xef, 0xec, 0x93, 0x0, 0x0, 0x0,

    /* U+03FF "?" */
    0x0, 0x0, 0x16, 0xbd, 0xff, 0xda, 0x40, 0x0,
    0x0, 0x0, 0x0, 0x6e, 0xff, 0xff, 0xff, 0xff,
    0xc3, 0x0, 0x0, 0x0, 0x8f, 0xff, 0xff, 0xff,
    0xff, 0xff, 0xf4, 0x0, 0x0, 0x5f, 0xff, 0xfe,
    0x86, 0x7a, 0xff, 0xff, 0xf2, 0x0, 0xe, 0xff,
    0xf7, 0x0, 0x0, 0x1, 0xcf, 0xff, 0xc0, 0x5,
    0xff, 0xf8, 0x0, 0x0, 0x0, 0x0, 0xdf, 0xff,
    0x40, 0x7d, 0xdd, 0x10, 0x0, 0x0, 0x0, 0x4,
    0xff, 0xfa, 0x0, 0x0, 0x0, 0x0, 0x0, 0x0,
    0x0, 0xd, 0xff, 0xe0, 0x0, 0x0, 0x0, 0x8,
    0xfc, 0x20, 0x0, 0xaf, 0xff, 0x0, 0x0, 0x0,
    0x4, 0xff, 0xfc, 0x0, 0x8, 0xff, 0xf2, 0x0,
    0x0, 0x0, 0x6f, 0xff, 0xe0, 0x0, 0x7f, 0xff,
    0x30, 0x0, 0x0, 0x1, 0xff, 0xf8, 0x0, 0x8,
    0xff, 0xf2, 0x0, 0x0, 0x0, 0x2, 0x75, 0x0,
    0x0, 0xaf, 0xff, 0x12, 0x44, 0x30, 0x0, 0x0,
    0x0, 0x0, 0xd, 0xff, 0xe0, 0x8f, 0xff, 0x40,
    0x0, 0x0, 0x0, 0x3, 0xff, 0xfa, 0x3, 0xff,
    0xfb, 0x0, 0x0, 0x0, 0x0, 0xdf, 0xff, 0x40,
    0xc, 0xff, 0xf9, 0x0, 0x0, 0x1, 0xcf, 0xff,
    0xc0, 0x0, 0x3f, 0xff, 0xfe, 0x86, 0x6a, 0xff,
    0xff, 0xf2, 0x0, 0x0, 0x5f, 0xff, 0xff, 0xff,
    0xff, 0xff, 0xf4, 0x0, 0x0, 0x0, 0x3d, 0xff,
    0xff, 0xff, 0xff, 0xd3, 0x0, 0x0, 0x0, 0x0,
    0x5, 0xbd, 0xff, 0xda, 0x50, 0x0, 0x0, 0x0,

    /* U+0400 "?" */
    0x0, 0x15, 0x55, 0x10, 0x0, 0x0, 0x0, 0x0,
    0xc, 0xff, 0x80, 0x0, 0x0, 0x0, 0x0, 0x2,
    0xff, 0xe0, 0x0, 0x0, 0x0, 0x0, 0x0, 0x8f,
    0xf6, 0x0, 0x0, 0x0, 0x0, 0x0, 0xd, 0xfc,
    0x0, 0x0, 0x0, 0x0, 0x0, 0x0, 0x0, 0x0,
    0x0, 0x0, 0x0, 0x0, 0x0, 0x0, 0x0, 0x0,
    0x0, 0xff, 0xff, 0xff, 0xff, 0xff, 0xff, 0xf4,
    0xff, 0xff, 0xff, 0xff, 0xff, 0xff, 0xf4, 0xff,
    0xff, 0xff, 0xff, 0xff, 0xff, 0xf4, 0xff, 0xfc,
    0x22, 0x22, 0x22, 0x22, 0x20, 0xff, 0xfb, 0x0,
    0x0, 0x0, 0x0, 0x0, 0xff, 0xfb, 0x0, 0x0,
    0x0, 0x0, 0x0, 0xff, 0xfb, 0x0, 0x0, 0x0,
    0x0, 0x0, 0xff, 0xfb, 0x0, 0x0, 0x0, 0x0,
    0x0, 0xff, 0xfb, 0x22, 0x22, 0x22, 0x22, 0x10,
    0xff, 0xff, 0xff, 0xff, 0xff, 0xff, 0x90, 0xff,
    0xff, 0xff, 0xff, 0xff, 0xff, 0x90, 0xff, 0xff,
    0xff, 0xff, 0xff, 0xff, 0x90, 0xff, 0xfb, 0x0,
    0x0, 0x0, 0x0, 0x0, 0xff, 0xfb, 0x0, 0x0,
    0x0, 0x0, 0x0, 0xff, 0xfb, 0x0, 0x0, 0x0,
    0x0, 0x0, 0xff, 0xfb, 0x0, 0x0, 0x0, 0x0,
    0x0, 0xff, 0xfb, 0x0, 0x0, 0x0, 0x0, 0x0,
    0xff, 0xfc, 0x22, 0x22, 0x22, 0x22, 0x20, 0xff,
    0xff, 0xff, 0xff, 0xff, 0xff, 0xf5, 0xff, 0xff,
    0xff, 0xff, 0xff, 0xff, 0xf5, 0xff, 0xff, 0xff,
    0xff, 0xff, 0xff, 0xf5,

    /* U+0401 "?" */
    0x0, 0x7f, 0xc1, 0x0, 0x8f, 0xc1, 0x0, 0x1,
    0xff, 0xf8, 0x2, 0xff, 0xf8, 0x0, 0x1, 0xff,
    0xf7, 0x1, 0xff, 0xf7, 0x0, 0x0, 0x5c, 0xa0,
    0x0, 0x6c, 0x90, 0x0, 0x0, 0x0, 0x0, 0x0,
    0x0, 0x0, 0x0, 0x0, 0x0, 0x0, 0x0, 0x0,
    0x0, 0x0, 0xff, 0xff, 0xff, 0xff, 0xff, 0xff,
    0xf4, 0xff, 0xff, 0xff, 0xff, 0xff, 0xff, 0xf4,
    0xff, 0xff, 0xff, 0xff, 0xff, 0xff, 0xf4, 0xff,
    0xfc, 0x22, 0x22, 0x22, 0x22, 0x20, 0xff, 0xfb,
    0x0, 0x0, 0x0, 0x0, 0x0, 0xff, 0xfb, 0x0,
    0x0, 0x0, 0x0, 0x0, 0xff, 0xfb, 0x0, 0x0,
    0x0, 0x0, 0x0, 0xff, 0xfb, 0x0, 0x0, 0x0,
    0x0, 0x0, 0xff, 0xfb, 0x22, 0x22, 0x22, 0x22,
    0x10, 0xff, 0xff, 0xff, 0xff, 0xff, 0xff, 0x90,
    0xff, 0xff, 0xff, 0xff, 0xff, 0xff, 0x90, 0xff,
    0xff, 0xff, 0xff, 0xff, 0xff, 0x90, 0xff, 0xfb,
    0x0, 0x0, 0x0, 0x0, 0x0, 0xff, 0xfb, 0x0,
    0x0, 0x0, 0x0, 0x0, 0xff, 0xfb, 0x0, 0x0,
    0x0, 0x0, 0x0, 0xff, 0xfb, 0x0, 0x0, 0x0,
    0x0, 0x0, 0xff, 0xfb, 0x0, 0x0, 0x0, 0x0,
    0x0, 0xff, 0xfc, 0x22, 0x22, 0x22, 0x22, 0x20,
    0xff, 0xff, 0xff, 0xff, 0xff, 0xff, 0xf5, 0xff,
    0xff, 0xff, 0xff, 0xff, 0xff, 0xf5, 0xff, 0xff,
    0xff, 0xff, 0xff, 0xff, 0xf5,

    /* U+0402 "?" */
    0xdf, 0xff, 0xff, 0xff, 0xff, 0xff, 0xff, 0xff,
    0x50, 0x0, 0x0, 0xdf, 0xff, 0xff, 0xff, 0xff,
    0xff, 0xff, 0xff, 0x50, 0x0, 0x0, 0xdf, 0xff,
    0xff, 0xff, 0xff, 0xff, 0xff, 0xff, 0x50, 0x0,
    0x0, 0x22, 0x22, 0x22, 0xaf, 0xff, 0x32, 0x22,
    0x22, 0x0, 0x0, 0x0, 0x0, 0x0, 0x0, 0x9f,
    0xff, 0x10, 0x0, 0x0, 0x0, 0x0, 0x0, 0x0,
    0x0, 0x0, 0x9f, 0xff, 0x10, 0x0, 0x0, 0x0,
    0x0, 0x0, 0x0, 0x0, 0x0, 0x9f, 0xff, 0x10,
    0x0, 0x0, 0x0, 0x0, 0x0, 0x0, 0x0, 0x0,
    0x9f, 0xff, 0x10, 0x0, 0x0, 0x0, 0x0, 0x0,
    0x0, 0x0, 0x0, 0x9f, 0xff, 0x16, 0xbe, 0xfd,
    0xa4, 0x0, 0x0, 0x0, 0x0, 0x0, 0x9f, 0xff,
    0xcf, 0xff, 0xff, 0xff, 0xb1, 0x0, 0x0, 0x0,
    0x0, 0x9f, 0xff, 0xff, 0xff, 0xff, 0xff, 0xfd,
    0x0, 0x0, 0x0, 0x0, 0x9f, 0xff, 0xff, 0xa7,
    0x7b, 0xff, 0xff, 0xa0, 0x0, 0x0, 0x0, 0x9f,
    0xff, 0xf3, 0x0, 0x0, 0x3f, 0xff, 0xf1, 0x0,
    0x0, 0x0, 0x9f, 0xff, 0x80, 0x0, 0x0, 0x7,
    0xff, 0xf6, 0x0, 0x0, 0x0, 0x9f, 0xff, 0x30,
    0x0, 0x0, 0x2, 0xff, 0xf9, 0x0, 0x0, 0x0,
    0x9f, 0xff, 0x10, 0x0, 0x0, 0x1, 0xff, 0xf9,
    0x0, 0x0, 0x0, 0x9f, 0xff, 0x10, 0x0, 0x0,
    0x4, 0xff, 0xf7, 0x0, 0x0, 0x0, 0x9f, 0xff,
    0x10, 0x0, 0x0, 0xb, 0xff, 0xf4, 0x0, 0x0,
    0x0, 0x9f, 0xff, 0x10, 0x0, 0x14, 0xcf, 0xff,
    0xd0, 0x0, 0x0, 0x0, 0x9f, 0xff, 0x10, 0x7f,
    0xff, 0xff, 0xff, 0x40, 0x0, 0x0, 0x0, 0x9f,
    0xff, 0x10, 0x7f, 0xff, 0xff, 0xf5, 0x0, 0x0,
    0x0, 0x0, 0x0, 0x0, 0x0, 0x7f, 0xff, 0xfa,
    0x20, 0x0, 0x0, 0x0, 0x0, 0x0, 0x0, 0x0,
    0x36, 0x53, 0x0, 0x0, 0x0,

    /* U+0403 "?" */
    0x0, 0x0, 0x0, 0x4, 0x55, 0x30, 0x0, 0x0,
    0x0, 0x0, 0x2f, 0xff, 0x30, 0x0, 0x0, 0x0,
    0x0, 0x8f, 0xf8, 0x0, 0x0, 0x0, 0x0, 0x0,
    0xff, 0xd0, 0x0, 0x0, 0x0, 0x0, 0x6, 0xff,
    0x40, 0x0, 0x0, 0x0, 0x0, 0x0, 0x0, 0x0,
    0x0, 0x0, 0x0, 0x0, 0x0, 0x0, 0x0, 0x0,
    0x0, 0xff, 0xff, 0xff, 0xff, 0xff, 0xff, 0xf2,
    0xff, 0xff, 0xff, 0xff, 0xff, 0xff, 0xf2, 0xff,
    0xff, 0xff, 0xff, 0xff, 0xff, 0xf2, 0xff, 0xfb,
    0x22, 0x22, 0x22, 0x22, 0x20, 0xff, 0xfb, 0x0,
    0x0, 0x0, 0x0, 0x0, 0xff, 0xfb, 0x0, 0x0,
    0x0, 0x0, 0x0, 0xff, 0xfb, 0x0, 0x0, 0x0,
    0x0, 0x0, 0xff, 0xfb, 0x0, 0x0, 0x0, 0x0,
    0x0, 0xff, 0xfb, 0x0, 0x0, 0x0, 0x0, 0x0,
    0xff, 0xfb, 0x0, 0x0, 0x0, 0x0, 0x0, 0xff,
    0xfb, 0x0, 0x0, 0x0, 0x0, 0x0, 0xff, 0xfb,
    0x0, 0x0, 0x0, 0x0, 0x0, 0xff, 0xfb, 0x0,
    0x0, 0x0, 0x0, 0x0, 0xff, 0xfb, 0x0, 0x0,
    0x0, 0x0, 0x0, 0xff, 0xfb, 0x0, 0x0, 0x0,
    0x0, 0x0, 0xff, 0xfb, 0x0, 0x0, 0x0, 0x0,
    0x0, 0xff, 0xfb, 0x0, 0x0, 0x0, 0x0, 0x0,
    0xff, 0xfb, 0x0, 0x0, 0x0, 0x0, 0x0, 0xff,
    0xfb, 0x0, 0x0, 0x0, 0x0, 0x0, 0xff, 0xfb,
    0x0, 0x0, 0x0, 0x0, 0x0, 0xff, 0xfb, 0x0,
    0x0, 0x0, 0x0, 0x0,

    /* U+0404 "?" */
    0x0, 0x0, 0x1, 0x7b, 0xef, 0xed, 0x93, 0x0,
    0x0, 0x0, 0x0, 0x6, 0xff, 0xff, 0xff, 0xff,
    0xfb, 0x10, 0x0, 0x0, 0xa, 0xff, 0xff, 0xff,
    0xff, 0xff, 0xfe, 0x20, 0x0, 0x8, 0xff, 0xff,
    0xd8, 0x67, 0xaf, 0xff, 0xfd, 0x0, 0x2, 0xff,
    0xff, 0x60, 0x0, 0x0, 0x1d, 0xff, 0xf7, 0x0,
    0xaf, 0xff, 0x60, 0x0, 0x0, 0x0, 0x1e, 0xff,
    0xe0, 0xf, 0xff, 0xd0, 0x0, 0x0, 0x0, 0x0,
    0x9f, 0xff, 0x24, 0xff, 0xf7, 0x0, 0x0, 0x0,
    0x0, 0x0, 0x22, 0x20, 0x7f, 0xff, 0x52, 0x22,
    0x22, 0x21, 0x0, 0x0, 0x0, 0x8, 0xff, 0xff,
    0xff, 0xff, 0xff, 0xc0, 0x0, 0x0, 0x0, 0x9f,
    0xff, 0xff, 0xff, 0xff, 0xfc, 0x0, 0x0, 0x0,
    0x8, 0xff, 0xff, 0xff, 0xff, 0xff, 0xc0, 0x0,
    0x0, 0x0, 0x7f, 0xff, 0x30, 0x0, 0x0, 0x0,
    0x0, 0x0, 0x0, 0x4, 0xff, 0xf6, 0x0, 0x0,
    0x0, 0x0, 0x0, 0x0, 0x0, 0xf, 0xff, 0xc0,
    0x0, 0x0, 0x0, 0x0, 0x8f, 0xff, 0x30, 0xaf,
    0xff, 0x50, 0x0, 0x0, 0x0, 0x1e, 0xff, 0xe0,
    0x2, 0xff, 0xff, 0x50, 0x0, 0x0, 0x1c, 0xff,
    0xf7, 0x0, 0x8, 0xff, 0xff, 0xc7, 0x67, 0xaf,
    0xff, 0xfd, 0x0, 0x0, 0xa, 0xff, 0xff, 0xff,
    0xff, 0xff, 0xfe, 0x20, 0x0, 0x0, 0x7, 0xff,
    0xff, 0xff, 0xff, 0xfb, 0x10, 0x0, 0x0, 0x0,
    0x1, 0x7b, 0xef, 0xed, 0x93, 0x0, 0x0, 0x0,

    /* U+0405 "?" */
    0x0, 0x0, 0x39, 0xde, 0xfe, 0xb6, 0x10, 0x0,
    0x0, 0x1a, 0xff, 0xff, 0xff, 0xff, 0xe5, 0x0,
    0x0, 0xcf, 0xff, 0xff, 0xff, 0xff, 0xff, 0x50,
    0x8, 0xff, 0xfe, 0x84, 0x35, 0xbf, 0xff, 0xe0,
    0xe, 0xff, 0xe2, 0x0, 0x0, 0x8, 0xff, 0xf6,
    0x1f, 0xff, 0xa0, 0x0, 0x0, 0x0, 0xee, 0xe8,
    0x1f, 0xff, 0xa0, 0x0, 0x0, 0x0, 0x0, 0x0,
    0xe, 0xff, 0xf6, 0x0, 0x0, 0x0, 0x0, 0x0,
    0x7, 0xff, 0xff, 0xd8, 0x30, 0x0, 0x0, 0x0,
    0x0, 0xaf, 0xff, 0xff, 0xff, 0xa5, 0x0, 0x0,
    0x0, 0x5, 0xdf, 0xff, 0xff, 0xff, 0xe5, 0x0,
    0x0, 0x0, 0x3, 0x7b, 0xff, 0xff, 0xff, 0x70,
    0x0, 0x0, 0x0, 0x0, 0x5, 0xbf, 0xff, 0xf3,
    0x0, 0x0, 0x0, 0x0, 0x0, 0x4, 0xff, 0xfa,
    0x46, 0x65, 0x0, 0x0, 0x0, 0x0, 0xcf, 0xfd,
    0x9f, 0xff, 0x10, 0x0, 0x0, 0x0, 0xdf, 0xfd,
    0x5f, 0xff, 0xa0, 0x0, 0x0, 0x6, 0xff, 0xfa,
    0xe, 0xff, 0xfd, 0x74, 0x46, 0xbf, 0xff, 0xf4,
    0x4, 0xff, 0xff, 0xff, 0xff, 0xff, 0xff, 0xa0,
    0x0, 0x4e, 0xff, 0xff, 0xff, 0xff, 0xf8, 0x0,
    0x0, 0x0, 0x6b, 0xef, 0xfe, 0xc8, 0x20, 0x0,

    /* U+0406 "?" */
    0xff, 0xfb, 0xff, 0xfb, 0xff, 0xfb, 0xff, 0xfb,
    0xff, 0xfb, 0xff, 0xfb, 0xff, 0xfb, 0xff, 0xfb,
    0xff, 0xfb, 0xff, 0xfb, 0xff, 0xfb, 0xff, 0xfb,
    0xff, 0xfb, 0xff, 0xfb, 0xff, 0xfb, 0xff, 0xfb,
    0xff, 0xfb, 0xff, 0xfb, 0xff, 0xfb, 0xff, 0xfb,
    0xff, 0xfb,

    /* U+0407 "?" */
    0x5e, 0xd2, 0x0, 0x5e, 0xd2, 0xef, 0xfb, 0x0,
    0xff, 0xfa, 0xdf, 0xfa, 0x0, 0xef, 0xfa, 0x3c,
    0xb1, 0x0, 0x4c, 0xb1, 0x0, 0x0, 0x0, 0x0,
    0x0, 0x0, 0x0, 0x0, 0x0, 0x0, 0x0, 0xf,
    0xff, 0xb0, 0x0, 0x0, 0xf, 0xff, 0xb0, 0x0,
    0x0, 0xf, 0xff, 0xb0, 0x0, 0x0, 0xf, 0xff,
    0xb0, 0x0, 0x0, 0xf, 0xff, 0xb0, 0x0, 0x0,
    0xf, 0xff, 0xb0, 0x0, 0x0, 0xf, 0xff, 0xb0,
    0x0, 0x0, 0xf, 0xff, 0xb0, 0x0, 0x0, 0xf,
    0xff, 0xb0, 0x0, 0x0, 0xf, 0xff, 0xb0, 0x0,
    0x0, 0xf, 0xff, 0xb0, 0x0, 0x0, 0xf, 0xff,
    0xb0, 0x0, 0x0, 0xf, 0xff, 0xb0, 0x0, 0x0,
    0xf, 0xff, 0xb0, 0x0, 0x0, 0xf, 0xff, 0xb0,
    0x0, 0x0, 0xf, 0xff, 0xb0, 0x0, 0x0, 0xf,
    0xff, 0xb0, 0x0, 0x0, 0xf, 0xff, 0xb0, 0x0,
    0x0, 0xf, 0xff, 0xb0, 0x0, 0x0, 0xf, 0xff,
    0xb0, 0x0, 0x0, 0xf, 0xff, 0xb0, 0x0,

    /* U+0408 "?" */
    0x0, 0x0, 0x0, 0x0, 0x7, 0xff, 0xf3, 0x0,
    0x0, 0x0, 0x0, 0x7, 0xff, 0xf3, 0x0, 0x0,
    0x0, 0x0, 0x7, 0xff, 0xf3, 0x0, 0x0, 0x0,
    0x0, 0x7, 0xff, 0xf3, 0x0, 0x0, 0x0, 0x0,
    0x7, 0xff, 0xf3, 0x0, 0x0, 0x0, 0x0, 0x7,
    0xff, 0xf3, 0x0, 0x0, 0x0, 0x0, 0x7, 0xff,
    0xf3, 0x0, 0x0, 0x0, 0x0, 0x7, 0xff, 0xf3,
    0x0, 0x0, 0x0, 0x0, 0x7, 0xff, 0xf3, 0x0,
    0x0, 0x0, 0x0, 0x7, 0xff, 0xf3, 0x0, 0x0,
    0x0, 0x0, 0x7, 0xff, 0xf3, 0x0, 0x0, 0x0,
    0x0, 0x7, 0xff, 0xf3, 0x0, 0x0, 0x0, 0x0,
    0x7, 0xff, 0xf3, 0x9a, 0xa7, 0x0, 0x0, 0x7,
    0xff, 0xf3, 0xef, 0xfb, 0x0, 0x0, 0x7, 0xff,
    0xf2, 0xdf, 0xfd, 0x0, 0x0, 0x9, 0xff, 0xf1,
    0xbf, 0xff, 0x30, 0x0, 0xe, 0xff, 0xf0, 0x6f,
    0xff, 0xe5, 0x24, 0xcf, 0xff, 0xa0, 0xc, 0xff,
    0xff, 0xff, 0xff, 0xff, 0x20, 0x1, 0xcf, 0xff,
    0xff, 0xff, 0xe4, 0x0, 0x0, 0x6, 0xbe, 0xff,
    0xc8, 0x10, 0x0,

    /* U+0409 "?" */
    0x0, 0x0, 0x7f, 0xff, 0xff, 0xff, 0xff, 0xff,
    0xf8, 0x0, 0x0, 0x0, 0x0, 0x0, 0x0, 0x0,
    0x0, 0x8f, 0xff, 0xff, 0xff, 0xff, 0xff, 0xf8,
    0x0, 0x0, 0x0, 0x0, 0x0, 0x0, 0x0, 0x0,
    0xaf, 0xff, 0xff, 0xff, 0xff, 0xff, 0xf8, 0x0,
    0x0, 0x0, 0x0, 0x0, 0x0, 0x0, 0x0, 0xbf,
    0xfc, 0x11, 0x11, 0x13, 0xff, 0xf8, 0x0, 0x0,
    0x0, 0x0, 0x0, 0x0, 0x0, 0x0, 0xcf, 0xfa,
    0x0, 0x0, 0x2, 0xff, 0xf8, 0x0, 0x0, 0x0,
    0x0, 0x0, 0x0, 0x0, 0x0, 0xef, 0xf9, 0x0,
    0x0, 0x2, 0xff, 0xf8, 0x0, 0x0, 0x0, 0x0,
    0x0, 0x0, 0x0, 0x0, 0xff, 0xf8, 0x0, 0x0,
    0x2, 0xff, 0xf8, 0x0, 0x0, 0x0, 0x0, 0x0,
    0x0, 0x0, 0x0, 0xff, 0xf7, 0x0, 0x0, 0x2,
    0xff, 0xf9, 0x11, 0x11, 0x0, 0x0, 0x0, 0x0,
    0x0, 0x1, 0xff, 0xf5, 0x0, 0x0, 0x2, 0xff,
    0xff, 0xff, 0xff, 0xfe, 0xa4, 0x0, 0x0, 0x0,
    0x3, 0xff, 0xf4, 0x0, 0x0, 0x2, 0xff, 0xff,
    0xff, 0xff, 0xff, 0xff, 0xa0, 0x0, 0x0, 0x4,
    0xff, 0xf3, 0x0, 0x0, 0x2, 0xff, 0xff, 0xff,
    0xff, 0xff, 0xff, 0xfb, 0x0, 0x0, 0x5, 0xff,
    0xf1, 0x0, 0x0, 0x2, 0xff, 0xf8, 0x0, 0x0,
    0x26, 0xef, 0xff, 0x50, 0x0, 0x6, 0xff, 0xf0,
    0x0, 0x0, 0x2, 0xff, 0xf8, 0x0, 0x0, 0x0,
    0x2f, 0xff, 0xc0, 0x0, 0x8, 0xff, 0xf0, 0x0,
    0x0, 0x2, 0xff, 0xf8, 0x0, 0x0, 0x0, 0xb,
    0xff, 0xe0, 0x0, 0xa, 0xff, 0xd0, 0x0, 0x0,
    0x2, 0xff, 0xf8, 0x0, 0x0, 0x0, 0x9, 0xff,
    0xf0, 0x0, 0xd, 0xff, 0xa0, 0x0, 0x0, 0x2,
    0xff, 0xf8, 0x0, 0x0, 0x0, 0xc, 0xff, 0xe0,
    0x0, 0x3f, 0xff, 0x60, 0x0, 0x0, 0x2, 0xff,
    0xf8, 0x0, 0x0, 0x0, 0x4f, 0xff, 0xb0, 0x14,
    0xdf, 0xff, 0x20, 0x0, 0x0, 0x2, 0xff, 0xf9,
    0x11, 0x11, 0x38, 0xff, 0xff, 0x40, 0xdf, 0xff,
    0xfa, 0x0, 0x0, 0x0, 0x2, 0xff, 0xff, 0xff,
    0xff, 0xff, 0xff, 0xf9, 0x0, 0xdf, 0xff, 0xd1,
    0x0, 0x0, 0x0, 0x2, 0xff, 0xff, 0xff, 0xff,
    0xff, 0xff, 0x80, 0x0, 0xde, 0xc7, 0x0, 0x0,
    0x0, 0x0, 0x2, 0xff, 0xff, 0xff, 0xff, 0xec,
    0x82, 0x0, 0x0,

    /* U+040A "?" */
    0xff, 0xf9, 0x0, 0x0, 0x0, 0x0, 0xd, 0xff,
    0xc0, 0x0, 0x0, 0x0, 0x0, 0x0, 0xf, 0xff,
    0x90, 0x0, 0x0, 0x0, 0x0, 0xdf, 0xfc, 0x0,
    0x0, 0x0, 0x0, 0x0, 0x0, 0xff, 0xf9, 0x0,
    0x0, 0x0, 0x0, 0xd, 0xff, 0xc0, 0x0, 0x0,
    0x0, 0x0, 0x0, 0xf, 0xff, 0x90, 0x0, 0x0,
    0x0, 0x0, 0xdf, 0xfc, 0x0, 0x0, 0x0, 0x0,
    0x0, 0x0, 0xff, 0xf9, 0x0, 0x0, 0x0, 0x0,
    0xd, 0xff, 0xc0, 0x0, 0x0, 0x0, 0x0, 0x0,
    0xf, 0xff, 0x90, 0x0, 0x0, 0x0, 0x0, 0xdf,
    0xfc, 0x0, 0x0, 0x0, 0x0, 0x0, 0x0, 0xff,
    0xf9, 0x0, 0x0, 0x0, 0x0, 0xd, 0xff, 0xc0,
    0x0, 0x0, 0x0, 0x0, 0x0, 0xf, 0xff, 0x90,
    0x0, 0x0, 0x0, 0x0, 0xdf, 0xfc, 0x0, 0x0,
    0x0, 0x0, 0x0, 0x0, 0xff, 0xff, 0xff, 0xff,
    0xff, 0xff, 0xff, 0xff, 0xff, 0xff, 0xff, 0xea,
    0x50, 0x0, 0xf, 0xff, 0xff, 0xff, 0xff, 0xff,
    0xff, 0xff, 0xff, 0xff, 0xff, 0xff, 0xff, 0xc2,
    0x0, 0xff, 0xff, 0xff, 0xff, 0xff, 0xff, 0xff,
    0xff, 0xff, 0xff, 0xff, 0xff, 0xff, 0xe1, 0xf,
    0xff, 0x90, 0x0, 0x0, 0x0, 0x0, 0xdf, 0xfc,
    0x0, 0x0, 0x14, 0xcf, 0xff, 0xa0, 0xff, 0xf9,
    0x0, 0x0, 0x0, 0x0, 0xd, 0xff, 0xc0, 0x0,
    0x0, 0x0, 0xdf, 0xff, 0xf, 0xff, 0x90, 0x0,
    0x0, 0x0, 0x0, 0xdf, 0xfc, 0x0, 0x0, 0x0,
    0x6, 0xff, 0xf3, 0xff, 0xf9, 0x0, 0x0, 0x0,
    0x0, 0xd, 0xff, 0xc0, 0x0, 0x0, 0x0, 0x5f,
    0xff, 0x4f, 0xff, 0x90, 0x0, 0x0, 0x0, 0x0,
    0xdf, 0xfc, 0x0, 0x0, 0x0, 0x7, 0xff, 0xf2,
    0xff, 0xf9, 0x0, 0x0, 0x0, 0x0, 0xd, 0xff,
    0xc0, 0x0, 0x0, 0x1, 0xef, 0xff, 0xf, 0xff,
    0x90, 0x0, 0x0, 0x0, 0x0, 0xdf, 0xfd, 0x11,
    0x11, 0x36, 0xef, 0xff, 0x90, 0xff, 0xf9, 0x0,
    0x0, 0x0, 0x0, 0xd, 0xff, 0xff, 0xff, 0xff,
    0xff, 0xff, 0xd1, 0xf, 0xff, 0x90, 0x0, 0x0,
    0x0, 0x0, 0xdf, 0xff, 0xff, 0xff, 0xff, 0xff,
    0xb1, 0x0, 0xff, 0xf9, 0x0, 0x0, 0x0, 0x0,
    0xd, 0xff, 0xff, 0xff, 0xff, 0xda, 0x40, 0x0,
    0x0,

    /* U+040B "?" */
    0xdf, 0xff, 0xff, 0xff, 0xff, 0xff, 0xff, 0xff,
    0xf2, 0x0, 0x0, 0xd, 0xff, 0xff, 0xff, 0xff,
    0xff, 0xff, 0xff, 0xff, 0x20, 0x0, 0x0, 0xdf,
    0xff, 0xff, 0xff, 0xff, 0xff, 0xff, 0xff, 0xf2,
    0x0, 0x0, 0x2, 0x22, 0x22, 0x2a, 0xff, 0xf3,
    0x22, 0x22, 0x22, 0x0, 0x0, 0x0, 0x0, 0x0,
    0x0, 0x9f, 0xff, 0x10, 0x0, 0x0, 0x0, 0x0,
    0x0, 0x0, 0x0, 0x0, 0x9, 0xff, 0xf1, 0x0,
    0x0, 0x0, 0x0, 0x0, 0x0, 0x0, 0x0, 0x0,
    0x9f, 0xff, 0x10, 0x0, 0x0, 0x0, 0x0, 0x0,
    0x0, 0x0, 0x0, 0x9, 0xff, 0xf1, 0x0, 0x0,
    0x0, 0x0, 0x0, 0x0, 0x0, 0x0, 0x0, 0x9f,
    0xff, 0x14, 0xad, 0xff, 0xeb, 0x50, 0x0, 0x0,
    0x0, 0x0, 0x9, 0xff, 0xfd, 0xff, 0xff, 0xff,
    0xff, 0xc1, 0x0, 0x0, 0x0, 0x0, 0x9f, 0xff,
    0xff, 0xff, 0xff, 0xff, 0xff, 0xd0, 0x0, 0x0,
    0x0, 0x9, 0xff, 0xff, 0xb6, 0x33, 0x5a, 0xff,
    0xff, 0x60, 0x0, 0x0, 0x0, 0x9f, 0xff, 0x30,
    0x0, 0x0, 0x6, 0xff, 0xfc, 0x0, 0x0, 0x0,
    0x9, 0xff, 0xf1, 0x0, 0x0, 0x0, 0xd, 0xff,
    0xf0, 0x0, 0x0, 0x0, 0x9f, 0xff, 0x10, 0x0,
    0x0, 0x0, 0xaf, 0xff, 0x0, 0x0, 0x0, 0x9,
    0xff, 0xf1, 0x0, 0x0, 0x0, 0x9, 0xff, 0xf1,
    0x0, 0x0, 0x0, 0x9f, 0xff, 0x10, 0x0, 0x0,
    0x0, 0x9f, 0xff, 0x10, 0x0, 0x0, 0x9, 0xff,
    0xf1, 0x0, 0x0, 0x0, 0x9, 0xff, 0xf1, 0x0,
    0x0, 0x0, 0x9f, 0xff, 0x10, 0x0, 0x0, 0x0,
    0x9f, 0xff, 0x10, 0x0, 0x0, 0x9, 0xff, 0xf1,
    0x0, 0x0, 0x0, 0x9, 0xff, 0xf1, 0x0, 0x0,
    0x0, 0x9f, 0xff, 0x10, 0x0, 0x0, 0x0, 0x9f,
    0xff, 0x10,

    /* U+040C "?" */
    0x0, 0x0, 0x0, 0x0, 0x55, 0x52, 0x0, 0x0,
    0x0, 0x0, 0x0, 0x0, 0x5f, 0xfe, 0x10, 0x0,
    0x0, 0x0, 0x0, 0x0, 0xc, 0xff, 0x50, 0x0,
    0x0, 0x0, 0x0, 0x0, 0x3, 0xff, 0xb0, 0x0,
    0x0, 0x0, 0x0, 0x0, 0x0, 0xaf, 0xf1, 0x0,
    0x0, 0x0, 0x0, 0x0, 0x0, 0x0, 0x0, 0x0,
    0x0, 0x0, 0x0, 0x0, 0x0, 0x0, 0x0, 0x0,
    0x0, 0x0, 0x0, 0xf, 0xff, 0xb0, 0x0, 0x0,
    0x0, 0x1f, 0xff, 0xf4, 0xff, 0xfb, 0x0, 0x0,
    0x0, 0xb, 0xff, 0xf9, 0xf, 0xff, 0xb0, 0x0,
    0x0, 0x6, 0xff, 0xfd, 0x0, 0xff, 0xfb, 0x0,
    0x0, 0x2, 0xff, 0xff, 0x20, 0xf, 0xff, 0xb0,
    0x0, 0x0, 0xcf, 0xff, 0x70, 0x0, 0xff, 0xfb,
    0x0, 0x0, 0x7f, 0xff, 0xb0, 0x0, 0xf, 0xff,
    0xb0, 0x0, 0x2f, 0xff, 0xe1, 0x0, 0x0, 0xff,
    0xfb, 0x0, 0xd, 0xff, 0xf4, 0x0, 0x0, 0xf,
    0xff, 0xb2, 0x28, 0xff, 0xf9, 0x0, 0x0, 0x0,
    0xff, 0xff, 0xff, 0xff, 0xfd, 0x0, 0x0, 0x0,
    0xf, 0xff, 0xff, 0xff, 0xff, 0x70, 0x0, 0x0,
    0x0, 0xff, 0xff, 0xff, 0xff, 0xff, 0x20, 0x0,
    0x0, 0xf, 0xff, 0xb0, 0x6, 0xff, 0xfc, 0x0,
    0x0, 0x0, 0xff, 0xfb, 0x0, 0xb, 0xff, 0xf8,
    0x0, 0x0, 0xf, 0xff, 0xb0, 0x0, 0x1e, 0xff,
    0xf4, 0x0, 0x0, 0xff, 0xfb, 0x0, 0x0, 0x4f,
    0xff, 0xe1, 0x0, 0xf, 0xff, 0xb0, 0x0, 0x0,
    0x9f, 0xff, 0xb0, 0x0, 0xff, 0xfb, 0x0, 0x0,
    0x0, 0xdf, 0xff, 0x70, 0xf, 0xff, 0xb0, 0x0,
    0x0, 0x2, 0xff, 0xff, 0x30, 0xff, 0xfb, 0x0,
    0x0, 0x0, 0x7, 0xff, 0xfd, 0xf, 0xff, 0xb0,
    0x0, 0x0, 0x0, 0xb, 0xff, 0xf9,

    /* U+040D "?" */
    0x0, 0x0, 0x25, 0x54, 0x0, 0x0, 0x0, 0x0,
    0x0, 0x0, 0x0, 0x2f, 0xff, 0x30, 0x0, 0x0,
    0x0, 0x0, 0x0, 0x0, 0x7, 0xff, 0xa0, 0x0,
    0x0, 0x0, 0x0, 0x0, 0x0, 0x0, 0xcf, 0xf1,
    0x0, 0x0, 0x0, 0x0, 0x0, 0x0, 0x0, 0x3f,
    0xf8, 0x0, 0x0, 0x0, 0x0, 0x0, 0x0, 0x0,
    0x0, 0x0, 0x0, 0x0, 0x0, 0x0, 0x0, 0x0,
    0x0, 0x0, 0x0, 0x0, 0x0, 0x0, 0x0, 0xff,
    0xfc, 0x0, 0x0, 0x0, 0x0, 0x3f, 0xff, 0xf3,
    0xff, 0xfc, 0x0, 0x0, 0x0, 0x0, 0xdf, 0xff,
    0xf3, 0xff, 0xfc, 0x0, 0x0, 0x0, 0x7, 0xff,
    0xff, 0xf3, 0xff, 0xfc, 0x0, 0x0, 0x0, 0x1f,
    0xff, 0xff, 0xf3, 0xff, 0xfc, 0x0, 0x0, 0x0,
    0xaf, 0xff, 0xff, 0xf3, 0xff, 0xfc, 0x0, 0x0,
    0x4, 0xff, 0xf9, 0xff, 0xf3, 0xff, 0xfc, 0x0,
    0x0, 0xd, 0xff, 0xc5, 0xff, 0xf3, 0xff, 0xfc,
    0x0, 0x0, 0x7f, 0xff, 0x46, 0xff, 0xf3, 0xff,
    0xfc, 0x0, 0x1, 0xff, 0xfb, 0x7, 0xff, 0xf3,
    0xff, 0xfc, 0x0, 0xb, 0xff, 0xf2, 0x7, 0xff,
    0xf3, 0xff, 0xfc, 0x0, 0x4f, 0xff, 0x90, 0x8,
    0xff, 0xf3, 0xff, 0xfb, 0x0, 0xdf, 0xfe, 0x10,
    0x8, 0xff, 0xf3, 0xff, 0xfb, 0x7, 0xff, 0xf5,
    0x0, 0x8, 0xff, 0xf3, 0xff, 0xfa, 0x1f, 0xff,
    0xc0, 0x0, 0x8, 0xff, 0xf3, 0xff, 0xfa, 0x9f,
    0xff, 0x20, 0x0, 0x8, 0xff, 0xf3, 0xff, 0xfa,
    0xff, 0xf8, 0x0, 0x0, 0x8, 0xff, 0xf3, 0xff,
    0xff, 0xff, 0xe0, 0x0, 0x0, 0x8, 0xff, 0xf3,
    0xff, 0xff, 0xff, 0x50, 0x0, 0x0, 0x8, 0xff,
    0xf3, 0xff, 0xff, 0xfb, 0x0, 0x0, 0x0, 0x8,
    0xff, 0xf3, 0xff, 0xff, 0xf2, 0x0, 0x0, 0x0,
    0x8, 0xff, 0xf3, 0xff, 0xff, 0x70, 0x0, 0x0,
    0x0, 0x8, 0xff, 0xf3,

    /* U+040E "?" */
    0x0, 0x0, 0x7, 0x81, 0x0, 0x2, 0x86, 0x0,
    0x0, 0x0, 0x0, 0x0, 0xef, 0x60, 0x0, 0x9f,
    0xb0, 0x0, 0x0, 0x0, 0x0, 0x8, 0xff, 0x63,
    0x7f, 0xf6, 0x0, 0x0, 0x0, 0x0, 0x0, 0xd,
    0xff, 0xff, 0xfb, 0x0, 0x0, 0x0, 0x0, 0x0,
    0x0, 0x8, 0xef, 0xd7, 0x0, 0x0, 0x0, 0x0,
    0x0, 0x0, 0x0, 0x0, 0x0, 0x0, 0x0, 0x0,
    0x0, 0x0, 0x0, 0x0, 0x0, 0x0, 0x0, 0x0,
    0x0, 0x0, 0x1, 0xff, 0xff, 0x10, 0x0, 0x0,
    0x0, 0x2f, 0xff, 0xe0, 0x9, 0xff, 0xf8, 0x0,
    0x0, 0x0, 0x8, 0xff, 0xf8, 0x0, 0x2f, 0xff,
    0xe0, 0x0, 0x0, 0x0, 0xef, 0xff, 0x10, 0x0,
    0xaf, 0xff, 0x60, 0x0, 0x0, 0x4f, 0xff, 0xa0,
    0x0, 0x3, 0xff, 0xfd, 0x0, 0x0, 0xb, 0xff,
    0xf4, 0x0, 0x0, 0xc, 0xff, 0xf4, 0x0, 0x1,
    0xff, 0xfd, 0x0, 0x0, 0x0, 0x4f, 0xff, 0xa0,
    0x0, 0x7f, 0xff, 0x60, 0x0, 0x0, 0x0, 0xdf,
    0xff, 0x10, 0xd, 0xff, 0xf0, 0x0, 0x0, 0x0,
    0x5, 0xff, 0xf6, 0x2, 0xff, 0xf9, 0x0, 0x0,
    0x0, 0x0, 0xd, 0xff, 0xb0, 0x8f, 0xff, 0x20,
    0x0, 0x0, 0x0, 0x0, 0x6f, 0xff, 0xd, 0xff,
    0xb0, 0x0, 0x0, 0x0, 0x0, 0x0, 0xef, 0xf6,
    0xff, 0xf5, 0x0, 0x0, 0x0, 0x0, 0x0, 0x7,
    0xff, 0xef, 0xfe, 0x0, 0x0, 0x0, 0x0, 0x0,
    0x0, 0x1f, 0xff, 0xff, 0x70, 0x0, 0x0, 0x0,
    0x0, 0x0, 0x0, 0x8f, 0xff, 0xf1, 0x0, 0x0,
    0x0, 0x0, 0x0, 0x0, 0x2, 0xff, 0xfa, 0x0,
    0x0, 0x0, 0x0, 0x0, 0x0, 0x0, 0x7f, 0xff,
    0x30, 0x0, 0x0, 0x0, 0x0, 0x1, 0x55, 0x8f,
    0xff, 0xc0, 0x0, 0x0, 0x0, 0x0, 0x0, 0x6f,
    0xff, 0xff, 0xf3, 0x0, 0x0, 0x0, 0x0, 0x0,
    0x6, 0xff, 0xff, 0xf6, 0x0, 0x0, 0x0, 0x0,
    0x0, 0x0, 0x6f, 0xfe, 0xb4, 0x0, 0x0, 0x0,
    0x0, 0x0,

    /* U+040F "?" */
    0xff, 0xfb, 0x0, 0x0, 0x0, 0x0, 0x6f, 0xff,
    0x4f, 0xff, 0xb0, 0x0, 0x0, 0x0, 0x6, 0xff,
    0xf4, 0xff, 0xfb, 0x0, 0x0, 0x0, 0x0, 0x6f,
    0xff, 0x4f, 0xff, 0xb0, 0x0, 0x0, 0x0, 0x6,
    0xff, 0xf4, 0xff, 0xfb, 0x0, 0x0, 0x0, 0x0,
    0x6f, 0xff, 0x4f, 0xff, 0xb0, 0x0, 0x0, 0x0,
    0x6, 0xff, 0xf4, 0xff, 0xfb, 0x0, 0x0, 0x0,
    0x0, 0x6f, 0xff, 0x4f, 0xff, 0xb0, 0x0, 0x0,
    0x0, 0x6, 0xff, 0xf4, 0xff, 0xfb, 0x0, 0x0,
    0x0, 0x0, 0x6f, 0xff, 0x4f, 0xff, 0xb0, 0x0,
    0x0, 0x0, 0x6, 0xff, 0xf4, 0xff, 0xfb, 0x0,
    0x0, 0x0, 0x0, 0x6f, 0xff, 0x4f, 0xff, 0xb0,
    0x0, 0x0, 0x0, 0x6, 0xff, 0xf4, 0xff, 0xfb,
    0x0, 0x0, 0x0, 0x0, 0x6f, 0xff, 0x4f, 0xff,
    0xb0, 0x0, 0x0, 0x0, 0x6, 0xff, 0xf4, 0xff,
    0xfb, 0x0, 0x0, 0x0, 0x0, 0x6f, 0xff, 0x4f,
    0xff, 0xb0, 0x0, 0x0, 0x0, 0x6, 0xff, 0xf4,
    0xff, 0xfb, 0x0, 0x0, 0x0, 0x0, 0x6f, 0xff,
    0x4f, 0xff, 0xc2, 0x22, 0x22, 0x22, 0x27, 0xff,
    0xf4, 0xff, 0xff, 0xff, 0xff, 0xff, 0xff, 0xff,
    0xff, 0x4f, 0xff, 0xff, 0xff, 0xff, 0xff, 0xff,
    0xff, 0xf4, 0xff, 0xff, 0xff, 0xff, 0xff, 0xff,
    0xff, 0xff, 0x40, 0x0, 0x0, 0xa, 0xff, 0xf0,
    0x0, 0x0, 0x0, 0x0, 0x0, 0x0, 0xaf, 0xfe,
    0x0, 0x0, 0x0, 0x0, 0x0, 0x0, 0x9, 0xff,
    0xe0, 0x0, 0x0, 0x0, 0x0, 0x0, 0x0, 0x9f,
    0xfe, 0x0, 0x0, 0x0, 0x0, 0x0, 0x0, 0x4,
    0x88, 0x70, 0x0, 0x0, 0x0,

    /* U+0410 "?" */
    0x0, 0x0, 0x0, 0x6, 0xff, 0xff, 0x90, 0x0,
    0x0, 0x0, 0x0, 0x0, 0x0, 0xb, 0xff, 0xff,
    0xe0, 0x0, 0x0, 0x0, 0x0, 0x0, 0x0, 0x1f,
    0xff, 0xff, 0xf4, 0x0, 0x0, 0x0, 0x0, 0x0,
    0x0, 0x6f, 0xff, 0xcf, 0xfa, 0x0, 0x0, 0x0,
    0x0, 0x0, 0x0, 0xbf, 0xfb, 0x8f, 0xff, 0x0,
    0x0, 0x0, 0x0, 0x0, 0x1, 0xff, 0xf7, 0x4f,
    0xff, 0x50, 0x0, 0x0, 0x0, 0x0, 0x6, 0xff,
    0xf3, 0xf, 0xff, 0xa0, 0x0, 0x0, 0x0, 0x0,
    0xb, 0xff, 0xe0, 0xb, 0xff, 0xf0, 0x0, 0x0,
    0x0, 0x0, 0x1f, 0xff, 0xa0, 0x7, 0xff, 0xf5,
    0x0, 0x0, 0x0, 0x0, 0x6f, 0xff, 0x60, 0x2,
    0xff, 0xfb, 0x0, 0x0, 0x0, 0x0, 0xcf, 0xff,
    0x10, 0x0, 0xdf, 0xff, 0x10, 0x0, 0x0, 0x1,
    0xff, 0xfc, 0x0, 0x0, 0x8f, 0xff, 0x60, 0x0,
    0x0, 0x7, 0xff, 0xf7, 0x0, 0x0, 0x3f, 0xff,
    0xc0, 0x0, 0x0, 0xc, 0xff, 0xff, 0xff, 0xff,
    0xff, 0xff, 0xf1, 0x0, 0x0, 0x1f, 0xff, 0xff,
    0xff, 0xff, 0xff, 0xff, 0xf7, 0x0, 0x0, 0x7f,
    0xff, 0xff, 0xff, 0xff, 0xff, 0xff, 0xfc, 0x0,
    0x0, 0xcf, 0xff, 0x20, 0x0, 0x0, 0x0, 0xdf,
    0xff, 0x20, 0x2, 0xff, 0xfd, 0x0, 0x0, 0x0,
    0x0, 0x8f, 0xff, 0x70, 0x7, 0xff, 0xf8, 0x0,
    0x0, 0x0, 0x0, 0x2f, 0xff, 0xd0, 0xc, 0xff,
    0xf2, 0x0, 0x0, 0x0, 0x0, 0xd, 0xff, 0xf2,
    0x2f, 0xff, 0xd0, 0x0, 0x0, 0x0, 0x0, 0x7,
    0xff, 0xf8,

    /* U+0411 "?" */
    0xff, 0xff, 0xff, 0xff, 0xff, 0xff, 0xf0, 0xf,
    0xff, 0xff, 0xff, 0xff, 0xff, 0xff, 0x0, 0xff,
    0xff, 0xff, 0xff, 0xff, 0xff, 0xf0, 0xf, 0xff,
    0xb2, 0x22, 0x22, 0x22, 0x22, 0x0, 0xff, 0xfb,
    0x0, 0x0, 0x0, 0x0, 0x0, 0xf, 0xff, 0xb0,
    0x0, 0x0, 0x0, 0x0, 0x0, 0xff, 0xfb, 0x0,
    0x0, 0x0, 0x0, 0x0, 0xf, 0xff, 0xb0, 0x0,
    0x0, 0x0, 0x0, 0x0, 0xff, 0xfb, 0x0, 0x0,
    0x0, 0x0, 0x0, 0xf, 0xff, 0xff, 0xff, 0xff,
    0xeb, 0x50, 0x0, 0xff, 0xff, 0xff, 0xff, 0xff,
    0xff, 0xd2, 0xf, 0xff, 0xfd, 0xdd, 0xdf, 0xff,
    0xff, 0xd0, 0xff, 0xfb, 0x0, 0x0, 0x3, 0xcf,
    0xff, 0x6f, 0xff, 0xb0, 0x0, 0x0, 0x1, 0xff,
    0xfb, 0xff, 0xfb, 0x0, 0x0, 0x0, 0xc, 0xff,
    0xdf, 0xff, 0xb0, 0x0, 0x0, 0x0, 0xcf, 0xfc,
    0xff, 0xfb, 0x0, 0x0, 0x0, 0x3f, 0xff, 0xaf,
    0xff, 0xb0, 0x0, 0x2, 0x6e, 0xff, 0xf4, 0xff,
    0xff, 0xff, 0xff, 0xff, 0xff, 0xfb, 0xf, 0xff,
    0xff, 0xff, 0xff, 0xff, 0xfb, 0x0, 0xff, 0xff,
    0xff, 0xff, 0xfe, 0xa5, 0x0, 0x0,

    /* U+0412 "?" */
    0xff, 0xff, 0xff, 0xff, 0xfd, 0x93, 0x0, 0x0,
    0xff, 0xff, 0xff, 0xff, 0xff, 0xff, 0x90, 0x0,
    0xff, 0xff, 0xff, 0xff, 0xff, 0xff, 0xf8, 0x0,
    0xff, 0xfb, 0x22, 0x22, 0x4a, 0xff, 0xff, 0x10,
    0xff, 0xfb, 0x0, 0x0, 0x0, 0xaf, 0xff, 0x40,
    0xff, 0xfb, 0x0, 0x0, 0x0, 0x5f, 0xff, 0x60,
    0xff, 0xfb, 0x0, 0x0, 0x0, 0x5f, 0xff, 0x50,
    0xff, 0xfb, 0x0, 0x0, 0x0, 0xbf, 0xff, 0x10,
    0xff, 0xfb, 0x0, 0x0, 0x3a, 0xff, 0xf5, 0x0,
    0xff, 0xff, 0xff, 0xff, 0xff, 0xfb, 0x30, 0x0,
    0xff, 0xff, 0xff, 0xff, 0xff, 0xfb, 0x50, 0x0,
    0xff, 0xfe, 0xbb, 0xbb, 0xdf, 0xff, 0xfa, 0x0,
    0xff, 0xfb, 0x0, 0x0, 0x1, 0xbf, 0xff, 0x70,
    0xff, 0xfb, 0x0, 0x0, 0x0, 0xd, 0xff, 0xe0,
    0xff, 0xfb, 0x0, 0x0, 0x0, 0x9, 0xff, 0xf2,
    0xff, 0xfb, 0x0, 0x0, 0x0, 0x9, 0xff, 0xf2,
    0xff, 0xfb, 0x0, 0x0, 0x0, 0x1e, 0xff, 0xf1,
    0xff, 0xfb, 0x22, 0x22, 0x36, 0xdf, 0xff, 0xc0,
    0xff, 0xff, 0xff, 0xff, 0xff, 0xff, 0xff, 0x30,
    0xff, 0xff, 0xff, 0xff, 0xff, 0xff, 0xe5, 0x0,
    0xff, 0xff, 0xff, 0xff, 0xfe, 0xc7, 0x10, 0x0,

    /* U+0413 "?" */
    0xff, 0xff, 0xff, 0xff, 0xff, 0xff, 0xf2, 0xff,
    0xff, 0xff, 0xff, 0xff, 0xff, 0xf2, 0xff, 0xff,
    0xff, 0xff, 0xff, 0xff, 0xf2, 0xff, 0xfb, 0x22,
    0x22, 0x22, 0x22, 0x20, 0xff, 0xfb, 0x0, 0x0,
    0x0, 0x0, 0x0, 0xff, 0xfb, 0x0, 0x0, 0x0,
    0x0, 0x0, 0xff, 0xfb, 0x0, 0x0, 0x0, 0x0,
    0x0, 0xff, 0xfb, 0x0, 0x0, 0x0, 0x0, 0x0,
    0xff, 0xfb, 0x0, 0x0, 0x0, 0x0, 0x0, 0xff,
    0xfb, 0x0, 0x0, 0x0, 0x0, 0x0, 0xff, 0xfb,
    0x0, 0x0, 0x0, 0x0, 0x0, 0xff, 0xfb, 0x0,
    0x0, 0x0, 0x0, 0x0, 0xff, 0xfb, 0x0, 0x0,
    0x0, 0x0, 0x0, 0xff, 0xfb, 0x0, 0x0, 0x0,
    0x0, 0x0, 0xff, 0xfb, 0x0, 0x0, 0x0, 0x0,
    0x0, 0xff, 0xfb, 0x0, 0x0, 0x0, 0x0, 0x0,
    0xff, 0xfb, 0x0, 0x0, 0x0, 0x0, 0x0, 0xff,
    0xfb, 0x0, 0x0, 0x0, 0x0, 0x0, 0xff, 0xfb,
    0x0, 0x0, 0x0, 0x0, 0x0, 0xff, 0xfb, 0x0,
    0x0, 0x0, 0x0, 0x0, 0xff, 0xfb, 0x0, 0x0,
    0x0, 0x0, 0x0,

    /* U+0414 "?" */
    0x0, 0x0, 0x8, 0xff, 0xff, 0xff, 0xff, 0xff,
    0xff, 0xf4, 0x0, 0x0, 0x0, 0x9, 0xff, 0xff,
    0xff, 0xff, 0xff, 0xff, 0xf4, 0x0, 0x0, 0x0,
    0xa, 0xff, 0xff, 0xff, 0xff, 0xff, 0xff, 0xf4,
    0x0, 0x0, 0x0, 0xb, 0xff, 0xe2, 0x22, 0x22,
    0x27, 0xff, 0xf4, 0x0, 0x0, 0x0, 0xd, 0xff,
    0xc0, 0x0, 0x0, 0x6, 0xff, 0xf4, 0x0, 0x0,
    0x0, 0xe, 0xff, 0xb0, 0x0, 0x0, 0x6, 0xff,
    0xf4, 0x0, 0x0, 0x0, 0xf, 0xff, 0xa0, 0x0,
    0x0, 0x6, 0xff, 0xf4, 0x0, 0x0, 0x0, 0xf,
    0xff, 0x80, 0x0, 0x0, 0x6, 0xff, 0xf4, 0x0,
    0x0, 0x0, 0x2f, 0xff, 0x70, 0x0, 0x0, 0x6,
    0xff, 0xf4, 0x0, 0x0, 0x0, 0x3f, 0xff, 0x50,
    0x0, 0x0, 0x6, 0xff, 0xf4, 0x0, 0x0, 0x0,
    0x5f, 0xff, 0x40, 0x0, 0x0, 0x6, 0xff, 0xf4,
    0x0, 0x0, 0x0, 0x7f, 0xff, 0x20, 0x0, 0x0,
    0x6, 0xff, 0xf4, 0x0, 0x0, 0x0, 0x9f, 0xff,
    0x0, 0x0, 0x0, 0x6, 0xff, 0xf4, 0x0, 0x0,
    0x0, 0xcf, 0xfc, 0x0, 0x0, 0x0, 0x6, 0xff,
    0xf4, 0x0, 0x0, 0x1, 0xff, 0xf8, 0x0, 0x0,
    0x0, 0x6, 0xff, 0xf4, 0x0, 0x0, 0x7, 0xff,
    0xf4, 0x0, 0x0, 0x0, 0x6, 0xff, 0xf4, 0x0,
    0x0, 0xe, 0xff, 0xe0, 0x0, 0x0, 0x0, 0x6,
    0xff, 0xf4, 0x0, 0x22, 0xbf, 0xff, 0x82, 0x22,
    0x22, 0x22, 0x27, 0xff, 0xf6, 0x21, 0xdf, 0xff,
    0xff, 0xff, 0xff, 0xff, 0xff, 0xff, 0xff, 0xff,
    0xfb, 0xdf, 0xff, 0xff, 0xff, 0xff, 0xff, 0xff,
    0xff, 0xff, 0xff, 0xfb, 0xdf, 0xff, 0xff, 0xff,
    0xff, 0xff, 0xff, 0xff, 0xff, 0xff, 0xfb, 0xdf,
    0xfb, 0x0, 0x0, 0x0, 0x0, 0x0, 0x0, 0x0,
    0xdf, 0xfb, 0xdf, 0xfb, 0x0, 0x0, 0x0, 0x0,
    0x0, 0x0, 0x0, 0xdf, 0xfb, 0xdf, 0xfb, 0x0,
    0x0, 0x0, 0x0, 0x0, 0x0, 0x0, 0xdf, 0xfb,
    0xdf, 0xfb, 0x0, 0x0, 0x0, 0x0, 0x0, 0x0,
    0x0, 0xdf, 0xfb, 0x78, 0x85, 0x0, 0x0, 0x0,
    0x0, 0x0, 0x0, 0x0, 0x68, 0x85,

    /* U+0415 "?" */
    0xff, 0xff, 0xff, 0xff, 0xff, 0xff, 0xf4, 0xff,
    0xff, 0xff, 0xff, 0xff, 0xff, 0xf4, 0xff, 0xff,
    0xff, 0xff, 0xff, 0xff, 0xf4, 0xff, 0xfc, 0x22,
    0x22, 0x22, 0x22, 0x20, 0xff, 0xfb, 0x0, 0x0,
    0x0, 0x0, 0x0, 0xff, 0xfb, 0x0, 0x0, 0x0,
    0x0, 0x0, 0xff, 0xfb, 0x0, 0x0, 0x0, 0x0,
    0x0, 0xff, 0xfb, 0x0, 0x0, 0x0, 0x0, 0x0,
    0xff, 0xfb, 0x22, 0x22, 0x22, 0x22, 0x10, 0xff,
    0xff, 0xff, 0xff, 0xff, 0xff, 0x90, 0xff, 0xff,
    0xff, 0xff, 0xff, 0xff, 0x90, 0xff, 0xff, 0xff,
    0xff, 0xff, 0xff, 0x90, 0xff, 0xfb, 0x0, 0x0,
    0x0, 0x0, 0x0, 0xff, 0xfb, 0x0, 0x0, 0x0,
    0x0, 0x0, 0xff, 0xfb, 0x0, 0x0, 0x0, 0x0,
    0x0, 0xff, 0xfb, 0x0, 0x0, 0x0, 0x0, 0x0,
    0xff, 0xfb, 0x0, 0x0, 0x0, 0x0, 0x0, 0xff,
    0xfc, 0x22, 0x22, 0x22, 0x22, 0x20, 0xff, 0xff,
    0xff, 0xff, 0xff, 0xff, 0xf5, 0xff, 0xff, 0xff,
    0xff, 0xff, 0xff, 0xf5, 0xff, 0xff, 0xff, 0xff,
    0xff, 0xff, 0xf5,

    /* U+0416 "?" */
    0x9, 0xff, 0xfd, 0x0, 0x0, 0x0, 0x5f, 0xff,
    0x40, 0x0, 0x0, 0xe, 0xff, 0xf7, 0x0, 0x1e,
    0xff, 0xf5, 0x0, 0x0, 0x5, 0xff, 0xf4, 0x0,
    0x0, 0x7, 0xff, 0xfd, 0x0, 0x0, 0x6f, 0xff,
    0xe0, 0x0, 0x0, 0x5f, 0xff, 0x40, 0x0, 0x0,
    0xef, 0xff, 0x40, 0x0, 0x0, 0xcf, 0xff, 0x70,
    0x0, 0x5, 0xff, 0xf4, 0x0, 0x0, 0x8f, 0xff,
    0xa0, 0x0, 0x0, 0x2, 0xff, 0xfe, 0x0, 0x0,
    0x5f, 0xff, 0x40, 0x0, 0x1f, 0xff, 0xf1, 0x0,
    0x0, 0x0, 0x8, 0xff, 0xf8, 0x0, 0x5, 0xff,
    0xf4, 0x0, 0x8, 0xff, 0xf7, 0x0, 0x0, 0x0,
    0x0, 0xe, 0xff, 0xf1, 0x0, 0x5f, 0xff, 0x40,
    0x1, 0xff, 0xfd, 0x0, 0x0, 0x0, 0x0, 0x0,
    0x5f, 0xff, 0x90, 0x5, 0xff, 0xf4, 0x0, 0x9f,
    0xff, 0x40, 0x0, 0x0, 0x0, 0x0, 0x0, 0xbf,
    0xff, 0x20, 0x5f, 0xff, 0x40, 0x2f, 0xff, 0xa0,
    0x0, 0x0, 0x0, 0x0, 0x0, 0x2, 0xff, 0xff,
    0xff, 0xff, 0xff, 0xff, 0xff, 0xf1, 0x0, 0x0,
    0x0, 0x0, 0x0, 0x0, 0x2f, 0xff, 0xff, 0xff,
    0xff, 0xff, 0xff, 0xff, 0x20, 0x0, 0x0, 0x0,
    0x0, 0x0, 0xb, 0xff, 0xff, 0xff, 0xff, 0xff,
    0xff, 0xff, 0xfb, 0x0, 0x0, 0x0, 0x0, 0x0,
    0x5, 0xff, 0xfa, 0x33, 0x7f, 0xff, 0x63, 0x3b,
    0xff, 0xf4, 0x0, 0x0, 0x0, 0x0, 0x0, 0xdf,
    0xff, 0x10, 0x5, 0xff, 0xf4, 0x0, 0x3f, 0xff,
    0xd0, 0x0, 0x0, 0x0, 0x0, 0x7f, 0xff, 0x80,
    0x0, 0x5f, 0xff, 0x40, 0x0, 0xaf, 0xff, 0x70,
    0x0, 0x0, 0x0, 0x1f, 0xff, 0xe1, 0x0, 0x5,
    0xff, 0xf4, 0x0, 0x2, 0xff, 0xfe, 0x10, 0x0,
    0x0, 0xa, 0xff, 0xf7, 0x0, 0x0, 0x5f, 0xff,
    0x40, 0x0, 0x9, 0xff, 0xf9, 0x0, 0x0, 0x3,
    0xff, 0xfd, 0x0, 0x0, 0x5, 0xff, 0xf4, 0x0,
    0x0, 0x1f, 0xff, 0xf2, 0x0, 0x0, 0xdf, 0xff,
    0x50, 0x0, 0x0, 0x5f, 0xff, 0x40, 0x0, 0x0,
    0x7f, 0xff, 0xb0, 0x0, 0x6f, 0xff, 0xc0, 0x0,
    0x0, 0x5, 0xff, 0xf4, 0x0, 0x0, 0x0, 0xef,
    0xff, 0x40, 0x1e, 0xff, 0xf4, 0x0, 0x0, 0x0,
    0x5f, 0xff, 0x40, 0x0, 0x0, 0x6, 0xff, 0xfd,
    0x0,

    /* U+0417 "?" */
    0x0, 0x0, 0x5a, 0xdf, 0xfd, 0x93, 0x0, 0x0,
    0x0, 0x2c, 0xff, 0xff, 0xff, 0xff, 0xa0, 0x0,
    0x1, 0xef, 0xff, 0xff, 0xff, 0xff, 0xfb, 0x0,
    0x9, 0xff, 0xfb, 0x52, 0x26, 0xef, 0xff, 0x40,
    0xf, 0xff, 0xb0, 0x0, 0x0, 0x3f, 0xff, 0x80,
    0x7, 0x77, 0x30, 0x0, 0x0, 0xf, 0xff, 0xa0,
    0x0, 0x0, 0x0, 0x0, 0x0, 0x2f, 0xff, 0x70,
    0x0, 0x0, 0x0, 0x0, 0x5, 0xef, 0xfe, 0x10,
    0x0, 0x0, 0x3, 0xee, 0xff, 0xff, 0xc1, 0x0,
    0x0, 0x0, 0x4, 0xff, 0xff, 0xf8, 0x10, 0x0,
    0x0, 0x0, 0x4, 0xff, 0xff, 0xff, 0xf7, 0x0,
    0x0, 0x0, 0x0, 0x0, 0x26, 0xef, 0xff, 0x60,
    0x0, 0x0, 0x0, 0x0, 0x0, 0x1e, 0xff, 0xf0,
    0x0, 0x0, 0x0, 0x0, 0x0, 0x8, 0xff, 0xf4,
    0x12, 0x22, 0x0, 0x0, 0x0, 0x6, 0xff, 0xf6,
    0x6f, 0xff, 0x50, 0x0, 0x0, 0x8, 0xff, 0xf4,
    0x3f, 0xff, 0xc0, 0x0, 0x0, 0x2e, 0xff, 0xf1,
    0xc, 0xff, 0xfd, 0x63, 0x37, 0xff, 0xff, 0xa0,
    0x2, 0xef, 0xff, 0xff, 0xff, 0xff, 0xfd, 0x10,
    0x0, 0x3d, 0xff, 0xff, 0xff, 0xff, 0xb1, 0x0,
    0x0, 0x0, 0x5a, 0xdf, 0xfd, 0x94, 0x0, 0x0,

    /* U+0418 "?" */
    0xff, 0xfc, 0x0, 0x0, 0x0, 0x0, 0x3f, 0xff,
    0xf3, 0xff, 0xfc, 0x0, 0x0, 0x0, 0x0, 0xdf,
    0xff, 0xf3, 0xff, 0xfc, 0x0, 0x0, 0x0, 0x7,
    0xff, 0xff, 0xf3, 0xff, 0xfc, 0x0, 0x0, 0x0,
    0x1f, 0xff, 0xff, 0xf3, 0xff, 0xfc, 0x0, 0x0,
    0x0, 0xaf, 0xff, 0xff, 0xf3, 0xff, 0xfc, 0x0,
    0x0, 0x4, 0xff, 0xf9, 0xff, 0xf3, 0xff, 0xfc,
    0x0, 0x0, 0xd, 0xff, 0xc5, 0xff, 0xf3, 0xff,
    0xfc, 0x0, 0x0, 0x7f, 0xff, 0x46, 0xff, 0xf3,
    0xff, 0xfc, 0x0, 0x1, 0xff, 0xfb, 0x7, 0xff,
    0xf3, 0xff, 0xfc, 0x0, 0xb, 0xff, 0xf2, 0x7,
    0xff, 0xf3, 0xff, 0xfc, 0x0, 0x4f, 0xff, 0x90,
    0x8, 0xff, 0xf3, 0xff, 0xfb, 0x0, 0xdf, 0xfe,
    0x10, 0x8, 0xff, 0xf3, 0xff, 0xfb, 0x7, 0xff,
    0xf5, 0x0, 0x8, 0xff, 0xf3, 0xff, 0xfa, 0x1f,
    0xff, 0xc0, 0x0, 0x8, 0xff, 0xf3, 0xff, 0xfa,
    0x9f, 0xff, 0x20, 0x0, 0x8, 0xff, 0xf3, 0xff,
    0xfa, 0xff, 0xf8, 0x0, 0x0, 0x8, 0xff, 0xf3,
    0xff, 0xff, 0xff, 0xe0, 0x0, 0x0, 0x8, 0xff,
    0xf3, 0xff, 0xff, 0xff, 0x50, 0x0, 0x0, 0x8,
    0xff, 0xf3, 0xff, 0xff, 0xfb, 0x0, 0x0, 0x0,
    0x8, 0xff, 0xf3, 0xff, 0xff, 0xf2, 0x0, 0x0,
    0x0, 0x8, 0xff, 0xf3, 0xff, 0xff, 0x70, 0x0,
    0x0, 0x0, 0x8, 0xff, 0xf3,

    /* U+0419 "?" */
    0x0, 0x0, 0x88, 0x10, 0x0, 0x38, 0x60, 0x0,
    0x0, 0x0, 0x0, 0xef, 0x60, 0x0, 0x9f, 0xb0,
    0x0, 0x0, 0x0, 0x0, 0x9f, 0xe6, 0x37, 0xff,
    0x50, 0x0, 0x0, 0x0, 0x0, 0xd, 0xff, 0xff,
    0xfa, 0x0, 0x0, 0x0, 0x0, 0x0, 0x0, 0x8e,
    0xfd, 0x70, 0x0, 0x0, 0x0, 0x0, 0x0, 0x0,
    0x0, 0x0, 0x0, 0x0, 0x0, 0x0, 0x0, 0x0,
    0x0, 0x0, 0x0, 0x0, 0x0, 0x0, 0x0, 0xff,
    0xfc, 0x0, 0x0, 0x0, 0x0, 0x3f, 0xff, 0xf3,
    0xff, 0xfc, 0x0, 0x0, 0x0, 0x0, 0xdf, 0xff,
    0xf3, 0xff, 0xfc, 0x0, 0x0, 0x0, 0x7, 0xff,
    0xff, 0xf3, 0xff, 0xfc, 0x0, 0x0, 0x0, 0x1f,
    0xff, 0xff, 0xf3, 0xff, 0xfc, 0x0, 0x0, 0x0,
    0xaf, 0xff, 0xff, 0xf3, 0xff, 0xfc, 0x0, 0x0,
    0x4, 0xff, 0xf9, 0xff, 0xf3, 0xff, 0xfc, 0x0,
    0x0, 0xd, 0xff, 0xc5, 0xff, 0xf3, 0xff, 0xfc,
    0x0, 0x0, 0x7f, 0xff, 0x46, 0xff, 0xf3, 0xff,
    0xfc, 0x0, 0x1, 0xff, 0xfb, 0x7, 0xff, 0xf3,
    0xff, 0xfc, 0x0, 0xb, 0xff, 0xf2, 0x7, 0xff,
    0xf3, 0xff, 0xfc, 0x0, 0x4f, 0xff, 0x90, 0x8,
    0xff, 0xf3, 0xff, 0xfb, 0x0, 0xdf, 0xfe, 0x10,
    0x8, 0xff, 0xf3, 0xff, 0xfb, 0x7, 0xff, 0xf5,
    0x0, 0x8, 0xff, 0xf3, 0xff, 0xfa, 0x1f, 0xff,
    0xc0, 0x0, 0x8, 0xff, 0xf3, 0xff, 0xfa, 0x9f,
    0xff, 0x20, 0x0, 0x8, 0xff, 0xf3, 0xff, 0xfa,
    0xff, 0xf8, 0x0, 0x0, 0x8, 0xff, 0xf3, 0xff,
    0xff, 0xff, 0xe0, 0x0, 0x0, 0x8, 0xff, 0xf3,
    0xff, 0xff, 0xff, 0x50, 0x0, 0x0, 0x8, 0xff,
    0xf3, 0xff, 0xff, 0xfb, 0x0, 0x0, 0x0, 0x8,
    0xff, 0xf3, 0xff, 0xff, 0xf2, 0x0, 0x0, 0x0,
    0x8, 0xff, 0xf3, 0xff, 0xff, 0x70, 0x0, 0x0,
    0x0, 0x8, 0xff, 0xf3,

    /* U+041A "?" */
    0xff, 0xfb, 0x0, 0x0, 0x0, 0x1, 0xff, 0xff,
    0x4f, 0xff, 0xb0, 0x0, 0x0, 0x0, 0xbf, 0xff,
    0x90, 0xff, 0xfb, 0x0, 0x0, 0x0, 0x6f, 0xff,
    0xd0, 0xf, 0xff, 0xb0, 0x0, 0x0, 0x2f, 0xff,
    0xf2, 0x0, 0xff, 0xfb, 0x0, 0x0, 0xc, 0xff,
    0xf7, 0x0, 0xf, 0xff, 0xb0, 0x0, 0x7, 0xff,
    0xfb, 0x0, 0x0, 0xff, 0xfb, 0x0, 0x2, 0xff,
    0xfe, 0x10, 0x0, 0xf, 0xff, 0xb0, 0x0, 0xdf,
    0xff, 0x40, 0x0, 0x0, 0xff, 0xfb, 0x22, 0x8f,
    0xff, 0x90, 0x0, 0x0, 0xf, 0xff, 0xff, 0xff,
    0xff, 0xd0, 0x0, 0x0, 0x0, 0xff, 0xff, 0xff,
    0xff, 0xf7, 0x0, 0x0, 0x0, 0xf, 0xff, 0xff,
    0xff, 0xff, 0xf2, 0x0, 0x0, 0x0, 0xff, 0xfb,
    0x0, 0x6f, 0xff, 0xc0, 0x0, 0x0, 0xf, 0xff,
    0xb0, 0x0, 0xbf, 0xff, 0x80, 0x0, 0x0, 0xff,
    0xfb, 0x0, 0x1, 0xef, 0xff, 0x40, 0x0, 0xf,
    0xff, 0xb0, 0x0, 0x4, 0xff, 0xfe, 0x10, 0x0,
    0xff, 0xfb, 0x0, 0x0, 0x9, 0xff, 0xfb, 0x0,
    0xf, 0xff, 0xb0, 0x0, 0x0, 0xd, 0xff, 0xf7,
    0x0, 0xff, 0xfb, 0x0, 0x0, 0x0, 0x2f, 0xff,
    0xf3, 0xf, 0xff, 0xb0, 0x0, 0x0, 0x0, 0x7f,
    0xff, 0xd0, 0xff, 0xfb, 0x0, 0x0, 0x0, 0x0,
    0xbf, 0xff, 0x90,

    /* U+041B "?" */
    0x0, 0x0, 0x7f, 0xff, 0xff, 0xff, 0xff, 0xff,
    0xfe, 0x0, 0x0, 0x9f, 0xff, 0xff, 0xff, 0xff,
    0xff, 0xfe, 0x0, 0x0, 0xaf, 0xff, 0xff, 0xff,
    0xff, 0xff, 0xfe, 0x0, 0x0, 0xbf, 0xfd, 0x22,
    0x22, 0x22, 0xcf, 0xfe, 0x0, 0x0, 0xcf, 0xfc,
    0x0, 0x0, 0x0, 0xbf, 0xfe, 0x0, 0x0, 0xef,
    0xfa, 0x0, 0x0, 0x0, 0xbf, 0xfe, 0x0, 0x0,
    0xff, 0xf9, 0x0, 0x0, 0x0, 0xbf, 0xfe, 0x0,
    0x0, 0xff, 0xf8, 0x0, 0x0, 0x0, 0xbf, 0xfe,
    0x0, 0x2, 0xff, 0xf6, 0x0, 0x0, 0x0, 0xbf,
    0xfe, 0x0, 0x3, 0xff, 0xf5, 0x0, 0x0, 0x0,
    0xbf, 0xfe, 0x0, 0x4, 0xff, 0xf4, 0x0, 0x0,
    0x0, 0xbf, 0xfe, 0x0, 0x5, 0xff, 0xf3, 0x0,
    0x0, 0x0, 0xbf, 0xfe, 0x0, 0x7, 0xff, 0xf1,
    0x0, 0x0, 0x0, 0xbf, 0xfe, 0x0, 0x8, 0xff,
    0xf0, 0x0, 0x0, 0x0, 0xbf, 0xfe, 0x0, 0xb,
    0xff, 0xe0, 0x0, 0x0, 0x0, 0xbf, 0xfe, 0x0,
    0xe, 0xff, 0xb0, 0x0, 0x0, 0x0, 0xbf, 0xfe,
    0x0, 0x3f, 0xff, 0x70, 0x0, 0x0, 0x0, 0xbf,
    0xfe, 0x25, 0xdf, 0xff, 0x20, 0x0, 0x0, 0x0,
    0xbf, 0xfe, 0xdf, 0xff, 0xfa, 0x0, 0x0, 0x0,
    0x0, 0xbf, 0xfe, 0xdf, 0xff, 0xd1, 0x0, 0x0,
    0x0, 0x0, 0xbf, 0xfe, 0xde, 0xc7, 0x0, 0x0,
    0x0, 0x0, 0x0, 0xbf, 0xfe,

    /* U+041C "?" */
    0xff, 0xff, 0xfb, 0x0, 0x0, 0x0, 0x0, 0x0,
    0xef, 0xff, 0xfc, 0xff, 0xff, 0xff, 0x10, 0x0,
    0x0, 0x0, 0x4, 0xff, 0xff, 0xfc, 0xff, 0xff,
    0xff, 0x70, 0x0, 0x0, 0x0, 0x9, 0xff, 0xff,
    0xfc, 0xff, 0xff, 0xff, 0xc0, 0x0, 0x0, 0x0,
    0xf, 0xff, 0xff, 0xfc, 0xff, 0xfc, 0xff, 0xf2,
    0x0, 0x0, 0x0, 0x5f, 0xff, 0xcf, 0xfc, 0xff,
    0xf9, 0xef, 0xf8, 0x0, 0x0, 0x0, 0xaf, 0xfb,
    0xcf, 0xfc, 0xff, 0xf9, 0xaf, 0xfd, 0x0, 0x0,
    0x0, 0xff, 0xf6, 0xcf, 0xfc, 0xff, 0xf9, 0x6f,
    0xff, 0x30, 0x0, 0x6, 0xff, 0xf1, 0xdf, 0xfc,
    0xff, 0xf9, 0x1f, 0xff, 0x90, 0x0, 0xb, 0xff,
    0xd0, 0xdf, 0xfc, 0xff, 0xfa, 0xc, 0xff, 0xe0,
    0x0, 0x1f, 0xff, 0x80, 0xdf, 0xfc, 0xff, 0xfa,
    0x6, 0xff, 0xf4, 0x0, 0x7f, 0xff, 0x20, 0xdf,
    0xfc, 0xff, 0xfa, 0x1, 0xff, 0xf9, 0x0, 0xcf,
    0xfd, 0x0, 0xdf, 0xfc, 0xff, 0xfa, 0x0, 0xbf,
    0xfe, 0x0, 0xff, 0xf7, 0x0, 0xdf, 0xfc, 0xff,
    0xfa, 0x0, 0x5f, 0xff, 0x24, 0xff, 0xf1, 0x0,
    0xdf, 0xfc, 0xff, 0xfa, 0x0, 0xf, 0xff, 0x68,
    0xff, 0xc0, 0x0, 0xdf, 0xfc, 0xff, 0xfa, 0x0,
    0x9, 0xff, 0xac, 0xff, 0x60, 0x0, 0xdf, 0xfc,
    0xff, 0xfa, 0x0, 0x4, 0xff, 0xef, 0xff, 0x10,
    0x0, 0xdf, 0xfc, 0xff, 0xfa, 0x0, 0x0, 0xef,
    0xff, 0xfb, 0x0, 0x0, 0xdf, 0xfc, 0xff, 0xfa,
    0x0, 0x0, 0x8f, 0xff, 0xf5, 0x0, 0x0, 0xdf,
    0xfc, 0xff, 0xfa, 0x0, 0x0, 0x2f, 0xff, 0xf0,
    0x0, 0x0, 0xdf, 0xfc, 0xff, 0xfa, 0x0, 0x0,
    0xd, 0xff, 0xa0, 0x0, 0x0, 0xdf, 0xfc,

    /* U+041D "?" */
    0xff, 0xfb, 0x0, 0x0, 0x0, 0x0, 0xd, 0xff,
    0xdf, 0xff, 0xb0, 0x0, 0x0, 0x0, 0x0, 0xdf,
    0xfd, 0xff, 0xfb, 0x0, 0x0, 0x0, 0x0, 0xd,
    0xff, 0xdf, 0xff, 0xb0, 0x0, 0x0, 0x0, 0x0,
    0xdf, 0xfd, 0xff, 0xfb, 0x0, 0x0, 0x0, 0x0,
    0xd, 0xff, 0xdf, 0xff, 0xb0, 0x0, 0x0, 0x0,
    0x0, 0xdf, 0xfd, 0xff, 0xfb, 0x0, 0x0, 0x0,
    0x0, 0xd, 0xff, 0xdf, 0xff, 0xb0, 0x0, 0x0,
    0x0, 0x0, 0xdf, 0xfd, 0xff, 0xfc, 0x22, 0x22,
    0x22, 0x22, 0x2d, 0xff, 0xdf, 0xff, 0xff, 0xff,
    0xff, 0xff, 0xff, 0xff, 0xfd, 0xff, 0xff, 0xff,
    0xff, 0xff, 0xff, 0xff, 0xff, 0xdf, 0xff, 0xff,
    0xff, 0xff, 0xff, 0xff, 0xff, 0xfd, 0xff, 0xfb,
    0x0, 0x0, 0x0, 0x0, 0xd, 0xff, 0xdf, 0xff,
    0xb0, 0x0, 0x0, 0x0, 0x0, 0xdf, 0xfd, 0xff,
    0xfb, 0x0, 0x0, 0x0, 0x0, 0xd, 0xff, 0xdf,
    0xff, 0xb0, 0x0, 0x0, 0x0, 0x0, 0xdf, 0xfd,
    0xff, 0xfb, 0x0, 0x0, 0x0, 0x0, 0xd, 0xff,
    0xdf, 0xff, 0xb0, 0x0, 0x0, 0x0, 0x0, 0xdf,
    0xfd, 0xff, 0xfb, 0x0, 0x0, 0x0, 0x0, 0xd,
    0xff, 0xdf, 0xff, 0xb0, 0x0, 0x0, 0x0, 0x0,
    0xdf, 0xfd, 0xff, 0xfb, 0x0, 0x0, 0x0, 0x0,
    0xd, 0xff, 0xd0,

    /* U+041E "?" */
    0x0, 0x0, 0x1, 0x7b, 0xef, 0xfd, 0x94, 0x0,
    0x0, 0x0, 0x0, 0x0, 0x6f, 0xff, 0xff, 0xff,
    0xff, 0xc2, 0x0, 0x0, 0x0, 0x9, 0xff, 0xff,
    0xff, 0xff, 0xff, 0xfe, 0x30, 0x0, 0x0, 0x7f,
    0xff, 0xfd, 0x86, 0x7a, 0xff, 0xff, 0xe1, 0x0,
    0x2, 0xff, 0xff, 0x70, 0x0, 0x0, 0x2d, 0xff,
    0xfa, 0x0, 0xa, 0xff, 0xf7, 0x0, 0x0, 0x0,
    0x1, 0xef, 0xff, 0x20, 0xf, 0xff, 0xd0, 0x0,
    0x0, 0x0, 0x0, 0x5f, 0xff, 0x80, 0x4f, 0xff,
    0x70, 0x0, 0x0, 0x0, 0x0, 0xf, 0xff, 0xc0,
    0x7f, 0xff, 0x40, 0x0, 0x0, 0x0, 0x0, 0xb,
    0xff, 0xf0, 0x8f, 0xff, 0x20, 0x0, 0x0, 0x0,
    0x0, 0xa, 0xff, 0xf0, 0x9f, 0xff, 0x10, 0x0,
    0x0, 0x0, 0x0, 0x9, 0xff, 0xf1, 0x8f, 0xff,
    0x20, 0x0, 0x0, 0x0, 0x0, 0xa, 0xff, 0xf0,
    0x7f, 0xff, 0x40, 0x0, 0x0, 0x0, 0x0, 0xb,
    0xff, 0xf0, 0x4f, 0xff, 0x70, 0x0, 0x0, 0x0,
    0x0, 0xf, 0xff, 0xc0, 0xf, 0xff, 0xd0, 0x0,
    0x0, 0x0, 0x0, 0x5f, 0xff, 0x80, 0xa, 0xff,
    0xf7, 0x0, 0x0, 0x0, 0x1, 0xef, 0xff, 0x20,
    0x2, 0xff, 0xff, 0x70, 0x0, 0x0, 0x2d, 0xff,
    0xfb, 0x0, 0x0, 0x7f, 0xff, 0xfd, 0x86, 0x7a,
    0xff, 0xff, 0xe1, 0x0, 0x0, 0x9, 0xff, 0xff,
    0xff, 0xff, 0xff, 0xfe, 0x30, 0x0, 0x0, 0x0,
    0x6f, 0xff, 0xff, 0xff, 0xff, 0xc2, 0x0, 0x0,
    0x0, 0x0, 0x1, 0x7b, 0xef, 0xfd, 0x94, 0x0,
    0x0, 0x0,

    /* U+041F "?" */
    0xff, 0xff, 0xff, 0xff, 0xff, 0xff, 0xff, 0xff,
    0xdf, 0xff, 0xff, 0xff, 0xff, 0xff, 0xff, 0xff,
    0xfd, 0xff, 0xff, 0xff, 0xff, 0xff, 0xff, 0xff,
    0xff, 0xdf, 0xff, 0xc2, 0x22, 0x22, 0x22, 0x22,
    0xdf, 0xfd, 0xff, 0xfb, 0x0, 0x0, 0x0, 0x0,
    0xd, 0xff, 0xdf, 0xff, 0xb0, 0x0, 0x0, 0x0,
    0x0, 0xdf, 0xfd, 0xff, 0xfb, 0x0, 0x0, 0x0,
    0x0, 0xd, 0xff, 0xdf, 0xff, 0xb0, 0x0, 0x0,
    0x0, 0x0, 0xdf, 0xfd, 0xff, 0xfb, 0x0, 0x0,
    0x0, 0x0, 0xd, 0xff, 0xdf, 0xff, 0xb0, 0x0,
    0x0, 0x0, 0x0, 0xdf, 0xfd, 0xff, 0xfb, 0x0,
    0x0, 0x0, 0x0, 0xd, 0xff, 0xdf, 0xff, 0xb0,
    0x0, 0x0, 0x0, 0x0, 0xdf, 0xfd, 0xff, 0xfb,
    0x0, 0x0, 0x0, 0x0, 0xd, 0xff, 0xdf, 0xff,
    0xb0, 0x0, 0x0, 0x0, 0x0, 0xdf, 0xfd, 0xff,
    0xfb, 0x0, 0x0, 0x0, 0x0, 0xd, 0xff, 0xdf,
    0xff, 0xb0, 0x0, 0x0, 0x0, 0x0, 0xdf, 0xfd,
    0xff, 0xfb, 0x0, 0x0, 0x0, 0x0, 0xd, 0xff,
    0xdf, 0xff, 0xb0, 0x0, 0x0, 0x0, 0x0, 0xdf,
    0xfd, 0xff, 0xfb, 0x0, 0x0, 0x0, 0x0, 0xd,
    0xff, 0xdf, 0xff, 0xb0, 0x0, 0x0, 0x0, 0x0,
    0xdf, 0xfd, 0xff, 0xfb, 0x0, 0x0, 0x0, 0x0,
    0xd, 0xff, 0xd0,

    /* U+0420 "?" */
    0xff, 0xff, 0xff, 0xff, 0xec, 0x81, 0x0, 0xf,
    0xff, 0xff, 0xff, 0xff, 0xff, 0xf6, 0x0, 0xff,
    0xff, 0xff, 0xff, 0xff, 0xff, 0xf5, 0xf, 0xff,
    0xb2, 0x22, 0x25, 0xbf, 0xff, 0xf1, 0xff, 0xfb,
    0x0, 0x0, 0x0, 0xbf, 0xff, 0x6f, 0xff, 0xb0,
    0x0, 0x0, 0x2, 0xff, 0xfa, 0xff, 0xfb, 0x0,
    0x0, 0x0, 0xf, 0xff, 0xcf, 0xff, 0xb0, 0x0,
    0x0, 0x0, 0xff, 0xfc, 0xff, 0xfb, 0x0, 0x0,
    0x0, 0x2f, 0xff, 0xaf, 0xff, 0xb0, 0x0, 0x0,
    0xa, 0xff, 0xf6, 0xff, 0xfb, 0x11, 0x12, 0x4b,
    0xff, 0xff, 0x1f, 0xff, 0xff, 0xff, 0xff, 0xff,
    0xff, 0x50, 0xff, 0xff, 0xff, 0xff, 0xff, 0xff,
    0x60, 0xf, 0xff, 0xff, 0xff, 0xfe, 0xc8, 0x10,
    0x0, 0xff, 0xfb, 0x0, 0x0, 0x0, 0x0, 0x0,
    0xf, 0xff, 0xb0, 0x0, 0x0, 0x0, 0x0, 0x0,
    0xff, 0xfb, 0x0, 0x0, 0x0, 0x0, 0x0, 0xf,
    0xff, 0xb0, 0x0, 0x0, 0x0, 0x0, 0x0, 0xff,
    0xfb, 0x0, 0x0, 0x0, 0x0, 0x0, 0xf, 0xff,
    0xb0, 0x0, 0x0, 0x0, 0x0, 0x0, 0xff, 0xfb,
    0x0, 0x0, 0x0, 0x0, 0x0, 0x0,

    /* U+0421 "?" */
    0x0, 0x0, 0x1, 0x7b, 0xef, 0xed, 0x93, 0x0,
    0x0, 0x0, 0x0, 0x6, 0xff, 0xff, 0xff, 0xff,
    0xfb, 0x20, 0x0, 0x0, 0xa, 0xff, 0xff, 0xff,
    0xff, 0xff, 0xfe, 0x20, 0x0, 0x8, 0xff, 0xff,
    0xd8, 0x67, 0xaf, 0xff, 0xfd, 0x0, 0x2, 0xff,
    0xff, 0x70, 0x0, 0x0, 0x2d, 0xff, 0xf7, 0x0,
    0xaf, 0xff, 0x80, 0x0, 0x0, 0x0, 0x1f, 0xff,
    0xe0, 0xf, 0xff, 0xd0, 0x0, 0x0, 0x0, 0x0,
    0x9f, 0xff, 0x24, 0xff, 0xf7, 0x0, 0x0, 0x0,
    0x0, 0x0, 0x22, 0x20, 0x7f, 0xff, 0x40, 0x0,
    0x0, 0x0, 0x0, 0x0, 0x0, 0x8, 0xff, 0xf2,
    0x0, 0x0, 0x0, 0x0, 0x0, 0x0, 0x0, 0x9f,
    0xff, 0x10, 0x0, 0x0, 0x0, 0x0, 0x0, 0x0,
    0x8, 0xff, 0xf2, 0x0, 0x0, 0x0, 0x0, 0x0,
    0x0, 0x0, 0x7f, 0xff, 0x40, 0x0, 0x0, 0x0,
    0x0, 0x0, 0x0, 0x4, 0xff, 0xf7, 0x0, 0x0,
    0x0, 0x0, 0x0, 0x22, 0x20, 0xf, 0xff, 0xd0,
    0x0, 0x0, 0x0, 0x0, 0x9f, 0xff, 0x20, 0xaf,
    0xff, 0x70, 0x0, 0x0, 0x0, 0x1f, 0xff, 0xe0,
    0x2, 0xff, 0xff, 0x70, 0x0, 0x0, 0x2d, 0xff,
    0xf7, 0x0, 0x8, 0xff, 0xff, 0xd8, 0x67, 0xaf,
    0xff, 0xfd, 0x0, 0x0, 0xa, 0xff, 0xff, 0xff,
    0xff, 0xff, 0xfe, 0x10, 0x0, 0x0, 0x7, 0xff,
    0xff, 0xff, 0xff, 0xfa, 0x10, 0x0, 0x0, 0x0,
    0x1, 0x7b, 0xef, 0xed, 0x93, 0x0, 0x0, 0x0,

    /* U+0422 "?" */
    0xdf, 0xff, 0xff, 0xff, 0xff, 0xff, 0xff, 0xff,
    0x5d, 0xff, 0xff, 0xff, 0xff, 0xff, 0xff, 0xff,
    0xf5, 0xdf, 0xff, 0xff, 0xff, 0xff, 0xff, 0xff,
    0xff, 0x52, 0x22, 0x22, 0x2a, 0xff, 0xf3, 0x22,
    0x22, 0x20, 0x0, 0x0, 0x0, 0x9f, 0xff, 0x10,
    0x0, 0x0, 0x0, 0x0, 0x0, 0x9, 0xff, 0xf1,
    0x0, 0x0, 0x0, 0x0, 0x0, 0x0, 0x9f, 0xff,
    0x10, 0x0, 0x0, 0x0, 0x0, 0x0, 0x9, 0xff,
    0xf1, 0x0, 0x0, 0x0, 0x0, 0x0, 0x0, 0x9f,
    0xff, 0x10, 0x0, 0x0, 0x0, 0x0, 0x0, 0x9,
    0xff, 0xf1, 0x0, 0x0, 0x0, 0x0, 0x0, 0x0,
    0x9f, 0xff, 0x10, 0x0, 0x0, 0x0, 0x0, 0x0,
    0x9, 0xff, 0xf1, 0x0, 0x0, 0x0, 0x0, 0x0,
    0x0, 0x9f, 0xff, 0x10, 0x0, 0x0, 0x0, 0x0,
    0x0, 0x9, 0xff, 0xf1, 0x0, 0x0, 0x0, 0x0,
    0x0, 0x0, 0x9f, 0xff, 0x10, 0x0, 0x0, 0x0,
    0x0, 0x0, 0x9, 0xff, 0xf1, 0x0, 0x0, 0x0,
    0x0, 0x0, 0x0, 0x9f, 0xff, 0x10, 0x0, 0x0,
    0x0, 0x0, 0x0, 0x9, 0xff, 0xf1, 0x0, 0x0,
    0x0, 0x0, 0x0, 0x0, 0x9f, 0xff, 0x10, 0x0,
    0x0, 0x0, 0x0, 0x0, 0x9, 0xff, 0xf1, 0x0,
    0x0, 0x0, 0x0, 0x0, 0x0, 0x9f, 0xff, 0x10,
    0x0, 0x0, 0x0,

    /* U+0423 "?" */
    0x1f, 0xff, 0xf1, 0x0, 0x0, 0x0, 0x2, 0xff,
    0xfe, 0x0, 0x9f, 0xff, 0x80, 0x0, 0x0, 0x0,
    0x8f, 0xff, 0x80, 0x2, 0xff, 0xfe, 0x0, 0x0,
    0x0, 0xe, 0xff, 0xf1, 0x0, 0xa, 0xff, 0xf6,
    0x0, 0x0, 0x4, 0xff, 0xfa, 0x0, 0x0, 0x3f,
    0xff, 0xd0, 0x0, 0x0, 0xbf, 0xff, 0x40, 0x0,
    0x0, 0xcf, 0xff, 0x40, 0x0, 0x1f, 0xff, 0xd0,
    0x0, 0x0, 0x4, 0xff, 0xfa, 0x0, 0x7, 0xff,
    0xf6, 0x0, 0x0, 0x0, 0xd, 0xff, 0xf1, 0x0,
    0xdf, 0xff, 0x0, 0x0, 0x0, 0x0, 0x5f, 0xff,
    0x60, 0x2f, 0xff, 0x90, 0x0, 0x0, 0x0, 0x0,
    0xdf, 0xfb, 0x8, 0xff, 0xf2, 0x0, 0x0, 0x0,
    0x0, 0x6, 0xff, 0xf0, 0xdf, 0xfb, 0x0, 0x0,
    0x0, 0x0, 0x0, 0xe, 0xff, 0x6f, 0xff, 0x50,
    0x0, 0x0, 0x0, 0x0, 0x0, 0x7f, 0xfe, 0xff,
    0xe0, 0x0, 0x0, 0x0, 0x0, 0x0, 0x1, 0xff,
    0xff, 0xf7, 0x0, 0x0, 0x0, 0x0, 0x0, 0x0,
    0x8, 0xff, 0xff, 0x10, 0x0, 0x0, 0x0, 0x0,
    0x0, 0x0, 0x2f, 0xff, 0xa0, 0x0, 0x0, 0x0,
    0x0, 0x0, 0x0, 0x7, 0xff, 0xf3, 0x0, 0x0,
    0x0, 0x0, 0x0, 0x15, 0x58, 0xff, 0xfc, 0x0,
    0x0, 0x0, 0x0, 0x0, 0x6, 0xff, 0xff, 0xff,
    0x30, 0x0, 0x0, 0x0, 0x0, 0x0, 0x6f, 0xff,
    0xff, 0x60, 0x0, 0x0, 0x0, 0x0, 0x0, 0x6,
    0xff, 0xeb, 0x40, 0x0, 0x0, 0x0, 0x0, 0x0,

    /* U+0424 "?" */
    0x0, 0x0, 0x0, 0x0, 0x18, 0x88, 0x40, 0x0,
    0x0, 0x0, 0x0, 0x0, 0x0, 0x0, 0x2, 0xff,
    0xf7, 0x0, 0x0, 0x0, 0x0, 0x0, 0x0, 0x0,
    0x0, 0x2f, 0xff, 0x70, 0x0, 0x0, 0x0, 0x0,
    0x0, 0x0, 0x5a, 0xde, 0xff, 0xff, 0xdb, 0x71,
    0x0, 0x0, 0x0, 0x2, 0xdf, 0xff, 0xff, 0xff,
    0xff, 0xff, 0xf5, 0x0, 0x0, 0x3, 0xef, 0xff,
    0xff, 0xff, 0xff, 0xff, 0xff, 0xf8, 0x0, 0x1,
    0xef, 0xff, 0xd7, 0x6f, 0xff, 0x96, 0xbf, 0xff,
    0xf4, 0x0, 0x9f, 0xff, 0x90, 0x2, 0xff, 0xf7,
    0x0, 0x5f, 0xff, 0xe0, 0xf, 0xff, 0xc0, 0x0,
    0x2f, 0xff, 0x70, 0x0, 0x7f, 0xff, 0x54, 0xff,
    0xf5, 0x0, 0x2, 0xff, 0xf7, 0x0, 0x1, 0xff,
    0xfa, 0x7f, 0xff, 0x10, 0x0, 0x2f, 0xff, 0x70,
    0x0, 0xc, 0xff, 0xd8, 0xff, 0xf0, 0x0, 0x2,
    0xff, 0xf7, 0x0, 0x0, 0xbf, 0xfe, 0x8f, 0xff,
    0x0, 0x0, 0x2f, 0xff, 0x70, 0x0, 0xa, 0xff,
    0xe7, 0xff, 0xf1, 0x0, 0x2, 0xff, 0xf7, 0x0,
    0x0, 0xcf, 0xfd, 0x5f, 0xff, 0x50, 0x0, 0x2f,
    0xff, 0x70, 0x0, 0xf, 0xff, 0xa0, 0xff, 0xfc,
    0x0, 0x2, 0xff, 0xf7, 0x0, 0x7, 0xff, 0xf6,
    0xa, 0xff, 0xf8, 0x0, 0x2f, 0xff, 0x70, 0x4,
    0xff, 0xfe, 0x0, 0x1e, 0xff, 0xfc, 0x65, 0xff,
    0xf9, 0x5a, 0xff, 0xff, 0x50, 0x0, 0x4f, 0xff,
    0xff, 0xff, 0xff, 0xff, 0xff, 0xff, 0x90, 0x0,
    0x0, 0x3e, 0xff, 0xff, 0xff, 0xff, 0xff, 0xff,
    0x70, 0x0, 0x0, 0x0, 0x6, 0xbe, 0xff, 0xff,
    0xff, 0xc8, 0x20, 0x0, 0x0, 0x0, 0x0, 0x0,
    0x2, 0xff, 0xf7, 0x0, 0x0, 0x0, 0x0, 0x0,
    0x0, 0x0, 0x0, 0x2f, 0xff, 0x70, 0x0, 0x0,
    0x0, 0x0, 0x0, 0x0, 0x0, 0x2, 0xff, 0xf7,
    0x0, 0x0, 0x0, 0x0,

    /* U+0425 "?" */
    0x5, 0xff, 0xfd, 0x0, 0x0, 0x0, 0x0, 0x9f,
    0xff, 0x80, 0x0, 0xbf, 0xff, 0x70, 0x0, 0x0,
    0x3, 0xff, 0xfd, 0x0, 0x0, 0x1f, 0xff, 0xf2,
    0x0, 0x0, 0xd, 0xff, 0xf3, 0x0, 0x0, 0x6,
    0xff, 0xfc, 0x0, 0x0, 0x8f, 0xff, 0x90, 0x0,
    0x0, 0x0, 0xbf, 0xff, 0x60, 0x2, 0xff, 0xfd,
    0x0, 0x0, 0x0, 0x0, 0x2f, 0xff, 0xe0, 0xb,
    0xff, 0xf4, 0x0, 0x0, 0x0, 0x0, 0x6, 0xff,
    0xf8, 0x4f, 0xff, 0x90, 0x0, 0x0, 0x0, 0x0,
    0x0, 0xcf, 0xff, 0xcf, 0xfe, 0x0, 0x0, 0x0,
    0x0, 0x0, 0x0, 0x2f, 0xff, 0xff, 0xf4, 0x0,
    0x0, 0x0, 0x0, 0x0, 0x0, 0x7, 0xff, 0xff,
    0x90, 0x0, 0x0, 0x0, 0x0, 0x0, 0x0, 0x2,
    0xff, 0xff, 0x70, 0x0, 0x0, 0x0, 0x0, 0x0,
    0x0, 0xc, 0xff, 0xff, 0xf2, 0x0, 0x0, 0x0,
    0x0, 0x0, 0x0, 0x7f, 0xff, 0xff, 0xfc, 0x0,
    0x0, 0x0, 0x0, 0x0, 0x2, 0xff, 0xfb, 0x9f,
    0xff, 0x60, 0x0, 0x0, 0x0, 0x0, 0xd, 0xff,
    0xf3, 0x1f, 0xff, 0xf2, 0x0, 0x0, 0x0, 0x0,
    0x8f, 0xff, 0x90, 0x7, 0xff, 0xfc, 0x0, 0x0,
    0x0, 0x3, 0xff, 0xfe, 0x0, 0x0, 0xcf, 0xff,
    0x60, 0x0, 0x0, 0xd, 0xff, 0xf4, 0x0, 0x0,
    0x2f, 0xff, 0xf2, 0x0, 0x0, 0x9f, 0xff, 0x90,
    0x0, 0x0, 0x8, 0xff, 0xfc, 0x0, 0x4, 0xff,
    0xfd, 0x0, 0x0, 0x0, 0x0, 0xdf, 0xff, 0x60,
    0xe, 0xff, 0xf4, 0x0, 0x0, 0x0, 0x0, 0x3f,
    0xff, 0xf2,

    /* U+0426 "?" */
    0xff, 0xfb, 0x0, 0x0, 0x0, 0x0, 0x6f, 0xff,
    0x40, 0xf, 0xff, 0xb0, 0x0, 0x0, 0x0, 0x6,
    0xff, 0xf4, 0x0, 0xff, 0xfb, 0x0, 0x0, 0x0,
    0x0, 0x6f, 0xff, 0x40, 0xf, 0xff, 0xb0, 0x0,
    0x0, 0x0, 0x6, 0xff, 0xf4, 0x0, 0xff, 0xfb,
    0x0, 0x0, 0x0, 0x0, 0x6f, 0xff, 0x40, 0xf,
    0xff, 0xb0, 0x0, 0x0, 0x0, 0x6, 0xff, 0xf4,
    0x0, 0xff, 0xfb, 0x0, 0x0, 0x0, 0x0, 0x6f,
    0xff, 0x40, 0xf, 0xff, 0xb0, 0x0, 0x0, 0x0,
    0x6, 0xff, 0xf4, 0x0, 0xff, 0xfb, 0x0, 0x0,
    0x0, 0x0, 0x6f, 0xff, 0x40, 0xf, 0xff, 0xb0,
    0x0, 0x0, 0x0, 0x6, 0xff, 0xf4, 0x0, 0xff,
    0xfb, 0x0, 0x0, 0x0, 0x0, 0x6f, 0xff, 0x40,
    0xf, 0xff, 0xb0, 0x0, 0x0, 0x0, 0x6, 0xff,
    0xf4, 0x0, 0xff, 0xfb, 0x0, 0x0, 0x0, 0x0,
    0x6f, 0xff, 0x40, 0xf, 0xff, 0xb0, 0x0, 0x0,
    0x0, 0x6, 0xff, 0xf4, 0x0, 0xff, 0xfb, 0x0,
    0x0, 0x0, 0x0, 0x6f, 0xff, 0x40, 0xf, 0xff,
    0xb0, 0x0, 0x0, 0x0, 0x6, 0xff, 0xf4, 0x0,
    0xff, 0xfb, 0x0, 0x0, 0x0, 0x0, 0x6f, 0xff,
    0x40, 0xf, 0xff, 0xc2, 0x22, 0x22, 0x22, 0x27,
    0xff, 0xf7, 0x21, 0xff, 0xff, 0xff, 0xff, 0xff,
    0xff, 0xff, 0xff, 0xff, 0x6f, 0xff, 0xff, 0xff,
    0xff, 0xff, 0xff, 0xff, 0xff, 0xf5, 0xff, 0xff,
    0xff, 0xff, 0xff, 0xff, 0xff, 0xff, 0xff, 0x50,
    0x0, 0x0, 0x0, 0x0, 0x0, 0x0, 0x3, 0xff,
    0xf5, 0x0, 0x0, 0x0, 0x0, 0x0, 0x0, 0x0,
    0x3f, 0xff, 0x50, 0x0, 0x0, 0x0, 0x0, 0x0,
    0x0, 0x3, 0xff, 0xf4, 0x0, 0x0, 0x0, 0x0,
    0x0, 0x0, 0x0, 0x3f, 0xff, 0x40, 0x0, 0x0,
    0x0, 0x0, 0x0, 0x0, 0x1, 0x88, 0x82,

    /* U+0427 "?" */
    0x1f, 0xff, 0x80, 0x0, 0x0, 0x0, 0xf, 0xff,
    0xb1, 0xff, 0xf8, 0x0, 0x0, 0x0, 0x0, 0xff,
    0xfb, 0x1f, 0xff, 0x80, 0x0, 0x0, 0x0, 0xf,
    0xff, 0xb1, 0xff, 0xf8, 0x0, 0x0, 0x0, 0x0,
    0xff, 0xfb, 0x1f, 0xff, 0x80, 0x0, 0x0, 0x0,
    0xf, 0xff, 0xb1, 0xff, 0xf8, 0x0, 0x0, 0x0,
    0x0, 0xff, 0xfb, 0x1f, 0xff, 0x80, 0x0, 0x0,
    0x0, 0xf, 0xff, 0xb0, 0xff, 0xfb, 0x0, 0x0,
    0x0, 0x0, 0xff, 0xfb, 0xe, 0xff, 0xf2, 0x0,
    0x0, 0x0, 0xf, 0xff, 0xb0, 0x9f, 0xff, 0xe7,
    0x20, 0x3, 0x8e, 0xff, 0xfb, 0x1, 0xff, 0xff,
    0xff, 0xff, 0xff, 0xff, 0xff, 0xb0, 0x4, 0xef,
    0xff, 0xff, 0xff, 0xfe, 0xff, 0xfb, 0x0, 0x1,
    0x8d, 0xff, 0xff, 0xc7, 0xf, 0xff, 0xb0, 0x0,
    0x0, 0x0, 0x11, 0x0, 0x0, 0xff, 0xfb, 0x0,
    0x0, 0x0, 0x0, 0x0, 0x0, 0xf, 0xff, 0xb0,
    0x0, 0x0, 0x0, 0x0, 0x0, 0x0, 0xff, 0xfb,
    0x0, 0x0, 0x0, 0x0, 0x0, 0x0, 0xf, 0xff,
    0xb0, 0x0, 0x0, 0x0, 0x0, 0x0, 0x0, 0xff,
    0xfb, 0x0, 0x0, 0x0, 0x0, 0x0, 0x0, 0xf,
    0xff, 0xb0, 0x0, 0x0, 0x0, 0x0, 0x0, 0x0,
    0xff, 0xfb, 0x0, 0x0, 0x0, 0x0, 0x0, 0x0,
    0xf, 0xff, 0xb0,

    /* U+0428 "?" */
    0xff, 0xfb, 0x0, 0x0, 0x1, 0xff, 0xf7, 0x0,
    0x0, 0x4, 0xff, 0xf5, 0xff, 0xfb, 0x0, 0x0,
    0x1, 0xff, 0xf7, 0x0, 0x0, 0x4, 0xff, 0xf5,
    0xff, 0xfb, 0x0, 0x0, 0x1, 0xff, 0xf7, 0x0,
    0x0, 0x4, 0xff, 0xf5, 0xff, 0xfb, 0x0, 0x0,
    0x1, 0xff, 0xf7, 0x0, 0x0, 0x4, 0xff, 0xf5,
    0xff, 0xfb, 0x0, 0x0, 0x1, 0xff, 0xf7, 0x0,
    0x0, 0x4, 0xff, 0xf5, 0xff, 0xfb, 0x0, 0x0,
    0x1, 0xff, 0xf7, 0x0, 0x0, 0x4, 0xff, 0xf5,
    0xff, 0xfb, 0x0, 0x0, 0x1, 0xff, 0xf7, 0x0,
    0x0, 0x4, 0xff, 0xf5, 0xff, 0xfb, 0x0, 0x0,
    0x1, 0xff, 0xf7, 0x0, 0x0, 0x4, 0xff, 0xf5,
    0xff, 0xfb, 0x0, 0x0, 0x1, 0xff, 0xf7, 0x0,
    0x0, 0x4, 0xff, 0xf5, 0xff, 0xfb, 0x0, 0x0,
    0x1, 0xff, 0xf7, 0x0, 0x0, 0x4, 0xff, 0xf5,
    0xff, 0xfb, 0x0, 0x0, 0x1, 0xff, 0xf7, 0x0,
    0x0, 0x4, 0xff, 0xf5, 0xff, 0xfb, 0x0, 0x0,
    0x1, 0xff, 0xf7, 0x0, 0x0, 0x4, 0xff, 0xf5,
    0xff, 0xfb, 0x0, 0x0, 0x1, 0xff, 0xf7, 0x0,
    0x0, 0x4, 0xff, 0xf5, 0xff, 0xfb, 0x0, 0x0,
    0x1, 0xff, 0xf7, 0x0, 0x0, 0x4, 0xff, 0xf5,
    0xff, 0xfb, 0x0, 0x0, 0x1, 0xff, 0xf7, 0x0,
    0x0, 0x4, 0xff, 0xf5, 0xff, 0xfb, 0x0, 0x0,
    0x1, 0xff, 0xf7, 0x0, 0x0, 0x4, 0xff, 0xf5,
    0xff, 0xfb, 0x0, 0x0, 0x1, 0xff, 0xf7, 0x0,
    0x0, 0x4, 0xff, 0xf5, 0xff, 0xfc, 0x22, 0x22,
    0x23, 0xff, 0xf9, 0x22, 0x22, 0x26, 0xff, 0xf5,
    0xff, 0xff, 0xff, 0xff, 0xff, 0xff, 0xff, 0xff,
    0xff, 0xff, 0xff, 0xf5, 0xff, 0xff, 0xff, 0xff,
    0xff, 0xff, 0xff, 0xff, 0xff, 0xff, 0xff, 0xf5,
    0xff, 0xff, 0xff, 0xff, 0xff, 0xff, 0xff, 0xff,
    0xff, 0xff, 0xff, 0xf5,

    /* U+0429 "?" */
    0xff, 0xfb, 0x0, 0x0, 0x1, 0xff, 0xf7, 0x0,
    0x0, 0x4, 0xff, 0xf5, 0x0, 0xff, 0xfb, 0x0,
    0x0, 0x1, 0xff, 0xf7, 0x0, 0x0, 0x4, 0xff,
    0xf5, 0x0, 0xff, 0xfb, 0x0, 0x0, 0x1, 0xff,
    0xf7, 0x0, 0x0, 0x4, 0xff, 0xf5, 0x0, 0xff,
    0xfb, 0x0, 0x0, 0x1, 0xff, 0xf7, 0x0, 0x0,
    0x4, 0xff, 0xf5, 0x0, 0xff, 0xfb, 0x0, 0x0,
    0x1, 0xff, 0xf7, 0x0, 0x0, 0x4, 0xff, 0xf5,
    0x0, 0xff, 0xfb, 0x0, 0x0, 0x1, 0xff, 0xf7,
    0x0, 0x0, 0x4, 0xff, 0xf5, 0x0, 0xff, 0xfb,
    0x0, 0x0, 0x1, 0xff, 0xf7, 0x0, 0x0, 0x4,
    0xff, 0xf5, 0x0, 0xff, 0xfb, 0x0, 0x0, 0x1,
    0xff, 0xf7, 0x0, 0x0, 0x4, 0xff, 0xf5, 0x0,
    0xff, 0xfb, 0x0, 0x0, 0x1, 0xff, 0xf7, 0x0,
    0x0, 0x4, 0xff, 0xf5, 0x0, 0xff, 0xfb, 0x0,
    0x0, 0x1, 0xff, 0xf7, 0x0, 0x0, 0x4, 0xff,
    0xf5, 0x0, 0xff, 0xfb, 0x0, 0x0, 0x1, 0xff,
    0xf7, 0x0, 0x0, 0x4, 0xff, 0xf5, 0x0, 0xff,
    0xfb, 0x0, 0x0, 0x1, 0xff, 0xf7, 0x0, 0x0,
    0x4, 0xff, 0xf5, 0x0, 0xff, 0xfb, 0x0, 0x0,
    0x1, 0xff, 0xf7, 0x0, 0x0, 0x4, 0xff, 0xf5,
    0x0, 0xff, 0xfb, 0x0, 0x0, 0x1, 0xff, 0xf7,
    0x0, 0x0, 0x4, 0xff, 0xf5, 0x0, 0xff, 0xfb,
    0x0, 0x0, 0x1, 0xff, 0xf7, 0x0, 0x0, 0x4,
    0xff, 0xf5, 0x0, 0xff, 0xfb, 0x0, 0x0, 0x1,
    0xff, 0xf7, 0x0, 0x0, 0x4, 0xff, 0xf5, 0x0,
    0xff, 0xfb, 0x0, 0x0, 0x1, 0xff, 0xf7, 0x0,
    0x0, 0x4, 0xff, 0xf5, 0x0, 0xff, 0xfc, 0x22,
    0x22, 0x23, 0xff, 0xf9, 0x22, 0x22, 0x26, 0xff,
    0xf8, 0x21, 0xff, 0xff, 0xff, 0xff, 0xff, 0xff,
    0xff, 0xff, 0xff, 0xff, 0xff, 0xff, 0xf7, 0xff,
    0xff, 0xff, 0xff, 0xff, 0xff, 0xff, 0xff, 0xff,
    0xff, 0xff, 0xff, 0xf7, 0xff, 0xff, 0xff, 0xff,
    0xff, 0xff, 0xff, 0xff, 0xff, 0xff, 0xff, 0xff,
    0xf6, 0x0, 0x0, 0x0, 0x0, 0x0, 0x0, 0x0,
    0x0, 0x0, 0x0, 0x2, 0xff, 0xf6, 0x0, 0x0,
    0x0, 0x0, 0x0, 0x0, 0x0, 0x0, 0x0, 0x0,
    0x2, 0xff, 0xf6, 0x0, 0x0, 0x0, 0x0, 0x0,
    0x0, 0x0, 0x0, 0x0, 0x0, 0x2, 0xff, 0xf6,
    0x0, 0x0, 0x0, 0x0, 0x0, 0x0, 0x0, 0x0,
    0x0, 0x0, 0x2, 0xff, 0xf5, 0x0, 0x0, 0x0,
    0x0, 0x0, 0x0, 0x0, 0x0, 0x0, 0x0, 0x1,
    0x88, 0x82,

    /* U+042A "?" */
    0xdf, 0xff, 0xff, 0xff, 0xf6, 0x0, 0x0, 0x0,
    0x0, 0x0, 0xd, 0xff, 0xff, 0xff, 0xff, 0x60,
    0x0, 0x0, 0x0, 0x0, 0x0, 0xdf, 0xff, 0xff,
    0xff, 0xf6, 0x0, 0x0, 0x0, 0x0, 0x0, 0x1,
    0x11, 0x11, 0x5f, 0xff, 0x60, 0x0, 0x0, 0x0,
    0x0, 0x0, 0x0, 0x0, 0x4, 0xff, 0xf6, 0x0,
    0x0, 0x0, 0x0, 0x0, 0x0, 0x0, 0x0, 0x4f,
    0xff, 0x60, 0x0, 0x0, 0x0, 0x0, 0x0, 0x0,
    0x0, 0x4, 0xff, 0xf6, 0x0, 0x0, 0x0, 0x0,
    0x0, 0x0, 0x0, 0x0, 0x4f, 0xff, 0x71, 0x11,
    0x0, 0x0, 0x0, 0x0, 0x0, 0x0, 0x4, 0xff,
    0xff, 0xff, 0xff, 0xfd, 0x93, 0x0, 0x0, 0x0,
    0x0, 0x4f, 0xff, 0xff, 0xff, 0xff, 0xff, 0xf9,
    0x0, 0x0, 0x0, 0x4, 0xff, 0xff, 0xff, 0xff,
    0xff, 0xff, 0xf9, 0x0, 0x0, 0x0, 0x4f, 0xff,
    0x60, 0x0, 0x2, 0x7f, 0xff, 0xf3, 0x0, 0x0,
    0x4, 0xff, 0xf6, 0x0, 0x0, 0x0, 0x4f, 0xff,
    0xa0, 0x0, 0x0, 0x4f, 0xff, 0x60, 0x0, 0x0,
    0x0, 0xdf, 0xfc, 0x0, 0x0, 0x4, 0xff, 0xf6,
    0x0, 0x0, 0x0, 0xb, 0xff, 0xd0, 0x0, 0x0,
    0x4f, 0xff, 0x60, 0x0, 0x0, 0x0, 0xef, 0xfc,
    0x0, 0x0, 0x4, 0xff, 0xf6, 0x0, 0x0, 0x0,
    0x6f, 0xff, 0x90, 0x0, 0x0, 0x4f, 0xff, 0x71,
    0x11, 0x24, 0x9f, 0xff, 0xf2, 0x0, 0x0, 0x4,
    0xff, 0xff, 0xff, 0xff, 0xff, 0xff, 0xf7, 0x0,
    0x0, 0x0, 0x4f, 0xff, 0xff, 0xff, 0xff, 0xff,
    0xf7, 0x0, 0x0, 0x0, 0x4, 0xff, 0xff, 0xff,
    0xff, 0xec, 0x72, 0x0, 0x0,

    /* U+042B "?" */
    0xff, 0xfb, 0x0, 0x0, 0x0, 0x0, 0x0, 0x0,
    0x5, 0xff, 0xf5, 0xff, 0xfb, 0x0, 0x0, 0x0,
    0x0, 0x0, 0x0, 0x5, 0xff, 0xf5, 0xff, 0xfb,
    0x0, 0x0, 0x0, 0x0, 0x0, 0x0, 0x5, 0xff,
    0xf5, 0xff, 0xfb, 0x0, 0x0, 0x0, 0x0, 0x0,
    0x0, 0x5, 0xff, 0xf5, 0xff, 0xfb, 0x0, 0x0,
    0x0, 0x0, 0x0, 0x0, 0x5, 0xff, 0xf5, 0xff,
    0xfb, 0x0, 0x0, 0x0, 0x0, 0x0, 0x0, 0x5,
    0xff, 0xf5, 0xff, 0xfb, 0x0, 0x0, 0x0, 0x0,
    0x0, 0x0, 0x5, 0xff, 0xf5, 0xff, 0xfb, 0x11,
    0x11, 0x0, 0x0, 0x0, 0x0, 0x5, 0xff, 0xf5,
    0xff, 0xff, 0xff, 0xff, 0xfe, 0xa5, 0x0, 0x0,
    0x5, 0xff, 0xf5, 0xff, 0xff, 0xff, 0xff, 0xff,
    0xff, 0xc2, 0x0, 0x5, 0xff, 0xf5, 0xff, 0xff,
    0xff, 0xff, 0xff, 0xff, 0xfd, 0x10, 0x5, 0xff,
    0xf5, 0xff, 0xfb, 0x0, 0x0, 0x15, 0xdf, 0xff,
    0x80, 0x5, 0xff, 0xf5, 0xff, 0xfb, 0x0, 0x0,
    0x0, 0xe, 0xff, 0xe0, 0x5, 0xff, 0xf5, 0xff,
    0xfb, 0x0, 0x0, 0x0, 0x8, 0xff, 0xf1, 0x5,
    0xff, 0xf5, 0xff, 0xfb, 0x0, 0x0, 0x0, 0x6,
    0xff, 0xf2, 0x5, 0xff, 0xf5, 0xff, 0xfb, 0x0,
    0x0, 0x0, 0x9, 0xff, 0xf1, 0x5, 0xff, 0xf5,
    0xff, 0xfb, 0x0, 0x0, 0x0, 0x2f, 0xff, 0xe0,
    0x5, 0xff, 0xf5, 0xff, 0xfb, 0x11, 0x11, 0x37,
    0xef, 0xff, 0x70, 0x5, 0xff, 0xf5, 0xff, 0xff,
    0xff, 0xff, 0xff, 0xff, 0xfc, 0x0, 0x5, 0xff,
    0xf5, 0xff, 0xff, 0xff, 0xff, 0xff, 0xff, 0xa1,
    0x0, 0x5, 0xff, 0xf5, 0xff, 0xff, 0xff, 0xff,
    0xed, 0x93, 0x0, 0x0, 0x5, 0xff, 0xf5,

    /* U+042C "?" */
    0xff, 0xfb, 0x0, 0x0, 0x0, 0x0, 0x0, 0x0,
    0xff, 0xfb, 0x0, 0x0, 0x0, 0x0, 0x0, 0x0,
    0xff, 0xfb, 0x0, 0x0, 0x0, 0x0, 0x0, 0x0,
    0xff, 0xfb, 0x0, 0x0, 0x0, 0x0, 0x0, 0x0,
    0xff, 0xfb, 0x0, 0x0, 0x0, 0x0, 0x0, 0x0,
    0xff, 0xfb, 0x0, 0x0, 0x0, 0x0, 0x0, 0x0,
    0xff, 0xfb, 0x0, 0x0, 0x0, 0x0, 0x0, 0x0,
    0xff, 0xfb, 0x11, 0x11, 0x0, 0x0, 0x0, 0x0,
    0xff, 0xff, 0xff, 0xff, 0xfe, 0xa5, 0x0, 0x0,
    0xff, 0xff, 0xff, 0xff, 0xff, 0xff, 0xc2, 0x0,
    0xff, 0xff, 0xff, 0xff, 0xff, 0xff, 0xfd, 0x10,
    0xff, 0xfb, 0x0, 0x0, 0x15, 0xdf, 0xff, 0x80,
    0xff, 0xfb, 0x0, 0x0, 0x0, 0xe, 0xff, 0xe0,
    0xff, 0xfb, 0x0, 0x0, 0x0, 0x8, 0xff, 0xf1,
    0xff, 0xfb, 0x0, 0x0, 0x0, 0x6, 0xff, 0xf2,
    0xff, 0xfb, 0x0, 0x0, 0x0, 0x9, 0xff, 0xf1,
    0xff, 0xfb, 0x0, 0x0, 0x0, 0x2f, 0xff, 0xe0,
    0xff, 0xfb, 0x11, 0x11, 0x37, 0xef, 0xff, 0x70,
    0xff, 0xff, 0xff, 0xff, 0xff, 0xff, 0xfc, 0x0,
    0xff, 0xff, 0xff, 0xff, 0xff, 0xff, 0xa1, 0x0,
    0xff, 0xff, 0xff, 0xff, 0xed, 0x93, 0x0, 0x0,

    /* U+042D "?" */
    0x0, 0x0, 0x5, 0xbd, 0xff, 0xda, 0x40, 0x0,
    0x0, 0x0, 0x0, 0x5e, 0xff, 0xff, 0xff, 0xff,
    0xd3, 0x0, 0x0, 0x0, 0x6f, 0xff, 0xff, 0xff,
    0xff, 0xff, 0xf4, 0x0, 0x0, 0x4f, 0xff, 0xfe,
    0x86, 0x69, 0xff, 0xff, 0xf2, 0x0, 0xd, 0xff,
    0xf8, 0x0, 0x0, 0x1, 0xbf, 0xff, 0xc0, 0x4,
    0xff, 0xfa, 0x0, 0x0, 0x0, 0x0, 0xcf, 0xff,
    0x40, 0x8f, 0xff, 0x30, 0x0, 0x0, 0x0, 0x3,
    0xff, 0xfa, 0x1, 0x22, 0x20, 0x0, 0x0, 0x0,
    0x0, 0xd, 0xff, 0xe0, 0x0, 0x0, 0x0, 0x2,
    0x22, 0x22, 0x22, 0xbf, 0xff, 0x0, 0x0, 0x0,
    0x2, 0xff, 0xff, 0xff, 0xff, 0xff, 0xf2, 0x0,
    0x0, 0x0, 0x2f, 0xff, 0xff, 0xff, 0xff, 0xff,
    0x30, 0x0, 0x0, 0x2, 0xff, 0xff, 0xff, 0xff,
    0xff, 0xf2, 0x0, 0x0, 0x0, 0x0, 0x0, 0x0,
    0x0, 0x9f, 0xff, 0x10, 0x0, 0x0, 0x0, 0x0,
    0x0, 0x0, 0xc, 0xff, 0xe0, 0x9f, 0xff, 0x20,
    0x0, 0x0, 0x0, 0x2, 0xff, 0xfa, 0x4, 0xff,
    0xf9, 0x0, 0x0, 0x0, 0x0, 0xbf, 0xff, 0x40,
    0xd, 0xff, 0xf7, 0x0, 0x0, 0x0, 0xaf, 0xff,
    0xc0, 0x0, 0x4f, 0xff, 0xfe, 0x86, 0x69, 0xef,
    0xff, 0xf2, 0x0, 0x0, 0x6f, 0xff, 0xff, 0xff,
    0xff, 0xff, 0xf4, 0x0, 0x0, 0x0, 0x4e, 0xff,
    0xff, 0xff, 0xff, 0xd3, 0x0, 0x0, 0x0, 0x0,
    0x5, 0xbd, 0xff, 0xda, 0x50, 0x0, 0x0, 0x0,

    /* U+042E "?" */
    0xff, 0xfb, 0x0, 0x0, 0x0, 0x0, 0x4a, 0xdf,
    0xfe, 0xb6, 0x0, 0x0, 0x0, 0xff, 0xfb, 0x0,
    0x0, 0x0, 0x1c, 0xff, 0xff, 0xff, 0xff, 0xe5,
    0x0, 0x0, 0xff, 0xfb, 0x0, 0x0, 0x3, 0xef,
    0xff, 0xff, 0xff, 0xff, 0xff, 0x80, 0x0, 0xff,
    0xfb, 0x0, 0x0, 0x1e, 0xff, 0xff, 0xa7, 0x68,
    0xdf, 0xff, 0xf6, 0x0, 0xff, 0xfb, 0x0, 0x0,
    0xbf, 0xff, 0xc1, 0x0, 0x0, 0x8, 0xff, 0xff,
    0x10, 0xff, 0xfb, 0x0, 0x2, 0xff, 0xfd, 0x0,
    0x0, 0x0, 0x0, 0x8f, 0xff, 0x90, 0xff, 0xfb,
    0x0, 0x9, 0xff, 0xf4, 0x0, 0x0, 0x0, 0x0,
    0xe, 0xff, 0xe0, 0xff, 0xfb, 0x0, 0xc, 0xff,
    0xe0, 0x0, 0x0, 0x0, 0x0, 0x8, 0xff, 0xf3,
    0xff, 0xfb, 0x0, 0xf, 0xff, 0xa0, 0x0, 0x0,
    0x0, 0x0, 0x5, 0xff, 0xf5, 0xff, 0xff, 0xff,
    0xff, 0xff, 0x80, 0x0, 0x0, 0x0, 0x0, 0x3,
    0xff, 0xf7, 0xff, 0xff, 0xff, 0xff, 0xff, 0x80,
    0x0, 0x0, 0x0, 0x0, 0x2, 0xff, 0xf8, 0xff,
    0xff, 0xff, 0xff, 0xff, 0x80, 0x0, 0x0, 0x0,
    0x0, 0x3, 0xff, 0xf7, 0xff, 0xfb, 0x0, 0xf,
    0xff, 0xa0, 0x0, 0x0, 0x0, 0x0, 0x5, 0xff,
    0xf5, 0xff, 0xfb, 0x0, 0xd, 0xff, 0xe0, 0x0,
    0x0, 0x0, 0x0, 0x8, 0xff, 0xf3, 0xff, 0xfb,
    0x0, 0x9, 0xff, 0xf4, 0x0, 0x0, 0x0, 0x0,
    0xe, 0xff, 0xe0, 0xff, 0xfb, 0x0, 0x3, 0xff,
    0xfd, 0x0, 0x0, 0x0, 0x0, 0x8f, 0xff, 0x90,
    0xff, 0xfb, 0x0, 0x0, 0xcf, 0xff, 0xc1, 0x0,
    0x0, 0x8, 0xff, 0xff, 0x20, 0xff, 0xfb, 0x0,
    0x0, 0x2e, 0xff, 0xff, 0xa7, 0x68, 0xdf, 0xff,
    0xf7, 0x0, 0xff, 0xfb, 0x0, 0x0, 0x4, 0xff,
    0xff, 0xff, 0xff, 0xff, 0xff, 0x90, 0x0, 0xff,
    0xfb, 0x0, 0x0, 0x0, 0x2c, 0xff, 0xff, 0xff,
    0xff, 0xe6, 0x0, 0x0, 0xff, 0xfb, 0x0, 0x0,
    0x0, 0x0, 0x4a, 0xdf, 0xfe, 0xb6, 0x0, 0x0,
    0x0,

    /* U+042F "?" */
    0x0, 0x0, 0x18, 0xce, 0xff, 0xff, 0xff, 0xff,
    0x30, 0x0, 0x5f, 0xff, 0xff, 0xff, 0xff, 0xff,
    0xf3, 0x0, 0x4f, 0xff, 0xff, 0xff, 0xff, 0xff,
    0xff, 0x30, 0xd, 0xff, 0xfc, 0x53, 0x22, 0x28,
    0xff, 0xf3, 0x4, 0xff, 0xfd, 0x0, 0x0, 0x0,
    0x7f, 0xff, 0x30, 0x7f, 0xff, 0x50, 0x0, 0x0,
    0x7, 0xff, 0xf3, 0x8, 0xff, 0xf3, 0x0, 0x0,
    0x0, 0x7f, 0xff, 0x30, 0x7f, 0xff, 0x40, 0x0,
    0x0, 0x7, 0xff, 0xf3, 0x5, 0xff, 0xfb, 0x0,
    0x0, 0x0, 0x7f, 0xff, 0x30, 0xe, 0xff, 0xf9,
    0x30, 0x0, 0x7, 0xff, 0xf3, 0x0, 0x6f, 0xff,
    0xff, 0xff, 0xff, 0xff, 0xff, 0x30, 0x0, 0x7f,
    0xff, 0xff, 0xff, 0xff, 0xff, 0xf3, 0x0, 0x0,
    0x2f, 0xff, 0xff, 0xff, 0xff, 0xff, 0x30, 0x0,
    0x7, 0xff, 0xf9, 0x11, 0x17, 0xff, 0xf3, 0x0,
    0x0, 0xef, 0xff, 0x10, 0x0, 0x7f, 0xff, 0x30,
    0x0, 0x7f, 0xff, 0x80, 0x0, 0x7, 0xff, 0xf3,
    0x0, 0x1e, 0xff, 0xf1, 0x0, 0x0, 0x7f, 0xff,
    0x30, 0x8, 0xff, 0xf8, 0x0, 0x0, 0x7, 0xff,
    0xf3, 0x1, 0xff, 0xff, 0x10, 0x0, 0x0, 0x7f,
    0xff, 0x30, 0x8f, 0xff, 0x80, 0x0, 0x0, 0x7,
    0xff, 0xf3, 0x1f, 0xff, 0xf1, 0x0, 0x0, 0x0,
    0x7f, 0xff, 0x30,

    /* U+0430 "?" */
    0x0, 0x4, 0xad, 0xff, 0xd9, 0x30, 0x0, 0x0,
    0xbf, 0xff, 0xff, 0xff, 0xf8, 0x0, 0xb, 0xff,
    0xff, 0xde, 0xff, 0xff, 0x60, 0x4f, 0xff, 0xb1,
    0x0, 0x3e, 0xff, 0xd0, 0x14, 0x7a, 0x0, 0x0,
    0x7, 0xff, 0xf1, 0x0, 0x0, 0x0, 0x0, 0x7,
    0xff, 0xf2, 0x0, 0x0, 0x14, 0x68, 0xbf, 0xff,
    0xf3, 0x0, 0x7d, 0xff, 0xff, 0xff, 0xff, 0xf3,
    0x1d, 0xff, 0xff, 0xfd, 0xaa, 0xff, 0xf3, 0x9f,
    0xff, 0xa3, 0x0, 0x5, 0xff, 0xf3, 0xdf, 0xfb,
    0x0, 0x0, 0x6, 0xff, 0xf3, 0xef, 0xf8, 0x0,
    0x0, 0xb, 0xff, 0xf3, 0xcf, 0xfe, 0x20, 0x0,
    0x9f, 0xff, 0xf3, 0x7f, 0xff, 0xfc, 0xcf, 0xfd,
    0xff, 0xf3, 0xb, 0xff, 0xff, 0xff, 0xd4, 0xff,
    0xf3, 0x0, 0x6c, 0xff, 0xd7, 0x3, 0xff, 0xf3,

    /* U+0431 "?" */
    0x0, 0x0, 0x0, 0x0, 0x0, 0x2f, 0xfc, 0x0,
    0x0, 0x0, 0x3, 0x56, 0x7c, 0xff, 0x90, 0x0,
    0x1, 0x9f, 0xff, 0xff, 0xff, 0xf2, 0x0, 0x3,
    0xef, 0xff, 0xff, 0xff, 0xb3, 0x0, 0x1, 0xef,
    0xfe, 0xa6, 0x42, 0x0, 0x0, 0x0, 0x9f, 0xfb,
    0x10, 0x0, 0x0, 0x0, 0x0, 0xf, 0xfe, 0x0,
    0x7c, 0xfe, 0xb3, 0x0, 0x4, 0xff, 0x72, 0xdf,
    0xff, 0xff, 0xf7, 0x0, 0x7f, 0xf5, 0xef, 0xda,
    0xcf, 0xff, 0xf5, 0x9, 0xff, 0xbf, 0x50, 0x0,
    0x3e, 0xff, 0xe0, 0xbf, 0xff, 0x60, 0x0, 0x0,
    0x7f, 0xff, 0x4c, 0xff, 0xf0, 0x0, 0x0, 0x0,
    0xff, 0xf8, 0xcf, 0xfc, 0x0, 0x0, 0x0, 0xe,
    0xff, 0xab, 0xff, 0xb0, 0x0, 0x0, 0x0, 0xdf,
    0xfa, 0x9f, 0xfd, 0x0, 0x0, 0x0, 0xf, 0xff,
    0x87, 0xff, 0xf1, 0x0, 0x0, 0x2, 0xff, 0xf6,
    0x1f, 0xff, 0x90, 0x0, 0x0, 0xaf, 0xff, 0x10,
    0xaf, 0xff, 0x81, 0x1, 0x8f, 0xff, 0x90, 0x1,
    0xef, 0xff, 0xff, 0xff, 0xff, 0xd0, 0x0, 0x1,
    0xcf, 0xff, 0xff, 0xff, 0xb1, 0x0, 0x0, 0x0,
    0x5b, 0xef, 0xeb, 0x50, 0x0, 0x0,

    /* U+0432 "?" */
    0x1f, 0xff, 0xff, 0xff, 0xeb, 0x60, 0x0, 0x1f,
    0xff, 0xff, 0xff, 0xff, 0xfd, 0x10, 0x1f, 0xff,
    0xff, 0xff, 0xff, 0xff, 0xb0, 0x1f, 0xff, 0x30,
    0x0, 0x3d, 0xff, 0xf0, 0x1f, 0xff, 0x30, 0x0,
    0x5, 0xff, 0xf1, 0x1f, 0xff, 0x30, 0x0, 0x7,
    0xff, 0xd0, 0x1f, 0xff, 0x86, 0x66, 0x9f, 0xfe,
    0x30, 0x1f, 0xff, 0xff, 0xff, 0xff, 0xa1, 0x0,
    0x1f, 0xff, 0xff, 0xff, 0xff, 0xfe, 0x40, 0x1f,
    0xff, 0x30, 0x0, 0x6, 0xff, 0xf4, 0x1f, 0xff,
    0x30, 0x0, 0x0, 0xbf, 0xfb, 0x1f, 0xff, 0x30,
    0x0, 0x0, 0xaf, 0xfd, 0x1f, 0xff, 0x30, 0x0,
    0x3, 0xff, 0xfc, 0x1f, 0xff, 0xee, 0xee, 0xff,
    0xff, 0xf7, 0x1f, 0xff, 0xff, 0xff, 0xff, 0xff,
    0xb0, 0x1f, 0xff, 0xff, 0xff, 0xfe, 0xb5, 0x0,

    /* U+0433 "?" */
    0x1f, 0xff, 0xff, 0xff, 0xff, 0xf1, 0xff, 0xff,
    0xff, 0xff, 0xff, 0x1f, 0xff, 0xff, 0xff, 0xff,
    0xf1, 0xff, 0xf7, 0x0, 0x0, 0x0, 0x1f, 0xff,
    0x70, 0x0, 0x0, 0x1, 0xff, 0xf7, 0x0, 0x0,
    0x0, 0x1f, 0xff, 0x70, 0x0, 0x0, 0x1, 0xff,
    0xf7, 0x0, 0x0, 0x0, 0x1f, 0xff, 0x70, 0x0,
    0x0, 0x1, 0xff, 0xf7, 0x0, 0x0, 0x0, 0x1f,
    0xff, 0x70, 0x0, 0x0, 0x1, 0xff, 0xf7, 0x0,
    0x0, 0x0, 0x1f, 0xff, 0x70, 0x0, 0x0, 0x1,
    0xff, 0xf7, 0x0, 0x0, 0x0, 0x1f, 0xff, 0x70,
    0x0, 0x0, 0x1, 0xff, 0xf7, 0x0, 0x0, 0x0,

    /* U+0434 "?" */
    0x0, 0x0, 0xef, 0xff, 0xff, 0xff, 0xff, 0xf2,
    0x0, 0x0, 0x0, 0xff, 0xff, 0xff, 0xff, 0xff,
    0xf2, 0x0, 0x0, 0x0, 0xff, 0xff, 0xff, 0xff,
    0xff, 0xf2, 0x0, 0x0, 0x1, 0xff, 0xf2, 0x0,
    0x3, 0xff, 0xf2, 0x0, 0x0, 0x3, 0xff, 0xf1,
    0x0, 0x3, 0xff, 0xf2, 0x0, 0x0, 0x4, 0xff,
    0xf0, 0x0, 0x3, 0xff, 0xf2, 0x0, 0x0, 0x5,
    0xff, 0xe0, 0x0, 0x3, 0xff, 0xf2, 0x0, 0x0,
    0x7, 0xff, 0xd0, 0x0, 0x3, 0xff, 0xf2, 0x0,
    0x0, 0x9, 0xff, 0xb0, 0x0, 0x3, 0xff, 0xf2,
    0x0, 0x0, 0xc, 0xff, 0x90, 0x0, 0x3, 0xff,
    0xf2, 0x0, 0x0, 0xe, 0xff, 0x50, 0x0, 0x3,
    0xff, 0xf2, 0x0, 0x0, 0x4f, 0xff, 0x10, 0x0,
    0x3, 0xff, 0xf2, 0x0, 0x1, 0xcf, 0xfa, 0x0,
    0x0, 0x4, 0xff, 0xf2, 0x0, 0x7f, 0xff, 0xff,
    0xff, 0xff, 0xff, 0xff, 0xff, 0xf8, 0x7f, 0xff,
    0xff, 0xff, 0xff, 0xff, 0xff, 0xff, 0xf8, 0x7f,
    0xff, 0xff, 0xff, 0xff, 0xff, 0xff, 0xff, 0xf8,
    0x7f, 0xff, 0x0, 0x0, 0x0, 0x0, 0x0, 0xef,
    0xf8, 0x7f, 0xff, 0x0, 0x0, 0x0, 0x0, 0x0,
    0xef, 0xf8, 0x7f, 0xff, 0x0, 0x0, 0x0, 0x0,
    0x0, 0xef, 0xf8, 0x7f, 0xff, 0x0, 0x0, 0x0,
    0x0, 0x0, 0xef, 0xf8, 0x49, 0x99, 0x0, 0x0,
    0x0, 0x0, 0x0, 0x89, 0x94,

    /* U+0435 "?" */
    0x0, 0x0, 0x6c, 0xef, 0xda, 0x40, 0x0, 0x0,
    0x2, 0xdf, 0xff, 0xff, 0xff, 0xb1, 0x0, 0x1,
    0xef, 0xff, 0xfe, 0xff, 0xff, 0xb0, 0x0, 0xaf,
    0xff, 0x60, 0x1, 0x9f, 0xff, 0x70, 0x2f, 0xff,
    0x70, 0x0, 0x0, 0xbf, 0xfe, 0x7, 0xff, 0xf0,
    0x0, 0x0, 0x4, 0xff, 0xf2, 0xaf, 0xfe, 0x88,
    0x88, 0x88, 0x8f, 0xff, 0x4b, 0xff, 0xff, 0xff,
    0xff, 0xff, 0xff, 0xf5, 0xbf, 0xff, 0xff, 0xff,
    0xff, 0xff, 0xff, 0x6a, 0xff, 0xd0, 0x0, 0x0,
    0x0, 0x0, 0x0, 0x7f, 0xff, 0x0, 0x0, 0x0,
    0x0, 0x0, 0x2, 0xff, 0xf8, 0x0, 0x0, 0x4,
    0xb8, 0x50, 0xb, 0xff, 0xf7, 0x10, 0x5, 0xef,
    0xfd, 0x0, 0x1e, 0xff, 0xff, 0xef, 0xff, 0xff,
    0x40, 0x0, 0x2d, 0xff, 0xff, 0xff, 0xff, 0x50,
    0x0, 0x0, 0x5, 0xbd, 0xff, 0xc8, 0x10, 0x0,

    /* U+0436 "?" */
    0xe, 0xff, 0xf2, 0x0, 0x0, 0xef, 0xfa, 0x0,
    0x0, 0x7f, 0xff, 0xa0, 0x4, 0xff, 0xfc, 0x0,
    0x0, 0xef, 0xfa, 0x0, 0x1, 0xff, 0xfe, 0x0,
    0x0, 0x9f, 0xff, 0x60, 0x0, 0xef, 0xfa, 0x0,
    0xb, 0xff, 0xf4, 0x0, 0x0, 0xd, 0xff, 0xe1,
    0x0, 0xef, 0xfa, 0x0, 0x5f, 0xff, 0x90, 0x0,
    0x0, 0x3, 0xff, 0xfa, 0x0, 0xef, 0xfa, 0x0,
    0xef, 0xfd, 0x0, 0x0, 0x0, 0x0, 0x8f, 0xff,
    0x40, 0xef, 0xfa, 0x9, 0xff, 0xf3, 0x0, 0x0,
    0x0, 0x0, 0xd, 0xff, 0xd0, 0xef, 0xfa, 0x3f,
    0xff, 0x80, 0x0, 0x0, 0x0, 0x0, 0x3, 0xff,
    0xff, 0xff, 0xff, 0xff, 0xfd, 0x0, 0x0, 0x0,
    0x0, 0x0, 0x0, 0xdf, 0xff, 0xff, 0xff, 0xff,
    0xf9, 0x0, 0x0, 0x0, 0x0, 0x0, 0x9, 0xff,
    0xff, 0xff, 0xff, 0xff, 0xff, 0x40, 0x0, 0x0,
    0x0, 0x0, 0x5f, 0xff, 0xd0, 0xef, 0xfa, 0x3f,
    0xff, 0xe1, 0x0, 0x0, 0x0, 0x1, 0xef, 0xff,
    0x20, 0xef, 0xfa, 0x7, 0xff, 0xfb, 0x0, 0x0,
    0x0, 0xc, 0xff, 0xf6, 0x0, 0xef, 0xfa, 0x0,
    0xbf, 0xff, 0x70, 0x0, 0x0, 0x8f, 0xff, 0xb0,
    0x0, 0xef, 0xfa, 0x0, 0x1e, 0xff, 0xf3, 0x0,
    0x3, 0xff, 0xfe, 0x10, 0x0, 0xef, 0xfa, 0x0,
    0x4, 0xff, 0xfd, 0x0, 0x1e, 0xff, 0xf4, 0x0,
    0x0, 0xef, 0xfa, 0x0, 0x0, 0x8f, 0xff, 0xa0,

    /* U+0437 "?" */
    0x0, 0x17, 0xce, 0xfd, 0x92, 0x0, 0x0, 0x3e,
    0xff, 0xff, 0xff, 0xf6, 0x0, 0xe, 0xff, 0xfe,
    0xdf, 0xff, 0xf2, 0x6, 0xff, 0xf5, 0x0, 0x4f,
    0xff, 0x80, 0x49, 0x97, 0x0, 0x0, 0xcf, 0xfa,
    0x0, 0x0, 0x0, 0x0, 0xe, 0xff, 0x70, 0x0,
    0x0, 0x15, 0x6d, 0xff, 0xc0, 0x0, 0x0, 0x5,
    0xff, 0xfe, 0x60, 0x0, 0x0, 0x0, 0x5f, 0xff,
    0xff, 0x90, 0x0, 0x0, 0x0, 0x1, 0x6f, 0xff,
    0xa0, 0x0, 0x0, 0x0, 0x0, 0x9f, 0xff, 0x18,
    0xaa, 0x70, 0x0, 0x8, 0xff, 0xf3, 0xaf, 0xff,
    0x60, 0x4, 0xff, 0xff, 0x3, 0xff, 0xff, 0xff,
    0xff, 0xff, 0x90, 0x6, 0xff, 0xff, 0xff, 0xff,
    0xa0, 0x0, 0x2, 0x9d, 0xff, 0xea, 0x40, 0x0,

    /* U+0438 "?" */
    0x1f, 0xff, 0x70, 0x0, 0x0, 0x3f, 0xff, 0x41,
    0xff, 0xf7, 0x0, 0x0, 0xd, 0xff, 0xf4, 0x1f,
    0xff, 0x70, 0x0, 0x7, 0xff, 0xff, 0x41, 0xff,
    0xf7, 0x0, 0x2, 0xff, 0xff, 0xf4, 0x1f, 0xff,
    0x70, 0x0, 0xcf, 0xff, 0xff, 0x41, 0xff, 0xf7,
    0x0, 0x7f, 0xff, 0xff, 0xf4, 0x1f, 0xff, 0x70,
    0x2f, 0xff, 0x7f, 0xff, 0x41, 0xff, 0xf7, 0xb,
    0xff, 0x75, 0xff, 0xf4, 0x1f, 0xff, 0x76, 0xff,
    0xd0, 0x5f, 0xff, 0x41, 0xff, 0xf8, 0xef, 0xf3,
    0x5, 0xff, 0xf4, 0x1f, 0xff, 0xff, 0xf8, 0x0,
    0x5f, 0xff, 0x41, 0xff, 0xff, 0xfd, 0x0, 0x5,
    0xff, 0xf4, 0x1f, 0xff, 0xff, 0x40, 0x0, 0x5f,
    0xff, 0x41, 0xff, 0xff, 0x90, 0x0, 0x5, 0xff,
    0xf4, 0x1f, 0xff, 0xe0, 0x0, 0x0, 0x5f, 0xff,
    0x41, 0xff, 0xf4, 0x0, 0x0, 0x5, 0xff, 0xf4,

    /* U+0439 "?" */
    0x0, 0xd, 0xf6, 0x0, 0x4, 0xff, 0x0, 0x0,
    0x0, 0x9f, 0xe4, 0x3, 0xdf, 0xb0, 0x0, 0x0,
    0x1, 0xef, 0xff, 0xff, 0xf2, 0x0, 0x0, 0x0,
    0x1, 0xaf, 0xff, 0xb2, 0x0, 0x0, 0x0, 0x0,
    0x0, 0x2, 0x0, 0x0, 0x0, 0x0, 0x0, 0x0,
    0x0, 0x0, 0x0, 0x0, 0x0, 0x1f, 0xff, 0x70,
    0x0, 0x0, 0x3f, 0xff, 0x41, 0xff, 0xf7, 0x0,
    0x0, 0xd, 0xff, 0xf4, 0x1f, 0xff, 0x70, 0x0,
    0x7, 0xff, 0xff, 0x41, 0xff, 0xf7, 0x0, 0x2,
    0xff, 0xff, 0xf4, 0x1f, 0xff, 0x70, 0x0, 0xcf,
    0xff, 0xff, 0x41, 0xff, 0xf7, 0x0, 0x7f, 0xff,
    0xff, 0xf4, 0x1f, 0xff, 0x70, 0x2f, 0xff, 0x7f,
    0xff, 0x41, 0xff, 0xf7, 0xb, 0xff, 0x75, 0xff,
    0xf4, 0x1f, 0xff, 0x76, 0xff, 0xd0, 0x5f, 0xff,
    0x41, 0xff, 0xf8, 0xef, 0xf3, 0x5, 0xff, 0xf4,
    0x1f, 0xff, 0xff, 0xf8, 0x0, 0x5f, 0xff, 0x41,
    0xff, 0xff, 0xfd, 0x0, 0x5, 0xff, 0xf4, 0x1f,
    0xff, 0xff, 0x40, 0x0, 0x5f, 0xff, 0x41, 0xff,
    0xff, 0x90, 0x0, 0x5, 0xff, 0xf4, 0x1f, 0xff,
    0xe0, 0x0, 0x0, 0x5f, 0xff, 0x41, 0xff, 0xf4,
    0x0, 0x0, 0x5, 0xff, 0xf4,

    /* U+043A "?" */
    0x1f, 0xff, 0x70, 0x0, 0x0, 0xdf, 0xff, 0x51,
    0xff, 0xf7, 0x0, 0x0, 0x9f, 0xff, 0xa0, 0x1f,
    0xff, 0x70, 0x0, 0x4f, 0xff, 0xe1, 0x1, 0xff,
    0xf7, 0x0, 0xe, 0xff, 0xf4, 0x0, 0x1f, 0xff,
    0x70, 0x9, 0xff, 0xf9, 0x0, 0x1, 0xff, 0xf7,
    0x4, 0xff, 0xfd, 0x0, 0x0, 0x1f, 0xff, 0x71,
    0xef, 0xff, 0x30, 0x0, 0x1, 0xff, 0xff, 0xff,
    0xff, 0x70, 0x0, 0x0, 0x1f, 0xff, 0xff, 0xff,
    0xf4, 0x0, 0x0, 0x1, 0xff, 0xff, 0xff, 0xff,
    0xe1, 0x0, 0x0, 0x1f, 0xff, 0x70, 0x7f, 0xff,
    0xb0, 0x0, 0x1, 0xff, 0xf7, 0x0, 0xbf, 0xff,
    0x70, 0x0, 0x1f, 0xff, 0x70, 0x1, 0xef, 0xff,
    0x30, 0x1, 0xff, 0xf7, 0x0, 0x5, 0xff, 0xfd,
    0x0, 0x1f, 0xff, 0x70, 0x0, 0xa, 0xff, 0xfa,
    0x1, 0xff, 0xf7, 0x0, 0x0, 0xd, 0xff, 0xf5,

    /* U+043B "?" */
    0x0, 0xa, 0xff, 0xff, 0xff, 0xff, 0xff, 0xc0,
    0x0, 0xaf, 0xff, 0xff, 0xff, 0xff, 0xfc, 0x0,
    0xb, 0xff, 0xff, 0xff, 0xff, 0xff, 0xc0, 0x0,
    0xcf, 0xfc, 0x0, 0x0, 0xcf, 0xfc, 0x0, 0xc,
    0xff, 0xb0, 0x0, 0xc, 0xff, 0xc0, 0x0, 0xdf,
    0xfa, 0x0, 0x0, 0xcf, 0xfc, 0x0, 0xd, 0xff,
    0x90, 0x0, 0xc, 0xff, 0xc0, 0x0, 0xef, 0xf9,
    0x0, 0x0, 0xcf, 0xfc, 0x0, 0xf, 0xff, 0x80,
    0x0, 0xc, 0xff, 0xc0, 0x0, 0xff, 0xf6, 0x0,
    0x0, 0xcf, 0xfc, 0x0, 0x3f, 0xff, 0x50, 0x0,
    0xc, 0xff, 0xc0, 0x7, 0xff, 0xf2, 0x0, 0x0,
    0xcf, 0xfc, 0x3, 0xef, 0xfd, 0x0, 0x0, 0xc,
    0xff, 0xcb, 0xff, 0xff, 0x70, 0x0, 0x0, 0xcf,
    0xfc, 0xbf, 0xff, 0xc0, 0x0, 0x0, 0xc, 0xff,
    0xcb, 0xfe, 0x80, 0x0, 0x0, 0x0, 0xcf, 0xfc,

    /* U+043C "?" */
    0x1f, 0xff, 0xff, 0x70, 0x0, 0x0, 0x2, 0xff,
    0xff, 0xf7, 0x1f, 0xff, 0xff, 0xd0, 0x0, 0x0,
    0x8, 0xff, 0xff, 0xf7, 0x1f, 0xff, 0xff, 0xf2,
    0x0, 0x0, 0xd, 0xff, 0xff, 0xf7, 0x1f, 0xff,
    0xef, 0xf8, 0x0, 0x0, 0x3f, 0xfe, 0xef, 0xf7,
    0x1f, 0xff, 0xaf, 0xfe, 0x0, 0x0, 0x9f, 0xfa,
    0xff, 0xf7, 0x1f, 0xff, 0x6f, 0xff, 0x40, 0x0,
    0xef, 0xf6, 0xff, 0xf7, 0x1f, 0xff, 0x5c, 0xff,
    0xa0, 0x4, 0xff, 0xf1, 0xff, 0xf7, 0x1f, 0xff,
    0x57, 0xff, 0xf0, 0x9, 0xff, 0xc0, 0xff, 0xf7,
    0x1f, 0xff, 0x52, 0xff, 0xf4, 0xe, 0xff, 0x60,
    0xff, 0xf7, 0x1f, 0xff, 0x50, 0xcf, 0xf8, 0x2f,
    0xff, 0x10, 0xff, 0xf7, 0x1f, 0xff, 0x50, 0x6f,
    0xfb, 0x5f, 0xfb, 0x0, 0xff, 0xf7, 0x1f, 0xff,
    0x50, 0x1f, 0xfe, 0x8f, 0xf5, 0x0, 0xff, 0xf7,
    0x1f, 0xff, 0x50, 0xa, 0xff, 0xdf, 0xe0, 0x0,
    0xff, 0xf7, 0x1f, 0xff, 0x50, 0x4, 0xff, 0xff,
    0x90, 0x0, 0xff, 0xf7, 0x1f, 0xff, 0x50, 0x0,
    0xef, 0xff, 0x30, 0x0, 0xff, 0xf7, 0x1f, 0xff,
    0x50, 0x0, 0x8f, 0xfd, 0x0, 0x0, 0xff, 0xf7,

    /* U+043D "?" */
    0x1f, 0xff, 0x70, 0x0, 0x0, 0x5f, 0xff, 0x31,
    0xff, 0xf7, 0x0, 0x0, 0x5, 0xff, 0xf3, 0x1f,
    0xff, 0x70, 0x0, 0x0, 0x5f, 0xff, 0x31, 0xff,
    0xf7, 0x0, 0x0, 0x5, 0xff, 0xf3, 0x1f, 0xff,
    0x70, 0x0, 0x0, 0x5f, 0xff, 0x31, 0xff, 0xf7,
    0x0, 0x0, 0x5, 0xff, 0xf3, 0x1f, 0xff, 0xff,
    0xff, 0xff, 0xff, 0xff, 0x31, 0xff, 0xff, 0xff,
    0xff, 0xff, 0xff, 0xf3, 0x1f, 0xff, 0xff, 0xff,
    0xff, 0xff, 0xff, 0x31, 0xff, 0xf7, 0x0, 0x0,
    0x5, 0xff, 0xf3, 0x1f, 0xff, 0x70, 0x0, 0x0,
    0x5f, 0xff, 0x31, 0xff, 0xf7, 0x0, 0x0, 0x5,
    0xff, 0xf3, 0x1f, 0xff, 0x70, 0x0, 0x0, 0x5f,
    0xff, 0x31, 0xff, 0xf7, 0x0, 0x0, 0x5, 0xff,
    0xf3, 0x1f, 0xff, 0x70, 0x0, 0x0, 0x5f, 0xff,
    0x31, 0xff, 0xf7, 0x0, 0x0, 0x5, 0xff, 0xf3,

    /* U+043E "?" */
    0x0, 0x0, 0x5b, 0xef, 0xeb, 0x50, 0x0, 0x0,
    0x2, 0xdf, 0xff, 0xff, 0xff, 0xd2, 0x0, 0x1,
    0xef, 0xff, 0xff, 0xff, 0xff, 0xe1, 0x0, 0xaf,
    0xff, 0xa2, 0x2, 0xaf, 0xff, 0xb0, 0x2f, 0xff,
    0xb0, 0x0, 0x0, 0xbf, 0xff, 0x27, 0xff, 0xf3,
    0x0, 0x0, 0x3, 0xff, 0xf8, 0xaf, 0xff, 0x0,
    0x0, 0x0, 0xe, 0xff, 0xab, 0xff, 0xe0, 0x0,
    0x0, 0x0, 0xdf, 0xfc, 0xbf, 0xfe, 0x0, 0x0,
    0x0, 0xd, 0xff, 0xca, 0xff, 0xf0, 0x0, 0x0,
    0x0, 0xef, 0xfa, 0x7f, 0xff, 0x40, 0x0, 0x0,
    0x3f, 0xff, 0x82, 0xff, 0xfb, 0x0, 0x0, 0xb,
    0xff, 0xf2, 0xa, 0xff, 0xfa, 0x20, 0x2a, 0xff,
    0xfb, 0x0, 0x1e, 0xff, 0xff, 0xff, 0xff, 0xfe,
    0x10, 0x0, 0x2d, 0xff, 0xff, 0xff, 0xfd, 0x20,
    0x0, 0x0, 0x5, 0xbe, 0xfe, 0xb6, 0x0, 0x0,

    /* U+043F "?" */
    0x1f, 0xff, 0xff, 0xff, 0xff, 0xff, 0xff, 0x1,
    0xff, 0xff, 0xff, 0xff, 0xff, 0xff, 0xf0, 0x1f,
    0xff, 0xff, 0xff, 0xff, 0xff, 0xff, 0x1, 0xff,
    0xf7, 0x0, 0x0, 0x8, 0xff, 0xf0, 0x1f, 0xff,
    0x70, 0x0, 0x0, 0x8f, 0xff, 0x1, 0xff, 0xf7,
    0x0, 0x0, 0x8, 0xff, 0xf0, 0x1f, 0xff, 0x70,
    0x0, 0x0, 0x8f, 0xff, 0x1, 0xff, 0xf7, 0x0,
    0x0, 0x8, 0xff, 0xf0, 0x1f, 0xff, 0x70, 0x0,
    0x0, 0x8f, 0xff, 0x1, 0xff, 0xf7, 0x0, 0x0,
    0x8, 0xff, 0xf0, 0x1f, 0xff, 0x70, 0x0, 0x0,
    0x8f, 0xff, 0x1, 0xff, 0xf7, 0x0, 0x0, 0x8,
    0xff, 0xf0, 0x1f, 0xff, 0x70, 0x0, 0x0, 0x8f,
    0xff, 0x1, 0xff, 0xf7, 0x0, 0x0, 0x8, 0xff,
    0xf0, 0x1f, 0xff, 0x70, 0x0, 0x0, 0x8f, 0xff,
    0x1, 0xff, 0xf7, 0x0, 0x0, 0x8, 0xff, 0xf0,

    /* U+0440 "?" */
    0x1f, 0xff, 0x50, 0x6c, 0xfe, 0xc6, 0x0, 0x0,
    0x1f, 0xff, 0x59, 0xff, 0xff, 0xff, 0xb1, 0x0,
    0x1f, 0xff, 0xbf, 0xfe, 0xef, 0xff, 0xfb, 0x0,
    0x1f, 0xff, 0xfd, 0x30, 0x3, 0xdf, 0xff, 0x50,
    0x1f, 0xff, 0xf3, 0x0, 0x0, 0x3f, 0xff, 0xb0,
    0x1f, 0xff, 0xb0, 0x0, 0x0, 0xc, 0xff, 0xf0,
    0x1f, 0xff, 0x80, 0x0, 0x0, 0x8, 0xff, 0xf2,
    0x1f, 0xff, 0x60, 0x0, 0x0, 0x6, 0xff, 0xf3,
    0x1f, 0xff, 0x70, 0x0, 0x0, 0x7, 0xff, 0xf3,
    0x1f, 0xff, 0x80, 0x0, 0x0, 0x9, 0xff, 0xf2,
    0x1f, 0xff, 0xd0, 0x0, 0x0, 0xd, 0xff, 0xf0,
    0x1f, 0xff, 0xf5, 0x0, 0x0, 0x5f, 0xff, 0xb0,
    0x1f, 0xff, 0xff, 0x61, 0x16, 0xff, 0xff, 0x50,
    0x1f, 0xff, 0xbf, 0xff, 0xff, 0xff, 0xfb, 0x0,
    0x1f, 0xff, 0x78, 0xff, 0xff, 0xff, 0xc0, 0x0,
    0x1f, 0xff, 0x70, 0x5c, 0xfe, 0xc6, 0x0, 0x0,
    0x1f, 0xff, 0x70, 0x0, 0x0, 0x0, 0x0, 0x0,
    0x1f, 0xff, 0x70, 0x0, 0x0, 0x0, 0x0, 0x0,
    0x1f, 0xff, 0x70, 0x0, 0x0, 0x0, 0x0, 0x0,
    0x1f, 0xff, 0x70, 0x0, 0x0, 0x0, 0x0, 0x0,
    0x1f, 0xff, 0x70, 0x0, 0x0, 0x0, 0x0, 0x0,
    0x1f, 0xff, 0x70, 0x0, 0x0, 0x0, 0x0, 0x0,

    /* U+0441 "?" */
    0x0, 0x0, 0x5b, 0xef, 0xec, 0x60, 0x0, 0x0,
    0x2, 0xdf, 0xff, 0xff, 0xff, 0xd2, 0x0, 0x1,
    0xef, 0xff, 0xff, 0xff, 0xff, 0xe1, 0x0, 0xaf,
    0xff, 0xa2, 0x2, 0xaf, 0xff, 0x90, 0x2f, 0xff,
    0xc0, 0x0, 0x0, 0xbf, 0xfe, 0x7, 0xff, 0xf4,
    0x0, 0x0, 0x3, 0x73, 0x0, 0xaf, 0xff, 0x0,
    0x0, 0x0, 0x0, 0x0, 0xb, 0xff, 0xe0, 0x0,
    0x0, 0x0, 0x0, 0x0, 0xbf, 0xfe, 0x0, 0x0,
    0x0, 0x0, 0x0, 0xa, 0xff, 0xf0, 0x0, 0x0,
    0x0, 0x0, 0x0, 0x7f, 0xff, 0x40, 0x0, 0x0,
    0x39, 0x52, 0x2, 0xff, 0xfb, 0x0, 0x0, 0xb,
    0xff, 0xf0, 0xa, 0xff, 0xfa, 0x20, 0x2a, 0xff,
    0xf9, 0x0, 0x1e, 0xff, 0xff, 0xff, 0xff, 0xfe,
    0x10, 0x0, 0x2d, 0xff, 0xff, 0xff, 0xfd, 0x20,
    0x0, 0x0, 0x5, 0xbe, 0xfe, 0xc6, 0x0, 0x0,

    /* U+0442 "?" */
    0xbf, 0xff, 0xff, 0xff, 0xff, 0xff, 0xf9, 0xbf,
    0xff, 0xff, 0xff, 0xff, 0xff, 0xf9, 0xbf, 0xff,
    0xff, 0xff, 0xff, 0xff, 0xf9, 0x0, 0x0, 0xd,
    0xff, 0xb0, 0x0, 0x0, 0x0, 0x0, 0xd, 0xff,
    0xb0, 0x0, 0x0, 0x0, 0x0, 0xd, 0xff, 0xb0,
    0x0, 0x0, 0x0, 0x0, 0xd, 0xff, 0xb0, 0x0,
    0x0, 0x0, 0x0, 0xd, 0xff, 0xb0, 0x0, 0x0,
    0x0, 0x0, 0xd, 0xff, 0xb0, 0x0, 0x0, 0x0,
    0x0, 0xd, 0xff, 0xb0, 0x0, 0x0, 0x0, 0x0,
    0xd, 0xff, 0xb0, 0x0, 0x0, 0x0, 0x0, 0xd,
    0xff, 0xb0, 0x0, 0x0, 0x0, 0x0, 0xd, 0xff,
    0xb0, 0x0, 0x0, 0x0, 0x0, 0xd, 0xff, 0xb0,
    0x0, 0x0, 0x0, 0x0, 0xd, 0xff, 0xb0, 0x0,
    0x0, 0x0, 0x0, 0xd, 0xff, 0xb0, 0x0, 0x0,

    /* U+0443 "?" */
    0x4f, 0xff, 0x70, 0x0, 0x0, 0x0, 0xff, 0xfc,
    0xe, 0xff, 0xc0, 0x0, 0x0, 0x5, 0xff, 0xf6,
    0x9, 0xff, 0xf2, 0x0, 0x0, 0xa, 0xff, 0xf0,
    0x3, 0xff, 0xf7, 0x0, 0x0, 0xf, 0xff, 0xa0,
    0x0, 0xdf, 0xfc, 0x0, 0x0, 0x5f, 0xff, 0x40,
    0x0, 0x7f, 0xff, 0x10, 0x0, 0xaf, 0xfe, 0x0,
    0x0, 0x2f, 0xff, 0x60, 0x0, 0xff, 0xf9, 0x0,
    0x0, 0xc, 0xff, 0xb0, 0x5, 0xff, 0xf3, 0x0,
    0x0, 0x6, 0xff, 0xf1, 0xa, 0xff, 0xd0, 0x0,
    0x0, 0x1, 0xff, 0xf5, 0xe, 0xff, 0x70, 0x0,
    0x0, 0x0, 0xaf, 0xf9, 0x3f, 0xff, 0x10, 0x0,
    0x0, 0x0, 0x5f, 0xfd, 0x8f, 0xfb, 0x0, 0x0,
    0x0, 0x0, 0xe, 0xff, 0xdf, 0xf6, 0x0, 0x0,
    0x0, 0x0, 0x9, 0xff, 0xff, 0xf0, 0x0, 0x0,
    0x0, 0x0, 0x3, 0xff, 0xff, 0xa0, 0x0, 0x0,
    0x0, 0x0, 0x0, 0xdf, 0xff, 0x40, 0x0, 0x0,
    0x0, 0x0, 0x0, 0xdf, 0xfe, 0x0, 0x0, 0x0,
    0x0, 0x0, 0x1, 0xff, 0xf8, 0x0, 0x0, 0x0,
    0x0, 0x11, 0x1b, 0xff, 0xf2, 0x0, 0x0, 0x0,
    0x0, 0xaf, 0xff, 0xff, 0x90, 0x0, 0x0, 0x0,
    0x0, 0xef, 0xff, 0xfc, 0x0, 0x0, 0x0, 0x0,
    0x1, 0xdf, 0xfd, 0x80, 0x0, 0x0, 0x0, 0x0,

    /* U+0444 "?" */
    0x0, 0x0, 0x0, 0x5, 0xff, 0xf3, 0x0, 0x0,
    0x0, 0x0, 0x0, 0x0, 0x0, 0x5f, 0xff, 0x30,
    0x0, 0x0, 0x0, 0x0, 0x0, 0x0, 0x5, 0xff,
    0xf3, 0x0, 0x0, 0x0, 0x0, 0x0, 0x0, 0x0,
    0x5f, 0xff, 0x30, 0x0, 0x0, 0x0, 0x0, 0x0,
    0x0, 0x5, 0xff, 0xf3, 0x0, 0x0, 0x0, 0x0,
    0x0, 0x4, 0xad, 0xff, 0xff, 0xfd, 0xa4, 0x0,
    0x0, 0x0, 0x1c, 0xff, 0xff, 0xff, 0xff, 0xff,
    0xfb, 0x0, 0x0, 0xd, 0xff, 0xfe, 0xdf, 0xff,
    0xce, 0xff, 0xfc, 0x0, 0x9, 0xff, 0xf7, 0x5,
    0xff, 0xf3, 0x9, 0xff, 0xf8, 0x1, 0xff, 0xf9,
    0x0, 0x5f, 0xff, 0x30, 0xb, 0xff, 0xf0, 0x7f,
    0xff, 0x20, 0x5, 0xff, 0xf3, 0x0, 0x3f, 0xff,
    0x5a, 0xff, 0xe0, 0x0, 0x5f, 0xff, 0x30, 0x0,
    0xff, 0xf8, 0xbf, 0xfc, 0x0, 0x5, 0xff, 0xf3,
    0x0, 0xd, 0xff, 0xab, 0xff, 0xc0, 0x0, 0x5f,
    0xff, 0x30, 0x0, 0xdf, 0xfa, 0xaf, 0xfe, 0x0,
    0x5, 0xff, 0xf3, 0x0, 0xf, 0xff, 0x87, 0xff,
    0xf2, 0x0, 0x5f, 0xff, 0x30, 0x3, 0xff, 0xf5,
    0x1f, 0xff, 0xa0, 0x5, 0xff, 0xf3, 0x0, 0xbf,
    0xff, 0x0, 0xaf, 0xff, 0x80, 0x5f, 0xff, 0x30,
    0x9f, 0xff, 0x80, 0x0, 0xdf, 0xff, 0xfd, 0xff,
    0xfd, 0xff, 0xff, 0xc0, 0x0, 0x1, 0xcf, 0xff,
    0xff, 0xff, 0xff, 0xff, 0xb0, 0x0, 0x0, 0x0,
    0x4b, 0xdf, 0xff, 0xff, 0xda, 0x40, 0x0, 0x0,
    0x0, 0x0, 0x0, 0x5f, 0xff, 0x30, 0x0, 0x0,
    0x0, 0x0, 0x0, 0x0, 0x5, 0xff, 0xf3, 0x0,
    0x0, 0x0, 0x0, 0x0, 0x0, 0x0, 0x5f, 0xff,
    0x30, 0x0, 0x0, 0x0, 0x0, 0x0, 0x0, 0x5,
    0xff, 0xf3, 0x0, 0x0, 0x0, 0x0, 0x0, 0x0,
    0x0, 0x5f, 0xff, 0x30, 0x0, 0x0, 0x0, 0x0,
    0x0, 0x0, 0x5, 0xff, 0xf3, 0x0, 0x0, 0x0,
    0x0,

    /* U+0445 "?" */
    0xb, 0xff, 0xf3, 0x0, 0x0, 0x2f, 0xff, 0xb0,
    0x2, 0xff, 0xfc, 0x0, 0x0, 0xbf, 0xff, 0x20,
    0x0, 0x7f, 0xff, 0x50, 0x4, 0xff, 0xf7, 0x0,
    0x0, 0xd, 0xff, 0xd0, 0xd, 0xff, 0xd0, 0x0,
    0x0, 0x4, 0xff, 0xf5, 0x5f, 0xff, 0x40, 0x0,
    0x0, 0x0, 0xaf, 0xfd, 0xdf, 0xfa, 0x0, 0x0,
    0x0, 0x0, 0x1f, 0xff, 0xff, 0xe1, 0x0, 0x0,
    0x0, 0x0, 0x7, 0xff, 0xff, 0x60, 0x0, 0x0,
    0x0, 0x0, 0xb, 0xff, 0xff, 0x80, 0x0, 0x0,
    0x0, 0x0, 0x4f, 0xff, 0xff, 0xf3, 0x0, 0x0,
    0x0, 0x0, 0xef, 0xf9, 0xbf, 0xfc, 0x0, 0x0,
    0x0, 0x8, 0xff, 0xf1, 0x3f, 0xff, 0x60, 0x0,
    0x0, 0x2f, 0xff, 0x80, 0xa, 0xff, 0xf1, 0x0,
    0x0, 0xcf, 0xfe, 0x10, 0x2, 0xff, 0xfa, 0x0,
    0x6, 0xff, 0xf6, 0x0, 0x0, 0x8f, 0xff, 0x40,
    0x1e, 0xff, 0xc0, 0x0, 0x0, 0xe, 0xff, 0xe0,

    /* U+0446 "?" */
    0x1f, 0xff, 0x70, 0x0, 0x0, 0x8f, 0xff, 0x0,
    0x1, 0xff, 0xf7, 0x0, 0x0, 0x8, 0xff, 0xf0,
    0x0, 0x1f, 0xff, 0x70, 0x0, 0x0, 0x8f, 0xff,
    0x0, 0x1, 0xff, 0xf7, 0x0, 0x0, 0x8, 0xff,
    0xf0, 0x0, 0x1f, 0xff, 0x70, 0x0, 0x0, 0x8f,
    0xff, 0x0, 0x1, 0xff, 0xf7, 0x0, 0x0, 0x8,
    0xff, 0xf0, 0x0, 0x1f, 0xff, 0x70, 0x0, 0x0,
    0x8f, 0xff, 0x0, 0x1, 0xff, 0xf7, 0x0, 0x0,
    0x8, 0xff, 0xf0, 0x0, 0x1f, 0xff, 0x70, 0x0,
    0x0, 0x8f, 0xff, 0x0, 0x1, 0xff, 0xf7, 0x0,
    0x0, 0x8, 0xff, 0xf0, 0x0, 0x1f, 0xff, 0x70,
    0x0, 0x0, 0x8f, 0xff, 0x0, 0x1, 0xff, 0xf7,
    0x0, 0x0, 0x8, 0xff, 0xf0, 0x0, 0x1f, 0xff,
    0x70, 0x0, 0x0, 0x8f, 0xff, 0x10, 0x1, 0xff,
    0xff, 0xff, 0xff, 0xff, 0xff, 0xff, 0xf2, 0x1f,
    0xff, 0xff, 0xff, 0xff, 0xff, 0xff, 0xff, 0x21,
    0xff, 0xff, 0xff, 0xff, 0xff, 0xff, 0xff, 0xf1,
    0x0, 0x0, 0x0, 0x0, 0x0, 0x0, 0x7f, 0xff,
    0x10, 0x0, 0x0, 0x0, 0x0, 0x0, 0x7, 0xff,
    0xf1, 0x0, 0x0, 0x0, 0x0, 0x0, 0x0, 0x7f,
    0xff, 0x10, 0x0, 0x0, 0x0, 0x0, 0x0, 0x7,
    0xff, 0xf0, 0x0, 0x0, 0x0, 0x0, 0x0, 0x0,
    0x38, 0x88, 0x0,

    /* U+0447 "?" */
    0x1f, 0xff, 0x70, 0x0, 0x0, 0xdf, 0xfb, 0x1f,
    0xff, 0x70, 0x0, 0x0, 0xdf, 0xfb, 0x1f, 0xff,
    0x70, 0x0, 0x0, 0xdf, 0xfb, 0x1f, 0xff, 0x70,
    0x0, 0x0, 0xdf, 0xfb, 0x1f, 0xff, 0x70, 0x0,
    0x0, 0xdf, 0xfb, 0x1f, 0xff, 0x70, 0x0, 0x0,
    0xdf, 0xfb, 0xf, 0xff, 0xb0, 0x0, 0x0, 0xdf,
    0xfb, 0xc, 0xff, 0xf8, 0x10, 0x3, 0xef, 0xfb,
    0x4, 0xff, 0xff, 0xff, 0xff, 0xff, 0xfb, 0x0,
    0x7f, 0xff, 0xff, 0xff, 0xff, 0xfb, 0x0, 0x2,
    0x9d, 0xff, 0xfd, 0xff, 0xfb, 0x0, 0x0, 0x0,
    0x0, 0x0, 0xdf, 0xfb, 0x0, 0x0, 0x0, 0x0,
    0x0, 0xdf, 0xfb, 0x0, 0x0, 0x0, 0x0, 0x0,
    0xdf, 0xfb, 0x0, 0x0, 0x0, 0x0, 0x0, 0xdf,
    0xfb, 0x0, 0x0, 0x0, 0x0, 0x0, 0xdf, 0xfb,

    /* U+0448 "?" */
    0x1f, 0xff, 0x70, 0x0, 0xd, 0xff, 0x90, 0x0,
    0xb, 0xff, 0xd1, 0xff, 0xf7, 0x0, 0x0, 0xdf,
    0xf9, 0x0, 0x0, 0xbf, 0xfd, 0x1f, 0xff, 0x70,
    0x0, 0xd, 0xff, 0x90, 0x0, 0xb, 0xff, 0xd1,
    0xff, 0xf7, 0x0, 0x0, 0xdf, 0xf9, 0x0, 0x0,
    0xbf, 0xfd, 0x1f, 0xff, 0x70, 0x0, 0xd, 0xff,
    0x90, 0x0, 0xb, 0xff, 0xd1, 0xff, 0xf7, 0x0,
    0x0, 0xdf, 0xf9, 0x0, 0x0, 0xbf, 0xfd, 0x1f,
    0xff, 0x70, 0x0, 0xd, 0xff, 0x90, 0x0, 0xb,
    0xff, 0xd1, 0xff, 0xf7, 0x0, 0x0, 0xdf, 0xf9,
    0x0, 0x0, 0xbf, 0xfd, 0x1f, 0xff, 0x70, 0x0,
    0xd, 0xff, 0x90, 0x0, 0xb, 0xff, 0xd1, 0xff,
    0xf7, 0x0, 0x0, 0xdf, 0xf9, 0x0, 0x0, 0xbf,
    0xfd, 0x1f, 0xff, 0x70, 0x0, 0xd, 0xff, 0x90,
    0x0, 0xb, 0xff, 0xd1, 0xff, 0xf7, 0x0, 0x0,
    0xdf, 0xf9, 0x0, 0x0, 0xbf, 0xfd, 0x1f, 0xff,
    0x70, 0x0, 0xd, 0xff, 0x90, 0x0, 0xb, 0xff,
    0xd1, 0xff, 0xff, 0xff, 0xff, 0xff, 0xff, 0xff,
    0xff, 0xff, 0xfd, 0x1f, 0xff, 0xff, 0xff, 0xff,
    0xff, 0xff, 0xff, 0xff, 0xff, 0xd1, 0xff, 0xff,
    0xff, 0xff, 0xff, 0xff, 0xff, 0xff, 0xff, 0xfd,

    /* U+0449 "?" */
    0x1f, 0xff, 0x70, 0x0, 0xd, 0xff, 0x90, 0x0,
    0xb, 0xff, 0xd0, 0x1, 0xff, 0xf7, 0x0, 0x0,
    0xdf, 0xf9, 0x0, 0x0, 0xbf, 0xfd, 0x0, 0x1f,
    0xff, 0x70, 0x0, 0xd, 0xff, 0x90, 0x0, 0xb,
    0xff, 0xd0, 0x1, 0xff, 0xf7, 0x0, 0x0, 0xdf,
    0xf9, 0x0, 0x0, 0xbf, 0xfd, 0x0, 0x1f, 0xff,
    0x70, 0x0, 0xd, 0xff, 0x90, 0x0, 0xb, 0xff,
    0xd0, 0x1, 0xff, 0xf7, 0x0, 0x0, 0xdf, 0xf9,
    0x0, 0x0, 0xbf, 0xfd, 0x0, 0x1f, 0xff, 0x70,
    0x0, 0xd, 0xff, 0x90, 0x0, 0xb, 0xff, 0xd0,
    0x1, 0xff, 0xf7, 0x0, 0x0, 0xdf, 0xf9, 0x0,
    0x0, 0xbf, 0xfd, 0x0, 0x1f, 0xff, 0x70, 0x0,
    0xd, 0xff, 0x90, 0x0, 0xb, 0xff, 0xd0, 0x1,
    0xff, 0xf7, 0x0, 0x0, 0xdf, 0xf9, 0x0, 0x0,
    0xbf, 0xfd, 0x0, 0x1f, 0xff, 0x70, 0x0, 0xd,
    0xff, 0x90, 0x0, 0xb, 0xff, 0xd0, 0x1, 0xff,
    0xf7, 0x0, 0x0, 0xdf, 0xf9, 0x0, 0x0, 0xbf,
    0xfd, 0x0, 0x1f, 0xff, 0x70, 0x0, 0xd, 0xff,
    0x90, 0x0, 0xb, 0xff, 0xd0, 0x1, 0xff, 0xff,
    0xff, 0xff, 0xff, 0xff, 0xff, 0xff, 0xff, 0xff,
    0xff, 0x1f, 0xff, 0xff, 0xff, 0xff, 0xff, 0xff,
    0xff, 0xff, 0xff, 0xff, 0xf1, 0xff, 0xff, 0xff,
    0xff, 0xff, 0xff, 0xff, 0xff, 0xff, 0xff, 0xfe,
    0x0, 0x0, 0x0, 0x0, 0x0, 0x0, 0x0, 0x0,
    0x0, 0xa, 0xff, 0xe0, 0x0, 0x0, 0x0, 0x0,
    0x0, 0x0, 0x0, 0x0, 0x0, 0xaf, 0xfe, 0x0,
    0x0, 0x0, 0x0, 0x0, 0x0, 0x0, 0x0, 0x0,
    0xa, 0xff, 0xe0, 0x0, 0x0, 0x0, 0x0, 0x0,
    0x0, 0x0, 0x0, 0x0, 0xaf, 0xfd, 0x0, 0x0,
    0x0, 0x0, 0x0, 0x0, 0x0, 0x0, 0x0, 0x5,
    0x88, 0x60,

    /* U+044A "?" */
    0xbf, 0xff, 0xff, 0xfe, 0x0, 0x0, 0x0, 0x0,
    0x0, 0xbf, 0xff, 0xff, 0xfe, 0x0, 0x0, 0x0,
    0x0, 0x0, 0x9d, 0xdd, 0xff, 0xfe, 0x0, 0x0,
    0x0, 0x0, 0x0, 0x0, 0x0, 0xaf, 0xfe, 0x0,
    0x0, 0x0, 0x0, 0x0, 0x0, 0x0, 0xaf, 0xfe,
    0x0, 0x0, 0x0, 0x0, 0x0, 0x0, 0x0, 0xaf,
    0xff, 0xff, 0xff, 0xeb, 0x50, 0x0, 0x0, 0x0,
    0xaf, 0xff, 0xff, 0xff, 0xff, 0xfb, 0x0, 0x0,
    0x0, 0xaf, 0xff, 0xff, 0xff, 0xff, 0xff, 0x90,
    0x0, 0x0, 0xaf, 0xfe, 0x0, 0x1, 0x5e, 0xff,
    0xf1, 0x0, 0x0, 0xaf, 0xfe, 0x0, 0x0, 0x4,
    0xff, 0xf5, 0x0, 0x0, 0xaf, 0xfe, 0x0, 0x0,
    0x1, 0xff, 0xf6, 0x0, 0x0, 0xaf, 0xfe, 0x0,
    0x0, 0x4, 0xff, 0xf5, 0x0, 0x0, 0xaf, 0xfe,
    0x0, 0x0, 0x4e, 0xff, 0xf1, 0x0, 0x0, 0xaf,
    0xff, 0xff, 0xff, 0xff, 0xff, 0x90, 0x0, 0x0,
    0xaf, 0xff, 0xff, 0xff, 0xff, 0xfa, 0x0, 0x0,
    0x0, 0xaf, 0xff, 0xff, 0xff, 0xeb, 0x50, 0x0,

    /* U+044B "?" */
    0x1f, 0xff, 0x70, 0x0, 0x0, 0x0, 0x0, 0x8,
    0xff, 0xf0, 0x1f, 0xff, 0x70, 0x0, 0x0, 0x0,
    0x0, 0x8, 0xff, 0xf0, 0x1f, 0xff, 0x70, 0x0,
    0x0, 0x0, 0x0, 0x8, 0xff, 0xf0, 0x1f, 0xff,
    0x70, 0x0, 0x0, 0x0, 0x0, 0x8, 0xff, 0xf0,
    0x1f, 0xff, 0x70, 0x0, 0x0, 0x0, 0x0, 0x8,
    0xff, 0xf0, 0x1f, 0xff, 0xff, 0xff, 0xfd, 0x92,
    0x0, 0x8, 0xff, 0xf0, 0x1f, 0xff, 0xff, 0xff,
    0xff, 0xff, 0x50, 0x8, 0xff, 0xf0, 0x1f, 0xff,
    0xff, 0xff, 0xff, 0xff, 0xf2, 0x8, 0xff, 0xf0,
    0x1f, 0xff, 0x70, 0x0, 0x29, 0xff, 0xfa, 0x8,
    0xff, 0xf0, 0x1f, 0xff, 0x70, 0x0, 0x0, 0xcf,
    0xfe, 0x8, 0xff, 0xf0, 0x1f, 0xff, 0x70, 0x0,
    0x0, 0x8f, 0xff, 0x8, 0xff, 0xf0, 0x1f, 0xff,
    0x70, 0x0, 0x0, 0xbf, 0xfe, 0x8, 0xff, 0xf0,
    0x1f, 0xff, 0x70, 0x0, 0x18, 0xff, 0xfa, 0x8,
    0xff, 0xf0, 0x1f, 0xff, 0xff, 0xff, 0xff, 0xff,
    0xf2, 0x8, 0xff, 0xf0, 0x1f, 0xff, 0xff, 0xff,
    0xff, 0xff, 0x40, 0x8, 0xff, 0xf0, 0x1f, 0xff,
    0xff, 0xff, 0xfd, 0x92, 0x0, 0x8, 0xff, 0xf0,

    /* U+044C "?" */
    0x1f, 0xff, 0x70, 0x0, 0x0, 0x0, 0x0, 0x1,
    0xff, 0xf7, 0x0, 0x0, 0x0, 0x0, 0x0, 0x1f,
    0xff, 0x70, 0x0, 0x0, 0x0, 0x0, 0x1, 0xff,
    0xf7, 0x0, 0x0, 0x0, 0x0, 0x0, 0x1f, 0xff,
    0x70, 0x0, 0x0, 0x0, 0x0, 0x1, 0xff, 0xff,
    0xff, 0xff, 0xd9, 0x20, 0x0, 0x1f, 0xff, 0xff,
    0xff, 0xff, 0xff, 0x50, 0x1, 0xff, 0xff, 0xff,
    0xff, 0xff, 0xff, 0x20, 0x1f, 0xff, 0x70, 0x0,
    0x29, 0xff, 0xfa, 0x1, 0xff, 0xf7, 0x0, 0x0,
    0xc, 0xff, 0xe0, 0x1f, 0xff, 0x70, 0x0, 0x0,
    0x8f, 0xff, 0x1, 0xff, 0xf7, 0x0, 0x0, 0xb,
    0xff, 0xe0, 0x1f, 0xff, 0x70, 0x0, 0x18, 0xff,
    0xfa, 0x1, 0xff, 0xff, 0xff, 0xff, 0xff, 0xff,
    0x20, 0x1f, 0xff, 0xff, 0xff, 0xff, 0xff, 0x40,
    0x1, 0xff, 0xff, 0xff, 0xff, 0xd9, 0x20, 0x0,

    /* U+044D "?" */
    0x0, 0x4, 0xae, 0xfe, 0xc7, 0x10, 0x0, 0x0,
    0xb, 0xff, 0xff, 0xff, 0xff, 0x40, 0x0, 0xb,
    0xff, 0xff, 0xff, 0xff, 0xff, 0x40, 0x5, 0xff,
    0xfb, 0x20, 0x5, 0xef, 0xfe, 0x10, 0x9f, 0xfd,
    0x0, 0x0, 0x4, 0xff, 0xf7, 0x0, 0x14, 0x30,
    0x0, 0x0, 0xc, 0xff, 0xc0, 0x0, 0x0, 0x6,
    0x77, 0x77, 0xbf, 0xff, 0x0, 0x0, 0x0, 0xef,
    0xff, 0xff, 0xff, 0xf0, 0x0, 0x0, 0xe, 0xff,
    0xff, 0xff, 0xff, 0x0, 0x0, 0x0, 0x0, 0x0,
    0x8, 0xff, 0xf0, 0x15, 0x85, 0x0, 0x0, 0x0,
    0xdf, 0xfc, 0xa, 0xff, 0xd0, 0x0, 0x0, 0x5f,
    0xff, 0x70, 0x4f, 0xff, 0xc3, 0x0, 0x5f, 0xff,
    0xe1, 0x0, 0xaf, 0xff, 0xff, 0xff, 0xff, 0xf5,
    0x0, 0x0, 0xaf, 0xff, 0xff, 0xff, 0xf5, 0x0,
    0x0, 0x0, 0x4a, 0xef, 0xec, 0x71, 0x0, 0x0,

    /* U+044E "?" */
    0x1f, 0xff, 0x50, 0x0, 0x0, 0x7, 0xce, 0xfe,
    0xb5, 0x0, 0x0, 0x1f, 0xff, 0x50, 0x0, 0x3,
    0xef, 0xff, 0xff, 0xff, 0xd2, 0x0, 0x1f, 0xff,
    0x50, 0x0, 0x3f, 0xff, 0xff, 0xde, 0xff, 0xfe,
    0x10, 0x1f, 0xff, 0x50, 0x0, 0xdf, 0xff, 0x80,
    0x0, 0x7f, 0xff, 0xb0, 0x1f, 0xff, 0x50, 0x4,
    0xff, 0xfa, 0x0, 0x0, 0x9, 0xff, 0xf2, 0x1f,
    0xff, 0x50, 0x8, 0xff, 0xf3, 0x0, 0x0, 0x2,
    0xff, 0xf8, 0x1f, 0xff, 0xff, 0xff, 0xff, 0xf0,
    0x0, 0x0, 0x0, 0xef, 0xfa, 0x1f, 0xff, 0xff,
    0xff, 0xff, 0xd0, 0x0, 0x0, 0x0, 0xdf, 0xfc,
    0x1f, 0xff, 0xff, 0xff, 0xff, 0xe0, 0x0, 0x0,
    0x0, 0xdf, 0xfc, 0x1f, 0xff, 0x50, 0x9, 0xff,
    0xf0, 0x0, 0x0, 0x0, 0xff, 0xfa, 0x1f, 0xff,
    0x50, 0x6, 0xff, 0xf4, 0x0, 0x0, 0x3, 0xff,
    0xf8, 0x1f, 0xff, 0x50, 0x1, 0xff, 0xfc, 0x0,
    0x0, 0xb, 0xff, 0xf2, 0x1f, 0xff, 0x50, 0x0,
    0x9f, 0xff, 0xb2, 0x2, 0xaf, 0xff, 0xb0, 0x1f,
    0xff, 0x50, 0x0, 0xd, 0xff, 0xff, 0xff, 0xff,
    0xfe, 0x10, 0x1f, 0xff, 0x50, 0x0, 0x1, 0xcf,
    0xff, 0xff, 0xff, 0xd2, 0x0, 0x1f, 0xff, 0x50,
    0x0, 0x0, 0x5, 0xbe, 0xfe, 0xb6, 0x0, 0x0,

    /* U+044F "?" */
    0x0, 0x1, 0x8c, 0xff, 0xff, 0xff, 0xff, 0x10,
    0x4, 0xef, 0xff, 0xff, 0xff, 0xff, 0xf1, 0x1,
    0xef, 0xff, 0xff, 0xff, 0xff, 0xff, 0x10, 0x8f,
    0xff, 0x91, 0x0, 0x5, 0xff, 0xf1, 0xc, 0xff,
    0xd0, 0x0, 0x0, 0x5f, 0xff, 0x10, 0xdf, 0xfb,
    0x0, 0x0, 0x5, 0xff, 0xf1, 0xb, 0xff, 0xe0,
    0x0, 0x0, 0x5f, 0xff, 0x10, 0x7f, 0xff, 0xa2,
    0x0, 0x5, 0xff, 0xf1, 0x0, 0xdf, 0xff, 0xff,
    0xff, 0xff, 0xff, 0x10, 0x2, 0xcf, 0xff, 0xff,
    0xff, 0xff, 0xf1, 0x0, 0x1, 0xff, 0xfe, 0xbb,
    0xcf, 0xff, 0x10, 0x0, 0xaf, 0xff, 0x30, 0x5,
    0xff, 0xf1, 0x0, 0x4f, 0xff, 0x90, 0x0, 0x5f,
    0xff, 0x10, 0xe, 0xff, 0xe0, 0x0, 0x5, 0xff,
    0xf1, 0x8, 0xff, 0xf5, 0x0, 0x0, 0x5f, 0xff,
    0x13, 0xff, 0xfb, 0x0, 0x0, 0x5, 0xff, 0xf1,

    /* U+0450 "?" */
    0x0, 0x3, 0x55, 0x40, 0x0, 0x0, 0x0, 0x0,
    0x0, 0x2f, 0xff, 0x20, 0x0, 0x0, 0x0, 0x0,
    0x0, 0x8f, 0xf9, 0x0, 0x0, 0x0, 0x0, 0x0,
    0x0, 0xdf, 0xf0, 0x0, 0x0, 0x0, 0x0, 0x0,
    0x4, 0xff, 0x70, 0x0, 0x0, 0x0, 0x0, 0x0,
    0x0, 0x0, 0x0, 0x0, 0x0, 0x0, 0x0, 0x0,
    0x0, 0x0, 0x0, 0x0, 0x0, 0x0, 0x6, 0xce,
    0xfd, 0xa4, 0x0, 0x0, 0x0, 0x2d, 0xff, 0xff,
    0xff, 0xfb, 0x10, 0x0, 0x1e, 0xff, 0xff, 0xef,
    0xff, 0xfb, 0x0, 0xa, 0xff, 0xf6, 0x0, 0x19,
    0xff, 0xf7, 0x2, 0xff, 0xf7, 0x0, 0x0, 0xb,
    0xff, 0xe0, 0x7f, 0xff, 0x0, 0x0, 0x0, 0x4f,
    0xff, 0x2a, 0xff, 0xe8, 0x88, 0x88, 0x88, 0xff,
    0xf4, 0xbf, 0xff, 0xff, 0xff, 0xff, 0xff, 0xff,
    0x5b, 0xff, 0xff, 0xff, 0xff, 0xff, 0xff, 0xf6,
    0xaf, 0xfd, 0x0, 0x0, 0x0, 0x0, 0x0, 0x7,
    0xff, 0xf0, 0x0, 0x0, 0x0, 0x0, 0x0, 0x2f,
    0xff, 0x80, 0x0, 0x0, 0x4b, 0x85, 0x0, 0xbf,
    0xff, 0x71, 0x0, 0x5e, 0xff, 0xd0, 0x1, 0xef,
    0xff, 0xfe, 0xff, 0xff, 0xf4, 0x0, 0x2, 0xdf,
    0xff, 0xff, 0xff, 0xf5, 0x0, 0x0, 0x0, 0x5b,
    0xdf, 0xfc, 0x81, 0x0, 0x0,

    /* U+0451 "?" */
    0x0, 0x1b, 0xf8, 0x0, 0x1c, 0xf7, 0x0, 0x0,
    0x7, 0xff, 0xf2, 0x8, 0xff, 0xf2, 0x0, 0x0,
    0x6f, 0xff, 0x20, 0x7f, 0xff, 0x10, 0x0, 0x0,
    0x9c, 0x60, 0x0, 0x9c, 0x50, 0x0, 0x0, 0x0,
    0x0, 0x0, 0x0, 0x0, 0x0, 0x0, 0x0, 0x0,
    0x0, 0x0, 0x0, 0x0, 0x0, 0x0, 0x0, 0x6c,
    0xef, 0xda, 0x40, 0x0, 0x0, 0x2, 0xdf, 0xff,
    0xff, 0xff, 0xb1, 0x0, 0x1, 0xef, 0xff, 0xfe,
    0xff, 0xff, 0xb0, 0x0, 0xaf, 0xff, 0x60, 0x1,
    0x9f, 0xff, 0x70, 0x2f, 0xff, 0x70, 0x0, 0x0,
    0xbf, 0xfe, 0x7, 0xff, 0xf0, 0x0, 0x0, 0x4,
    0xff, 0xf2, 0xaf, 0xfe, 0x88, 0x88, 0x88, 0x8f,
    0xff, 0x4b, 0xff, 0xff, 0xff, 0xff, 0xff, 0xff,
    0xf5, 0xbf, 0xff, 0xff, 0xff, 0xff, 0xff, 0xff,
    0x6a, 0xff, 0xd0, 0x0, 0x0, 0x0, 0x0, 0x0,
    0x7f, 0xff, 0x0, 0x0, 0x0, 0x0, 0x0, 0x2,
    0xff, 0xf8, 0x0, 0x0, 0x4, 0xb8, 0x50, 0xb,
    0xff, 0xf7, 0x10, 0x5, 0xef, 0xfd, 0x0, 0x1e,
    0xff, 0xff, 0xef, 0xff, 0xff, 0x40, 0x0, 0x2d,
    0xff, 0xff, 0xff, 0xff, 0x50, 0x0, 0x0, 0x5,
    0xbd, 0xff, 0xc8, 0x10, 0x0,

    /* U+0452 "?" */
    0x0, 0x1f, 0xff, 0x60, 0x0, 0x0, 0x0, 0x0,
    0x0, 0xff, 0xff, 0xff, 0xff, 0xf7, 0x0, 0x0,
    0x0, 0xf, 0xff, 0xff, 0xff, 0xff, 0x70, 0x0,
    0x0, 0x0, 0x56, 0xff, 0xf9, 0x55, 0x52, 0x0,
    0x0, 0x0, 0x0, 0x1f, 0xff, 0x60, 0x0, 0x0,
    0x0, 0x0, 0x0, 0x1, 0xff, 0xf6, 0x5, 0xce,
    0xfc, 0x60, 0x0, 0x0, 0x1f, 0xff, 0x68, 0xff,
    0xff, 0xff, 0xb0, 0x0, 0x1, 0xff, 0xfa, 0xff,
    0xff, 0xff, 0xff, 0x70, 0x0, 0x1f, 0xff, 0xfe,
    0x52, 0x4b, 0xff, 0xfe, 0x0, 0x1, 0xff, 0xff,
    0x20, 0x0, 0xd, 0xff, 0xf2, 0x0, 0x1f, 0xff,
    0xa0, 0x0, 0x0, 0x7f, 0xff, 0x30, 0x1, 0xff,
    0xf7, 0x0, 0x0, 0x5, 0xff, 0xf4, 0x0, 0x1f,
    0xff, 0x70, 0x0, 0x0, 0x5f, 0xff, 0x40, 0x1,
    0xff, 0xf7, 0x0, 0x0, 0x5, 0xff, 0xf4, 0x0,
    0x1f, 0xff, 0x70, 0x0, 0x0, 0x5f, 0xff, 0x40,
    0x1, 0xff, 0xf7, 0x0, 0x0, 0x5, 0xff, 0xf4,
    0x0, 0x1f, 0xff, 0x70, 0x0, 0x0, 0x5f, 0xff,
    0x40, 0x1, 0xff, 0xf7, 0x0, 0x0, 0x5, 0xff,
    0xf4, 0x0, 0x1f, 0xff, 0x70, 0x0, 0x0, 0x5f,
    0xff, 0x40, 0x1, 0xff, 0xf7, 0x0, 0x0, 0x5,
    0xff, 0xf4, 0x0, 0x1f, 0xff, 0x70, 0x0, 0x0,
    0x5f, 0xff, 0x40, 0x0, 0x0, 0x0, 0x0, 0x0,
    0x5, 0xff, 0xf4, 0x0, 0x0, 0x0, 0x0, 0x0,
    0x0, 0x5f, 0xff, 0x30, 0x0, 0x0, 0x0, 0x0,
    0x0, 0x8, 0xff, 0xf3, 0x0, 0x0, 0x0, 0x0,
    0x4, 0xef, 0xff, 0xff, 0x0, 0x0, 0x0, 0x0,
    0x0, 0x4f, 0xff, 0xff, 0x70, 0x0, 0x0, 0x0,
    0x0, 0x3, 0xef, 0xfc, 0x50, 0x0,

    /* U+0453 "?" */
    0x0, 0x0, 0x0, 0xbf, 0xf9, 0x0, 0x0, 0x0,
    0x2f, 0xfe, 0x10, 0x0, 0x0, 0x9, 0xff, 0x50,
    0x0, 0x0, 0x1, 0xff, 0xb0, 0x0, 0x0, 0x0,
    0x15, 0x51, 0x0, 0x0, 0x0, 0x0, 0x0, 0x0,
    0x0, 0x1f, 0xff, 0xff, 0xff, 0xff, 0xf1, 0xff,
    0xff, 0xff, 0xff, 0xff, 0x1f, 0xff, 0xff, 0xff,
    0xff, 0xf1, 0xff, 0xf7, 0x0, 0x0, 0x0, 0x1f,
    0xff, 0x70, 0x0, 0x0, 0x1, 0xff, 0xf7, 0x0,
    0x0, 0x0, 0x1f, 0xff, 0x70, 0x0, 0x0, 0x1,
    0xff, 0xf7, 0x0, 0x0, 0x0, 0x1f, 0xff, 0x70,
    0x0, 0x0, 0x1, 0xff, 0xf7, 0x0, 0x0, 0x0,
    0x1f, 0xff, 0x70, 0x0, 0x0, 0x1, 0xff, 0xf7,
    0x0, 0x0, 0x0, 0x1f, 0xff, 0x70, 0x0, 0x0,
    0x1, 0xff, 0xf7, 0x0, 0x0, 0x0, 0x1f, 0xff,
    0x70, 0x0, 0x0, 0x1, 0xff, 0xf7, 0x0, 0x0,
    0x0,

    /* U+0454 "?" */
    0x0, 0x0, 0x5b, 0xef, 0xec, 0x60, 0x0, 0x0,
    0x2, 0xdf, 0xff, 0xff, 0xff, 0xe3, 0x0, 0x1,
    0xef, 0xff, 0xff, 0xff, 0xff, 0xe1, 0x0, 0xaf,
    0xff, 0x81, 0x1, 0x8f, 0xff, 0xa0, 0x2f, 0xff,
    0x90, 0x0, 0x0, 0x8f, 0xfe, 0x7, 0xff, 0xf1,
    0x0, 0x0, 0x1, 0x52, 0x0, 0xaf, 0xfe, 0x77,
    0x77, 0x71, 0x0, 0x0, 0xb, 0xff, 0xff, 0xff,
    0xff, 0x30, 0x0, 0x0, 0xbf, 0xff, 0xff, 0xff,
    0xf3, 0x0, 0x0, 0xa, 0xff, 0xd0, 0x0, 0x0,
    0x0, 0x0, 0x0, 0x7f, 0xff, 0x20, 0x0, 0x0,
    0x2a, 0x63, 0x2, 0xff, 0xfa, 0x0, 0x0, 0x9,
    0xff, 0xf0, 0xa, 0xff, 0xf9, 0x10, 0x19, 0xff,
    0xf9, 0x0, 0x1e, 0xff, 0xff, 0xff, 0xff, 0xfe,
    0x10, 0x0, 0x2d, 0xff, 0xff, 0xff, 0xfd, 0x20,
    0x0, 0x0, 0x5, 0xbe, 0xfe, 0xc6, 0x0, 0x0,

    /* U+0455 "?" */
    0x0, 0x5, 0xbe, 0xff, 0xd9, 0x20, 0x0, 0x1,
    0xcf, 0xff, 0xff, 0xff, 0xf5, 0x0, 0xb, 0xff,
    0xff, 0xcd, 0xff, 0xff, 0x30, 0x2f, 0xff, 0xa0,
    0x0, 0x3e, 0xff, 0xa0, 0x5f, 0xff, 0x30, 0x0,
    0x4, 0x84, 0x10, 0x4f, 0xff, 0x90, 0x0, 0x0,
    0x0, 0x0, 0xe, 0xff, 0xfe, 0xa6, 0x30, 0x0,
    0x0, 0x4, 0xff, 0xff, 0xff, 0xff, 0xa2, 0x0,
    0x0, 0x19, 0xef, 0xff, 0xff, 0xff, 0x40, 0x0,
    0x0, 0x2, 0x59, 0xef, 0xff, 0xe0, 0x0, 0x0,
    0x0, 0x0, 0xb, 0xff, 0xf2, 0x6a, 0xdc, 0x0,
    0x0, 0x7, 0xff, 0xf2, 0x8f, 0xff, 0x80, 0x0,
    0x3e, 0xff, 0xe0, 0x1e, 0xff, 0xff, 0xde, 0xff,
    0xff, 0x60, 0x3, 0xef, 0xff, 0xff, 0xff, 0xf7,
    0x0, 0x0, 0x7, 0xce, 0xfe, 0xd8, 0x20, 0x0,

    /* U+0456 "?" */
    0x0, 0x0, 0x0, 0x9f, 0xc2, 0x4f, 0xff, 0xa4,
    0xff, 0xfa, 0x9, 0xfc, 0x20, 0x0, 0x0, 0x0,
    0x0, 0x1, 0xff, 0xf7, 0x1f, 0xff, 0x71, 0xff,
    0xf7, 0x1f, 0xff, 0x71, 0xff, 0xf7, 0x1f, 0xff,
    0x71, 0xff, 0xf7, 0x1f, 0xff, 0x71, 0xff, 0xf7,
    0x1f, 0xff, 0x71, 0xff, 0xf7, 0x1f, 0xff, 0x71,
    0xff, 0xf7, 0x1f, 0xff, 0x71, 0xff, 0xf7, 0x1f,
    0xff, 0x70,

    /* U+0457 "?" */
    0x8, 0xfc, 0x10, 0x8, 0xfb, 0x2, 0xff, 0xf7,
    0x2, 0xff, 0xf7, 0x1f, 0xff, 0x70, 0x2f, 0xff,
    0x60, 0x6c, 0x90, 0x0, 0x6c, 0x90, 0x0, 0x0,
    0x0, 0x0, 0x0, 0x0, 0x0, 0x0, 0x0, 0x0,
    0x0, 0x0, 0x1, 0xff, 0xf7, 0x0, 0x0, 0x0,
    0x1f, 0xff, 0x70, 0x0, 0x0, 0x1, 0xff, 0xf7,
    0x0, 0x0, 0x0, 0x1f, 0xff, 0x70, 0x0, 0x0,
    0x1, 0xff, 0xf7, 0x0, 0x0, 0x0, 0x1f, 0xff,
    0x70, 0x0, 0x0, 0x1, 0xff, 0xf7, 0x0, 0x0,
    0x0, 0x1f, 0xff, 0x70, 0x0, 0x0, 0x1, 0xff,
    0xf7, 0x0, 0x0, 0x0, 0x1f, 0xff, 0x70, 0x0,
    0x0, 0x1, 0xff, 0xf7, 0x0, 0x0, 0x0, 0x1f,
    0xff, 0x70, 0x0, 0x0, 0x1, 0xff, 0xf7, 0x0,
    0x0, 0x0, 0x1f, 0xff, 0x70, 0x0, 0x0, 0x1,
    0xff, 0xf7, 0x0, 0x0, 0x0, 0x1f, 0xff, 0x70,
    0x0,

    /* U+0458 "?" */
    0x0, 0x9, 0xfc, 0x10, 0x4, 0xff, 0xf9, 0x0,
    0x4f, 0xff, 0x90, 0x0, 0x9f, 0xc2, 0x0, 0x0,
    0x0, 0x0, 0x0, 0x0, 0x0, 0x0, 0x2f, 0xff,
    0x70, 0x2, 0xff, 0xf7, 0x0, 0x2f, 0xff, 0x70,
    0x2, 0xff, 0xf7, 0x0, 0x2f, 0xff, 0x70, 0x2,
    0xff, 0xf7, 0x0, 0x2f, 0xff, 0x70, 0x2, 0xff,
    0xf7, 0x0, 0x2f, 0xff, 0x70, 0x2, 0xff, 0xf7,
    0x0, 0x2f, 0xff, 0x70, 0x2, 0xff, 0xf7, 0x0,
    0x2f, 0xff, 0x70, 0x2, 0xff, 0xf7, 0x0, 0x2f,
    0xff, 0x70, 0x2, 0xff, 0xf7, 0x0, 0x2f, 0xff,
    0x60, 0x3, 0xff, 0xf6, 0x1, 0xaf, 0xff, 0x49,
    0xff, 0xff, 0xe0, 0x9f, 0xff, 0xf4, 0x9, 0xfe,
    0xa2, 0x0,

    /* U+0459 "?" */
    0x0, 0x6, 0xff, 0xff, 0xff, 0xff, 0xff, 0xf7,
    0x0, 0x0, 0x0, 0x0, 0x0, 0x0, 0x6, 0xff,
    0xff, 0xff, 0xff, 0xff, 0xf7, 0x0, 0x0, 0x0,
    0x0, 0x0, 0x0, 0x7, 0xff, 0xff, 0xff, 0xff,
    0xff, 0xf7, 0x0, 0x0, 0x0, 0x0, 0x0, 0x0,
    0x8, 0xff, 0xf0, 0x0, 0xa, 0xff, 0xf7, 0x0,
    0x0, 0x0, 0x0, 0x0, 0x0, 0x8, 0xff, 0xf0,
    0x0, 0xa, 0xff, 0xf7, 0x0, 0x0, 0x0, 0x0,
    0x0, 0x0, 0x9, 0xff, 0xe0, 0x0, 0xa, 0xff,
    0xff, 0xff, 0xff, 0xd9, 0x20, 0x0, 0x0, 0xa,
    0xff, 0xd0, 0x0, 0xa, 0xff, 0xff, 0xff, 0xff,
    0xff, 0xf5, 0x0, 0x0, 0xa, 0xff, 0xd0, 0x0,
    0xa, 0xff, 0xff, 0xff, 0xff, 0xff, 0xff, 0x30,
    0x0, 0xb, 0xff, 0xc0, 0x0, 0xa, 0xff, 0xf7,
    0x0, 0x2, 0x9f, 0xff, 0xa0, 0x0, 0xc, 0xff,
    0xa0, 0x0, 0xa, 0xff, 0xf7, 0x0, 0x0, 0xb,
    0xff, 0xe0, 0x0, 0xf, 0xff, 0x80, 0x0, 0xa,
    0xff, 0xf7, 0x0, 0x0, 0x8, 0xff, 0xf0, 0x0,
    0x3f, 0xff, 0x60, 0x0, 0xa, 0xff, 0xf7, 0x0,
    0x0, 0xb, 0xff, 0xe0, 0x2, 0xcf, 0xff, 0x10,
    0x0, 0xa, 0xff, 0xf7, 0x0, 0x2, 0x8f, 0xff,
    0xa0, 0x7f, 0xff, 0xfb, 0x0, 0x0, 0xa, 0xff,
    0xff, 0xff, 0xff, 0xff, 0xff, 0x20, 0x7f, 0xff,
    0xe2, 0x0, 0x0, 0xa, 0xff, 0xff, 0xff, 0xff,
    0xff, 0xf5, 0x0, 0x7f, 0xea, 0x20, 0x0, 0x0,
    0xa, 0xff, 0xff, 0xff, 0xff, 0xd9, 0x20, 0x0,

    /* U+045A "?" */
    0x1f, 0xff, 0x70, 0x0, 0x0, 0x7f, 0xff, 0x20,
    0x0, 0x0, 0x0, 0x0, 0x1f, 0xff, 0x70, 0x0,
    0x0, 0x7f, 0xff, 0x20, 0x0, 0x0, 0x0, 0x0,
    0x1f, 0xff, 0x70, 0x0, 0x0, 0x7f, 0xff, 0x20,
    0x0, 0x0, 0x0, 0x0, 0x1f, 0xff, 0x70, 0x0,
    0x0, 0x7f, 0xff, 0x20, 0x0, 0x0, 0x0, 0x0,
    0x1f, 0xff, 0x70, 0x0, 0x0, 0x7f, 0xff, 0x20,
    0x0, 0x0, 0x0, 0x0, 0x1f, 0xff, 0x70, 0x0,
    0x0, 0x7f, 0xff, 0x20, 0x0, 0x0, 0x0, 0x0,
    0x1f, 0xff, 0xff, 0xff, 0xff, 0xff, 0xff, 0xff,
    0xff, 0xec, 0x60, 0x0, 0x1f, 0xff, 0xff, 0xff,
    0xff, 0xff, 0xff, 0xff, 0xff, 0xff, 0xfd, 0x10,
    0x1f, 0xff, 0xff, 0xff, 0xff, 0xff, 0xff, 0xff,
    0xff, 0xff, 0xff, 0xc0, 0x1f, 0xff, 0x70, 0x0,
    0x0, 0x7f, 0xff, 0x20, 0x0, 0x3c, 0xff, 0xf2,
    0x1f, 0xff, 0x70, 0x0, 0x0, 0x7f, 0xff, 0x20,
    0x0, 0x3, 0xff, 0xf5, 0x1f, 0xff, 0x70, 0x0,
    0x0, 0x7f, 0xff, 0x20, 0x0, 0x2, 0xff, 0xf5,
    0x1f, 0xff, 0x70, 0x0, 0x0, 0x7f, 0xff, 0x20,
    0x0, 0x2b, 0xff, 0xf2, 0x1f, 0xff, 0x70, 0x0,
    0x0, 0x7f, 0xff, 0xff, 0xff, 0xff, 0xff, 0xc0,
    0x1f, 0xff, 0x70, 0x0, 0x0, 0x7f, 0xff, 0xff,
    0xff, 0xff, 0xfd, 0x10, 0x1f, 0xff, 0x70, 0x0,
    0x0, 0x7f, 0xff, 0xff, 0xff, 0xec, 0x60, 0x0,

    /* U+045B "?" */
    0x0, 0x1f, 0xff, 0x60, 0x0, 0x0, 0x0, 0x0,
    0x0, 0x57, 0xff, 0xfb, 0x55, 0x52, 0x0, 0x0,
    0x0, 0xf, 0xff, 0xff, 0xff, 0xff, 0x70, 0x0,
    0x0, 0x0, 0xff, 0xff, 0xff, 0xff, 0xf7, 0x0,
    0x0, 0x0, 0x0, 0x1f, 0xff, 0x60, 0x0, 0x0,
    0x0, 0x0, 0x0, 0x1, 0xff, 0xf6, 0x5, 0xce,
    0xfc, 0x60, 0x0, 0x0, 0x1f, 0xff, 0x68, 0xff,
    0xff, 0xff, 0xb0, 0x0, 0x1, 0xff, 0xfa, 0xff,
    0xff, 0xff, 0xff, 0x70, 0x0, 0x1f, 0xff, 0xfe,
    0x52, 0x4b, 0xff, 0xfe, 0x0, 0x1, 0xff, 0xff,
    0x20, 0x0, 0xd, 0xff, 0xf2, 0x0, 0x1f, 0xff,
    0xa0, 0x0, 0x0, 0x7f, 0xff, 0x30, 0x1, 0xff,
    0xf7, 0x0, 0x0, 0x5, 0xff, 0xf4, 0x0, 0x1f,
    0xff, 0x70, 0x0, 0x0, 0x5f, 0xff, 0x40, 0x1,
    0xff, 0xf7, 0x0, 0x0, 0x5, 0xff, 0xf4, 0x0,
    0x1f, 0xff, 0x70, 0x0, 0x0, 0x5f, 0xff, 0x40,
    0x1, 0xff, 0xf7, 0x0, 0x0, 0x5, 0xff, 0xf4,
    0x0, 0x1f, 0xff, 0x70, 0x0, 0x0, 0x5f, 0xff,
    0x40, 0x1, 0xff, 0xf7, 0x0, 0x0, 0x5, 0xff,
    0xf4, 0x0, 0x1f, 0xff, 0x70, 0x0, 0x0, 0x5f,
    0xff, 0x40, 0x1, 0xff, 0xf7, 0x0, 0x0, 0x5,
    0xff, 0xf4, 0x0, 0x1f, 0xff, 0x70, 0x0, 0x0,
    0x5f, 0xff, 0x40,

    /* U+045C "?" */
    0x0, 0x0, 0x0, 0xb, 0xff, 0xa0, 0x0, 0x0,
    0x0, 0x0, 0x2, 0xff, 0xe1, 0x0, 0x0, 0x0,
    0x0, 0x0, 0x9f, 0xf6, 0x0, 0x0, 0x0, 0x0,
    0x0, 0xf, 0xfb, 0x0, 0x0, 0x0, 0x0, 0x0,
    0x1, 0x55, 0x10, 0x0, 0x0, 0x0, 0x0, 0x0,
    0x0, 0x0, 0x0, 0x0, 0x0, 0x1f, 0xff, 0x70,
    0x0, 0x0, 0xdf, 0xff, 0x51, 0xff, 0xf7, 0x0,
    0x0, 0x9f, 0xff, 0xa0, 0x1f, 0xff, 0x70, 0x0,
    0x4f, 0xff, 0xe1, 0x1, 0xff, 0xf7, 0x0, 0xe,
    0xff, 0xf4, 0x0, 0x1f, 0xff, 0x70, 0x9, 0xff,
    0xf9, 0x0, 0x1, 0xff, 0xf7, 0x4, 0xff, 0xfd,
    0x0, 0x0, 0x1f, 0xff, 0x71, 0xef, 0xff, 0x30,
    0x0, 0x1, 0xff, 0xff, 0xff, 0xff, 0x70, 0x0,
    0x0, 0x1f, 0xff, 0xff, 0xff, 0xf4, 0x0, 0x0,
    0x1, 0xff, 0xff, 0xff, 0xff, 0xe1, 0x0, 0x0,
    0x1f, 0xff, 0x70, 0x7f, 0xff, 0xb0, 0x0, 0x1,
    0xff, 0xf7, 0x0, 0xbf, 0xff, 0x70, 0x0, 0x1f,
    0xff, 0x70, 0x1, 0xef, 0xff, 0x30, 0x1, 0xff,
    0xf7, 0x0, 0x5, 0xff, 0xfd, 0x0, 0x1f, 0xff,
    0x70, 0x0, 0xa, 0xff, 0xfa, 0x1, 0xff, 0xf7,
    0x0, 0x0, 0xd, 0xff, 0xf5,

    /* U+045D "?" */
    0x0, 0x2, 0xff, 0xf3, 0x0, 0x0, 0x0, 0x0,
    0x0, 0x8, 0xff, 0xa0, 0x0, 0x0, 0x0, 0x0,
    0x0, 0xd, 0xff, 0x10, 0x0, 0x0, 0x0, 0x0,
    0x0, 0x3f, 0xf8, 0x0, 0x0, 0x0, 0x0, 0x0,
    0x0, 0x45, 0x40, 0x0, 0x0, 0x0, 0x0, 0x0,
    0x0, 0x0, 0x0, 0x0, 0x0, 0x1f, 0xff, 0x70,
    0x0, 0x0, 0x3f, 0xff, 0x41, 0xff, 0xf7, 0x0,
    0x0, 0xd, 0xff, 0xf4, 0x1f, 0xff, 0x70, 0x0,
    0x7, 0xff, 0xff, 0x41, 0xff, 0xf7, 0x0, 0x2,
    0xff, 0xff, 0xf4, 0x1f, 0xff, 0x70, 0x0, 0xcf,
    0xff, 0xff, 0x41, 0xff, 0xf7, 0x0, 0x7f, 0xff,
    0xff, 0xf4, 0x1f, 0xff, 0x70, 0x2f, 0xff, 0x7f,
    0xff, 0x41, 0xff, 0xf7, 0xb, 0xff, 0x75, 0xff,
    0xf4, 0x1f, 0xff, 0x76, 0xff, 0xd0, 0x5f, 0xff,
    0x41, 0xff, 0xf8, 0xef, 0xf3, 0x5, 0xff, 0xf4,
    0x1f, 0xff, 0xff, 0xf8, 0x0, 0x5f, 0xff, 0x41,
    0xff, 0xff, 0xfd, 0x0, 0x5, 0xff, 0xf4, 0x1f,
    0xff, 0xff, 0x40, 0x0, 0x5f, 0xff, 0x41, 0xff,
    0xff, 0x90, 0x0, 0x5, 0xff, 0xf4, 0x1f, 0xff,
    0xe0, 0x0, 0x0, 0x5f, 0xff, 0x41, 0xff, 0xf4,
    0x0, 0x0, 0x5, 0xff, 0xf4,

    /* U+045E "?" */
    0x0, 0x2, 0xff, 0x10, 0x0, 0x9f, 0xa0, 0x0,
    0x0, 0x0, 0xdf, 0xb2, 0x5, 0xff, 0x60, 0x0,
    0x0, 0x0, 0x4f, 0xff, 0xff, 0xfc, 0x0, 0x0,
    0x0, 0x0, 0x4, 0xcf, 0xff, 0x90, 0x0, 0x0,
    0x0, 0x0, 0x0, 0x1, 0x10, 0x0, 0x0, 0x0,
    0x0, 0x0, 0x0, 0x0, 0x0, 0x0, 0x0, 0x0,
    0x4f, 0xff, 0x70, 0x0, 0x0, 0x0, 0xff, 0xfc,
    0xe, 0xff, 0xc0, 0x0, 0x0, 0x5, 0xff, 0xf6,
    0x9, 0xff, 0xf2, 0x0, 0x0, 0xa, 0xff, 0xf0,
    0x3, 0xff, 0xf7, 0x0, 0x0, 0xf, 0xff, 0xa0,
    0x0, 0xdf, 0xfc, 0x0, 0x0, 0x5f, 0xff, 0x40,
    0x0, 0x7f, 0xff, 0x10, 0x0, 0xaf, 0xfe, 0x0,
    0x0, 0x2f, 0xff, 0x60, 0x0, 0xff, 0xf9, 0x0,
    0x0, 0xc, 0xff, 0xb0, 0x5, 0xff, 0xf3, 0x0,
    0x0, 0x6, 0xff, 0xf1, 0xa, 0xff, 0xd0, 0x0,
    0x0, 0x1, 0xff, 0xf5, 0xe, 0xff, 0x70, 0x0,
    0x0, 0x0, 0xaf, 0xf9, 0x3f, 0xff, 0x10, 0x0,
    0x0, 0x0, 0x5f, 0xfd, 0x8f, 0xfb, 0x0, 0x0,
    0x0, 0x0, 0xe, 0xff, 0xdf, 0xf6, 0x0, 0x0,
    0x0, 0x0, 0x9, 0xff, 0xff, 0xf0, 0x0, 0x0,
    0x0, 0x0, 0x3, 0xff, 0xff, 0xa0, 0x0, 0x0,
    0x0, 0x0, 0x0, 0xdf, 0xff, 0x40, 0x0, 0x0,
    0x0, 0x0, 0x0, 0xdf, 0xfe, 0x0, 0x0, 0x0,
    0x0, 0x0, 0x1, 0xff, 0xf8, 0x0, 0x0, 0x0,
    0x0, 0x11, 0x1b, 0xff, 0xf2, 0x0, 0x0, 0x0,
    0x0, 0xaf, 0xff, 0xff, 0x90, 0x0, 0x0, 0x0,
    0x0, 0xef, 0xff, 0xfc, 0x0, 0x0, 0x0, 0x0,
    0x1, 0xdf, 0xfd, 0x80, 0x0, 0x0, 0x0, 0x0,

    /* U+045F "?" */
    0x1f, 0xff, 0x70, 0x0, 0x0, 0x8f, 0xff, 0x1,
    0xff, 0xf7, 0x0, 0x0, 0x8, 0xff, 0xf0, 0x1f,
    0xff, 0x70, 0x0, 0x0, 0x8f, 0xff, 0x1, 0xff,
    0xf7, 0x0, 0x0, 0x8, 0xff, 0xf0, 0x1f, 0xff,
    0x70, 0x0, 0x0, 0x8f, 0xff, 0x1, 0xff, 0xf7,
    0x0, 0x0, 0x8, 0xff, 0xf0, 0x1f, 0xff, 0x70,
    0x0, 0x0, 0x8f, 0xff, 0x1, 0xff, 0xf7, 0x0,
    0x0, 0x8, 0xff, 0xf0, 0x1f, 0xff, 0x70, 0x0,
    0x0, 0x8f, 0xff, 0x1, 0xff, 0xf7, 0x0, 0x0,
    0x8, 0xff, 0xf0, 0x1f, 0xff, 0x70, 0x0, 0x0,
    0x8f, 0xff, 0x1, 0xff, 0xf7, 0x0, 0x0, 0x8,
    0xff, 0xf0, 0x1f, 0xff, 0x70, 0x0, 0x0, 0x8f,
    0xff, 0x1, 0xff, 0xff, 0xff, 0xff, 0xff, 0xff,
    0xf0, 0x1f, 0xff, 0xff, 0xff, 0xff, 0xff, 0xff,
    0x1, 0xff, 0xff, 0xff, 0xff, 0xff, 0xff, 0xf0,
    0x0, 0x0, 0x5, 0xff, 0xf4, 0x0, 0x0, 0x0,
    0x0, 0x0, 0x4f, 0xff, 0x40, 0x0, 0x0, 0x0,
    0x0, 0x4, 0xff, 0xf3, 0x0, 0x0, 0x0, 0x0,
    0x0, 0x4f, 0xff, 0x30, 0x0, 0x0, 0x0, 0x0,
    0x2, 0x88, 0x81, 0x0, 0x0, 0x0,

    /* U+2010 "?" */
    0x0, 0x0, 0x0, 0x0, 0x0, 0x8f, 0xff, 0xff,
    0xff, 0xfa, 0x8f, 0xff, 0xff, 0xff, 0xfa, 0x8f,
    0xff, 0xff, 0xff, 0xfa,

    /* U+2011 "?" */
    0x0, 0x0, 0x0, 0x0, 0x0, 0x8f, 0xff, 0xff,
    0xff, 0xfa, 0x8f, 0xff, 0xff, 0xff, 0xfa, 0x8f,
    0xff, 0xff, 0xff, 0xfa,

    /* U+2012 "?" */
    0x0, 0x0, 0x0, 0x0, 0x0, 0x0, 0x0, 0x0,
    0xe, 0xff, 0xff, 0xff, 0xff, 0xff, 0xff, 0xff,
    0xf0, 0xef, 0xff, 0xff, 0xff, 0xff, 0xff, 0xff,
    0xff, 0xe, 0xff, 0xff, 0xff, 0xff, 0xff, 0xff,
    0xff, 0xf0,

    /* U+2013 "?" */
    0x0, 0x0, 0x0, 0x0, 0x0, 0x0, 0x0, 0xff,
    0xff, 0xff, 0xff, 0xff, 0xff, 0xff, 0xff, 0xff,
    0xff, 0xff, 0xff, 0xff, 0xff, 0xff, 0xff, 0xff,
    0xff, 0xff, 0xff, 0xff,

    /* U+2014 "?" */
    0x0, 0x0, 0x0, 0x0, 0x0, 0x0, 0x0, 0x0,
    0x0, 0x0, 0x0, 0x0, 0x0, 0x0, 0xff, 0xff,
    0xff, 0xff, 0xff, 0xff, 0xff, 0xff, 0xff, 0xff,
    0xff, 0xff, 0xff, 0xff, 0xff, 0xff, 0xff, 0xff,
    0xff, 0xff, 0xff, 0xff, 0xff, 0xff, 0xff, 0xff,
    0xff, 0xff, 0xff, 0xff, 0xff, 0xff, 0xff, 0xff,
    0xff, 0xff, 0xff, 0xff, 0xff, 0xff, 0xff, 0xff,

    /* U+2015 "?" */
    0x0, 0x0, 0x0, 0x0, 0x0, 0x0, 0x0, 0x0,
    0x0, 0x0, 0x0, 0x0, 0x0, 0x0, 0xff, 0xff,
    0xff, 0xff, 0xff, 0xff, 0xff, 0xff, 0xff, 0xff,
    0xff, 0xff, 0xff, 0xff, 0xff, 0xff, 0xff, 0xff,
    0xff, 0xff, 0xff, 0xff, 0xff, 0xff, 0xff, 0xff,
    0xff, 0xff, 0xff, 0xff, 0xff, 0xff, 0xff, 0xff,
    0xff, 0xff, 0xff, 0xff, 0xff, 0xff, 0xff, 0xff,

    /* U+2016 "?" */
    0x58, 0x85, 0x5, 0x88, 0x5a, 0xff, 0xa0, 0xaf,
    0xfa, 0xaf, 0xfa, 0xa, 0xff, 0xaa, 0xff, 0xa0,
    0xaf, 0xfa, 0xaf, 0xfa, 0xa, 0xff, 0xaa, 0xff,
    0xa0, 0xaf, 0xfa, 0xaf, 0xfa, 0xa, 0xff, 0xaa,
    0xff, 0xa0, 0xaf, 0xfa, 0xaf, 0xfa, 0xa, 0xff,
    0xaa, 0xff, 0xa0, 0xaf, 0xfa, 0xaf, 0xfa, 0xa,
    0xff, 0xaa, 0xff, 0xa0, 0xaf, 0xfa, 0xaf, 0xfa,
    0xa, 0xff, 0xaa, 0xff, 0xa0, 0xaf, 0xfa, 0xaf,
    0xfa, 0xa, 0xff, 0xaa, 0xff, 0xa0, 0xaf, 0xfa,
    0xaf, 0xfa, 0xa, 0xff, 0xaa, 0xff, 0xa0, 0xaf,
    0xfa, 0xaf, 0xfa, 0xa, 0xff, 0xaa, 0xff, 0xa0,
    0xaf, 0xfa, 0xaf, 0xfa, 0xa, 0xff, 0xaa, 0xff,
    0xa0, 0xaf, 0xfa, 0xaf, 0xfa, 0xa, 0xff, 0xaa,
    0xff, 0xa0, 0xaf, 0xfa, 0xaf, 0xfa, 0xa, 0xff,
    0xaa, 0xff, 0xa0, 0xaf, 0xfa, 0xaf, 0xfa, 0xa,
    0xff, 0xaa, 0xff, 0xa0, 0xaf, 0xfa, 0xaf, 0xfa,
    0xa, 0xff, 0xaa, 0xff, 0xa0, 0xaf, 0xfa, 0xaf,
    0xfa, 0xa, 0xff, 0xaa, 0xff, 0xa0, 0xaf, 0xfa,
    0xaf, 0xfa, 0xa, 0xff, 0xaa, 0xff, 0xa0, 0xaf,
    0xfa, 0xaf, 0xfa, 0xa, 0xff, 0xa0,

    /* U+2017 "?" */
    0xdf, 0xff, 0xff, 0xff, 0xff, 0xff, 0xfd, 0xff,
    0xff, 0xff, 0xff, 0xff, 0xff, 0x23, 0x33, 0x33,
    0x33, 0x33, 0x33, 0x22, 0x22, 0x22, 0x22, 0x22,
    0x22, 0x22, 0xdf, 0xff, 0xff, 0xff, 0xff, 0xff,
    0xfd, 0xff, 0xff, 0xff, 0xff, 0xff, 0xff,

    /* U+2018 "?" */
    0x0, 0x8f, 0xf0, 0x0, 0xcf, 0xe0, 0x1, 0xff,
    0xc0, 0x5, 0xff, 0x90, 0xa, 0xff, 0x70, 0xe,
    0xff, 0x50, 0x3f, 0xff, 0x30, 0x7f, 0xff, 0x0,
    0x58, 0x87, 0x0,

    /* U+2019 "?" */
    0x4, 0x88, 0x80, 0xb, 0xff, 0xd0, 0xd, 0xff,
    0x80, 0xf, 0xff, 0x40, 0x1f, 0xff, 0x0, 0x4f,
    0xfb, 0x0, 0x6f, 0xf6, 0x0, 0x8f, 0xf2, 0x0,
    0xaf, 0xd0, 0x0,

    /* U+201A "?" */
    0x1, 0x88, 0x83, 0x4, 0xff, 0xf3, 0x7, 0xff,
    0xe0, 0x9, 0xff, 0xa0, 0xb, 0xff, 0x60, 0xd,
    0xff, 0x10, 0xf, 0xfd, 0x0, 0x2f, 0xf8, 0x0,
    0x4f, 0xf4, 0x0,

    /* U+201B "?" */
    0xbf, 0xfd, 0x7, 0xff, 0xf0, 0x2f, 0xff, 0x20,
    0xef, 0xf4, 0x9, 0xff, 0x60, 0x5f, 0xf8, 0x1,
    0xff, 0xb0, 0xc, 0xfd, 0x0, 0x48, 0x70,

    /* U+201C "?" */
    0x0, 0x8f, 0xf0, 0x0, 0x9f, 0xf0, 0x0, 0xcf,
    0xe0, 0x0, 0xdf, 0xd0, 0x1, 0xff, 0xc0, 0x1,
    0xff, 0xb0, 0x5, 0xff, 0x90, 0x6, 0xff, 0x90,
    0xa, 0xff, 0x70, 0xa, 0xff, 0x70, 0xe, 0xff,
    0x50, 0xf, 0xff, 0x40, 0x3f, 0xff, 0x30, 0x3f,
    0xff, 0x20, 0x7f, 0xff, 0x0, 0x8f, 0xff, 0x0,
    0x58, 0x87, 0x0, 0x58, 0x87, 0x0,

    /* U+201D "?" */
    0x4, 0x88, 0x80, 0x6, 0x88, 0x70, 0xbf, 0xfd,
    0x0, 0xef, 0xfa, 0xd, 0xff, 0x80, 0xf, 0xff,
    0x50, 0xff, 0xf4, 0x2, 0xff, 0xf1, 0x1f, 0xff,
    0x0, 0x5f, 0xfc, 0x4, 0xff, 0xb0, 0x7, 0xff,
    0x80, 0x6f, 0xf6, 0x0, 0x9f, 0xf3, 0x8, 0xff,
    0x20, 0xb, 0xff, 0x0, 0xaf, 0xd0, 0x0, 0xef,
    0xa0, 0x0,

    /* U+201E "?" */
    0x1, 0x88, 0x83, 0x3, 0x88, 0x81, 0x4, 0xff,
    0xf3, 0x7, 0xff, 0xf0, 0x7, 0xff, 0xe0, 0xa,
    0xff, 0xb0, 0x9, 0xff, 0xa0, 0xc, 0xff, 0x70,
    0xb, 0xff, 0x60, 0xe, 0xff, 0x30, 0xd, 0xff,
    0x10, 0xf, 0xfe, 0x0, 0xf, 0xfd, 0x0, 0x3f,
    0xfa, 0x0, 0x2f, 0xf8, 0x0, 0x5f, 0xf5, 0x0,
    0x4f, 0xf4, 0x0, 0x7f, 0xf1, 0x0,

    /* U+201F "?" */
    0xbf, 0xfd, 0x0, 0xef, 0xfa, 0x7, 0xff, 0xf0,
    0xa, 0xff, 0xc0, 0x2f, 0xff, 0x20, 0x5f, 0xff,
    0x0, 0xef, 0xf4, 0x1, 0xff, 0xf1, 0x9, 0xff,
    0x60, 0xc, 0xff, 0x30, 0x5f, 0xf8, 0x0, 0x8f,
    0xf5, 0x1, 0xff, 0xb0, 0x3, 0xff, 0x80, 0xc,
    0xfd, 0x0, 0xf, 0xfa, 0x0, 0x48, 0x70, 0x0,
    0x68, 0x60,

    /* U+2020 "?" */
    0x0, 0x0, 0xe, 0xff, 0x60, 0x0, 0x0, 0x0,
    0x0, 0xef, 0xf6, 0x0, 0x0, 0x0, 0x0, 0xe,
    0xff, 0x60, 0x0, 0x0, 0x0, 0x0, 0xef, 0xf6,
    0x0, 0x0, 0xb, 0xbb, 0xbf, 0xff, 0xdb, 0xbb,
    0x50, 0xff, 0xff, 0xff, 0xff, 0xff, 0xf7, 0xf,
    0xff, 0xff, 0xff, 0xff, 0xff, 0x70, 0x0, 0x0,
    0xef, 0xf6, 0x0, 0x0, 0x0, 0x0, 0xe, 0xff,
    0x60, 0x0, 0x0, 0x0, 0x0, 0xef, 0xf5, 0x0,
    0x0, 0x0, 0x0, 0xd, 0xff, 0x50, 0x0, 0x0,
    0x0, 0x0, 0xcf, 0xf3, 0x0, 0x0, 0x0, 0x0,
    0xa, 0xff, 0x10, 0x0, 0x0, 0x0, 0x0, 0x8f,
    0xf0, 0x0, 0x0, 0x0, 0x0, 0x6, 0xfe, 0x0,
    0x0, 0x0, 0x0, 0x0, 0x28, 0x60, 0x0, 0x0,

    /* U+2021 "?" */
    0x0, 0x0, 0xe, 0xff, 0x60, 0x0, 0x0, 0x0,
    0x0, 0xef, 0xf6, 0x0, 0x0, 0x0, 0x0, 0xe,
    0xff, 0x60, 0x0, 0x0, 0x0, 0x0, 0xef, 0xf6,
    0x0, 0x0, 0xf, 0xff, 0xff, 0xff, 0xff, 0xff,
    0x70, 0xff, 0xff, 0xff, 0xff, 0xff, 0xf7, 0xa,
    0xaa, 0xaf, 0xff, 0xca, 0xaa, 0x50, 0x0, 0x0,
    0xef, 0xf6, 0x0, 0x0, 0x0, 0x0, 0xe, 0xff,
    0x60, 0x0, 0x0, 0x0, 0x0, 0xef, 0xf6, 0x0,
    0x0, 0x0, 0x0, 0xe, 0xff, 0x60, 0x0, 0x0,
    0xff, 0xff, 0xff, 0xff, 0xff, 0xf7, 0xf, 0xff,
    0xff, 0xff, 0xff, 0xff, 0x70, 0xbb, 0xbb, 0xff,
    0xfc, 0xbb, 0xb5, 0x0, 0x0, 0xe, 0xff, 0x60,
    0x0, 0x0, 0x0, 0x0, 0xef, 0xf5, 0x0, 0x0,
    0x0, 0x0, 0xd, 0xff, 0x40, 0x0, 0x0, 0x0,
    0x0, 0xbf, 0xf2, 0x0, 0x0, 0x0, 0x0, 0x9,
    0xff, 0x0, 0x0, 0x0, 0x0, 0x0, 0x7f, 0xe0,
    0x0, 0x0, 0x0, 0x0, 0x5, 0xfd, 0x0, 0x0,
    0x0,

    /* U+2022 "?" */
    0x0, 0x0, 0x0, 0x0, 0x0, 0x0, 0x2b, 0xff,
    0xb3, 0x0, 0x3, 0xff, 0xff, 0xff, 0x40, 0xd,
    0xff, 0xff, 0xff, 0xe0, 0x2f, 0xff, 0xff, 0xff,
    0xf4, 0x4f, 0xff, 0xff, 0xff, 0xf6, 0x2f, 0xff,
    0xff, 0xff, 0xf4, 0xd, 0xff, 0xff, 0xff, 0xe0,
    0x3, 0xff, 0xff, 0xff, 0x40, 0x0, 0x2a, 0xef,
    0xb3, 0x0,

    /* U+2023 "?" */
    0x19, 0x10, 0x0, 0x0, 0x1, 0xfe, 0x50, 0x0,
    0x0, 0x1f, 0xff, 0xb2, 0x0, 0x1, 0xff, 0xff,
    0xf7, 0x0, 0x1f, 0xff, 0xff, 0xfc, 0x1, 0xff,
    0xff, 0xfb, 0x10, 0x1f, 0xff, 0xe5, 0x0, 0x1,
    0xff, 0x90, 0x0, 0x0, 0x1d, 0x30, 0x0, 0x0,
    0x0, 0x0, 0x0, 0x0, 0x0,

    /* U+2024 "?" */
    0x3, 0x73, 0x5, 0xff, 0xf3, 0xaf, 0xff, 0x99,
    0xff, 0xf7, 0x1b, 0xfb, 0x0,

    /* U+2025 "?" */
    0x3, 0x73, 0x0, 0x0, 0x0, 0x47, 0x20, 0x5f,
    0xff, 0x30, 0x0, 0x6, 0xff, 0xf3, 0xaf, 0xff,
    0x90, 0x0, 0xb, 0xff, 0xf8, 0x9f, 0xff, 0x70,
    0x0, 0xa, 0xff, 0xf6, 0x1b, 0xfb, 0x0, 0x0,
    0x1, 0xcf, 0xa0,

    /* U+2026 "?" */
    0x3, 0x73, 0x0, 0x0, 0x0, 0x47, 0x20, 0x0,
    0x0, 0x4, 0x72, 0x5, 0xff, 0xf3, 0x0, 0x0,
    0x6f, 0xff, 0x30, 0x0, 0x7, 0xff, 0xf2, 0xaf,
    0xff, 0x90, 0x0, 0xb, 0xff, 0xf8, 0x0, 0x0,
    0xdf, 0xff, 0x79, 0xff, 0xf7, 0x0, 0x0, 0xaf,
    0xff, 0x60, 0x0, 0xb, 0xff, 0xf5, 0x1b, 0xfb,
    0x0, 0x0, 0x1, 0xcf, 0xa0, 0x0, 0x0, 0x2c,
    0xf9, 0x0,

    /* U+2027 "?" */
    0x3, 0x73, 0x5, 0xff, 0xf3, 0xaf, 0xff, 0x99,
    0xff, 0xf7, 0x1b, 0xfb, 0x0,

    /* U+20AC "?" */
    0x0, 0x0, 0x0, 0x0, 0x4a, 0xdf, 0xfd, 0x93,
    0x0, 0x0, 0x0, 0x0, 0x2c, 0xff, 0xff, 0xff,
    0xff, 0xa1, 0x0, 0x0, 0x2, 0xef, 0xff, 0xff,
    0xff, 0xff, 0xf2, 0x0, 0x0, 0xd, 0xff, 0xff,
    0xa7, 0x79, 0xef, 0xa0, 0x0, 0x0, 0x8f, 0xff,
    0xc1, 0x0, 0x0, 0x7, 0x30, 0x0, 0x0, 0xef,
    0xfe, 0x10, 0x0, 0x0, 0x0, 0x0, 0x0, 0x3,
    0xff, 0xf8, 0x0, 0x0, 0x0, 0x0, 0x0, 0xa,
    0xff, 0xff, 0xff, 0xff, 0xff, 0xff, 0xb0, 0x0,
    0xf, 0xff, 0xff, 0xff, 0xff, 0xff, 0xff, 0x30,
    0x0, 0x2, 0x2b, 0xff, 0xf2, 0x22, 0x22, 0x22,
    0x0, 0x0, 0x0, 0xb, 0xff, 0xf0, 0x0, 0x0,
    0x0, 0x0, 0x0, 0xa, 0xff, 0xff, 0xff, 0xff,
    0xff, 0xd0, 0x0, 0x0, 0xf, 0xff, 0xff, 0xff,
    0xff, 0xff, 0x60, 0x0, 0x0, 0x3, 0x37, 0xff,
    0xf8, 0x33, 0x33, 0x0, 0x0, 0x0, 0x0, 0x1,
    0xff, 0xfb, 0x0, 0x0, 0x0, 0x0, 0x0, 0x0,
    0x0, 0xbf, 0xff, 0x30, 0x0, 0x0, 0x0, 0x0,
    0x0, 0x0, 0x4f, 0xff, 0xe2, 0x0, 0x0, 0x1a,
    0x30, 0x0, 0x0, 0xa, 0xff, 0xff, 0xa6, 0x7a,
    0xff, 0xa0, 0x0, 0x0, 0x0, 0xcf, 0xff, 0xff,
    0xff, 0xff, 0xf1, 0x0, 0x0, 0x0, 0xa, 0xff,
    0xff, 0xff, 0xff, 0xb1, 0x0, 0x0, 0x0, 0x0,
    0x39, 0xdf, 0xfd, 0x93, 0x0
};


/*---------------------
 *  GLYPH DESCRIPTION
 *--------------------*/

static const lv_font_fmt_txt_glyph_dsc_t glyph_dsc[] = {
    {.bitmap_index = 0, .adv_w = 0, .box_w = 0, .box_h = 0, .ofs_x = 0, .ofs_y = 0} /* id = 0 reserved */,
    {.bitmap_index = 0, .adv_w = 113, .box_w = 0, .box_h = 0, .ofs_x = 0, .ofs_y = 0},
    {.bitmap_index = 0, .adv_w = 144, .box_w = 5, .box_h = 21, .ofs_x = 2, .ofs_y = 0},
    {.bitmap_index = 53, .adv_w = 234, .box_w = 10, .box_h = 9, .ofs_x = 2, .ofs_y = 12},
    {.bitmap_index = 98, .adv_w = 288, .box_w = 18, .box_h = 21, .ofs_x = 0, .ofs_y = 0},
    {.bitmap_index = 287, .adv_w = 291, .box_w = 16, .box_h = 27, .ofs_x = 1, .ofs_y = -3},
    {.bitmap_index = 503, .adv_w = 450, .box_w = 24, .box_h = 21, .ofs_x = 2, .ofs_y = 0},
    {.bitmap_index = 755, .adv_w = 297, .box_w = 18, .box_h = 21, .ofs_x = 1, .ofs_y = 0},
    {.bitmap_index = 944, .adv_w = 146, .box_w = 5, .box_h = 9, .ofs_x = 2, .ofs_y = 12},
    {.bitmap_index = 967, .adv_w = 167, .box_w = 8, .box_h = 27, .ofs_x = 2, .ofs_y = -4},
    {.bitmap_index = 1075, .adv_w = 167, .box_w = 7, .box_h = 27, .ofs_x = 1, .ofs_y = -4},
    {.bitmap_index = 1170, .adv_w = 242, .box_w = 13, .box_h = 12, .ofs_x = 1, .ofs_y = 9},
    {.bitmap_index = 1248, .adv_w = 301, .box_w = 15, .box_h = 15, .ofs_x = 2, .ofs_y = 1},
    {.bitmap_index = 1361, .adv_w = 143, .box_w = 6, .box_h = 9, .ofs_x = 1, .ofs_y = -5},
    {.bitmap_index = 1388, .adv_w = 208, .box_w = 11, .box_h = 4, .ofs_x = 1, .ofs_y = 7},
    {.bitmap_index = 1410, .adv_w = 143, .box_w = 5, .box_h = 5, .ofs_x = 2, .ofs_y = 0},
    {.bitmap_index = 1423, .adv_w = 170, .box_w = 11, .box_h = 25, .ofs_x = 0, .ofs_y = -3},
    {.bitmap_index = 1561, .adv_w = 296, .box_w = 17, .box_h = 21, .ofs_x = 1, .ofs_y = 0},
    {.bitmap_index = 1740, .adv_w = 189, .box_w = 9, .box_h = 21, .ofs_x = 1, .ofs_y = 0},
    {.bitmap_index = 1835, .adv_w = 279, .box_w = 15, .box_h = 21, .ofs_x = 1, .ofs_y = 0},
    {.bitmap_index = 1993, .adv_w = 285, .box_w = 16, .box_h = 21, .ofs_x = 1, .ofs_y = 0},
    {.bitmap_index = 2161, .adv_w = 298, .box_w = 17, .box_h = 21, .ofs_x = 1, .ofs_y = 0},
    {.bitmap_index = 2340, .adv_w = 274, .box_w = 15, .box_h = 21, .ofs_x = 1, .ofs_y = 0},
    {.bitmap_index = 2498, .adv_w = 287, .box_w = 16, .box_h = 21, .ofs_x = 1, .ofs_y = 0},
    {.bitmap_index = 2666, .adv_w = 258, .box_w = 14, .box_h = 21, .ofs_x = 1, .ofs_y = 0},
    {.bitmap_index = 2813, .adv_w = 287, .box_w = 16, .box_h = 21, .ofs_x = 1, .ofs_y = 0},
    {.bitmap_index = 2981, .adv_w = 287, .box_w = 16, .box_h = 21, .ofs_x = 1, .ofs_y = 0},
    {.bitmap_index = 3149, .adv_w = 143, .box_w = 5, .box_h = 16, .ofs_x = 2, .ofs_y = 0},
    {.bitmap_index = 3189, .adv_w = 147, .box_w = 6, .box_h = 21, .ofs_x = 1, .ofs_y = -5},
    {.bitmap_index = 3252, .adv_w = 301, .box_w = 14, .box_h = 17, .ofs_x = 2, .ofs_y = 0},
    {.bitmap_index = 3371, .adv_w = 301, .box_w = 15, .box_h = 10, .ofs_x = 2, .ofs_y = 3},
    {.bitmap_index = 3446, .adv_w = 301, .box_w = 15, .box_h = 17, .ofs_x = 2, .ofs_y = 0},
    {.bitmap_index = 3574, .adv_w = 243, .box_w = 13, .box_h = 21, .ofs_x = 1, .ofs_y = 0},
    {.bitmap_index = 3711, .adv_w = 448, .box_w = 26, .box_h = 27, .ofs_x = 1, .ofs_y = -6},
    {.bitmap_index = 4062, .adv_w = 326, .box_w = 20, .box_h = 21, .ofs_x = 0, .ofs_y = 0},
    {.bitmap_index = 4272, .adv_w = 295, .box_w = 16, .box_h = 21, .ofs_x = 2, .ofs_y = 0},
    {.bitmap_index = 4440, .adv_w = 330, .box_w = 19, .box_h = 21, .ofs_x = 1, .ofs_y = 0},
    {.bitmap_index = 4640, .adv_w = 324, .box_w = 17, .box_h = 21, .ofs_x = 2, .ofs_y = 0},
    {.bitmap_index = 4819, .adv_w = 271, .box_w = 14, .box_h = 21, .ofs_x = 2, .ofs_y = 0},
    {.bitmap_index = 4966, .adv_w = 263, .box_w = 14, .box_h = 21, .ofs_x = 2, .ofs_y = 0},
    {.bitmap_index = 5113, .adv_w = 336, .box_w = 19, .box_h = 21, .ofs_x = 1, .ofs_y = 0},
    {.bitmap_index = 5313, .adv_w = 334, .box_w = 17, .box_h = 21, .ofs_x = 2, .ofs_y = 0},
    {.bitmap_index = 5492, .adv_w = 124, .box_w = 4, .box_h = 21, .ofs_x = 2, .ofs_y = 0},
    {.bitmap_index = 5534, .adv_w = 260, .box_w = 14, .box_h = 21, .ofs_x = 1, .ofs_y = 0},
    {.bitmap_index = 5681, .adv_w = 315, .box_w = 17, .box_h = 21, .ofs_x = 2, .ofs_y = 0},
    {.bitmap_index = 5860, .adv_w = 253, .box_w = 13, .box_h = 21, .ofs_x = 2, .ofs_y = 0},
    {.bitmap_index = 5997, .adv_w = 413, .box_w = 22, .box_h = 21, .ofs_x = 2, .ofs_y = 0},
    {.bitmap_index = 6228, .adv_w = 340, .box_w = 18, .box_h = 21, .ofs_x = 2, .ofs_y = 0},
    {.bitmap_index = 6417, .adv_w = 344, .box_w = 20, .box_h = 21, .ofs_x = 1, .ofs_y = 0},
    {.bitmap_index = 6627, .adv_w = 289, .box_w = 15, .box_h = 21, .ofs_x = 2, .ofs_y = 0},
    {.bitmap_index = 6785, .adv_w = 346, .box_w = 20, .box_h = 23, .ofs_x = 1, .ofs_y = -2},
    {.bitmap_index = 7015, .adv_w = 292, .box_w = 16, .box_h = 21, .ofs_x = 2, .ofs_y = 0},
    {.bitmap_index = 7183, .adv_w = 291, .box_w = 16, .box_h = 21, .ofs_x = 1, .ofs_y = 0},
    {.bitmap_index = 7351, .adv_w = 296, .box_w = 17, .box_h = 21, .ofs_x = 1, .ofs_y = 0},
    {.bitmap_index = 7530, .adv_w = 330, .box_w = 17, .box_h = 21, .ofs_x = 2, .ofs_y = 0},
    {.bitmap_index = 7709, .adv_w = 326, .box_w = 20, .box_h = 21, .ofs_x = 0, .ofs_y = 0},
    {.bitmap_index = 7919, .adv_w = 457, .box_w = 28, .box_h = 21, .ofs_x = 0, .ofs_y = 0},
    {.bitmap_index = 8213, .adv_w = 322, .box_w = 20, .box_h = 21, .ofs_x = 0, .ofs_y = 0},
    {.bitmap_index = 8423, .adv_w = 320, .box_w = 20, .box_h = 21, .ofs_x = 0, .ofs_y = 0},
    {.bitmap_index = 8633, .adv_w = 292, .box_w = 16, .box_h = 21, .ofs_x = 1, .ofs_y = 0},
    {.bitmap_index = 8801, .adv_w = 167, .box_w = 7, .box_h = 26, .ofs_x = 2, .ofs_y = -4},
    {.bitmap_index = 8892, .adv_w = 170, .box_w = 11, .box_h = 25, .ofs_x = 0, .ofs_y = -3},
    {.bitmap_index = 9030, .adv_w = 167, .box_w = 7, .box_h = 26, .ofs_x = 1, .ofs_y = -4},
    {.bitmap_index = 9121, .adv_w = 216, .box_w = 12, .box_h = 9, .ofs_x = 1, .ofs_y = 12},
    {.bitmap_index = 9175, .adv_w = 210, .box_w = 14, .box_h = 3, .ofs_x = 0, .ofs_y = -3},
    {.bitmap_index = 9196, .adv_w = 157, .box_w = 6, .box_h = 5, .ofs_x = 2, .ofs_y = 18},
    {.bitmap_index = 9211, .adv_w = 257, .box_w = 14, .box_h = 16, .ofs_x = 1, .ofs_y = 0},
    {.bitmap_index = 9323, .adv_w = 280, .box_w = 16, .box_h = 21, .ofs_x = 1, .ofs_y = 0},
    {.bitmap_index = 9491, .adv_w = 261, .box_w = 15, .box_h = 16, .ofs_x = 1, .ofs_y = 0},
    {.bitmap_index = 9611, .adv_w = 280, .box_w = 15, .box_h = 21, .ofs_x = 1, .ofs_y = 0},
    {.bitmap_index = 9769, .adv_w = 265, .box_w = 15, .box_h = 16, .ofs_x = 1, .ofs_y = 0},
    {.bitmap_index = 9889, .adv_w = 174, .box_w = 11, .box_h = 22, .ofs_x = 0, .ofs_y = 0},
    {.bitmap_index = 10010, .adv_w = 280, .box_w = 15, .box_h = 22, .ofs_x = 1, .ofs_y = -6},
    {.bitmap_index = 10175, .adv_w = 274, .box_w = 15, .box_h = 21, .ofs_x = 1, .ofs_y = 0},
    {.bitmap_index = 10333, .adv_w = 117, .box_w = 5, .box_h = 23, .ofs_x = 1, .ofs_y = 0},
    {.bitmap_index = 10391, .adv_w = 117, .box_w = 7, .box_h = 28, .ofs_x = -1, .ofs_y = -6},
    {.bitmap_index = 10489, .adv_w = 255, .box_w = 15, .box_h = 21, .ofs_x = 1, .ofs_y = 0},
    {.bitmap_index = 10647, .adv_w = 117, .box_w = 5, .box_h = 21, .ofs_x = 1, .ofs_y = 0},
    {.bitmap_index = 10700, .adv_w = 403, .box_w = 23, .box_h = 16, .ofs_x = 1, .ofs_y = 0},
    {.bitmap_index = 10884, .adv_w = 274, .box_w = 15, .box_h = 16, .ofs_x = 1, .ofs_y = 0},
    {.bitmap_index = 11004, .adv_w = 273, .box_w = 15, .box_h = 16, .ofs_x = 1, .ofs_y = 0},
    {.bitmap_index = 11124, .adv_w = 280, .box_w = 16, .box_h = 22, .ofs_x = 1, .ofs_y = -6},
    {.bitmap_index = 11300, .adv_w = 280, .box_w = 15, .box_h = 22, .ofs_x = 1, .ofs_y = -6},
    {.bitmap_index = 11465, .adv_w = 178, .box_w = 10, .box_h = 17, .ofs_x = 1, .ofs_y = 0},
    {.bitmap_index = 11550, .adv_w = 246, .box_w = 14, .box_h = 16, .ofs_x = 1, .ofs_y = 0},
    {.bitmap_index = 11662, .adv_w = 158, .box_w = 10, .box_h = 20, .ofs_x = 0, .ofs_y = 0},
    {.bitmap_index = 11762, .adv_w = 274, .box_w = 15, .box_h = 16, .ofs_x = 1, .ofs_y = 0},
    {.bitmap_index = 11882, .adv_w = 263, .box_w = 16, .box_h = 16, .ofs_x = 0, .ofs_y = 0},
    {.bitmap_index = 12010, .adv_w = 376, .box_w = 23, .box_h = 16, .ofs_x = 0, .ofs_y = 0},
    {.bitmap_index = 12194, .adv_w = 255, .box_w = 16, .box_h = 16, .ofs_x = 0, .ofs_y = 0},
    {.bitmap_index = 12322, .adv_w = 264, .box_w = 16, .box_h = 22, .ofs_x = 0, .ofs_y = -6},
    {.bitmap_index = 12498, .adv_w = 254, .box_w = 14, .box_h = 16, .ofs_x = 1, .ofs_y = 0},
    {.bitmap_index = 12610, .adv_w = 204, .box_w = 11, .box_h = 26, .ofs_x = 1, .ofs_y = -4},
    {.bitmap_index = 12753, .adv_w = 161, .box_w = 4, .box_h = 35, .ofs_x = 3, .ofs_y = -7},
    {.bitmap_index = 12823, .adv_w = 204, .box_w = 10, .box_h = 26, .ofs_x = 1, .ofs_y = -4},
    {.bitmap_index = 12953, .adv_w = 301, .box_w = 15, .box_h = 6, .ofs_x = 2, .ofs_y = 5},
    {.bitmap_index = 12998, .adv_w = 113, .box_w = 0, .box_h = 0, .ofs_x = 0, .ofs_y = 0},
    {.bitmap_index = 12998, .adv_w = 144, .box_w = 5, .box_h = 22, .ofs_x = 2, .ofs_y = -6},
    {.bitmap_index = 13053, .adv_w = 261, .box_w = 15, .box_h = 21, .ofs_x = 1, .ofs_y = 0},
    {.bitmap_index = 13211, .adv_w = 282, .box_w = 16, .box_h = 21, .ofs_x = 1, .ofs_y = 0},
    {.bitmap_index = 13379, .adv_w = 336, .box_w = 19, .box_h = 19, .ofs_x = 1, .ofs_y = -1},
    {.bitmap_index = 13560, .adv_w = 252, .box_w = 16, .box_h = 21, .ofs_x = 0, .ofs_y = 0},
    {.bitmap_index = 13728, .adv_w = 142, .box_w = 5, .box_h = 25, .ofs_x = 2, .ofs_y = -4},
    {.bitmap_index = 13791, .adv_w = 255, .box_w = 14, .box_h = 26, .ofs_x = 1, .ofs_y = -5},
    {.bitmap_index = 13973, .adv_w = 274, .box_w = 11, .box_h = 4, .ofs_x = 3, .ofs_y = 18},
    {.bitmap_index = 13995, .adv_w = 410, .box_w = 22, .box_h = 22, .ofs_x = 2, .ofs_y = 0},
    {.bitmap_index = 14237, .adv_w = 206, .box_w = 12, .box_h = 12, .ofs_x = 0, .ofs_y = 9},
    {.bitmap_index = 14309, .adv_w = 284, .box_w = 16, .box_h = 14, .ofs_x = 1, .ofs_y = 2},
    {.bitmap_index = 14421, .adv_w = 301, .box_w = 14, .box_h = 8, .ofs_x = 2, .ofs_y = 4},
    {.bitmap_index = 14477, .adv_w = 297, .box_w = 17, .box_h = 17, .ofs_x = 1, .ofs_y = 5},
    {.bitmap_index = 14622, .adv_w = 202, .box_w = 9, .box_h = 3, .ofs_x = 2, .ofs_y = 19},
    {.bitmap_index = 14636, .adv_w = 205, .box_w = 11, .box_h = 10, .ofs_x = 1, .ofs_y = 11},
    {.bitmap_index = 14691, .adv_w = 301, .box_w = 15, .box_h = 16, .ofs_x = 2, .ofs_y = 0},
    {.bitmap_index = 14811, .adv_w = 203, .box_w = 11, .box_h = 12, .ofs_x = 1, .ofs_y = 12},
    {.bitmap_index = 14877, .adv_w = 208, .box_w = 11, .box_h = 12, .ofs_x = 1, .ofs_y = 12},
    {.bitmap_index = 14943, .adv_w = 157, .box_w = 6, .box_h = 5, .ofs_x = 2, .ofs_y = 18},
    {.bitmap_index = 14958, .adv_w = 275, .box_w = 17, .box_h = 22, .ofs_x = 1, .ofs_y = -6},
    {.bitmap_index = 15145, .adv_w = 269, .box_w = 14, .box_h = 21, .ofs_x = 1, .ofs_y = 0},
    {.bitmap_index = 15292, .adv_w = 143, .box_w = 5, .box_h = 5, .ofs_x = 2, .ofs_y = 8},
    {.bitmap_index = 15305, .adv_w = 149, .box_w = 6, .box_h = 7, .ofs_x = 2, .ofs_y = -6},
    {.bitmap_index = 15326, .adv_w = 145, .box_w = 7, .box_h = 12, .ofs_x = 1, .ofs_y = 12},
    {.bitmap_index = 15368, .adv_w = 218, .box_w = 13, .box_h = 12, .ofs_x = 0, .ofs_y = 9},
    {.bitmap_index = 15446, .adv_w = 284, .box_w = 16, .box_h = 14, .ofs_x = 1, .ofs_y = 2},
    {.bitmap_index = 15558, .adv_w = 372, .box_w = 22, .box_h = 22, .ofs_x = 1, .ofs_y = 0},
    {.bitmap_index = 15800, .adv_w = 390, .box_w = 23, .box_h = 22, .ofs_x = 1, .ofs_y = 0},
    {.bitmap_index = 16053, .adv_w = 406, .box_w = 24, .box_h = 22, .ofs_x = 1, .ofs_y = 0},
    {.bitmap_index = 16317, .adv_w = 243, .box_w = 14, .box_h = 22, .ofs_x = 1, .ofs_y = -6},
    {.bitmap_index = 16471, .adv_w = 326, .box_w = 20, .box_h = 28, .ofs_x = 0, .ofs_y = 0},
    {.bitmap_index = 16751, .adv_w = 326, .box_w = 20, .box_h = 28, .ofs_x = 0, .ofs_y = 0},
    {.bitmap_index = 17031, .adv_w = 326, .box_w = 20, .box_h = 28, .ofs_x = 0, .ofs_y = 0},
    {.bitmap_index = 17311, .adv_w = 326, .box_w = 20, .box_h = 27, .ofs_x = 0, .ofs_y = 0},
    {.bitmap_index = 17581, .adv_w = 326, .box_w = 20, .box_h = 27, .ofs_x = 0, .ofs_y = 0},
    {.bitmap_index = 17851, .adv_w = 326, .box_w = 20, .box_h = 29, .ofs_x = 0, .ofs_y = 0},
    {.bitmap_index = 18141, .adv_w = 454, .box_w = 27, .box_h = 21, .ofs_x = 0, .ofs_y = 0},
    {.bitmap_index = 18425, .adv_w = 330, .box_w = 19, .box_h = 27, .ofs_x = 1, .ofs_y = -6},
    {.bitmap_index = 18682, .adv_w = 271, .box_w = 14, .box_h = 28, .ofs_x = 2, .ofs_y = 0},
    {.bitmap_index = 18878, .adv_w = 271, .box_w = 14, .box_h = 28, .ofs_x = 2, .ofs_y = 0},
    {.bitmap_index = 19074, .adv_w = 271, .box_w = 14, .box_h = 28, .ofs_x = 2, .ofs_y = 0},
    {.bitmap_index = 19270, .adv_w = 271, .box_w = 14, .box_h = 27, .ofs_x = 2, .ofs_y = 0},
    {.bitmap_index = 19459, .adv_w = 124, .box_w = 7, .box_h = 28, .ofs_x = -1, .ofs_y = 0},
    {.bitmap_index = 19557, .adv_w = 124, .box_w = 6, .box_h = 28, .ofs_x = 2, .ofs_y = 0},
    {.bitmap_index = 19641, .adv_w = 124, .box_w = 12, .box_h = 28, .ofs_x = -2, .ofs_y = 0},
    {.bitmap_index = 19809, .adv_w = 124, .box_w = 10, .box_h = 27, .ofs_x = -1, .ofs_y = 0},
    {.bitmap_index = 19944, .adv_w = 337, .box_w = 20, .box_h = 21, .ofs_x = 0, .ofs_y = 0},
    {.bitmap_index = 20154, .adv_w = 340, .box_w = 18, .box_h = 27, .ofs_x = 2, .ofs_y = 0},
    {.bitmap_index = 20397, .adv_w = 344, .box_w = 20, .box_h = 28, .ofs_x = 1, .ofs_y = 0},
    {.bitmap_index = 20677, .adv_w = 344, .box_w = 20, .box_h = 28, .ofs_x = 1, .ofs_y = 0},
    {.bitmap_index = 20957, .adv_w = 344, .box_w = 20, .box_h = 28, .ofs_x = 1, .ofs_y = 0},
    {.bitmap_index = 21237, .adv_w = 344, .box_w = 20, .box_h = 28, .ofs_x = 1, .ofs_y = 0},
    {.bitmap_index = 21517, .adv_w = 344, .box_w = 20, .box_h = 28, .ofs_x = 1, .ofs_y = 0},
    {.bitmap_index = 21797, .adv_w = 301, .box_w = 15, .box_h = 15, .ofs_x = 2, .ofs_y = 1},
    {.bitmap_index = 21910, .adv_w = 344, .box_w = 20, .box_h = 23, .ofs_x = 1, .ofs_y = -1},
    {.bitmap_index = 22140, .adv_w = 330, .box_w = 17, .box_h = 28, .ofs_x = 2, .ofs_y = 0},
    {.bitmap_index = 22378, .adv_w = 330, .box_w = 17, .box_h = 28, .ofs_x = 2, .ofs_y = 0},
    {.bitmap_index = 22616, .adv_w = 330, .box_w = 17, .box_h = 28, .ofs_x = 2, .ofs_y = 0},
    {.bitmap_index = 22854, .adv_w = 330, .box_w = 17, .box_h = 28, .ofs_x = 2, .ofs_y = 0},
    {.bitmap_index = 23092, .adv_w = 320, .box_w = 20, .box_h = 28, .ofs_x = 0, .ofs_y = 0},
    {.bitmap_index = 23372, .adv_w = 295, .box_w = 16, .box_h = 21, .ofs_x = 1, .ofs_y = 0},
    {.bitmap_index = 23540, .adv_w = 288, .box_w = 15, .box_h = 21, .ofs_x = 2, .ofs_y = 0},
    {.bitmap_index = 23698, .adv_w = 257, .box_w = 14, .box_h = 23, .ofs_x = 1, .ofs_y = 0},
    {.bitmap_index = 23859, .adv_w = 257, .box_w = 14, .box_h = 23, .ofs_x = 1, .ofs_y = 0},
    {.bitmap_index = 24020, .adv_w = 257, .box_w = 14, .box_h = 23, .ofs_x = 1, .ofs_y = 0},
    {.bitmap_index = 24181, .adv_w = 257, .box_w = 14, .box_h = 21, .ofs_x = 1, .ofs_y = 0},
    {.bitmap_index = 24328, .adv_w = 257, .box_w = 14, .box_h = 22, .ofs_x = 1, .ofs_y = 0},
    {.bitmap_index = 24482, .adv_w = 257, .box_w = 14, .box_h = 24, .ofs_x = 1, .ofs_y = 0},
    {.bitmap_index = 24650, .adv_w = 409, .box_w = 24, .box_h = 16, .ofs_x = 1, .ofs_y = 0},
    {.bitmap_index = 24842, .adv_w = 261, .box_w = 15, .box_h = 22, .ofs_x = 1, .ofs_y = -6},
    {.bitmap_index = 25007, .adv_w = 265, .box_w = 15, .box_h = 23, .ofs_x = 1, .ofs_y = 0},
    {.bitmap_index = 25180, .adv_w = 265, .box_w = 15, .box_h = 23, .ofs_x = 1, .ofs_y = 0},
    {.bitmap_index = 25353, .adv_w = 265, .box_w = 15, .box_h = 23, .ofs_x = 1, .ofs_y = 0},
    {.bitmap_index = 25526, .adv_w = 265, .box_w = 15, .box_h = 22, .ofs_x = 1, .ofs_y = 0},
    {.bitmap_index = 25691, .adv_w = 117, .box_w = 7, .box_h = 22, .ofs_x = -1, .ofs_y = 0},
    {.bitmap_index = 25768, .adv_w = 117, .box_w = 7, .box_h = 22, .ofs_x = 1, .ofs_y = 0},
    {.bitmap_index = 25845, .adv_w = 117, .box_w = 11, .box_h = 22, .ofs_x = -2, .ofs_y = 0},
    {.bitmap_index = 25966, .adv_w = 117, .box_w = 11, .box_h = 22, .ofs_x = -2, .ofs_y = 0},
    {.bitmap_index = 26087, .adv_w = 266, .box_w = 15, .box_h = 23, .ofs_x = 1, .ofs_y = 0},
    {.bitmap_index = 26260, .adv_w = 274, .box_w = 15, .box_h = 21, .ofs_x = 1, .ofs_y = 0},
    {.bitmap_index = 26418, .adv_w = 273, .box_w = 15, .box_h = 23, .ofs_x = 1, .ofs_y = 0},
    {.bitmap_index = 26591, .adv_w = 273, .box_w = 15, .box_h = 23, .ofs_x = 1, .ofs_y = 0},
    {.bitmap_index = 26764, .adv_w = 273, .box_w = 15, .box_h = 23, .ofs_x = 1, .ofs_y = 0},
    {.bitmap_index = 26937, .adv_w = 273, .box_w = 15, .box_h = 21, .ofs_x = 1, .ofs_y = 0},
    {.bitmap_index = 27095, .adv_w = 273, .box_w = 15, .box_h = 22, .ofs_x = 1, .ofs_y = 0},
    {.bitmap_index = 27260, .adv_w = 301, .box_w = 15, .box_h = 16, .ofs_x = 2, .ofs_y = 0},
    {.bitmap_index = 27380, .adv_w = 273, .box_w = 15, .box_h = 18, .ofs_x = 1, .ofs_y = -1},
    {.bitmap_index = 27515, .adv_w = 274, .box_w = 15, .box_h = 23, .ofs_x = 1, .ofs_y = 0},
    {.bitmap_index = 27688, .adv_w = 274, .box_w = 15, .box_h = 23, .ofs_x = 1, .ofs_y = 0},
    {.bitmap_index = 27861, .adv_w = 274, .box_w = 15, .box_h = 23, .ofs_x = 1, .ofs_y = 0},
    {.bitmap_index = 28034, .adv_w = 274, .box_w = 15, .box_h = 22, .ofs_x = 1, .ofs_y = 0},
    {.bitmap_index = 28199, .adv_w = 264, .box_w = 16, .box_h = 28, .ofs_x = 0, .ofs_y = -6},
    {.bitmap_index = 28423, .adv_w = 280, .box_w = 16, .box_h = 27, .ofs_x = 1, .ofs_y = -6},
    {.bitmap_index = 28639, .adv_w = 264, .box_w = 16, .box_h = 28, .ofs_x = 0, .ofs_y = -6},
    {.bitmap_index = 28863, .adv_w = 326, .box_w = 20, .box_h = 27, .ofs_x = 0, .ofs_y = 0},
    {.bitmap_index = 29133, .adv_w = 257, .box_w = 14, .box_h = 21, .ofs_x = 1, .ofs_y = 0},
    {.bitmap_index = 29280, .adv_w = 326, .box_w = 20, .box_h = 28, .ofs_x = 0, .ofs_y = 0},
    {.bitmap_index = 29560, .adv_w = 257, .box_w = 14, .box_h = 23, .ofs_x = 1, .ofs_y = 0},
    {.bitmap_index = 29721, .adv_w = 326, .box_w = 21, .box_h = 27, .ofs_x = 0, .ofs_y = -6},
    {.bitmap_index = 30005, .adv_w = 257, .box_w = 14, .box_h = 22, .ofs_x = 1, .ofs_y = -6},
    {.bitmap_index = 30159, .adv_w = 330, .box_w = 19, .box_h = 28, .ofs_x = 1, .ofs_y = 0},
    {.bitmap_index = 30425, .adv_w = 261, .box_w = 15, .box_h = 23, .ofs_x = 1, .ofs_y = 0},
    {.bitmap_index = 30598, .adv_w = 330, .box_w = 19, .box_h = 28, .ofs_x = 1, .ofs_y = 0},
    {.bitmap_index = 30864, .adv_w = 261, .box_w = 15, .box_h = 23, .ofs_x = 1, .ofs_y = 0},
    {.bitmap_index = 31037, .adv_w = 330, .box_w = 19, .box_h = 28, .ofs_x = 1, .ofs_y = 0},
    {.bitmap_index = 31303, .adv_w = 261, .box_w = 15, .box_h = 23, .ofs_x = 1, .ofs_y = 0},
    {.bitmap_index = 31476, .adv_w = 330, .box_w = 19, .box_h = 28, .ofs_x = 1, .ofs_y = 0},
    {.bitmap_index = 31742, .adv_w = 261, .box_w = 15, .box_h = 23, .ofs_x = 1, .ofs_y = 0},
    {.bitmap_index = 31915, .adv_w = 324, .box_w = 17, .box_h = 28, .ofs_x = 2, .ofs_y = 0},
    {.bitmap_index = 32153, .adv_w = 331, .box_w = 20, .box_h = 23, .ofs_x = 1, .ofs_y = 0},
    {.bitmap_index = 32383, .adv_w = 337, .box_w = 20, .box_h = 21, .ofs_x = 0, .ofs_y = 0},
    {.bitmap_index = 32593, .adv_w = 280, .box_w = 17, .box_h = 21, .ofs_x = 1, .ofs_y = 0},
    {.bitmap_index = 32772, .adv_w = 271, .box_w = 14, .box_h = 27, .ofs_x = 2, .ofs_y = 0},
    {.bitmap_index = 32961, .adv_w = 265, .box_w = 15, .box_h = 21, .ofs_x = 1, .ofs_y = 0},
    {.bitmap_index = 33119, .adv_w = 271, .box_w = 14, .box_h = 28, .ofs_x = 2, .ofs_y = 0},
    {.bitmap_index = 33315, .adv_w = 265, .box_w = 15, .box_h = 23, .ofs_x = 1, .ofs_y = 0},
    {.bitmap_index = 33488, .adv_w = 271, .box_w = 14, .box_h = 28, .ofs_x = 2, .ofs_y = 0},
    {.bitmap_index = 33684, .adv_w = 265, .box_w = 15, .box_h = 23, .ofs_x = 1, .ofs_y = 0},
    {.bitmap_index = 33857, .adv_w = 271, .box_w = 15, .box_h = 27, .ofs_x = 2, .ofs_y = -6},
    {.bitmap_index = 34060, .adv_w = 265, .box_w = 15, .box_h = 22, .ofs_x = 1, .ofs_y = -6},
    {.bitmap_index = 34225, .adv_w = 271, .box_w = 14, .box_h = 28, .ofs_x = 2, .ofs_y = 0},
    {.bitmap_index = 34421, .adv_w = 265, .box_w = 15, .box_h = 23, .ofs_x = 1, .ofs_y = 0},
    {.bitmap_index = 34594, .adv_w = 336, .box_w = 19, .box_h = 28, .ofs_x = 1, .ofs_y = 0},
    {.bitmap_index = 34860, .adv_w = 280, .box_w = 15, .box_h = 29, .ofs_x = 1, .ofs_y = -6},
    {.bitmap_index = 35078, .adv_w = 336, .box_w = 19, .box_h = 28, .ofs_x = 1, .ofs_y = 0},
    {.bitmap_index = 35344, .adv_w = 280, .box_w = 15, .box_h = 29, .ofs_x = 1, .ofs_y = -6},
    {.bitmap_index = 35562, .adv_w = 336, .box_w = 19, .box_h = 28, .ofs_x = 1, .ofs_y = 0},
    {.bitmap_index = 35828, .adv_w = 280, .box_w = 15, .box_h = 29, .ofs_x = 1, .ofs_y = -6},
    {.bitmap_index = 36046, .adv_w = 336, .box_w = 19, .box_h = 28, .ofs_x = 1, .ofs_y = -7},
    {.bitmap_index = 36312, .adv_w = 280, .box_w = 15, .box_h = 30, .ofs_x = 1, .ofs_y = -6},
    {.bitmap_index = 36537, .adv_w = 334, .box_w = 17, .box_h = 28, .ofs_x = 2, .ofs_y = 0},
    {.bitmap_index = 36775, .adv_w = 274, .box_w = 18, .box_h = 28, .ofs_x = -2, .ofs_y = 0},
    {.bitmap_index = 37027, .adv_w = 357, .box_w = 21, .box_h = 21, .ofs_x = 1, .ofs_y = 0},
    {.bitmap_index = 37248, .adv_w = 274, .box_w = 17, .box_h = 21, .ofs_x = -1, .ofs_y = 0},
    {.bitmap_index = 37427, .adv_w = 124, .box_w = 10, .box_h = 27, .ofs_x = -1, .ofs_y = 0},
    {.bitmap_index = 37562, .adv_w = 117, .box_w = 10, .box_h = 21, .ofs_x = -1, .ofs_y = 0},
    {.bitmap_index = 37667, .adv_w = 124, .box_w = 9, .box_h = 27, .ofs_x = -1, .ofs_y = 0},
    {.bitmap_index = 37789, .adv_w = 117, .box_w = 9, .box_h = 21, .ofs_x = -1, .ofs_y = 0},
    {.bitmap_index = 37884, .adv_w = 124, .box_w = 10, .box_h = 28, .ofs_x = -1, .ofs_y = 0},
    {.bitmap_index = 38024, .adv_w = 117, .box_w = 10, .box_h = 22, .ofs_x = -1, .ofs_y = 0},
    {.bitmap_index = 38134, .adv_w = 124, .box_w = 7, .box_h = 27, .ofs_x = 0, .ofs_y = -6},
    {.bitmap_index = 38229, .adv_w = 117, .box_w = 8, .box_h = 29, .ofs_x = -1, .ofs_y = -6},
    {.bitmap_index = 38345, .adv_w = 124, .box_w = 5, .box_h = 28, .ofs_x = 1, .ofs_y = 0},
    {.bitmap_index = 38415, .adv_w = 117, .box_w = 5, .box_h = 16, .ofs_x = 1, .ofs_y = 0},
    {.bitmap_index = 38455, .adv_w = 384, .box_w = 20, .box_h = 21, .ofs_x = 2, .ofs_y = 0},
    {.bitmap_index = 38665, .adv_w = 234, .box_w = 13, .box_h = 28, .ofs_x = 1, .ofs_y = -6},
    {.bitmap_index = 38847, .adv_w = 260, .box_w = 17, .box_h = 28, .ofs_x = 1, .ofs_y = 0},
    {.bitmap_index = 39085, .adv_w = 117, .box_w = 11, .box_h = 28, .ofs_x = -2, .ofs_y = -6},
    {.bitmap_index = 39239, .adv_w = 315, .box_w = 17, .box_h = 28, .ofs_x = 2, .ofs_y = -7},
    {.bitmap_index = 39477, .adv_w = 255, .box_w = 15, .box_h = 28, .ofs_x = 1, .ofs_y = -7},
    {.bitmap_index = 39687, .adv_w = 254, .box_w = 15, .box_h = 16, .ofs_x = 1, .ofs_y = 0},
    {.bitmap_index = 39807, .adv_w = 253, .box_w = 13, .box_h = 28, .ofs_x = 2, .ofs_y = 0},
    {.bitmap_index = 39989, .adv_w = 117, .box_w = 7, .box_h = 28, .ofs_x = 1, .ofs_y = 0},
    {.bitmap_index = 40087, .adv_w = 253, .box_w = 13, .box_h = 28, .ofs_x = 2, .ofs_y = -7},
    {.bitmap_index = 40269, .adv_w = 117, .box_w = 6, .box_h = 28, .ofs_x = 0, .ofs_y = -7},
    {.bitmap_index = 40353, .adv_w = 253, .box_w = 13, .box_h = 22, .ofs_x = 2, .ofs_y = 0},
    {.bitmap_index = 40496, .adv_w = 169, .box_w = 10, .box_h = 22, .ofs_x = 1, .ofs_y = 0},
    {.bitmap_index = 40606, .adv_w = 257, .box_w = 13, .box_h = 21, .ofs_x = 2, .ofs_y = 0},
    {.bitmap_index = 40743, .adv_w = 188, .box_w = 11, .box_h = 21, .ofs_x = 1, .ofs_y = 0},
    {.bitmap_index = 40859, .adv_w = 270, .box_w = 16, .box_h = 21, .ofs_x = 0, .ofs_y = 0},
    {.bitmap_index = 41027, .adv_w = 117, .box_w = 9, .box_h = 21, .ofs_x = -1, .ofs_y = 0},
    {.bitmap_index = 41122, .adv_w = 340, .box_w = 18, .box_h = 28, .ofs_x = 2, .ofs_y = 0},
    {.bitmap_index = 41374, .adv_w = 274, .box_w = 15, .box_h = 22, .ofs_x = 1, .ofs_y = 0},
    {.bitmap_index = 41539, .adv_w = 340, .box_w = 18, .box_h = 28, .ofs_x = 2, .ofs_y = -7},
    {.bitmap_index = 41791, .adv_w = 274, .box_w = 15, .box_h = 23, .ofs_x = 1, .ofs_y = -7},
    {.bitmap_index = 41964, .adv_w = 340, .box_w = 18, .box_h = 28, .ofs_x = 2, .ofs_y = 0},
    {.bitmap_index = 42216, .adv_w = 274, .box_w = 15, .box_h = 22, .ofs_x = 1, .ofs_y = 0},
    {.bitmap_index = 42381, .adv_w = 340, .box_w = 18, .box_h = 27, .ofs_x = 2, .ofs_y = -6},
    {.bitmap_index = 42624, .adv_w = 274, .box_w = 15, .box_h = 22, .ofs_x = 1, .ofs_y = -6},
    {.bitmap_index = 42789, .adv_w = 344, .box_w = 20, .box_h = 27, .ofs_x = 1, .ofs_y = 0},
    {.bitmap_index = 43059, .adv_w = 273, .box_w = 15, .box_h = 21, .ofs_x = 1, .ofs_y = 0},
    {.bitmap_index = 43217, .adv_w = 344, .box_w = 20, .box_h = 28, .ofs_x = 1, .ofs_y = 0},
    {.bitmap_index = 43497, .adv_w = 273, .box_w = 15, .box_h = 23, .ofs_x = 1, .ofs_y = 0},
    {.bitmap_index = 43670, .adv_w = 344, .box_w = 20, .box_h = 28, .ofs_x = 1, .ofs_y = 0},
    {.bitmap_index = 43950, .adv_w = 273, .box_w = 15, .box_h = 23, .ofs_x = 1, .ofs_y = 0},
    {.bitmap_index = 44123, .adv_w = 454, .box_w = 26, .box_h = 21, .ofs_x = 1, .ofs_y = 0},
    {.bitmap_index = 44396, .adv_w = 444, .box_w = 26, .box_h = 16, .ofs_x = 1, .ofs_y = 0},
    {.bitmap_index = 44604, .adv_w = 292, .box_w = 16, .box_h = 28, .ofs_x = 2, .ofs_y = 0},
    {.bitmap_index = 44828, .adv_w = 178, .box_w = 10, .box_h = 22, .ofs_x = 1, .ofs_y = 0},
    {.bitmap_index = 44938, .adv_w = 292, .box_w = 16, .box_h = 28, .ofs_x = 2, .ofs_y = -7},
    {.bitmap_index = 45162, .adv_w = 178, .box_w = 11, .box_h = 24, .ofs_x = 0, .ofs_y = -7},
    {.bitmap_index = 45294, .adv_w = 292, .box_w = 16, .box_h = 28, .ofs_x = 2, .ofs_y = 0},
    {.bitmap_index = 45518, .adv_w = 178, .box_w = 12, .box_h = 22, .ofs_x = 0, .ofs_y = 0},
    {.bitmap_index = 45650, .adv_w = 291, .box_w = 16, .box_h = 28, .ofs_x = 1, .ofs_y = 0},
    {.bitmap_index = 45874, .adv_w = 246, .box_w = 14, .box_h = 23, .ofs_x = 1, .ofs_y = 0},
    {.bitmap_index = 46035, .adv_w = 291, .box_w = 16, .box_h = 28, .ofs_x = 1, .ofs_y = 0},
    {.bitmap_index = 46259, .adv_w = 246, .box_w = 14, .box_h = 23, .ofs_x = 1, .ofs_y = 0},
    {.bitmap_index = 46420, .adv_w = 291, .box_w = 16, .box_h = 27, .ofs_x = 1, .ofs_y = -6},
    {.bitmap_index = 46636, .adv_w = 246, .box_w = 14, .box_h = 22, .ofs_x = 1, .ofs_y = -6},
    {.bitmap_index = 46790, .adv_w = 291, .box_w = 16, .box_h = 28, .ofs_x = 1, .ofs_y = 0},
    {.bitmap_index = 47014, .adv_w = 246, .box_w = 14, .box_h = 23, .ofs_x = 1, .ofs_y = 0},
    {.bitmap_index = 47175, .adv_w = 296, .box_w = 17, .box_h = 27, .ofs_x = 1, .ofs_y = -6},
    {.bitmap_index = 47405, .adv_w = 158, .box_w = 10, .box_h = 26, .ofs_x = 0, .ofs_y = -6},
    {.bitmap_index = 47535, .adv_w = 296, .box_w = 17, .box_h = 28, .ofs_x = 1, .ofs_y = 0},
    {.bitmap_index = 47773, .adv_w = 188, .box_w = 11, .box_h = 24, .ofs_x = 0, .ofs_y = 0},
    {.bitmap_index = 47905, .adv_w = 296, .box_w = 17, .box_h = 21, .ofs_x = 1, .ofs_y = 0},
    {.bitmap_index = 48084, .adv_w = 158, .box_w = 10, .box_h = 20, .ofs_x = 0, .ofs_y = 0},
    {.bitmap_index = 48184, .adv_w = 330, .box_w = 17, .box_h = 28, .ofs_x = 2, .ofs_y = 0},
    {.bitmap_index = 48422, .adv_w = 274, .box_w = 15, .box_h = 21, .ofs_x = 1, .ofs_y = 0},
    {.bitmap_index = 48580, .adv_w = 330, .box_w = 17, .box_h = 27, .ofs_x = 2, .ofs_y = 0},
    {.bitmap_index = 48810, .adv_w = 274, .box_w = 15, .box_h = 21, .ofs_x = 1, .ofs_y = 0},
    {.bitmap_index = 48968, .adv_w = 330, .box_w = 17, .box_h = 28, .ofs_x = 2, .ofs_y = 0},
    {.bitmap_index = 49206, .adv_w = 274, .box_w = 15, .box_h = 23, .ofs_x = 1, .ofs_y = 0},
    {.bitmap_index = 49379, .adv_w = 330, .box_w = 17, .box_h = 29, .ofs_x = 2, .ofs_y = 0},
    {.bitmap_index = 49626, .adv_w = 274, .box_w = 15, .box_h = 24, .ofs_x = 1, .ofs_y = 0},
    {.bitmap_index = 49806, .adv_w = 330, .box_w = 17, .box_h = 28, .ofs_x = 2, .ofs_y = 0},
    {.bitmap_index = 50044, .adv_w = 274, .box_w = 15, .box_h = 23, .ofs_x = 1, .ofs_y = 0},
    {.bitmap_index = 50217, .adv_w = 330, .box_w = 17, .box_h = 27, .ofs_x = 2, .ofs_y = -6},
    {.bitmap_index = 50447, .adv_w = 274, .box_w = 16, .box_h = 22, .ofs_x = 1, .ofs_y = -6},
    {.bitmap_index = 50623, .adv_w = 457, .box_w = 28, .box_h = 28, .ofs_x = 0, .ofs_y = 0},
    {.bitmap_index = 51015, .adv_w = 376, .box_w = 23, .box_h = 22, .ofs_x = 0, .ofs_y = 0},
    {.bitmap_index = 51268, .adv_w = 320, .box_w = 20, .box_h = 28, .ofs_x = 0, .ofs_y = 0},
    {.bitmap_index = 51548, .adv_w = 264, .box_w = 16, .box_h = 28, .ofs_x = 0, .ofs_y = -6},
    {.bitmap_index = 51772, .adv_w = 320, .box_w = 20, .box_h = 27, .ofs_x = 0, .ofs_y = 0},
    {.bitmap_index = 52042, .adv_w = 292, .box_w = 16, .box_h = 28, .ofs_x = 1, .ofs_y = 0},
    {.bitmap_index = 52266, .adv_w = 254, .box_w = 14, .box_h = 22, .ofs_x = 1, .ofs_y = 0},
    {.bitmap_index = 52420, .adv_w = 292, .box_w = 16, .box_h = 28, .ofs_x = 1, .ofs_y = 0},
    {.bitmap_index = 52644, .adv_w = 254, .box_w = 14, .box_h = 23, .ofs_x = 1, .ofs_y = 0},
    {.bitmap_index = 52805, .adv_w = 292, .box_w = 16, .box_h = 28, .ofs_x = 1, .ofs_y = 0},
    {.bitmap_index = 53029, .adv_w = 254, .box_w = 14, .box_h = 22, .ofs_x = 1, .ofs_y = 0},
    {.bitmap_index = 53183, .adv_w = 150, .box_w = 9, .box_h = 22, .ofs_x = 1, .ofs_y = 0},
    {.bitmap_index = 53282, .adv_w = 127, .box_w = 4, .box_h = 9, .ofs_x = 2, .ofs_y = 12},
    {.bitmap_index = 53300, .adv_w = 128, .box_w = 6, .box_h = 5, .ofs_x = 1, .ofs_y = -6},
    {.bitmap_index = 53315, .adv_w = 340, .box_w = 18, .box_h = 21, .ofs_x = 2, .ofs_y = 0},
    {.bitmap_index = 53504, .adv_w = 128, .box_w = 5, .box_h = 6, .ofs_x = 2, .ofs_y = -7},
    {.bitmap_index = 53519, .adv_w = 261, .box_w = 15, .box_h = 16, .ofs_x = 1, .ofs_y = 0},
    {.bitmap_index = 53639, .adv_w = 261, .box_w = 15, .box_h = 16, .ofs_x = 1, .ofs_y = 0},
    {.bitmap_index = 53759, .adv_w = 261, .box_w = 15, .box_h = 16, .ofs_x = 1, .ofs_y = 0},
    {.bitmap_index = 53879, .adv_w = 147, .box_w = 6, .box_h = 21, .ofs_x = 1, .ofs_y = -5},
    {.bitmap_index = 53942, .adv_w = 260, .box_w = 14, .box_h = 21, .ofs_x = 1, .ofs_y = 0},
    {.bitmap_index = 54089, .adv_w = 142, .box_w = 5, .box_h = 5, .ofs_x = 2, .ofs_y = 18},
    {.bitmap_index = 54102, .adv_w = 316, .box_w = 14, .box_h = 8, .ofs_x = 3, .ofs_y = 18},
    {.bitmap_index = 54158, .adv_w = 326, .box_w = 20, .box_h = 21, .ofs_x = 0, .ofs_y = 0},
    {.bitmap_index = 54368, .adv_w = 143, .box_w = 5, .box_h = 5, .ofs_x = 2, .ofs_y = 11},
    {.bitmap_index = 54381, .adv_w = 348, .box_w = 20, .box_h = 21, .ofs_x = 1, .ofs_y = 0},
    {.bitmap_index = 54591, .adv_w = 411, .box_w = 23, .box_h = 21, .ofs_x = 1, .ofs_y = 0},
    {.bitmap_index = 54833, .adv_w = 200, .box_w = 10, .box_h = 21, .ofs_x = 1, .ofs_y = 0},
    {.bitmap_index = 54938, .adv_w = 404, .box_w = 23, .box_h = 21, .ofs_x = 1, .ofs_y = 0},
    {.bitmap_index = 55180, .adv_w = 418, .box_w = 25, .box_h = 21, .ofs_x = 1, .ofs_y = 0},
    {.bitmap_index = 55443, .adv_w = 406, .box_w = 23, .box_h = 21, .ofs_x = 1, .ofs_y = 0},
    {.bitmap_index = 55685, .adv_w = 133, .box_w = 10, .box_h = 27, .ofs_x = -1, .ofs_y = 0},
    {.bitmap_index = 55820, .adv_w = 326, .box_w = 20, .box_h = 21, .ofs_x = 0, .ofs_y = 0},
    {.bitmap_index = 56030, .adv_w = 295, .box_w = 16, .box_h = 21, .ofs_x = 2, .ofs_y = 0},
    {.bitmap_index = 56198, .adv_w = 260, .box_w = 14, .box_h = 21, .ofs_x = 2, .ofs_y = 0},
    {.bitmap_index = 56345, .adv_w = 324, .box_w = 20, .box_h = 21, .ofs_x = 0, .ofs_y = 0},
    {.bitmap_index = 56555, .adv_w = 271, .box_w = 14, .box_h = 21, .ofs_x = 2, .ofs_y = 0},
    {.bitmap_index = 56702, .adv_w = 292, .box_w = 16, .box_h = 21, .ofs_x = 1, .ofs_y = 0},
    {.bitmap_index = 56870, .adv_w = 334, .box_w = 17, .box_h = 21, .ofs_x = 2, .ofs_y = 0},
    {.bitmap_index = 57049, .adv_w = 344, .box_w = 20, .box_h = 21, .ofs_x = 1, .ofs_y = 0},
    {.bitmap_index = 57259, .adv_w = 124, .box_w = 4, .box_h = 21, .ofs_x = 2, .ofs_y = 0},
    {.bitmap_index = 57301, .adv_w = 315, .box_w = 17, .box_h = 21, .ofs_x = 2, .ofs_y = 0},
    {.bitmap_index = 57480, .adv_w = 326, .box_w = 20, .box_h = 21, .ofs_x = 0, .ofs_y = 0},
    {.bitmap_index = 57690, .adv_w = 413, .box_w = 22, .box_h = 21, .ofs_x = 2, .ofs_y = 0},
    {.bitmap_index = 57921, .adv_w = 340, .box_w = 18, .box_h = 21, .ofs_x = 2, .ofs_y = 0},
    {.bitmap_index = 58110, .adv_w = 303, .box_w = 17, .box_h = 21, .ofs_x = 1, .ofs_y = 0},
    {.bitmap_index = 58289, .adv_w = 344, .box_w = 20, .box_h = 21, .ofs_x = 1, .ofs_y = 0},
    {.bitmap_index = 58499, .adv_w = 334, .box_w = 17, .box_h = 21, .ofs_x = 2, .ofs_y = 0},
    {.bitmap_index = 58678, .adv_w = 289, .box_w = 15, .box_h = 21, .ofs_x = 2, .ofs_y = 0},
    {.bitmap_index = 58836, .adv_w = 310, .box_w = 17, .box_h = 21, .ofs_x = 1, .ofs_y = 0},
    {.bitmap_index = 59015, .adv_w = 296, .box_w = 17, .box_h = 21, .ofs_x = 1, .ofs_y = 0},
    {.bitmap_index = 59194, .adv_w = 320, .box_w = 20, .box_h = 21, .ofs_x = 0, .ofs_y = 0},
    {.bitmap_index = 59404, .adv_w = 398, .box_w = 23, .box_h = 24, .ofs_x = 1, .ofs_y = -1},
    {.bitmap_index = 59680, .adv_w = 322, .box_w = 20, .box_h = 21, .ofs_x = 0, .ofs_y = 0},
    {.bitmap_index = 59890, .adv_w = 398, .box_w = 21, .box_h = 21, .ofs_x = 2, .ofs_y = 0},
    {.bitmap_index = 60111, .adv_w = 348, .box_w = 20, .box_h = 21, .ofs_x = 1, .ofs_y = 0},
    {.bitmap_index = 60321, .adv_w = 124, .box_w = 10, .box_h = 27, .ofs_x = -1, .ofs_y = 0},
    {.bitmap_index = 60456, .adv_w = 320, .box_w = 20, .box_h = 27, .ofs_x = 0, .ofs_y = 0},
    {.bitmap_index = 60726, .adv_w = 306, .box_w = 18, .box_h = 23, .ofs_x = 1, .ofs_y = 0},
    {.bitmap_index = 60933, .adv_w = 247, .box_w = 14, .box_h = 23, .ofs_x = 1, .ofs_y = 0},
    {.bitmap_index = 61094, .adv_w = 274, .box_w = 15, .box_h = 28, .ofs_x = 1, .ofs_y = -6},
    {.bitmap_index = 61304, .adv_w = 133, .box_w = 8, .box_h = 23, .ofs_x = 1, .ofs_y = 0},
    {.bitmap_index = 61396, .adv_w = 274, .box_w = 15, .box_h = 26, .ofs_x = 1, .ofs_y = 0},
    {.bitmap_index = 61591, .adv_w = 306, .box_w = 18, .box_h = 16, .ofs_x = 1, .ofs_y = 0},
    {.bitmap_index = 61735, .adv_w = 271, .box_w = 15, .box_h = 27, .ofs_x = 1, .ofs_y = -6},
    {.bitmap_index = 61938, .adv_w = 263, .box_w = 16, .box_h = 22, .ofs_x = 0, .ofs_y = -6},
    {.bitmap_index = 62114, .adv_w = 268, .box_w = 15, .box_h = 21, .ofs_x = 1, .ofs_y = 0},
    {.bitmap_index = 62272, .adv_w = 247, .box_w = 14, .box_h = 16, .ofs_x = 1, .ofs_y = 0},
    {.bitmap_index = 62384, .adv_w = 236, .box_w = 13, .box_h = 25, .ofs_x = 1, .ofs_y = -4},
    {.bitmap_index = 62547, .adv_w = 274, .box_w = 15, .box_h = 22, .ofs_x = 1, .ofs_y = -6},
    {.bitmap_index = 62712, .adv_w = 280, .box_w = 16, .box_h = 21, .ofs_x = 1, .ofs_y = 0},
    {.bitmap_index = 62880, .adv_w = 133, .box_w = 8, .box_h = 16, .ofs_x = 1, .ofs_y = 0},
    {.bitmap_index = 62944, .adv_w = 254, .box_w = 15, .box_h = 16, .ofs_x = 1, .ofs_y = 0},
    {.bitmap_index = 63064, .adv_w = 300, .box_w = 19, .box_h = 21, .ofs_x = 0, .ofs_y = 0},
    {.bitmap_index = 63264, .adv_w = 275, .box_w = 17, .box_h = 22, .ofs_x = 1, .ofs_y = -6},
    {.bitmap_index = 63451, .adv_w = 271, .box_w = 17, .box_h = 16, .ofs_x = 0, .ofs_y = 0},
    {.bitmap_index = 63587, .adv_w = 250, .box_w = 14, .box_h = 25, .ofs_x = 1, .ofs_y = -4},
    {.bitmap_index = 63762, .adv_w = 273, .box_w = 15, .box_h = 16, .ofs_x = 1, .ofs_y = 0},
    {.bitmap_index = 63882, .adv_w = 281, .box_w = 18, .box_h = 16, .ofs_x = 0, .ofs_y = 0},
    {.bitmap_index = 64026, .adv_w = 280, .box_w = 16, .box_h = 22, .ofs_x = 1, .ofs_y = -6},
    {.bitmap_index = 64202, .adv_w = 261, .box_w = 15, .box_h = 20, .ofs_x = 1, .ofs_y = -4},
    {.bitmap_index = 64352, .adv_w = 288, .box_w = 17, .box_h = 16, .ofs_x = 1, .ofs_y = 0},
    {.bitmap_index = 64488, .adv_w = 222, .box_w = 14, .box_h = 16, .ofs_x = 0, .ofs_y = 0},
    {.bitmap_index = 64600, .adv_w = 274, .box_w = 15, .box_h = 16, .ofs_x = 1, .ofs_y = 0},
    {.bitmap_index = 64720, .adv_w = 346, .box_w = 20, .box_h = 22, .ofs_x = 1, .ofs_y = -6},
    {.bitmap_index = 64940, .adv_w = 265, .box_w = 17, .box_h = 22, .ofs_x = 0, .ofs_y = -6},
    {.bitmap_index = 65127, .adv_w = 364, .box_w = 20, .box_h = 26, .ofs_x = 1, .ofs_y = -6},
    {.bitmap_index = 65387, .adv_w = 369, .box_w = 21, .box_h = 16, .ofs_x = 1, .ofs_y = 0},
    {.bitmap_index = 65555, .adv_w = 133, .box_w = 11, .box_h = 22, .ofs_x = -2, .ofs_y = 0},
    {.bitmap_index = 65676, .adv_w = 274, .box_w = 15, .box_h = 22, .ofs_x = 1, .ofs_y = 0},
    {.bitmap_index = 65841, .adv_w = 273, .box_w = 15, .box_h = 23, .ofs_x = 1, .ofs_y = 0},
    {.bitmap_index = 66014, .adv_w = 274, .box_w = 15, .box_h = 23, .ofs_x = 1, .ofs_y = 0},
    {.bitmap_index = 66187, .adv_w = 369, .box_w = 21, .box_h = 23, .ofs_x = 1, .ofs_y = 0},
    {.bitmap_index = 66429, .adv_w = 315, .box_w = 17, .box_h = 28, .ofs_x = 2, .ofs_y = -7},
    {.bitmap_index = 66667, .adv_w = 295, .box_w = 15, .box_h = 22, .ofs_x = 2, .ofs_y = 0},
    {.bitmap_index = 66832, .adv_w = 294, .box_w = 16, .box_h = 21, .ofs_x = 1, .ofs_y = 0},
    {.bitmap_index = 67000, .adv_w = 312, .box_w = 18, .box_h = 21, .ofs_x = 1, .ofs_y = 0},
    {.bitmap_index = 67189, .adv_w = 401, .box_w = 24, .box_h = 21, .ofs_x = 1, .ofs_y = 0},
    {.bitmap_index = 67441, .adv_w = 312, .box_w = 18, .box_h = 27, .ofs_x = 1, .ofs_y = 0},
    {.bitmap_index = 67684, .adv_w = 326, .box_w = 19, .box_h = 27, .ofs_x = 1, .ofs_y = -6},
    {.bitmap_index = 67941, .adv_w = 399, .box_w = 23, .box_h = 16, .ofs_x = 1, .ofs_y = 0},
    {.bitmap_index = 68125, .adv_w = 254, .box_w = 15, .box_h = 23, .ofs_x = 1, .ofs_y = -7},
    {.bitmap_index = 68298, .adv_w = 267, .box_w = 14, .box_h = 21, .ofs_x = 2, .ofs_y = 0},
    {.bitmap_index = 68445, .adv_w = 240, .box_w = 13, .box_h = 22, .ofs_x = 1, .ofs_y = -6},
    {.bitmap_index = 68588, .adv_w = 336, .box_w = 19, .box_h = 16, .ofs_x = 1, .ofs_y = 0},
    {.bitmap_index = 68740, .adv_w = 295, .box_w = 15, .box_h = 23, .ofs_x = 2, .ofs_y = -7},
    {.bitmap_index = 68913, .adv_w = 261, .box_w = 15, .box_h = 16, .ofs_x = 1, .ofs_y = 0},
    {.bitmap_index = 69033, .adv_w = 117, .box_w = 7, .box_h = 28, .ofs_x = -1, .ofs_y = -6},
    {.bitmap_index = 69131, .adv_w = 344, .box_w = 20, .box_h = 21, .ofs_x = 1, .ofs_y = 0},
    {.bitmap_index = 69341, .adv_w = 210, .box_w = 12, .box_h = 16, .ofs_x = 1, .ofs_y = 0},
    {.bitmap_index = 69437, .adv_w = 210, .box_w = 12, .box_h = 16, .ofs_x = 1, .ofs_y = 0},
    {.bitmap_index = 69533, .adv_w = 330, .box_w = 19, .box_h = 21, .ofs_x = 1, .ofs_y = 0},
    {.bitmap_index = 69733, .adv_w = 413, .box_w = 22, .box_h = 21, .ofs_x = 2, .ofs_y = 0},
    {.bitmap_index = 69964, .adv_w = 280, .box_w = 18, .box_h = 22, .ofs_x = -1, .ofs_y = -6},
    {.bitmap_index = 70162, .adv_w = 330, .box_w = 19, .box_h = 21, .ofs_x = 1, .ofs_y = 0},
    {.bitmap_index = 70362, .adv_w = 330, .box_w = 19, .box_h = 21, .ofs_x = 1, .ofs_y = 0},
    {.bitmap_index = 70562, .adv_w = 330, .box_w = 19, .box_h = 21, .ofs_x = 1, .ofs_y = 0},
    {.bitmap_index = 70762, .adv_w = 271, .box_w = 14, .box_h = 28, .ofs_x = 2, .ofs_y = 0},
    {.bitmap_index = 70958, .adv_w = 271, .box_w = 14, .box_h = 27, .ofs_x = 2, .ofs_y = 0},
    {.bitmap_index = 71147, .adv_w = 382, .box_w = 22, .box_h = 23, .ofs_x = 1, .ofs_y = -2},
    {.bitmap_index = 71400, .adv_w = 260, .box_w = 14, .box_h = 28, .ofs_x = 2, .ofs_y = 0},
    {.bitmap_index = 71596, .adv_w = 330, .box_w = 19, .box_h = 21, .ofs_x = 1, .ofs_y = 0},
    {.bitmap_index = 71796, .adv_w = 291, .box_w = 16, .box_h = 21, .ofs_x = 1, .ofs_y = 0},
    {.bitmap_index = 71964, .adv_w = 124, .box_w = 4, .box_h = 21, .ofs_x = 2, .ofs_y = 0},
    {.bitmap_index = 72006, .adv_w = 124, .box_w = 10, .box_h = 27, .ofs_x = -1, .ofs_y = 0},
    {.bitmap_index = 72141, .adv_w = 260, .box_w = 14, .box_h = 21, .ofs_x = 1, .ofs_y = 0},
    {.bitmap_index = 72288, .adv_w = 500, .box_w = 30, .box_h = 21, .ofs_x = 1, .ofs_y = 0},
    {.bitmap_index = 72603, .adv_w = 504, .box_w = 29, .box_h = 21, .ofs_x = 2, .ofs_y = 0},
    {.bitmap_index = 72908, .adv_w = 399, .box_w = 23, .box_h = 21, .ofs_x = 1, .ofs_y = 0},
    {.bitmap_index = 73150, .adv_w = 315, .box_w = 17, .box_h = 28, .ofs_x = 2, .ofs_y = 0},
    {.bitmap_index = 73388, .adv_w = 340, .box_w = 18, .box_h = 28, .ofs_x = 2, .ofs_y = 0},
    {.bitmap_index = 73640, .adv_w = 301, .box_w = 19, .box_h = 28, .ofs_x = 0, .ofs_y = 0},
    {.bitmap_index = 73906, .adv_w = 325, .box_w = 17, .box_h = 26, .ofs_x = 2, .ofs_y = -5},
    {.bitmap_index = 74127, .adv_w = 326, .box_w = 20, .box_h = 21, .ofs_x = 0, .ofs_y = 0},
    {.bitmap_index = 74337, .adv_w = 290, .box_w = 15, .box_h = 21, .ofs_x = 2, .ofs_y = 0},
    {.bitmap_index = 74495, .adv_w = 295, .box_w = 16, .box_h = 21, .ofs_x = 2, .ofs_y = 0},
    {.bitmap_index = 74663, .adv_w = 260, .box_w = 14, .box_h = 21, .ofs_x = 2, .ofs_y = 0},
    {.bitmap_index = 74810, .adv_w = 382, .box_w = 22, .box_h = 26, .ofs_x = 1, .ofs_y = -5},
    {.bitmap_index = 75096, .adv_w = 271, .box_w = 14, .box_h = 21, .ofs_x = 2, .ofs_y = 0},
    {.bitmap_index = 75243, .adv_w = 462, .box_w = 29, .box_h = 21, .ofs_x = 0, .ofs_y = 0},
    {.bitmap_index = 75548, .adv_w = 285, .box_w = 16, .box_h = 21, .ofs_x = 1, .ofs_y = 0},
    {.bitmap_index = 75716, .adv_w = 340, .box_w = 18, .box_h = 21, .ofs_x = 2, .ofs_y = 0},
    {.bitmap_index = 75905, .adv_w = 340, .box_w = 18, .box_h = 28, .ofs_x = 2, .ofs_y = 0},
    {.bitmap_index = 76157, .adv_w = 315, .box_w = 17, .box_h = 21, .ofs_x = 2, .ofs_y = 0},
    {.bitmap_index = 76336, .adv_w = 336, .box_w = 18, .box_h = 21, .ofs_x = 1, .ofs_y = 0},
    {.bitmap_index = 76525, .adv_w = 413, .box_w = 22, .box_h = 21, .ofs_x = 2, .ofs_y = 0},
    {.bitmap_index = 76756, .adv_w = 334, .box_w = 17, .box_h = 21, .ofs_x = 2, .ofs_y = 0},
    {.bitmap_index = 76935, .adv_w = 344, .box_w = 20, .box_h = 21, .ofs_x = 1, .ofs_y = 0},
    {.bitmap_index = 77145, .adv_w = 334, .box_w = 17, .box_h = 21, .ofs_x = 2, .ofs_y = 0},
    {.bitmap_index = 77324, .adv_w = 289, .box_w = 15, .box_h = 21, .ofs_x = 2, .ofs_y = 0},
    {.bitmap_index = 77482, .adv_w = 330, .box_w = 19, .box_h = 21, .ofs_x = 1, .ofs_y = 0},
    {.bitmap_index = 77682, .adv_w = 296, .box_w = 17, .box_h = 21, .ofs_x = 1, .ofs_y = 0},
    {.bitmap_index = 77861, .adv_w = 301, .box_w = 19, .box_h = 21, .ofs_x = 0, .ofs_y = 0},
    {.bitmap_index = 78061, .adv_w = 373, .box_w = 21, .box_h = 24, .ofs_x = 1, .ofs_y = -1},
    {.bitmap_index = 78313, .adv_w = 322, .box_w = 20, .box_h = 21, .ofs_x = 0, .ofs_y = 0},
    {.bitmap_index = 78523, .adv_w = 337, .box_w = 19, .box_h = 26, .ofs_x = 2, .ofs_y = -5},
    {.bitmap_index = 78770, .adv_w = 316, .box_w = 17, .box_h = 21, .ofs_x = 1, .ofs_y = 0},
    {.bitmap_index = 78949, .adv_w = 438, .box_w = 24, .box_h = 21, .ofs_x = 2, .ofs_y = 0},
    {.bitmap_index = 79201, .adv_w = 449, .box_w = 26, .box_h = 26, .ofs_x = 2, .ofs_y = -5},
    {.bitmap_index = 79539, .adv_w = 370, .box_w = 21, .box_h = 21, .ofs_x = 1, .ofs_y = 0},
    {.bitmap_index = 79760, .adv_w = 406, .box_w = 22, .box_h = 21, .ofs_x = 2, .ofs_y = 0},
    {.bitmap_index = 79991, .adv_w = 295, .box_w = 16, .box_h = 21, .ofs_x = 2, .ofs_y = 0},
    {.bitmap_index = 80159, .adv_w = 330, .box_w = 19, .box_h = 21, .ofs_x = 1, .ofs_y = 0},
    {.bitmap_index = 80359, .adv_w = 463, .box_w = 26, .box_h = 21, .ofs_x = 2, .ofs_y = 0},
    {.bitmap_index = 80632, .adv_w = 292, .box_w = 17, .box_h = 21, .ofs_x = 0, .ofs_y = 0},
    {.bitmap_index = 80811, .adv_w = 257, .box_w = 14, .box_h = 16, .ofs_x = 1, .ofs_y = 0},
    {.bitmap_index = 80923, .adv_w = 271, .box_w = 15, .box_h = 21, .ofs_x = 1, .ofs_y = 0},
    {.bitmap_index = 81081, .adv_w = 257, .box_w = 14, .box_h = 16, .ofs_x = 1, .ofs_y = 0},
    {.bitmap_index = 81193, .adv_w = 200, .box_w = 11, .box_h = 16, .ofs_x = 1, .ofs_y = 0},
    {.bitmap_index = 81281, .adv_w = 289, .box_w = 18, .box_h = 21, .ofs_x = 0, .ofs_y = -5},
    {.bitmap_index = 81470, .adv_w = 265, .box_w = 15, .box_h = 16, .ofs_x = 1, .ofs_y = 0},
    {.bitmap_index = 81590, .adv_w = 379, .box_w = 24, .box_h = 16, .ofs_x = 0, .ofs_y = 0},
    {.bitmap_index = 81782, .adv_w = 229, .box_w = 13, .box_h = 16, .ofs_x = 1, .ofs_y = 0},
    {.bitmap_index = 81886, .adv_w = 274, .box_w = 15, .box_h = 16, .ofs_x = 1, .ofs_y = 0},
    {.bitmap_index = 82006, .adv_w = 274, .box_w = 15, .box_h = 22, .ofs_x = 1, .ofs_y = 0},
    {.bitmap_index = 82171, .adv_w = 255, .box_w = 15, .box_h = 16, .ofs_x = 1, .ofs_y = 0},
    {.bitmap_index = 82291, .adv_w = 266, .box_w = 15, .box_h = 16, .ofs_x = 0, .ofs_y = 0},
    {.bitmap_index = 82411, .adv_w = 357, .box_w = 20, .box_h = 16, .ofs_x = 1, .ofs_y = 0},
    {.bitmap_index = 82571, .adv_w = 273, .box_w = 15, .box_h = 16, .ofs_x = 1, .ofs_y = 0},
    {.bitmap_index = 82691, .adv_w = 273, .box_w = 15, .box_h = 16, .ofs_x = 1, .ofs_y = 0},
    {.bitmap_index = 82811, .adv_w = 271, .box_w = 15, .box_h = 16, .ofs_x = 1, .ofs_y = 0},
    {.bitmap_index = 82931, .adv_w = 280, .box_w = 16, .box_h = 22, .ofs_x = 1, .ofs_y = -6},
    {.bitmap_index = 83107, .adv_w = 261, .box_w = 15, .box_h = 16, .ofs_x = 1, .ofs_y = 0},
    {.bitmap_index = 83227, .adv_w = 222, .box_w = 14, .box_h = 16, .ofs_x = 0, .ofs_y = 0},
    {.bitmap_index = 83339, .adv_w = 264, .box_w = 16, .box_h = 22, .ofs_x = 0, .ofs_y = -6},
    {.bitmap_index = 83515, .adv_w = 335, .box_w = 19, .box_h = 27, .ofs_x = 1, .ofs_y = -6},
    {.bitmap_index = 83772, .adv_w = 255, .box_w = 16, .box_h = 16, .ofs_x = 0, .ofs_y = 0},
    {.bitmap_index = 83900, .adv_w = 285, .box_w = 17, .box_h = 21, .ofs_x = 1, .ofs_y = -5},
    {.bitmap_index = 84079, .adv_w = 266, .box_w = 14, .box_h = 16, .ofs_x = 1, .ofs_y = 0},
    {.bitmap_index = 84191, .adv_w = 380, .box_w = 21, .box_h = 16, .ofs_x = 1, .ofs_y = 0},
    {.bitmap_index = 84359, .adv_w = 390, .box_w = 23, .box_h = 21, .ofs_x = 1, .ofs_y = -5},
    {.bitmap_index = 84601, .adv_w = 299, .box_w = 18, .box_h = 16, .ofs_x = 0, .ofs_y = 0},
    {.bitmap_index = 84745, .adv_w = 351, .box_w = 20, .box_h = 16, .ofs_x = 1, .ofs_y = 0},
    {.bitmap_index = 84905, .adv_w = 259, .box_w = 15, .box_h = 16, .ofs_x = 1, .ofs_y = 0},
    {.bitmap_index = 85025, .adv_w = 261, .box_w = 15, .box_h = 16, .ofs_x = 1, .ofs_y = 0},
    {.bitmap_index = 85145, .adv_w = 385, .box_w = 22, .box_h = 16, .ofs_x = 1, .ofs_y = 0},
    {.bitmap_index = 85321, .adv_w = 255, .box_w = 15, .box_h = 16, .ofs_x = 0, .ofs_y = 0},
    {.bitmap_index = 85441, .adv_w = 265, .box_w = 15, .box_h = 23, .ofs_x = 1, .ofs_y = 0},
    {.bitmap_index = 85614, .adv_w = 265, .box_w = 15, .box_h = 22, .ofs_x = 1, .ofs_y = 0},
    {.bitmap_index = 85779, .adv_w = 274, .box_w = 17, .box_h = 27, .ofs_x = -1, .ofs_y = -6},
    {.bitmap_index = 86009, .adv_w = 200, .box_w = 11, .box_h = 22, .ofs_x = 1, .ofs_y = 0},
    {.bitmap_index = 86130, .adv_w = 261, .box_w = 15, .box_h = 16, .ofs_x = 1, .ofs_y = 0},
    {.bitmap_index = 86250, .adv_w = 246, .box_w = 14, .box_h = 16, .ofs_x = 1, .ofs_y = 0},
    {.bitmap_index = 86362, .adv_w = 117, .box_w = 5, .box_h = 23, .ofs_x = 1, .ofs_y = 0},
    {.bitmap_index = 86420, .adv_w = 117, .box_w = 11, .box_h = 22, .ofs_x = -2, .ofs_y = 0},
    {.bitmap_index = 86541, .adv_w = 117, .box_w = 7, .box_h = 28, .ofs_x = -1, .ofs_y = -6},
    {.bitmap_index = 86639, .adv_w = 420, .box_w = 26, .box_h = 16, .ofs_x = 0, .ofs_y = 0},
    {.bitmap_index = 86847, .adv_w = 410, .box_w = 24, .box_h = 16, .ofs_x = 1, .ofs_y = 0},
    {.bitmap_index = 87039, .adv_w = 274, .box_w = 17, .box_h = 21, .ofs_x = -1, .ofs_y = 0},
    {.bitmap_index = 87218, .adv_w = 255, .box_w = 15, .box_h = 22, .ofs_x = 1, .ofs_y = 0},
    {.bitmap_index = 87383, .adv_w = 274, .box_w = 15, .box_h = 22, .ofs_x = 1, .ofs_y = 0},
    {.bitmap_index = 87548, .adv_w = 264, .box_w = 16, .box_h = 28, .ofs_x = 0, .ofs_y = -6},
    {.bitmap_index = 87772, .adv_w = 271, .box_w = 15, .box_h = 21, .ofs_x = 1, .ofs_y = -5},
    {.bitmap_index = 87930, .adv_w = 189, .box_w = 10, .box_h = 4, .ofs_x = 1, .ofs_y = 7},
    {.bitmap_index = 87950, .adv_w = 189, .box_w = 10, .box_h = 4, .ofs_x = 1, .ofs_y = 7},
    {.bitmap_index = 87970, .adv_w = 290, .box_w = 17, .box_h = 4, .ofs_x = 1, .ofs_y = 8},
    {.bitmap_index = 88004, .adv_w = 224, .box_w = 14, .box_h = 4, .ofs_x = 0, .ofs_y = 7},
    {.bitmap_index = 88032, .adv_w = 448, .box_w = 28, .box_h = 4, .ofs_x = 0, .ofs_y = 7},
    {.bitmap_index = 88088, .adv_w = 448, .box_w = 28, .box_h = 4, .ofs_x = 0, .ofs_y = 7},
    {.bitmap_index = 88144, .adv_w = 240, .box_w = 9, .box_h = 35, .ofs_x = 3, .ofs_y = -7},
    {.bitmap_index = 88302, .adv_w = 210, .box_w = 13, .box_h = 6, .ofs_x = 0, .ofs_y = -6},
    {.bitmap_index = 88341, .adv_w = 132, .box_w = 6, .box_h = 9, .ofs_x = 2, .ofs_y = 12},
    {.bitmap_index = 88368, .adv_w = 132, .box_w = 6, .box_h = 9, .ofs_x = 2, .ofs_y = 13},
    {.bitmap_index = 88395, .adv_w = 122, .box_w = 6, .box_h = 9, .ofs_x = 1, .ofs_y = -5},
    {.bitmap_index = 88422, .adv_w = 132, .box_w = 5, .box_h = 9, .ofs_x = 1, .ofs_y = 12},
    {.bitmap_index = 88445, .adv_w = 227, .box_w = 12, .box_h = 9, .ofs_x = 2, .ofs_y = 12},
    {.bitmap_index = 88499, .adv_w = 225, .box_w = 11, .box_h = 9, .ofs_x = 2, .ofs_y = 13},
    {.bitmap_index = 88549, .adv_w = 215, .box_w = 12, .box_h = 9, .ofs_x = 1, .ofs_y = -5},
    {.bitmap_index = 88603, .adv_w = 225, .box_w = 11, .box_h = 9, .ofs_x = 1, .ofs_y = 12},
    {.bitmap_index = 88653, .adv_w = 247, .box_w = 13, .box_h = 16, .ofs_x = 1, .ofs_y = 5},
    {.bitmap_index = 88757, .adv_w = 247, .box_w = 13, .box_h = 21, .ofs_x = 1, .ofs_y = 0},
    {.bitmap_index = 88894, .adv_w = 226, .box_w = 10, .box_h = 10, .ofs_x = 2, .ofs_y = 4},
    {.bitmap_index = 88944, .adv_w = 226, .box_w = 9, .box_h = 10, .ofs_x = 3, .ofs_y = 3},
    {.bitmap_index = 88989, .adv_w = 143, .box_w = 5, .box_h = 5, .ofs_x = 2, .ofs_y = 0},
    {.bitmap_index = 89002, .adv_w = 285, .box_w = 14, .box_h = 5, .ofs_x = 2, .ofs_y = 0},
    {.bitmap_index = 89037, .adv_w = 428, .box_w = 23, .box_h = 5, .ofs_x = 2, .ofs_y = 0},
    {.bitmap_index = 89095, .adv_w = 143, .box_w = 5, .box_h = 5, .ofs_x = 2, .ofs_y = 8},
    {.bitmap_index = 89108, .adv_w = 304, .box_w = 18, .box_h = 21, .ofs_x = 0, .ofs_y = 0}
};

/*---------------------
 *  CHARACTER MAPPING
 *--------------------*/

static const uint8_t glyph_id_ofs_list_4[] = {
    0, 1, 2, 0, 0, 0, 3, 4,
    5, 6, 7, 8, 0, 0, 0, 0,
    9, 10, 11, 12, 13, 14, 15, 0,
    16
};

static const uint16_t unicode_list_7[] = {
    0x0, 0x1, 0x14, 0x15, 0x16, 0x17, 0x18, 0x19,
    0x1a, 0x1d, 0x1e
};

/*Collect the unicode lists and glyph_id offsets*/
static const lv_font_fmt_txt_cmap_t cmaps[] =
{
    {
        .range_start = 32, .range_length = 95, .glyph_id_start = 1,
        .unicode_list = NULL, .glyph_id_ofs_list = NULL, .list_length = 0, .type = LV_FONT_FMT_TXT_CMAP_FORMAT0_TINY
    },
    {
        .range_start = 160, .range_length = 13, .glyph_id_start = 96,
        .unicode_list = NULL, .glyph_id_ofs_list = NULL, .list_length = 0, .type = LV_FONT_FMT_TXT_CMAP_FORMAT0_TINY
    },
    {
        .range_start = 174, .range_length = 155, .glyph_id_start = 109,
        .unicode_list = NULL, .glyph_id_ofs_list = NULL, .list_length = 0, .type = LV_FONT_FMT_TXT_CMAP_FORMAT0_TINY
    },
    {
        .range_start = 330, .range_length = 54, .glyph_id_start = 264,
        .unicode_list = NULL, .glyph_id_ofs_list = NULL, .list_length = 0, .type = LV_FONT_FMT_TXT_CMAP_FORMAT0_TINY
    },
    {
        .range_start = 884, .range_length = 25, .glyph_id_start = 318,
        .unicode_list = NULL, .glyph_id_ofs_list = glyph_id_ofs_list_4, .list_length = 25, .type = LV_FONT_FMT_TXT_CMAP_FORMAT0_FULL
    },
    {
        .range_start = 910, .range_length = 20, .glyph_id_start = 335,
        .unicode_list = NULL, .glyph_id_ofs_list = NULL, .list_length = 0, .type = LV_FONT_FMT_TXT_CMAP_FORMAT0_TINY
    },
    {
        .range_start = 931, .range_length = 53, .glyph_id_start = 355,
        .unicode_list = NULL, .glyph_id_ofs_list = NULL, .list_length = 0, .type = LV_FONT_FMT_TXT_CMAP_FORMAT0_TINY
    },
    {
        .range_start = 988, .range_length = 31, .glyph_id_start = 408,
        .unicode_list = unicode_list_7, .glyph_id_ofs_list = NULL, .list_length = 11, .type = LV_FONT_FMT_TXT_CMAP_SPARSE_TINY
    },
    {
        .range_start = 1020, .range_length = 100, .glyph_id_start = 419,
        .unicode_list = NULL, .glyph_id_ofs_list = NULL, .list_length = 0, .type = LV_FONT_FMT_TXT_CMAP_FORMAT0_TINY
    },
    {
        .range_start = 8208, .range_length = 24, .glyph_id_start = 519,
        .unicode_list = NULL, .glyph_id_ofs_list = NULL, .list_length = 0, .type = LV_FONT_FMT_TXT_CMAP_FORMAT0_TINY
    },
    {
        .range_start = 8364, .range_length = 1, .glyph_id_start = 543,
        .unicode_list = NULL, .glyph_id_ofs_list = NULL, .list_length = 0, .type = LV_FONT_FMT_TXT_CMAP_FORMAT0_TINY
    }
};

/*-----------------
 *    KERNING
 *----------------*/


/*Map glyph_ids to kern left classes*/
static const uint8_t kern_left_class_mapping[] =
{
    0, 0, 0, 1, 0, 2, 3, 4,
    1, 5, 6, 7, 8, 9, 8, 9,
    10, 11, 12, 13, 14, 15, 16, 17,
    18, 14, 11, 19, 19, 0, 20, 21,
    22, 23, 0, 0, 0, 0, 0, 0,
    0, 0, 0, 0, 0, 0, 0, 0,
    0, 0, 0, 0, 0, 0, 0, 0,
    0, 0, 0, 0, 5, 24, 6, 7,
    25, 0, 0, 0, 0, 0, 0, 0,
    0, 0, 0, 0, 0, 0, 0, 0,
    0, 0, 0, 0, 0, 0, 0, 0,
    0, 0, 0, 0, 5, 12, 6, 8,
    0, 26, 27, 0, 0, 0, 0, 0,
    0, 23, 0, 28, 0, 29, 0, 7,
    20, 0, 0, 0, 30, 12, 31, 0,
    0, 0, 32, 0, 0, 0, 33, 0,
    0, 0, 0, 0, 0, 0, 0, 0,
    0, 0, 0, 0, 0, 0, 0, 0,
    0, 0, 0, 0, 0, 0, 34, 0,
    0, 0, 0, 0, 0, 0, 0, 0,
    0, 0, 0, 0, 0, 0, 0, 0,
    0, 0, 0, 0, 0, 0, 0, 0,
    0, 0, 0, 0, 0, 0, 8, 0,
    0, 0, 0, 0, 0, 0, 0, 0,
    0, 0, 0, 0, 0, 0, 0, 0,
    0, 0, 0, 0, 0, 0, 0, 0,
    0, 0, 0, 0, 0, 0, 0, 0,
    0, 0, 0, 0, 0, 0, 0, 0,
    0, 0, 0, 0, 0, 0, 0, 0,
    0, 0, 0, 0, 0, 0, 0, 0,
    0, 0, 0, 0, 0, 0, 0, 0,
    0, 0, 0, 0, 0, 0, 0, 0,
    0, 0, 0, 0, 0, 0, 0, 0,
    0, 0, 0, 0, 0, 0, 0, 0,
    0, 0, 0, 0, 0, 0, 0, 0,
    0, 0, 0, 0, 0, 0, 0, 0,
    0, 0, 0, 0, 0, 0, 0, 0,
    0, 0, 0, 0, 0, 0, 0, 0,
    0, 0, 0, 0, 0, 0, 0, 0,
    0, 0, 0, 0, 0, 0, 0, 0,
    0, 0, 0, 0, 0, 0, 0, 0,
    0, 0, 1, 0, 0, 0, 0, 0,
    0, 0, 0, 0, 0, 35, 0, 0,
    0, 0, 0, 0, 0, 0, 0, 0,
    0, 0, 0, 0, 0, 0, 0, 0,
    0, 0, 0, 0, 0, 0, 0, 0,
    0, 0, 0, 0, 0, 0, 0, 0,
    0, 0, 0, 0, 0, 0, 0, 0,
    0, 0, 0, 0, 0, 0, 0, 0,
    0, 0, 0, 0, 0, 0, 0, 0,
    0, 0, 0, 0, 0, 0, 0, 0,
    0, 0, 0, 0, 0, 0, 0, 0,
    0, 0, 0, 0, 0, 0, 0, 0,
    0, 0, 0, 0, 0, 0, 0, 0,
    0, 0, 0, 0, 0, 0, 0, 0,
    0, 0, 0, 0, 0, 0, 0, 0,
    0, 0, 0, 0, 0, 0, 0, 0,
    0, 0, 0, 0, 0, 0, 0, 0,
    0, 0, 0, 0, 0, 0, 0, 0,
    0, 0, 0, 0, 0, 0, 0, 0,
    0, 0, 0, 0, 0, 0, 0, 0,
    0, 0, 0, 0, 0, 0, 0, 0,
    0, 0, 0, 0, 0, 0, 0, 0,
    0, 0, 0, 0, 0, 0, 0, 0,
    0, 0, 0, 0, 0, 0, 0, 0,
    0, 0, 0, 0, 0, 0, 0, 36,
    37, 38, 0, 36, 37, 38, 0, 39,
    39, 34, 34, 0, 0, 40, 0, 0
};

/*Map glyph_ids to kern right classes*/
static const uint8_t kern_right_class_mapping[] =
{
    0, 1, 2, 3, 4, 5, 0, 6,
    3, 0, 7, 8, 9, 10, 9, 10,
    11, 12, 13, 14, 15, 16, 17, 12,
    18, 19, 20, 21, 21, 22, 23, 0,
    24, 25, 0, 0, 0, 0, 0, 0,
    0, 0, 0, 0, 0, 0, 0, 0,
    0, 0, 0, 0, 0, 0, 0, 0,
    0, 0, 0, 0, 0, 26, 7, 8,
    27, 0, 0, 0, 0, 0, 0, 0,
    0, 0, 0, 0, 0, 0, 0, 0,
    0, 0, 0, 0, 0, 0, 0, 0,
    0, 0, 0, 0, 0, 28, 7, 29,
    0, 0, 30, 0, 0, 0, 0, 0,
    0, 25, 0, 31, 32, 33, 0, 8,
    23, 0, 0, 0, 34, 35, 9, 0,
    0, 0, 36, 0, 0, 0, 37, 0,
    0, 0, 0, 0, 0, 0, 0, 0,
    0, 0, 0, 0, 0, 0, 0, 0,
    0, 0, 0, 0, 0, 0, 36, 0,
    0, 0, 0, 0, 0, 0, 0, 0,
    0, 0, 0, 0, 0, 0, 0, 0,
    0, 0, 0, 0, 0, 0, 0, 0,
    0, 0, 0, 0, 0, 0, 9, 0,
    0, 0, 0, 0, 0, 0, 0, 0,
    0, 0, 0, 0, 0, 0, 0, 0,
    0, 0, 0, 0, 0, 0, 0, 0,
    0, 0, 0, 0, 0, 0, 0, 0,
    0, 0, 0, 0, 0, 0, 0, 0,
    0, 0, 0, 0, 0, 0, 0, 0,
    0, 0, 0, 0, 0, 0, 0, 0,
    0, 0, 0, 0, 0, 0, 0, 0,
    0, 0, 0, 0, 0, 0, 0, 0,
    0, 0, 0, 0, 0, 0, 0, 0,
    0, 0, 0, 0, 0, 0, 0, 0,
    0, 0, 0, 0, 0, 0, 0, 0,
    0, 0, 0, 0, 0, 0, 0, 0,
    0, 0, 0, 0, 0, 0, 0, 0,
    0, 0, 0, 0, 0, 0, 0, 0,
    0, 0, 0, 0, 0, 0, 0, 0,
    0, 0, 0, 0, 0, 0, 0, 0,
    0, 0, 0, 0, 0, 0, 0, 0,
    0, 0, 3, 0, 0, 0, 0, 0,
    0, 0, 0, 0, 0, 38, 0, 0,
    0, 0, 0, 0, 0, 0, 0, 0,
    0, 0, 0, 0, 0, 0, 0, 0,
    0, 0, 0, 0, 0, 0, 0, 0,
    0, 0, 0, 0, 0, 0, 0, 0,
    0, 0, 0, 0, 0, 0, 0, 0,
    0, 0, 0, 0, 0, 0, 0, 0,
    0, 0, 0, 0, 0, 0, 0, 0,
    0, 0, 0, 0, 0, 0, 0, 0,
    0, 0, 0, 0, 0, 0, 0, 0,
    0, 0, 0, 0, 0, 0, 0, 0,
    0, 0, 0, 0, 0, 0, 0, 0,
    0, 0, 0, 0, 0, 0, 0, 0,
    0, 0, 0, 0, 0, 0, 0, 0,
    0, 0, 0, 0, 0, 0, 0, 0,
    0, 0, 0, 0, 0, 0, 0, 0,
    0, 0, 0, 0, 0, 0, 0, 0,
    0, 0, 0, 0, 0, 0, 0, 0,
    0, 0, 0, 0, 0, 0, 0, 0,
    0, 0, 0, 0, 0, 0, 0, 0,
    0, 0, 0, 0, 0, 0, 0, 0,
    0, 0, 0, 0, 0, 0, 0, 0,
    0, 0, 0, 0, 0, 0, 0, 0,
    0, 0, 0, 0, 0, 0, 0, 39,
    40, 41, 42, 39, 40, 41, 43, 44,
    44, 36, 36, 0, 0, 10, 0, 0
};

/*Kern values between classes*/
static const int8_t kern_class_values[] =
{
    0, 0, 0, 0, 0, -15, 0, 0,
    0, -39, 0, 0, 0, 0, 0, -28,
    0, 0, 0, 0, 0, 0, 0, 0,
    0, 0, 0, 0, 0, -8, 0, 0,
    0, 0, 0, 0, 0, -35, 0, 0,
    0, 0, 0, 0, 0, 0, 0, 0,
    0, 0, 0, 0, 0, 0, 0, 0,
    0, 0, 0, 0, 0, 0, 0, 0,
    0, 0, 0, 0, 0, 0, 0, 0,
    0, 0, 0, 0, 0, 0, 0, 0,
    0, -5, 0, 0, 0, 0, 0, 0,
    0, 0, 0, 0, 0, 0, 0, 0,
    0, 0, 0, 0, 0, 0, 0, 0,
    0, 0, 0, 0, 0, 0, 0, 0,
    0, 0, 0, 0, 0, 0, 0, 0,
    0, 0, 0, 0, 0, 0, -28, -30,
    0, 0, 0, 0, 0, 0, -15, 0,
    0, 0, 0, 0, 0, 0, 0, 0,
    0, 0, 0, 0, 0, 0, 0, 0,
    0, 0, 0, 0, 0, -28, 0, 0,
    0, 0, 0, 0, -10, 0, 0, 0,
    0, 0, -41, 0, 0, 0, 0, -18,
    0, 0, 0, 0, 0, 0, 0, 0,
    0, 0, 0, 0, 0, 0, 0, 0,
    0, 0, 0, 0, 0, 0, 0, 0,
    0, 0, 0, 5, 0, -3, 0, 0,
    0, 0, 0, 0, 0, 0, 0, 0,
    0, 0, 0, 0, 0, 0, 0, 0,
    0, 0, 0, 0, 0, 0, 0, 0,
    0, 0, 0, 0, 0, 0, 0, 0,
    0, 0, 0, 0, 0, 0, 0, 0,
    0, 0, 0, 0, 0, 0, 0, 0,
    0, 0, -15, 0, 0, 0, 0, 0,
    0, 0, 0, 0, 0, -15, 0, 0,
    0, -61, 0, 0, 0, 0, 0, -20,
    0, 0, 0, 0, 0, 0, 0, 0,
    -7, 0, -30, 0, 0, 0, 0, 0,
    0, 0, 0, 0, 0, -40, 0, 0,
    0, 0, 0, 0, 0, 0, 0, 0,
    0, 0, 0, 0, 0, 0, 0, 0,
    0, -11, -3, 0, 0, -12, 0, 0,
    0, 0, 0, 0, 0, -21, 0, 0,
    0, 0, 0, 0, 0, 0, -5, 0,
    0, -15, -18, 0, 0, 0, 0, 0,
    -9, -4, -42, 0, 0, 0, 0, 0,
    0, 0, 0, -12, -40, 0, -11, 0,
    -4, -10, -12, -5, 0, 0, 0, -39,
    -20, 0, 0, 0, 0, 0, 0, 0,
    0, 0, -23, 0, 0, 0, 0, -37,
    0, -61, -61, 0, 0, 0, 0, 0,
    0, 0, 0, 0, 0, -18, 0, 0,
    0, 0, 0, 0, 0, 0, 0, 0,
    0, 0, 0, 0, 0, 2, 0, 0,
    0, 0, 0, 0, 0, 0, 0, 0,
    0, -11, 0, 0, 0, 0, 0, 0,
    0, 0, 0, 0, 0, 0, 0, 0,
    0, -12, 0, 0, 0, 0, 0, 0,
    0, -9, 0, 0, 0, 0, 0, 0,
    0, -9, -20, 0, 0, 0, 0, 0,
    0, 0, 0, 0, 0, 0, -20, 0,
    -23, 0, 0, 0, 0, 0, 0, 0,
    0, 0, 5, 0, 0, 0, 0, 0,
    0, 0, 0, 0, 0, 0, 0, 0,
    0, 0, 0, 0, 0, 0, 5, 0,
    0, 0, 0, 0, 0, 0, 0, 0,
    0, 0, 0, 0, 0, 0, 0, 0,
    0, 0, 0, 0, 0, 0, 0, 0,
    0, 0, 0, 0, 0, 0, 0, -7,
    0, 0, 0, 0, 0, 0, 0, 0,
    0, 0, 0, 0, 0, 0, 0, 0,
    0, 0, 0, 0, 0, 0, 0, 0,
    0, 0, 0, 0, 0, 0, 0, 0,
    0, 0, 0, -4, 0, -10, 0, 0,
    0, 0, 0, 0, 0, 0, 0, 0,
    0, 0, 0, 0, 0, 0, 0, 0,
    0, 0, -15, 0, 0, 0, 0, 0,
    0, 0, 0, 0, -23, 0, 0, 0,
    0, 0, 0, 0, 0, 0, 0, -14,
    0, -15, 0, 0, -14, 0, 0, 0,
    0, 0, 0, 0, 0, 0, 0, 0,
    0, 0, 0, 0, 0, 0, 0, 0,
    -2, 0, -19, 0, 0, 0, 0, 0,
    0, 0, 0, 0, 0, 0, 0, 0,
    0, 0, 0, -2, 0, -11, 0, 0,
    0, 0, 0, 0, 0, 0, 0, 0,
    0, 0, 0, 0, 0, 0, 0, 0,
    0, 0, 0, 0, -2, 0, 0, 0,
    0, 0, 0, 0, 0, 0, 0, 0,
    0, 0, 0, 0, 0, 0, 0, 0,
    0, -14, 0, 0, 0, 0, 0, 0,
    0, 0, 0, 0, 0, 0, 0, 0,
    0, 0, -20, 0, 0, 0, 0, 0,
    0, 0, 0, 0, 0, 0, 0, 0,
    -20, 0, 0, 0, 0, 0, 0, -25,
    0, -20, 0, 0, 0, -56, 0, -7,
    0, 0, -7, -26, -4, 9, -6, -4,
    -15, -41, 0, 0, 0, 0, -71, 0,
    0, -23, -28, 0, 0, 0, 0, 0,
    0, -48, 0, 0, -63, 0, 0, 0,
    0, 0, 0, 0, 0, 0, 0, 0,
    0, 0, 0, 0, 0, 0, 0, 0,
    0, 0, 0, 0, 0, 0, 0, 0,
    0, -28, 0, 0, 0, 0, 0, 0,
    0, 0, 0, 0, 0, 0, -20, 0,
    0, 0, 0, 0, 0, 0, 0, 0,
    0, 0, 0, 0, 0, 0, 0, 0,
    0, 0, 0, 0, 0, 0, 0, 0,
    0, 0, 0, 0, 0, -30, 0, 0,
    0, 0, 0, 0, 0, 0, 0, 0,
    0, -23, -25, 0, 0, 0, 0, 0,
    0, 0, 0, 0, 0, 0, 0, 0,
    0, 0, 0, 0, 0, 0, 0, 0,
    0, -33, 0, 0, 0, 0, 0, 0,
    0, -33, 0, 0, 0, 0, 0, 0,
    0, 0, 0, 0, 0, -11, -43, 0,
    0, 0, 0, 0, 0, 0, 0, 0,
    0, 0, 0, 0, 0, 0, 0, 0,
    0, 0, 0, 0, 0, 0, 0, 0,
    0, 0, 0, 0, 0, 0, 0, 0,
    0, 0, 0, 0, 0, 0, 0, 0,
    0, -28, 0, 0, 0, 0, 0, 0,
    0, 0, 0, 0, 0, 0, 0, 0,
    0, -20, -18, 0, 0, 0, 0, 0,
    0, 0, 0, 0, 0, 0, 0, 0,
    0, -17, -18, 0, 0, 0, 0, 0,
    -2, 0, 0, 0, 0, -18, -15, 0,
    -18, 0, 0, 0, 0, 0, -35, 0,
    -5, 0, 0, -40, -15, 0, 6, 0,
    -20, 0, 0, 0, 0, 0, 0, 0,
    0, -11, -23, -28, -18, -22, 0, 0,
    -15, -7, -15, -15, -32, 0, -23, -15,
    0, 7, -19, -25, 0, 0, 0, -33,
    0, 0, 0, 0, 0, 0, 0, -30,
    0, 0, 0, -20, -48, 0, -20, -25,
    -20, 0, -20, -20, 0, 0, 0, 0,
    -18, -35, 0, 15, 0, 0, 0, 0,
    0, 0, -20, 0, 0, 0, -18, 0,
    0, 0, 0, 0, 0, 0, 0, 0,
    0, 0, 0, 0, 0, 0, 0, 0,
    0, 0, 0, 0, 0, 0, 0, 0,
    0, 0, 0, 0, 0, -15, 0, 0,
    0, 0, 0, 0, 0, 0, 0, 0,
    0, 0, -15, 0, 0, 0, 0, 0,
    0, 0, -8, 0, 0, 0, -5, 0,
    0, 0, 0, 0, -15, 0, 0, 0,
    0, 0, 0, 0, 0, 0, 0, 0,
    0, -26, 0, 0, 0, 0, 0, 0,
    -5, 0, 0, 0, 0, -15, -28, -10,
    0, 0, 0, -15, 0, 0, 0, 0,
    0, 0, 0, 0, 0, 0, 0, 0,
    0, 0, 0, 0, 0, 0, 0, 0,
    0, 0, 0, 0, 0, 0, 0, 0,
    0, 0, 0, 0, 0, 0, 0, 0,
    0, -15, 0, 0, 0, 0, 0, 0,
    0, 0, 0, 0, 0, -15, 0, 0,
    0, 0, 0, 0, 0, 0, 0, -22,
    0, 0, 0, 0, 0, 0, 0, 0,
    -2, 0, 0, 0, 0, -13, 0, 0,
    0, 0, 0, 0, 0, -32, 0, 0,
    0, 0, 0, 0, 0, 0, 0, 0,
    0, 0, 0, 0, -17, 0, -15, 0,
    0, 0, 0, 0, 0, 0, 0, 0,
    0, -18, 0, 0, 0, 0, -15, 0,
    -17, 0, 0, -15, 0, 0, 0, 0,
    0, 0, -23, 6, 0, 0, 0, 0,
    0, 0, 0, 0, 0, 0, 0, 0,
    0, 0, 0, 0, 0, -11, -3, 0,
    0, -12, 0, 0, 0, 0, 0, 0,
    0, -18, 0, 0, 0, 0, 0, 0,
    0, 0, -5, 0, 0, -15, -18, 0,
    0, 0, 0, 0, 0, 0, 0, 0,
    0, 0, 0, 0, 0, 0, 0, 0,
    -18, -23, -20, 0, 0, -23, -15, 0,
    0, 0, 0, 0, 0, -28, 0, 0,
    0, 0, 0, 0, 0, 0, 0, 0,
    0, -15, -38, 0, 0, 0, 0, 0,
    0, 0, 0, 0, 0, 0, 0, 0,
    0, 0, 0, 0, 0, 0, 0, 0,
    0, 0, 0, 0, 0, 0, 0, 0,
    0, -47, 0, 0, 0, 0, 0, 0,
    0, 0, 0, 0, 0, 0, -28, -15,
    0, 0, 0, 0, 0, 0, 0, 0,
    0, 0, 0, 0, 0, 0, 0, 0,
    0, 0, 0, 0, 0, 0, 0, 0,
    0, 0, 0, 0, 0, -18, 0, 0,
    0, 0, 0, 0, 0, 0, 0, 0,
    0, -15, 0, 0, 0, 0, 0, 0,
    0, 0, -35, 0, -5, 0, 0, -40,
    -15, 0, 6, 0, -20, 0, 0, 0,
    0, 0, 0, 0, 0, -11, -23, -28,
    -18, -34, 0, 0, -15, -7, -15, -15,
    -32, 0, -23, -15, 0, 7, -58, -46,
    0, 0, 0, -33, 0, 0, 0, 0,
    0, -28, 0, 0, 0, -45, -43, 0,
    0, 0, 0, -28, 0, 0, 0, 0,
    0, 0, 0, 0, 0, 0, 0, 0,
    0, -17, 0, 0, 0, 0, 0, 0,
    -28, -43, 0, 0, -38, 0, 0, 0,
    0, 0, 0, -56, 0, -30, 0, 0,
    -25, -53, -63, -20, 0, 0, 0, -43,
    0, -28, -18, 0, -25, -43, -25, 0,
    -25, 0, -18, 0, -20, -28, -38, -25,
    0, -20, -5, 0, -30, -61, 0, 0,
    0, 0, 0, 0, 0, 0, 0, 0,
    0, 0, 0, 0, 0, 0, 0, 0,
    -30, 0, 0, 0, 0, 0, 0, 0,
    0, 0, 0, 0, -17, -41, 0, 0,
    0, 0, 0, 0, 0, 0, 0, 0,
    0, 0, -56, -43, 0, 0, 0, 0,
    0, 0, 0, 0, 0, -18, 0, 0,
    0, 0, 0, 0, 0, 0, 0, 0,
    0, 0, 0, 0, 0, 0, 0, 0,
    0, 0, 0, 0, 0, -15, 0, 0,
    0, 0, 0, 0, 0, -33, 0, 0,
    0, 0, 0, 0, -9, -4, -42, 0,
    0, 0, 0, 0, 0, 0, 0, -12,
    -40, 0, -11, 0, -4, -10, -12, -5,
    0, 0, 0, -39, -20, 0, 0, 0,
    0, 0, 0, 0, 0, 0, -23, 0,
    0, 0, 0, -37, 0, -61, -81, 0
};


/*Collect the kern class' data in one place*/
static const lv_font_fmt_txt_kern_classes_t kern_classes =
{
    .class_pair_values   = kern_class_values,
    .left_class_mapping  = kern_left_class_mapping,
    .right_class_mapping = kern_right_class_mapping,
    .left_class_cnt      = 40,
    .right_class_cnt     = 44,
};

/*--------------------
 *  ALL CUSTOM DATA
 *--------------------*/

#if LVGL_VERSION_MAJOR == 8
/*Store all the custom data of the font*/
static  lv_font_fmt_txt_glyph_cache_t cache;
#endif

#if LVGL_VERSION_MAJOR >= 8
static const lv_font_fmt_txt_dsc_t font_dsc = {
#else
static lv_font_fmt_txt_dsc_t font_dsc = {
#endif
    .glyph_bitmap = glyph_bitmap,
    .glyph_dsc = glyph_dsc,
    .cmaps = cmaps,
    .kern_dsc = &kern_classes,
    .kern_scale = 16,
    .cmap_num = 11,
    .bpp = 4,
    .kern_classes = 1,
    .bitmap_format = 0,
#if LVGL_VERSION_MAJOR == 8
    .cache = &cache
#endif
};

extern const lv_font_t lv_font_montserrat_28;


/*-----------------
 *  PUBLIC FONT
 *----------------*/

/*Initialize a public general font descriptor*/
#if LVGL_VERSION_MAJOR >= 8
const lv_font_t owl_font_28 = {
#else
lv_font_t owl_font_28 = {
#endif
    .get_glyph_dsc = lv_font_get_glyph_dsc_fmt_txt,    /*Function pointer to get glyph's data*/
    .get_glyph_bitmap = lv_font_get_bitmap_fmt_txt,    /*Function pointer to get glyph's bitmap*/
    .line_height = 36,          /*The maximum line height required by the font*/
    .base_line = 7,             /*Baseline measured from the bottom of the line*/
#if !(LVGL_VERSION_MAJOR == 6 && LVGL_VERSION_MINOR == 0)
    .subpx = LV_FONT_SUBPX_NONE,
#endif
#if LV_VERSION_CHECK(7, 4, 0) || LVGL_VERSION_MAJOR >= 8
    .underline_position = -5,
    .underline_thickness = 2,
#endif
    .dsc = &font_dsc,          /*The custom font data. Will be accessed by `get_glyph_bitmap/dsc` */
#if LV_VERSION_CHECK(8, 2, 0) || LVGL_VERSION_MAJOR >= 9
    .fallback = &lv_font_montserrat_28,
#endif
    .user_data = NULL,
};



#endif /*#if OWL_FONT_28*/

