/*******************************************************************************
 * Size: 14 px
 * Bpp: 4
 * Opts: --font build/fonts/extras/ttf/Inter-Medium.ttf -r 0x20-0x7E,0xA0-0x17F,0x370-0x3FF,0x400-0x45F,0x2010-0x2027,0x20AC --size 14 --bpp 4 --no-compress --format lvgl --lv-include lvgl.h --lv-font-name owl_font_14 --lv-fallback lv_font_montserrat_14 -o firmware/components/owl_ui/fonts/owl_font_14.c
 ******************************************************************************/

#ifdef LV_LVGL_H_INCLUDE_SIMPLE
#include "lvgl.h"
#else
#include "lvgl.h"
#endif

#ifndef OWL_FONT_14
#define OWL_FONT_14 1
#endif

#if OWL_FONT_14

/*-----------------
 *    BITMAPS
 *----------------*/

/*Store the image of the glyphs*/
static LV_ATTRIBUTE_LARGE_CONST const uint8_t glyph_bitmap[] = {
    /* U+0020 " " */

    /* U+0021 "!" */
    0xbf, 0xa, 0xe0, 0xae, 0xa, 0xe0, 0xae, 0x9,
    0xd0, 0x9d, 0x1, 0x20, 0x0, 0xb, 0xe0, 0xad,
    0x0,

    /* U+0022 "\"" */
    0x8e, 0xf, 0x78, 0xe0, 0xf6, 0x7d, 0xf, 0x66,
    0xd0, 0xe5, 0x1, 0x1, 0x0,

    /* U+0023 "#" */
    0x0, 0x2f, 0x0, 0x9a, 0x0, 0x5, 0xe0, 0xb,
    0x70, 0x0, 0x7b, 0x0, 0xe5, 0x1, 0xff, 0xff,
    0xff, 0xfa, 0x4, 0xd8, 0x46, 0xf4, 0x20, 0xe,
    0x40, 0x5e, 0x0, 0x1, 0xf2, 0x7, 0xb0, 0xa,
    0xff, 0xff, 0xff, 0xf0, 0x28, 0xd3, 0x3d, 0x83,
    0x0, 0x8b, 0x0, 0xf4, 0x0, 0xa, 0x80, 0x1f,
    0x10, 0x0,

    /* U+0024 "$" */
    0x0, 0x0, 0xd0, 0x0, 0x0, 0x7, 0xef, 0xe9,
    0x10, 0x8, 0xfa, 0xe8, 0xfb, 0x0, 0xeb, 0xd,
    0x7, 0xe1, 0xe, 0xc0, 0xd0, 0x0, 0x0, 0x8f,
    0xce, 0x10, 0x0, 0x0, 0x6d, 0xff, 0xb2, 0x0,
    0x0, 0xd, 0x7f, 0xd0, 0x1, 0x0, 0xd0, 0x5f,
    0x42, 0xf7, 0xd, 0x6, 0xf3, 0xc, 0xf9, 0xe8,
    0xfd, 0x0, 0x1a, 0xef, 0xea, 0x10, 0x0, 0x0,
    0xd0, 0x0, 0x0, 0x0, 0x6, 0x0, 0x0,

    /* U+0025 "%" */
    0xa, 0xfb, 0x0, 0x0, 0x8b, 0x0, 0x5d, 0x1c,
    0x70, 0x2, 0xf2, 0x0, 0x8a, 0x9, 0x90, 0xc,
    0x70, 0x0, 0x6d, 0xb, 0x70, 0x6c, 0x0, 0x0,
    0xc, 0xfd, 0x11, 0xe3, 0x0, 0x0, 0x0, 0x10,
    0xb, 0x80, 0x0, 0x0, 0x0, 0x0, 0x5d, 0x0,
    0xbe, 0x80, 0x0, 0x1, 0xe4, 0x8, 0xb2, 0xe4,
    0x0, 0x9, 0xa0, 0xb, 0x70, 0xb6, 0x0, 0x4e,
    0x10, 0x8, 0xb1, 0xe4, 0x0, 0xd5, 0x0, 0x1,
    0xcf, 0x90,

    /* U+0026 "&" */
    0x0, 0x7e, 0xf8, 0x0, 0x0, 0x4f, 0x86, 0xf6,
    0x0, 0x7, 0xf0, 0xd, 0x90, 0x0, 0x5f, 0x46,
    0xf5, 0x0, 0x0, 0xcf, 0xf8, 0x0, 0x0, 0x1b,
    0xfc, 0x0, 0x0, 0xc, 0xe7, 0xf7, 0xf, 0x53,
    0xf5, 0x7, 0xf8, 0xf3, 0x4f, 0x40, 0xa, 0xfd,
    0x0, 0xed, 0x66, 0xdf, 0xd0, 0x2, 0xbf, 0xea,
    0x3f, 0x90,

    /* U+0027 "'" */
    0x8e, 0x8e, 0x7d, 0x6d, 0x1,

    /* U+0028 "(" */
    0x0, 0x21, 0x3, 0xf5, 0xa, 0xe0, 0xe, 0x90,
    0x3f, 0x50, 0x6f, 0x20, 0x8f, 0x0, 0x9e, 0x0,
    0x9f, 0x0, 0x7f, 0x10, 0x4f, 0x40, 0xf, 0x90,
    0x9, 0xe0, 0x2, 0xf5,

    /* U+0029 ")" */
    0x2, 0x0, 0x2f, 0x50, 0xc, 0xc0, 0x7, 0xf1,
    0x3, 0xf5, 0x0, 0xf8, 0x0, 0xda, 0x0, 0xcc,
    0x0, 0xdb, 0x0, 0xe9, 0x2, 0xf6, 0x6, 0xf2,
    0xc, 0xc0, 0x3f, 0x40,

    /* U+002A "*" */
    0x0, 0xe, 0x20, 0x0, 0xb4, 0xd4, 0xc2, 0x5,
    0xdf, 0xe7, 0x0, 0x5d, 0xfe, 0x80, 0xa, 0x3d,
    0x3a, 0x20, 0x0, 0xd2, 0x0,

    /* U+002B "+" */
    0x0, 0xf, 0x50, 0x0, 0x0, 0xf, 0x50, 0x0,
    0x1, 0x1f, 0x61, 0x10, 0xbf, 0xff, 0xff, 0xf0,
    0x24, 0x4f, 0x84, 0x40, 0x0, 0xf, 0x50, 0x0,
    0x0, 0xf, 0x50, 0x0,

    /* U+002C "," */
    0x1, 0x20, 0xa, 0xe0, 0xc, 0xa0, 0xe, 0x50,
    0x1f, 0x10,

    /* U+002D "-" */
    0x1, 0x11, 0x10, 0xf, 0xff, 0xf8, 0x4, 0x44,
    0x42,

    /* U+002E "." */
    0x0, 0xb, 0xe0, 0xad, 0x0,

    /* U+002F "/" */
    0x0, 0x4, 0x60, 0x0, 0xba, 0x0, 0xf, 0x60,
    0x3, 0xf1, 0x0, 0x7d, 0x0, 0xc, 0x90, 0x0,
    0xf5, 0x0, 0x4f, 0x10, 0x8, 0xc0, 0x0, 0xc8,
    0x0, 0x1f, 0x40, 0x5, 0xf0, 0x0, 0x9c, 0x0,
    0x0,

    /* U+0030 "0" */
    0x0, 0x5d, 0xfd, 0x50, 0x0, 0x4f, 0xb6, 0xbf,
    0x40, 0xc, 0xd0, 0x0, 0xdc, 0x0, 0xf8, 0x0,
    0x8, 0xf1, 0x2f, 0x60, 0x0, 0x5f, 0x33, 0xf5,
    0x0, 0x4, 0xf4, 0x2f, 0x60, 0x0, 0x5f, 0x30,
    0xf8, 0x0, 0x8, 0xf1, 0xc, 0xd0, 0x0, 0xdc,
    0x0, 0x4f, 0xb6, 0xbf, 0x40, 0x0, 0x5d, 0xfd,
    0x50, 0x0,

    /* U+0031 "1" */
    0x1, 0xbf, 0xb2, 0xde, 0xeb, 0x5c, 0x1d, 0xb1,
    0x0, 0xdb, 0x0, 0xd, 0xb0, 0x0, 0xdb, 0x0,
    0xd, 0xb0, 0x0, 0xdb, 0x0, 0xd, 0xb0, 0x0,
    0xdb, 0x0, 0xd, 0xb0,

    /* U+0032 "2" */
    0x0, 0x8e, 0xfc, 0x30, 0x8, 0xf8, 0x6c, 0xf1,
    0xe, 0xa0, 0x1, 0xf7, 0x4, 0x20, 0x0, 0xf7,
    0x0, 0x0, 0x6, 0xf3, 0x0, 0x0, 0x3f, 0xa0,
    0x0, 0x1, 0xed, 0x0, 0x0, 0x1d, 0xe1, 0x0,
    0x0, 0xce, 0x20, 0x0, 0xb, 0xfa, 0x66, 0x64,
    0xf, 0xff, 0xff, 0xfb,

    /* U+0033 "3" */
    0x0, 0x7d, 0xfd, 0x40, 0x8, 0xf9, 0x6b, 0xf3,
    0xe, 0xa0, 0x0, 0xf9, 0x0, 0x0, 0x0, 0xf9,
    0x0, 0x0, 0x19, 0xf3, 0x0, 0xa, 0xff, 0x60,
    0x0, 0x2, 0x49, 0xf6, 0x0, 0x0, 0x0, 0xbe,
    0x1d, 0x60, 0x0, 0xbe, 0xc, 0xf9, 0x6a, 0xf8,
    0x1, 0x9e, 0xfd, 0x70,

    /* U+0034 "4" */
    0x0, 0x0, 0x2f, 0xf1, 0x0, 0x0, 0xa, 0xff,
    0x10, 0x0, 0x3, 0xfb, 0xf1, 0x0, 0x0, 0xcc,
    0x6f, 0x10, 0x0, 0x4f, 0x36, 0xf1, 0x0, 0xd,
    0xb0, 0x6f, 0x10, 0x6, 0xf2, 0x6, 0xf1, 0x0,
    0xea, 0x11, 0x7f, 0x20, 0x3f, 0xff, 0xff, 0xff,
    0x70, 0x44, 0x44, 0x9f, 0x51, 0x0, 0x0, 0x6,
    0xf1, 0x0,

    /* U+0035 "5" */
    0x8, 0xff, 0xff, 0xf2, 0x9, 0xe6, 0x66, 0x61,
    0xb, 0xb0, 0x0, 0x0, 0xd, 0xa0, 0x0, 0x0,
    0xe, 0xcd, 0xfd, 0x40, 0xb, 0xb5, 0x5d, 0xf2,
    0x0, 0x0, 0x1, 0xf8, 0x0, 0x0, 0x0, 0xea,
    0x1e, 0x60, 0x2, 0xf8, 0xb, 0xf8, 0x6d, 0xe1,
    0x1, 0x9e, 0xfb, 0x20,

    /* U+0036 "6" */
    0x0, 0x3c, 0xfd, 0x60, 0x0, 0x2f, 0xc7, 0xaf,
    0x60, 0xa, 0xe0, 0x0, 0xcd, 0x0, 0xf8, 0x0,
    0x0, 0x0, 0x2f, 0x6b, 0xff, 0x80, 0x3, 0xfe,
    0x94, 0x9f, 0x80, 0x3f, 0xb0, 0x0, 0xbe, 0x1,
    0xf7, 0x0, 0x7, 0xf0, 0xd, 0xc0, 0x0, 0xcd,
    0x0, 0x5f, 0xb6, 0xbf, 0x60, 0x0, 0x5c, 0xfd,
    0x60, 0x0,

    /* U+0037 "7" */
    0x6f, 0xff, 0xff, 0xf6, 0x26, 0x66, 0x6a, 0xf4,
    0x0, 0x0, 0xc, 0xd0, 0x0, 0x0, 0x3f, 0x60,
    0x0, 0x0, 0xae, 0x0, 0x0, 0x2, 0xf7, 0x0,
    0x0, 0x9, 0xf1, 0x0, 0x0, 0x1f, 0x90, 0x0,
    0x0, 0x8f, 0x20, 0x0, 0x0, 0xfa, 0x0, 0x0,
    0x7, 0xf2, 0x0, 0x0,

    /* U+0038 "8" */
    0x0, 0x7d, 0xfd, 0x40, 0x0, 0x6f, 0x95, 0xbf,
    0x30, 0xc, 0xc0, 0x0, 0xf9, 0x0, 0xcb, 0x0,
    0xe, 0x90, 0x6, 0xf5, 0x18, 0xf3, 0x0, 0xa,
    0xff, 0xf7, 0x0, 0x9, 0xf7, 0x48, 0xf6, 0x2,
    0xf7, 0x0, 0xb, 0xe0, 0x2f, 0x70, 0x0, 0xaf,
    0x0, 0xcf, 0x75, 0x9f, 0x90, 0x1, 0x9e, 0xfd,
    0x70, 0x0,

    /* U+0039 "9" */
    0x0, 0x7e, 0xfc, 0x30, 0x0, 0x8f, 0x96, 0xcf,
    0x20, 0xf, 0xa0, 0x1, 0xea, 0x3, 0xf5, 0x0,
    0xa, 0xe0, 0x2f, 0x70, 0x0, 0xdf, 0x0, 0xcf,
    0x41, 0x9f, 0xf0, 0x2, 0xdf, 0xfc, 0x9f, 0x0,
    0x0, 0x22, 0xa, 0xc0, 0xe, 0x80, 0x1, 0xf7,
    0x0, 0x9f, 0x98, 0xed, 0x0, 0x0, 0x9e, 0xfb,
    0x20, 0x0,

    /* U+003A ":" */
    0xad, 0xb, 0xe0, 0x0, 0x0, 0x0, 0x0, 0x0,
    0x0, 0xbe, 0xa, 0xd0,

    /* U+003B ";" */
    0x0, 0x0, 0x8, 0xf2, 0x7, 0xe2, 0x0, 0x0,
    0x0, 0x0, 0x0, 0x0, 0x1, 0x20, 0xa, 0xe0,
    0xc, 0xa0, 0xe, 0x50, 0x1f, 0x10,

    /* U+003C "<" */
    0x0, 0x0, 0x0, 0x0, 0x0, 0x0, 0x6a, 0x0,
    0x6, 0xef, 0x90, 0x6e, 0xfa, 0x20, 0xcf, 0x91,
    0x0, 0x8, 0xfd, 0x60, 0x0, 0x2, 0x9f, 0xe7,
    0x0, 0x0, 0x29, 0xfc, 0x0, 0x0, 0x2, 0x70,

    /* U+003D "=" */
    0x1, 0x11, 0x11, 0x18, 0xff, 0xff, 0xfe, 0x24,
    0x44, 0x44, 0x30, 0x11, 0x11, 0x11, 0x8f, 0xff,
    0xff, 0xe2, 0x44, 0x44, 0x43,

    /* U+003E ">" */
    0x0, 0x0, 0x0, 0x0, 0x69, 0x10, 0x0, 0x0,
    0x4f, 0xf9, 0x10, 0x0, 0x0, 0x7e, 0xf9, 0x10,
    0x0, 0x0, 0x6e, 0xf2, 0x0, 0x3, 0xaf, 0xc1,
    0x4, 0xcf, 0xc4, 0x0, 0x6f, 0xc4, 0x0, 0x0,
    0x44, 0x0, 0x0, 0x0,

    /* U+003F "?" */
    0x3, 0xcf, 0xe7, 0x1, 0xfc, 0x5a, 0xf5, 0x5e,
    0x20, 0xe, 0xa0, 0x0, 0x0, 0xf9, 0x0, 0x1,
    0xcf, 0x30, 0x0, 0xde, 0x30, 0x0, 0x4f, 0x40,
    0x0, 0x3, 0xa0, 0x0, 0x0, 0x0, 0x0, 0x0,
    0x7, 0xf3, 0x0, 0x0, 0x6e, 0x30, 0x0,

    /* U+0040 "@" */
    0x0, 0x1, 0x7c, 0xef, 0xd7, 0x0, 0x0, 0x3,
    0xed, 0x74, 0x47, 0xdd, 0x20, 0x1, 0xeb, 0x0,
    0x0, 0x0, 0xbd, 0x0, 0x8e, 0x0, 0x0, 0x0,
    0x1, 0xe6, 0xe, 0x80, 0x1b, 0xfd, 0xbb, 0x9,
    0xb1, 0xf4, 0xb, 0xc4, 0x6f, 0xb0, 0x6e, 0x3f,
    0x21, 0xf3, 0x0, 0xab, 0x5, 0xf3, 0xf2, 0x2f,
    0x0, 0x8, 0xb0, 0x5e, 0x2f, 0x31, 0xf3, 0x0,
    0xab, 0x7, 0xc0, 0xe7, 0xb, 0xc2, 0x5e, 0xe3,
    0xc7, 0x9, 0xd0, 0x1b, 0xfd, 0x3c, 0xfb, 0x0,
    0x2f, 0xa0, 0x0, 0x0, 0x0, 0x0, 0x0, 0x4f,
    0xd7, 0x44, 0x69, 0x0, 0x0, 0x0, 0x18, 0xdf,
    0xfd, 0xa1, 0x0,

    /* U+0041 "A" */
    0x0, 0x3, 0xff, 0x10, 0x0, 0x0, 0x8, 0xef,
    0x60, 0x0, 0x0, 0xd, 0xac, 0xb0, 0x0, 0x0,
    0x3f, 0x68, 0xf1, 0x0, 0x0, 0x8f, 0x14, 0xf6,
    0x0, 0x0, 0xdd, 0x0, 0xeb, 0x0, 0x2, 0xf9,
    0x11, 0xaf, 0x10, 0x8, 0xff, 0xff, 0xff, 0x60,
    0xd, 0xd4, 0x44, 0x4f, 0xb0, 0x2f, 0x80, 0x0,
    0xa, 0xf1, 0x7f, 0x30, 0x0, 0x4, 0xf6,

    /* U+0042 "B" */
    0xef, 0xff, 0xea, 0x10, 0xec, 0x66, 0x8f, 0xb0,
    0xeb, 0x0, 0x9, 0xf0, 0xeb, 0x0, 0x8, 0xf0,
    0xeb, 0x0, 0x3e, 0x90, 0xef, 0xff, 0xfc, 0x10,
    0xec, 0x33, 0x4d, 0xe1, 0xeb, 0x0, 0x3, 0xf6,
    0xeb, 0x0, 0x2, 0xf6, 0xec, 0x66, 0x7d, 0xf2,
    0xef, 0xff, 0xfc, 0x40,

    /* U+0043 "C" */
    0x0, 0x19, 0xef, 0xd6, 0x0, 0x0, 0xdf, 0xa8,
    0xbf, 0x90, 0x9, 0xf4, 0x0, 0x8, 0xf3, 0xe,
    0xa0, 0x0, 0x1, 0x94, 0x2f, 0x60, 0x0, 0x0,
    0x0, 0x3f, 0x50, 0x0, 0x0, 0x0, 0x2f, 0x60,
    0x0, 0x0, 0x0, 0xe, 0xa0, 0x0, 0x1, 0x94,
    0x9, 0xf4, 0x0, 0x8, 0xf3, 0x0, 0xdf, 0xa8,
    0xbf, 0x90, 0x0, 0x19, 0xef, 0xd7, 0x0,

    /* U+0044 "D" */
    0xef, 0xff, 0xe9, 0x10, 0xe, 0xd6, 0x68, 0xee,
    0x20, 0xeb, 0x0, 0x2, 0xfb, 0xe, 0xb0, 0x0,
    0x8, 0xf1, 0xeb, 0x0, 0x0, 0x4f, 0x4e, 0xb0,
    0x0, 0x3, 0xf5, 0xeb, 0x0, 0x0, 0x5f, 0x4e,
    0xb0, 0x0, 0x8, 0xf1, 0xeb, 0x0, 0x2, 0xfb,
    0xe, 0xd6, 0x79, 0xfe, 0x10, 0xef, 0xff, 0xe9,
    0x10, 0x0,

    /* U+0045 "E" */
    0xef, 0xff, 0xff, 0x8e, 0xc6, 0x66, 0x63, 0xeb,
    0x0, 0x0, 0xe, 0xb0, 0x0, 0x0, 0xeb, 0x11,
    0x11, 0xe, 0xff, 0xff, 0xf3, 0xec, 0x44, 0x44,
    0xe, 0xb0, 0x0, 0x0, 0xeb, 0x0, 0x0, 0xe,
    0xc6, 0x66, 0x63, 0xef, 0xff, 0xff, 0x90,

    /* U+0046 "F" */
    0xef, 0xff, 0xff, 0x7e, 0xc6, 0x66, 0x62, 0xeb,
    0x0, 0x0, 0xe, 0xb0, 0x0, 0x0, 0xeb, 0x11,
    0x11, 0xe, 0xff, 0xff, 0xf0, 0xec, 0x44, 0x44,
    0xe, 0xb0, 0x0, 0x0, 0xeb, 0x0, 0x0, 0xe,
    0xb0, 0x0, 0x0, 0xeb, 0x0, 0x0, 0x0,

    /* U+0047 "G" */
    0x0, 0x19, 0xef, 0xd6, 0x0, 0x0, 0xdf, 0xa8,
    0xcf, 0x80, 0x9, 0xf4, 0x0, 0xa, 0xf2, 0xe,
    0xa0, 0x0, 0x2, 0xd6, 0x2f, 0x60, 0x0, 0x0,
    0x0, 0x3f, 0x50, 0x0, 0x11, 0x10, 0x2f, 0x60,
    0x5, 0xff, 0xfa, 0xe, 0xa0, 0x1, 0x44, 0xf9,
    0x9, 0xf4, 0x0, 0x5, 0xf6, 0x1, 0xdf, 0xa8,
    0xaf, 0xc0, 0x0, 0x19, 0xef, 0xd8, 0x0,

    /* U+0048 "H" */
    0xeb, 0x0, 0x0, 0x4f, 0x4e, 0xb0, 0x0, 0x4,
    0xf4, 0xeb, 0x0, 0x0, 0x4f, 0x4e, 0xb0, 0x0,
    0x4, 0xf4, 0xeb, 0x11, 0x11, 0x5f, 0x4e, 0xff,
    0xff, 0xff, 0xf4, 0xec, 0x44, 0x44, 0x7f, 0x4e,
    0xb0, 0x0, 0x4, 0xf4, 0xeb, 0x0, 0x0, 0x4f,
    0x4e, 0xb0, 0x0, 0x4, 0xf4, 0xeb, 0x0, 0x0,
    0x4f, 0x40,

    /* U+0049 "I" */
    0xeb, 0xeb, 0xeb, 0xeb, 0xeb, 0xeb, 0xeb, 0xeb,
    0xeb, 0xeb, 0xeb,

    /* U+004A "J" */
    0x0, 0x0, 0xa, 0xe0, 0x0, 0x0, 0xae, 0x0,
    0x0, 0xa, 0xe0, 0x0, 0x0, 0xae, 0x0, 0x0,
    0xa, 0xe0, 0x0, 0x0, 0xae, 0x0, 0x0, 0xa,
    0xe5, 0xe2, 0x0, 0xae, 0x4f, 0x40, 0xc, 0xc0,
    0xee, 0x69, 0xf7, 0x2, 0xbf, 0xe8, 0x0,

    /* U+004B "K" */
    0xeb, 0x0, 0x3, 0xfc, 0xe, 0xb0, 0x1, 0xed,
    0x10, 0xeb, 0x0, 0xdf, 0x20, 0xe, 0xa0, 0xbf,
    0x40, 0x0, 0xea, 0x7f, 0x70, 0x0, 0xe, 0xdf,
    0xfa, 0x0, 0x0, 0xef, 0x97, 0xf5, 0x0, 0xe,
    0xc0, 0xd, 0xe1, 0x0, 0xeb, 0x0, 0x3f, 0xa0,
    0xe, 0xb0, 0x0, 0x9f, 0x40, 0xeb, 0x0, 0x0,
    0xde, 0x0,

    /* U+004C "L" */
    0xeb, 0x0, 0x0, 0xe, 0xb0, 0x0, 0x0, 0xeb,
    0x0, 0x0, 0xe, 0xb0, 0x0, 0x0, 0xeb, 0x0,
    0x0, 0xe, 0xb0, 0x0, 0x0, 0xeb, 0x0, 0x0,
    0xe, 0xb0, 0x0, 0x0, 0xeb, 0x0, 0x0, 0xe,
    0xc6, 0x66, 0x61, 0xef, 0xff, 0xff, 0x40,

    /* U+004D "M" */
    0xef, 0x90, 0x0, 0x0, 0xdf, 0xae, 0xfe, 0x0,
    0x0, 0x2f, 0xfa, 0xec, 0xf4, 0x0, 0x8, 0xed,
    0xae, 0x9e, 0xa0, 0x0, 0xd9, 0xda, 0xea, 0x9f,
    0x0, 0x3f, 0x5e, 0xae, 0xa3, 0xf5, 0x9, 0xf0,
    0xea, 0xea, 0xe, 0xb0, 0xea, 0xe, 0xae, 0xa0,
    0x8f, 0x3f, 0x40, 0xea, 0xea, 0x2, 0xfa, 0xe0,
    0xe, 0xae, 0xa0, 0xd, 0xf9, 0x0, 0xea, 0xea,
    0x0, 0x7f, 0x30, 0xe, 0xa0,

    /* U+004E "N" */
    0xef, 0x30, 0x0, 0x2f, 0x7e, 0xfc, 0x0, 0x2,
    0xf7, 0xec, 0xf6, 0x0, 0x2f, 0x7e, 0xaa, 0xe0,
    0x2, 0xf7, 0xeb, 0x2f, 0x90, 0x2f, 0x7e, 0xb0,
    0x9f, 0x22, 0xf7, 0xeb, 0x1, 0xeb, 0x1f, 0x7e,
    0xb0, 0x6, 0xf5, 0xf7, 0xeb, 0x0, 0xc, 0xcf,
    0x7e, 0xb0, 0x0, 0x3f, 0xf7, 0xeb, 0x0, 0x0,
    0xaf, 0x70,

    /* U+004F "O" */
    0x0, 0x19, 0xef, 0xd6, 0x0, 0x0, 0xdf, 0xa8,
    0xbf, 0xa0, 0x9, 0xf4, 0x0, 0x8, 0xf4, 0xe,
    0xa0, 0x0, 0x0, 0xea, 0x2f, 0x60, 0x0, 0x0,
    0xad, 0x3f, 0x50, 0x0, 0x0, 0x9e, 0x2f, 0x60,
    0x0, 0x0, 0xad, 0xe, 0xa0, 0x0, 0x0, 0xea,
    0x9, 0xf4, 0x0, 0x8, 0xf4, 0x0, 0xdf, 0xa8,
    0xbf, 0xa0, 0x0, 0x19, 0xef, 0xd6, 0x0,

    /* U+0050 "P" */
    0xef, 0xff, 0xe9, 0x0, 0xec, 0x66, 0x9f, 0xb0,
    0xeb, 0x0, 0x8, 0xf2, 0xeb, 0x0, 0x4, 0xf4,
    0xeb, 0x0, 0x6, 0xf3, 0xeb, 0x11, 0x4e, 0xd0,
    0xef, 0xff, 0xfd, 0x20, 0xec, 0x44, 0x30, 0x0,
    0xeb, 0x0, 0x0, 0x0, 0xeb, 0x0, 0x0, 0x0,
    0xeb, 0x0, 0x0, 0x0,

    /* U+0051 "Q" */
    0x0, 0x19, 0xef, 0xd6, 0x0, 0x0, 0xdf, 0xa8,
    0xbf, 0x90, 0x9, 0xf4, 0x0, 0x8, 0xf4, 0xe,
    0xa0, 0x0, 0x0, 0xea, 0x2f, 0x60, 0x0, 0x0,
    0xad, 0x3f, 0x50, 0x0, 0x0, 0x9e, 0x2f, 0x60,
    0x0, 0x0, 0xad, 0xe, 0xa0, 0x8, 0x50, 0xea,
    0x9, 0xf4, 0x5, 0xfa, 0xf4, 0x0, 0xdf, 0xa8,
    0xef, 0xa0, 0x0, 0x19, 0xef, 0xde, 0x90, 0x0,
    0x0, 0x0, 0x4, 0xf4,

    /* U+0052 "R" */
    0xef, 0xff, 0xe9, 0x0, 0xec, 0x66, 0x9f, 0xb0,
    0xeb, 0x0, 0x8, 0xf2, 0xeb, 0x0, 0x4, 0xf4,
    0xeb, 0x0, 0x6, 0xf3, 0xeb, 0x11, 0x4e, 0xe0,
    0xef, 0xff, 0xfe, 0x30, 0xec, 0x44, 0xfb, 0x0,
    0xeb, 0x0, 0x7f, 0x40, 0xeb, 0x0, 0xe, 0xd0,
    0xeb, 0x0, 0x5, 0xf6,

    /* U+0053 "S" */
    0x0, 0x6d, 0xfe, 0x80, 0x0, 0x8f, 0xa6, 0x9f,
    0xb0, 0xe, 0xb0, 0x0, 0x7e, 0x10, 0xeb, 0x0,
    0x0, 0x0, 0x8, 0xfc, 0x61, 0x0, 0x0, 0x6,
    0xdf, 0xfb, 0x20, 0x0, 0x0, 0x27, 0xed, 0x0,
    0x20, 0x0, 0x5, 0xf4, 0x2f, 0x80, 0x0, 0x6f,
    0x30, 0xbf, 0x97, 0x9f, 0xc0, 0x0, 0x8d, 0xfe,
    0x91, 0x0,

    /* U+0054 "T" */
    0x6f, 0xff, 0xff, 0xff, 0x82, 0x66, 0x8f, 0x96,
    0x63, 0x0, 0x3, 0xf5, 0x0, 0x0, 0x0, 0x3f,
    0x50, 0x0, 0x0, 0x3, 0xf5, 0x0, 0x0, 0x0,
    0x3f, 0x50, 0x0, 0x0, 0x3, 0xf5, 0x0, 0x0,
    0x0, 0x3f, 0x50, 0x0, 0x0, 0x3, 0xf5, 0x0,
    0x0, 0x0, 0x3f, 0x50, 0x0, 0x0, 0x3, 0xf5,
    0x0, 0x0,

    /* U+0055 "U" */
    0xeb, 0x0, 0x0, 0x5f, 0x3e, 0xb0, 0x0, 0x5,
    0xf3, 0xeb, 0x0, 0x0, 0x5f, 0x3e, 0xb0, 0x0,
    0x5, 0xf3, 0xeb, 0x0, 0x0, 0x5f, 0x3e, 0xb0,
    0x0, 0x5, 0xf3, 0xeb, 0x0, 0x0, 0x5f, 0x3d,
    0xc0, 0x0, 0x6, 0xf2, 0x9f, 0x20, 0x0, 0xce,
    0x2, 0xef, 0x98, 0xdf, 0x60, 0x2, 0xae, 0xfc,
    0x50, 0x0,

    /* U+0056 "V" */
    0x7f, 0x30, 0x0, 0x4, 0xf6, 0x2f, 0x80, 0x0,
    0x9, 0xf1, 0xd, 0xd0, 0x0, 0xe, 0xb0, 0x7,
    0xf2, 0x0, 0x3f, 0x60, 0x2, 0xf7, 0x0, 0x8f,
    0x10, 0x0, 0xdc, 0x0, 0xdc, 0x0, 0x0, 0x7f,
    0x22, 0xf6, 0x0, 0x0, 0x2f, 0x66, 0xf1, 0x0,
    0x0, 0xc, 0xbb, 0xc0, 0x0, 0x0, 0x7, 0xff,
    0x60, 0x0, 0x0, 0x2, 0xff, 0x10, 0x0,

    /* U+0057 "W" */
    0x8f, 0x10, 0x0, 0xff, 0x0, 0x1, 0xf8, 0x4f,
    0x50, 0x3, 0xff, 0x30, 0x5, 0xf4, 0xf, 0x90,
    0x6, 0xee, 0x70, 0x8, 0xf1, 0xc, 0xc0, 0xa,
    0xbb, 0xb0, 0xc, 0xc0, 0x8, 0xf0, 0xe, 0x87,
    0xe0, 0xf, 0x80, 0x4, 0xf4, 0x2f, 0x43, 0xf2,
    0x4f, 0x40, 0x0, 0xf7, 0x6f, 0x0, 0xf6, 0x7f,
    0x10, 0x0, 0xcb, 0x9c, 0x0, 0xb9, 0xac, 0x0,
    0x0, 0x8e, 0xc8, 0x0, 0x8d, 0xd8, 0x0, 0x0,
    0x4f, 0xf4, 0x0, 0x4f, 0xf4, 0x0, 0x0, 0xf,
    0xf0, 0x0, 0xf, 0xf0, 0x0,

    /* U+0058 "X" */
    0x1f, 0xc0, 0x0, 0xd, 0xd0, 0x6, 0xf6, 0x0,
    0x8f, 0x40, 0x0, 0xce, 0x2, 0xf9, 0x0, 0x0,
    0x2f, 0x8b, 0xe1, 0x0, 0x0, 0x8, 0xff, 0x50,
    0x0, 0x0, 0x2, 0xff, 0x0, 0x0, 0x0, 0xb,
    0xef, 0x90, 0x0, 0x0, 0x5f, 0x59, 0xf3, 0x0,
    0x1, 0xec, 0x0, 0xed, 0x0, 0xa, 0xf2, 0x0,
    0x5f, 0x70, 0x4f, 0x70, 0x0, 0xb, 0xf2,

    /* U+0059 "Y" */
    0x6f, 0x70, 0x0, 0xa, 0xf2, 0xc, 0xe0, 0x0,
    0x3f, 0x80, 0x3, 0xf8, 0x0, 0xce, 0x10, 0x0,
    0xaf, 0x14, 0xf6, 0x0, 0x0, 0x2f, 0x9c, 0xd0,
    0x0, 0x0, 0x8, 0xff, 0x40, 0x0, 0x0, 0x0,
    0xfc, 0x0, 0x0, 0x0, 0x0, 0xea, 0x0, 0x0,
    0x0, 0x0, 0xea, 0x0, 0x0, 0x0, 0x0, 0xea,
    0x0, 0x0, 0x0, 0x0, 0xea, 0x0, 0x0,

    /* U+005A "Z" */
    0x3f, 0xff, 0xff, 0xff, 0x11, 0x66, 0x66, 0x6e,
    0xd0, 0x0, 0x0, 0x7, 0xf3, 0x0, 0x0, 0x2,
    0xf9, 0x0, 0x0, 0x0, 0xbe, 0x10, 0x0, 0x0,
    0x5f, 0x50, 0x0, 0x0, 0x1e, 0xb0, 0x0, 0x0,
    0x9, 0xf2, 0x0, 0x0, 0x3, 0xf7, 0x0, 0x0,
    0x0, 0xde, 0x55, 0x55, 0x50, 0x2f, 0xff, 0xff,
    0xff, 0x20,

    /* U+005B "[" */
    0x0, 0x0, 0x9f, 0xf6, 0x9e, 0x31, 0x9e, 0x0,
    0x9e, 0x0, 0x9e, 0x0, 0x9e, 0x0, 0x9e, 0x0,
    0x9e, 0x0, 0x9e, 0x0, 0x9e, 0x0, 0x9e, 0x0,
    0x9e, 0x0, 0x9f, 0xf6, 0x13, 0x31,

    /* U+005C "\\" */
    0x55, 0x0, 0x7, 0xe0, 0x0, 0x3f, 0x20, 0x0,
    0xe6, 0x0, 0xa, 0xa0, 0x0, 0x6e, 0x0, 0x2,
    0xf3, 0x0, 0xe, 0x70, 0x0, 0x9b, 0x0, 0x5,
    0xf0, 0x0, 0x1f, 0x30, 0x0, 0xd8, 0x0, 0x9,
    0xc0,

    /* U+005D "]" */
    0x0, 0x0, 0x3f, 0xfb, 0x3, 0xcb, 0x0, 0xbb,
    0x0, 0xbb, 0x0, 0xbb, 0x0, 0xbb, 0x0, 0xbb,
    0x0, 0xbb, 0x0, 0xbb, 0x0, 0xbb, 0x0, 0xbb,
    0x0, 0xbb, 0x3f, 0xfb, 0x3, 0x32,

    /* U+005E "^" */
    0x0, 0x48, 0x10, 0x0, 0xd, 0xf8, 0x0, 0x5,
    0xe5, 0xe0, 0x0, 0xc8, 0xd, 0x70, 0x3f, 0x10,
    0x6e, 0x0,

    /* U+005F "_" */
    0x11, 0x11, 0x11, 0xf, 0xff, 0xff, 0xf7, 0x44,
    0x44, 0x44, 0x10,

    /* U+0060 "`" */
    0x11, 0x8, 0xd0, 0xd, 0x50,

    /* U+0061 "a" */
    0x2, 0xbe, 0xea, 0x0, 0xed, 0x56, 0xea, 0x2,
    0x10, 0x9, 0xe0, 0x17, 0xac, 0xff, 0x1e, 0xd7,
    0x59, 0xf6, 0xf1, 0x0, 0xbf, 0x4f, 0x94, 0x8f,
    0xf0, 0x7e, 0xfa, 0x8f,

    /* U+0062 "b" */
    0xf8, 0x0, 0x0, 0xf, 0x80, 0x0, 0x0, 0xf8,
    0x0, 0x0, 0xf, 0x89, 0xfe, 0x60, 0xfe, 0xa5,
    0xaf, 0x5f, 0xc0, 0x0, 0xdc, 0xf8, 0x0, 0x9,
    0xff, 0x80, 0x0, 0xaf, 0xfc, 0x0, 0xd, 0xcf,
    0xea, 0x5b, 0xf5, 0xf7, 0x9f, 0xe7, 0x0,

    /* U+0063 "c" */
    0x0, 0x8e, 0xfb, 0x30, 0xa, 0xf7, 0x5c, 0xf1,
    0x1f, 0x80, 0x1, 0x82, 0x4f, 0x40, 0x0, 0x0,
    0x4f, 0x40, 0x0, 0x0, 0x1f, 0x80, 0x1, 0x92,
    0xa, 0xf7, 0x5c, 0xf1, 0x0, 0x8e, 0xfb, 0x30,

    /* U+0064 "d" */
    0x0, 0x0, 0x0, 0xda, 0x0, 0x0, 0x0, 0xda,
    0x0, 0x0, 0x0, 0xda, 0x1, 0xaf, 0xe5, 0xda,
    0xb, 0xf7, 0x6c, 0xfa, 0x2f, 0x80, 0x2, 0xfa,
    0x4f, 0x40, 0x0, 0xea, 0x4f, 0x40, 0x0, 0xea,
    0x2f, 0x80, 0x2, 0xfa, 0xb, 0xf7, 0x6d, 0xea,
    0x1, 0xaf, 0xd5, 0xda,

    /* U+0065 "e" */
    0x0, 0x8e, 0xfb, 0x20, 0xa, 0xe6, 0x5c, 0xe1,
    0x1f, 0x50, 0x1, 0xf6, 0x4f, 0xff, 0xff, 0xf9,
    0x4f, 0x52, 0x22, 0x21, 0x1f, 0x70, 0x0, 0x51,
    0xa, 0xf7, 0x5b, 0xf2, 0x0, 0x8e, 0xfc, 0x40,

    /* U+0066 "f" */
    0x0, 0x8e, 0xe0, 0x4, 0xf9, 0x50, 0x6, 0xf1,
    0x0, 0xdf, 0xff, 0xc0, 0x39, 0xf5, 0x30, 0x6,
    0xf1, 0x0, 0x6, 0xf1, 0x0, 0x6, 0xf1, 0x0,
    0x6, 0xf1, 0x0, 0x6, 0xf1, 0x0, 0x6, 0xf1,
    0x0,

    /* U+0067 "g" */
    0x0, 0xaf, 0xe5, 0xda, 0xa, 0xf7, 0x6d, 0xea,
    0x1f, 0x80, 0x2, 0xfa, 0x4f, 0x40, 0x0, 0xea,
    0x4f, 0x30, 0x0, 0xea, 0x2f, 0x70, 0x1, 0xfa,
    0xb, 0xf7, 0x5c, 0xfa, 0x1, 0xaf, 0xe5, 0xda,
    0x0, 0x0, 0x0, 0xe9, 0xb, 0xd5, 0x4a, 0xf4,
    0x2, 0xae, 0xfd, 0x50,

    /* U+0068 "h" */
    0xf8, 0x0, 0x0, 0xf, 0x80, 0x0, 0x0, 0xf8,
    0x0, 0x0, 0xf, 0x89, 0xfd, 0x50, 0xfe, 0x96,
    0xdf, 0x2f, 0xb0, 0x3, 0xf5, 0xf8, 0x0, 0x1f,
    0x6f, 0x80, 0x1, 0xf6, 0xf8, 0x0, 0x1f, 0x6f,
    0x80, 0x1, 0xf6, 0xf8, 0x0, 0x1f, 0x60,

    /* U+0069 "i" */
    0x1e, 0x80, 0xb6, 0x0, 0x0, 0xf8, 0xf, 0x80,
    0xf8, 0xf, 0x80, 0xf8, 0xf, 0x80, 0xf8, 0xf,
    0x80,

    /* U+006A "j" */
    0x1, 0xe8, 0x0, 0xb6, 0x0, 0x0, 0x0, 0xf8,
    0x0, 0xf8, 0x0, 0xf8, 0x0, 0xf8, 0x0, 0xf8,
    0x0, 0xf8, 0x0, 0xf8, 0x0, 0xf8, 0x0, 0xf7,
    0x18, 0xf5, 0x3e, 0x90,

    /* U+006B "k" */
    0xf8, 0x0, 0x0, 0xf, 0x80, 0x0, 0x0, 0xf8,
    0x0, 0x0, 0xf, 0x80, 0xb, 0xe1, 0xf8, 0xa,
    0xf3, 0xf, 0x88, 0xf4, 0x0, 0xfe, 0xf9, 0x0,
    0xf, 0xfc, 0xf2, 0x0, 0xf8, 0x1e, 0xd0, 0xf,
    0x80, 0x4f, 0x90, 0xf8, 0x0, 0x8f, 0x50,

    /* U+006C "l" */
    0xf8, 0xf8, 0xf8, 0xf8, 0xf8, 0xf8, 0xf8, 0xf8,
    0xf8, 0xf8, 0xf8,

    /* U+006D "m" */
    0xf7, 0xaf, 0xc1, 0x8e, 0xe7, 0xf, 0xe6, 0x5e,
    0xda, 0x4a, 0xf3, 0xf9, 0x0, 0x9f, 0x0, 0x1f,
    0x6f, 0x80, 0x8, 0xf0, 0x1, 0xf6, 0xf8, 0x0,
    0x8f, 0x0, 0x1f, 0x6f, 0x80, 0x8, 0xf0, 0x1,
    0xf6, 0xf8, 0x0, 0x8f, 0x0, 0x1f, 0x6f, 0x80,
    0x8, 0xf0, 0x1, 0xf6,

    /* U+006E "n" */
    0xf7, 0xaf, 0xd5, 0xf, 0xe7, 0x5c, 0xf1, 0xfa,
    0x0, 0x3f, 0x5f, 0x80, 0x1, 0xf6, 0xf8, 0x0,
    0x1f, 0x6f, 0x80, 0x1, 0xf6, 0xf8, 0x0, 0x1f,
    0x6f, 0x80, 0x1, 0xf6,

    /* U+006F "o" */
    0x0, 0x8e, 0xfc, 0x30, 0xa, 0xf7, 0x5c, 0xf1,
    0x1f, 0x80, 0x1, 0xf8, 0x4f, 0x40, 0x0, 0xcb,
    0x4f, 0x40, 0x0, 0xcb, 0x1f, 0x80, 0x1, 0xf8,
    0xa, 0xf7, 0x5c, 0xf2, 0x0, 0x8e, 0xfc, 0x30,

    /* U+0070 "p" */
    0xf7, 0x9f, 0xe6, 0xf, 0xe8, 0x49, 0xf5, 0xfc,
    0x0, 0xd, 0xcf, 0x80, 0x0, 0x9f, 0xf8, 0x0,
    0xa, 0xff, 0xd0, 0x0, 0xdc, 0xfe, 0xa5, 0xbf,
    0x5f, 0x89, 0xfe, 0x70, 0xf8, 0x0, 0x0, 0xf,
    0x80, 0x0, 0x0, 0xf8, 0x0, 0x0, 0x0,

    /* U+0071 "q" */
    0x1, 0xaf, 0xe5, 0xda, 0xb, 0xf7, 0x6c, 0xea,
    0x2f, 0x80, 0x2, 0xfa, 0x4f, 0x40, 0x0, 0xea,
    0x4f, 0x40, 0x0, 0xea, 0x2f, 0x80, 0x2, 0xfa,
    0xb, 0xf7, 0x6d, 0xfa, 0x1, 0xaf, 0xd5, 0xda,
    0x0, 0x0, 0x0, 0xda, 0x0, 0x0, 0x0, 0xda,
    0x0, 0x0, 0x0, 0xda,

    /* U+0072 "r" */
    0xf8, 0xbf, 0x1f, 0xf9, 0x50, 0xfa, 0x0, 0xf,
    0x80, 0x0, 0xf8, 0x0, 0xf, 0x80, 0x0, 0xf8,
    0x0, 0xf, 0x80, 0x0,

    /* U+0073 "s" */
    0x3, 0xcf, 0xe9, 0x0, 0xec, 0x45, 0xf8, 0xf,
    0x80, 0x1, 0x0, 0xaf, 0xc8, 0x30, 0x0, 0x48,
    0xdf, 0x70, 0x41, 0x0, 0xbd, 0x1f, 0xb4, 0x6e,
    0xa0, 0x4c, 0xfe, 0x91,

    /* U+0074 "t" */
    0xc, 0xc0, 0x0, 0xcc, 0x0, 0xdf, 0xff, 0x43,
    0xdd, 0x41, 0xc, 0xc0, 0x0, 0xcc, 0x0, 0xc,
    0xc0, 0x0, 0xbc, 0x0, 0xa, 0xe6, 0x10, 0x2c,
    0xf5,

    /* U+0075 "u" */
    0xf8, 0x0, 0x1f, 0x6f, 0x80, 0x1, 0xf6, 0xf8,
    0x0, 0x1f, 0x6f, 0x80, 0x1, 0xf6, 0xf8, 0x0,
    0x1f, 0x6e, 0xa0, 0x4, 0xf6, 0xaf, 0x86, 0xcf,
    0x61, 0xbf, 0xd3, 0xf6,

    /* U+0076 "v" */
    0x8f, 0x10, 0x1, 0xf8, 0x2f, 0x70, 0x6, 0xf2,
    0xc, 0xc0, 0xb, 0xd0, 0x6, 0xf1, 0x1f, 0x70,
    0x1, 0xf6, 0x6f, 0x10, 0x0, 0xbb, 0xab, 0x0,
    0x0, 0x5f, 0xe6, 0x0, 0x0, 0xf, 0xf0, 0x0,

    /* U+0077 "w" */
    0x7f, 0x10, 0x1f, 0xa0, 0x8, 0xf1, 0x2f, 0x50,
    0x5f, 0xe0, 0xc, 0xc0, 0xe, 0x90, 0x9b, 0xf2,
    0xf, 0x70, 0x9, 0xd0, 0xd6, 0xc6, 0x4f, 0x30,
    0x5, 0xf2, 0xf2, 0x8a, 0x8e, 0x0, 0x0, 0xf9,
    0xe0, 0x4e, 0xba, 0x0, 0x0, 0xbf, 0x90, 0xf,
    0xf5, 0x0, 0x0, 0x7f, 0x50, 0xb, 0xf1, 0x0,

    /* U+0078 "x" */
    0x2f, 0x80, 0xa, 0xe1, 0x8, 0xf2, 0x4f, 0x50,
    0x0, 0xda, 0xcb, 0x0, 0x0, 0x4f, 0xf2, 0x0,
    0x0, 0x6f, 0xf2, 0x0, 0x1, 0xe8, 0xcc, 0x0,
    0xa, 0xe1, 0x3f, 0x70, 0x4f, 0x50, 0x9, 0xf2,

    /* U+0079 "y" */
    0x8f, 0x10, 0x1, 0xf8, 0x2f, 0x70, 0x6, 0xf2,
    0xc, 0xc0, 0xb, 0xd0, 0x6, 0xf1, 0x1f, 0x70,
    0x1, 0xf7, 0x6f, 0x10, 0x0, 0xbb, 0xbb, 0x0,
    0x0, 0x5f, 0xf5, 0x0, 0x0, 0xe, 0xf0, 0x0,
    0x0, 0xe, 0xa0, 0x0, 0x4, 0x9f, 0x30, 0x0,
    0xe, 0xe6, 0x0, 0x0,

    /* U+007A "z" */
    0xf, 0xff, 0xff, 0xd0, 0x66, 0x68, 0xf9, 0x0,
    0x0, 0xdd, 0x0, 0x0, 0x9f, 0x20, 0x0, 0x5f,
    0x60, 0x0, 0x2f, 0xb0, 0x0, 0xc, 0xf7, 0x66,
    0x62, 0xff, 0xff, 0xff,

    /* U+007B "{" */
    0x0, 0x8, 0xe5, 0x0, 0x5f, 0x71, 0x0, 0x8e,
    0x0, 0x0, 0x8e, 0x0, 0x0, 0x8d, 0x0, 0x0,
    0xcc, 0x0, 0xf, 0xc2, 0x0, 0x9, 0xf7, 0x0,
    0x0, 0x9d, 0x0, 0x0, 0x8e, 0x0, 0x0, 0x8e,
    0x0, 0x0, 0x6f, 0x40, 0x0, 0xc, 0xf6, 0x0,
    0x0, 0x11,

    /* U+007C "|" */
    0x28, 0x4, 0xf1, 0x4f, 0x14, 0xf1, 0x4f, 0x14,
    0xf1, 0x4f, 0x14, 0xf1, 0x4f, 0x14, 0xf1, 0x4f,
    0x14, 0xf1, 0x4f, 0x14, 0xf1, 0x4f, 0x14, 0xf1,
    0x4f, 0x14, 0xf1,

    /* U+007D "}" */
    0x3e, 0xa0, 0x0, 0x6, 0xf7, 0x0, 0x0, 0xba,
    0x0, 0x0, 0xbb, 0x0, 0x0, 0xbb, 0x0, 0x0,
    0x8e, 0x40, 0x0, 0xa, 0xf3, 0x0, 0x6f, 0x71,
    0x0, 0xbb, 0x0, 0x0, 0xbb, 0x0, 0x0, 0xba,
    0x0, 0x2, 0xe8, 0x0, 0x3f, 0xd1, 0x0, 0x1,
    0x0, 0x0,

    /* U+007E "~" */
    0x0, 0x0, 0x0, 0x0, 0x2e, 0xf6, 0x1, 0xd2,
    0xac, 0x6f, 0x66, 0xf1, 0xd7, 0x4, 0xff, 0x90,
    0x0, 0x0, 0x13, 0x0,

    /* U+00A0 "?" */

    /* U+00A1 "?" */
    0xad, 0xb, 0xe0, 0x0, 0x1, 0x20, 0x9d, 0x9,
    0xe0, 0xae, 0xa, 0xe0, 0xae, 0xa, 0xf0, 0xbf,
    0x0,

    /* U+00A2 "?" */
    0x0, 0x3, 0x90, 0x0, 0x0, 0x4b, 0xd7, 0x0,
    0x6, 0xfe, 0xef, 0xc0, 0xf, 0xb3, 0x94, 0xe3,
    0x3f, 0x53, 0x90, 0x0, 0x5f, 0x33, 0x90, 0x0,
    0x3f, 0x53, 0x90, 0x0, 0xf, 0xb3, 0x94, 0xf3,
    0x6, 0xfe, 0xdf, 0xc0, 0x0, 0x4b, 0xd8, 0x0,
    0x0, 0x3, 0x90, 0x0,

    /* U+00A3 "?" */
    0x0, 0x1b, 0xfe, 0x80, 0x0, 0xde, 0x79, 0xf7,
    0x3, 0xf5, 0x0, 0xab, 0x4, 0xf2, 0x0, 0x0,
    0x4, 0xf2, 0x0, 0x0, 0x4f, 0xff, 0xff, 0x40,
    0x5, 0xf5, 0x22, 0x0, 0x3, 0xf4, 0x0, 0x0,
    0x3, 0xf3, 0x0, 0x25, 0x1b, 0xd6, 0x66, 0xbe,
    0x4f, 0xff, 0xff, 0xe6,

    /* U+00A4 "?" */
    0x0, 0x0, 0x0, 0x0, 0x0, 0xd, 0x69, 0xee,
    0xb4, 0xd3, 0x7, 0xfc, 0x43, 0x9f, 0xc0, 0x8,
    0xc0, 0x0, 0x8, 0xc0, 0xd, 0x50, 0x0, 0x1,
    0xf1, 0xe, 0x30, 0x0, 0x0, 0xf3, 0xd, 0x50,
    0x0, 0x1, 0xf1, 0x8, 0xc0, 0x0, 0x9, 0xc0,
    0x9, 0xfc, 0x54, 0x9f, 0xd1, 0xa, 0x49, 0xee,
    0xb3, 0xb2,

    /* U+00A5 "?" */
    0x9f, 0x10, 0x4, 0xf6, 0x3f, 0x60, 0xa, 0xf0,
    0xc, 0xc0, 0xf, 0x90, 0x6, 0xf2, 0x5f, 0x30,
    0x0, 0xf8, 0xbc, 0x0, 0x0, 0x9e, 0xf6, 0x0,
    0x1f, 0xff, 0xff, 0xc0, 0x2, 0x2e, 0xb2, 0x10,
    0x1f, 0xff, 0xff, 0xc0, 0x2, 0x2e, 0xb2, 0x10,
    0x0, 0xe, 0xa0, 0x0,

    /* U+00A6 "?" */
    0xab, 0xab, 0xab, 0xab, 0x89, 0x0, 0x0, 0x0,
    0xab, 0xab, 0xab, 0xab, 0x8a,

    /* U+00A7 "?" */
    0x0, 0x9e, 0xe8, 0x0, 0x7, 0xf6, 0x6f, 0x60,
    0x9, 0xc0, 0x6, 0x40, 0x5, 0xf7, 0x0, 0x0,
    0x5, 0xef, 0xd4, 0x0, 0x1f, 0x43, 0xcf, 0x70,
    0x2f, 0x20, 0x8, 0xf1, 0xb, 0xe4, 0x2, 0xf1,
    0x0, 0x8f, 0xcb, 0x80, 0x0, 0x2, 0xbf, 0x20,
    0x2, 0x20, 0xe, 0x80, 0xb, 0xd1, 0x3f, 0x70,
    0x2, 0xef, 0xfc, 0x10, 0x0, 0x2, 0x20, 0x0,

    /* U+00A8 "?" */
    0xb, 0x50, 0xb4, 0xe, 0x71, 0xe6,

    /* U+00A9 "?" */
    0x0, 0x0, 0x1, 0x0, 0x0, 0x0, 0x3, 0xbf,
    0xff, 0xa1, 0x0, 0x5, 0xfc, 0x65, 0x7e, 0xe3,
    0x2, 0xf9, 0x3d, 0xfc, 0x3c, 0xd0, 0x9d, 0x1e,
    0xa4, 0xbd, 0x2f, 0x5c, 0x85, 0xe0, 0x1, 0x61,
    0xc9, 0xc8, 0x6d, 0x0, 0x3, 0xb, 0x9a, 0xc2,
    0xf7, 0x19, 0xe1, 0xf6, 0x3f, 0x76, 0xff, 0xe3,
    0xaf, 0x10, 0x8f, 0xa4, 0x55, 0xcf, 0x50, 0x0,
    0x6e, 0xff, 0xfd, 0x40, 0x0, 0x0, 0x2, 0x42,
    0x0, 0x0,

    /* U+00AA "?" */
    0x8, 0xef, 0xa0, 0x2b, 0x42, 0xd7, 0x2, 0x69,
    0xe9, 0x5f, 0x74, 0xb9, 0x8d, 0x23, 0xe9, 0x1c,
    0xfc, 0xb9,

    /* U+00AB "?" */
    0x0, 0x1e, 0xa2, 0xf9, 0x0, 0xcc, 0x1d, 0xc0,
    0xa, 0xe2, 0xbe, 0x10, 0x2f, 0x93, 0xf8, 0x0,
    0x6, 0xf5, 0x7f, 0x40, 0x0, 0x9f, 0x2a, 0xe1,
    0x0, 0x9, 0x80, 0x97,

    /* U+00AC "?" */
    0x1, 0x11, 0x11, 0x7, 0xff, 0xff, 0xf6, 0x14,
    0x44, 0x4f, 0x60, 0x0, 0x0, 0xf6, 0x0, 0x0,
    0x3, 0x10,

    /* U+00AE "?" */
    0x0, 0x3b, 0xec, 0x60, 0x0, 0x4e, 0x52, 0x4c,
    0x90, 0xe, 0x2a, 0xaa, 0x1d, 0x44, 0xc0, 0xc1,
    0xc3, 0x79, 0x4b, 0xc, 0xbd, 0x6, 0x91, 0xe1,
    0xb1, 0xc2, 0xc5, 0x7, 0xc2, 0x1, 0x9b, 0x0,
    0x5, 0xef, 0xf9, 0x0, 0x0, 0x0, 0x10, 0x0,
    0x0,

    /* U+00AF "?" */
    0xaf, 0xff, 0x21, 0x22, 0x20,

    /* U+00B0 "?" */
    0x2, 0xdf, 0x70, 0xd, 0x84, 0xe4, 0x1f, 0x0,
    0xa8, 0xf, 0x51, 0xe5, 0x4, 0xff, 0xa0, 0x0,
    0x12, 0x0,

    /* U+00B1 "?" */
    0x0, 0xf, 0x50, 0x0, 0x11, 0xf6, 0x11, 0xaf,
    0xff, 0xff, 0xf2, 0x44, 0xf8, 0x44, 0x0, 0xf,
    0x50, 0x0, 0x11, 0x63, 0x11, 0xaf, 0xff, 0xff,
    0xf2, 0x44, 0x44, 0x44,

    /* U+00B2 "?" */
    0x8, 0xee, 0x90, 0x2d, 0x43, 0xf5, 0x0, 0x4,
    0xf2, 0x0, 0x6f, 0x60, 0x9, 0xf5, 0x21, 0x3f,
    0xff, 0xf8,

    /* U+00B3 "?" */
    0x7, 0xef, 0xb1, 0x18, 0x32, 0xe6, 0x0, 0x7f,
    0xb0, 0x0, 0x0, 0xd9, 0x3e, 0x63, 0xd9, 0x7,
    0xef, 0xb1,

    /* U+00B4 "?" */
    0x1, 0x12, 0xf4, 0x99, 0x0,

    /* U+00B5 "?" */
    0xf8, 0x0, 0x1f, 0x60, 0xf8, 0x0, 0x1f, 0x60,
    0xf8, 0x0, 0x1f, 0x60, 0xf8, 0x0, 0x1f, 0x60,
    0xf8, 0x0, 0x1f, 0x60, 0xfa, 0x0, 0x3f, 0x60,
    0xff, 0x64, 0xcf, 0xa1, 0xfa, 0xce, 0x77, 0xf5,
    0xf8, 0x0, 0x0, 0x0, 0xf8, 0x0, 0x0, 0x0,
    0xf8, 0x0, 0x0, 0x0,

    /* U+00B6 "?" */
    0x1, 0xae, 0xff, 0xf4, 0xc, 0xff, 0xc6, 0xf4,
    0x2f, 0xff, 0xa1, 0xf4, 0x4f, 0xff, 0xa1, 0xf4,
    0x2f, 0xff, 0xa1, 0xf4, 0xb, 0xff, 0xa1, 0xf4,
    0x0, 0x8d, 0x91, 0xf4, 0x0, 0x0, 0x1, 0xf4,
    0x0, 0x0, 0x1, 0xf4, 0x0, 0x0, 0x1, 0xf4,
    0x0, 0x0, 0x1, 0xf4,

    /* U+00B7 "?" */
    0x0, 0xb, 0xe0, 0xad, 0x0,

    /* U+00B8 "?" */
    0x33, 0x7, 0xc3, 0x6, 0xa9, 0xc5,

    /* U+00B9 "?" */
    0x9, 0xf9, 0x4a, 0xc9, 0x0, 0xc9, 0x0, 0xc9,
    0x0, 0xc9, 0x0, 0xc9,

    /* U+00BA "?" */
    0x5, 0xdf, 0xc2, 0x2, 0xf7, 0x2a, 0xe0, 0x7e,
    0x0, 0x2f, 0x37, 0xe0, 0x2, 0xf3, 0x2f, 0x72,
    0xae, 0x0, 0x5d, 0xfc, 0x30,

    /* U+00BB "?" */
    0x2e, 0x93, 0xf8, 0x0, 0x4, 0xf6, 0x5f, 0x50,
    0x0, 0x7f, 0x48, 0xf3, 0x0, 0xe, 0xb1, 0xfa,
    0x0, 0xbe, 0x1c, 0xd0, 0x8, 0xf3, 0x9e, 0x20,
    0x2a, 0x52, 0xa4, 0x0,

    /* U+00BC "?" */
    0x9, 0xc0, 0x0, 0x0, 0xa4, 0x7, 0x9f, 0x10,
    0x0, 0x7c, 0x0, 0x1, 0xf1, 0x0, 0x2f, 0x20,
    0x0, 0x1f, 0x10, 0xc, 0x70, 0x0, 0x1, 0xf1,
    0x6, 0xc0, 0x0, 0x0, 0x1f, 0x12, 0xe2, 0x9,
    0xf3, 0x0, 0x0, 0xb8, 0x2, 0xef, 0x30, 0x0,
    0x6d, 0x0, 0xa7, 0xe3, 0x0, 0x1e, 0x30, 0x3e,
    0xe, 0x30, 0xa, 0x90, 0x7, 0xff, 0xfe, 0x5,
    0xd0, 0x0, 0x0, 0xe, 0x30,

    /* U+00BD "?" */
    0x7, 0xa0, 0x0, 0x0, 0x83, 0x0, 0x6b, 0xf1,
    0x0, 0x6, 0xd0, 0x0, 0x11, 0xf1, 0x0, 0x1e,
    0x30, 0x0, 0x1, 0xf1, 0x0, 0xb8, 0x0, 0x0,
    0x1, 0xf1, 0x5, 0xd0, 0x0, 0x0, 0x1, 0xf1,
    0x1e, 0x41, 0xbe, 0x90, 0x0, 0x20, 0xa9, 0x5,
    0xa3, 0xf4, 0x0, 0x4, 0xe0, 0x0, 0x1, 0xf2,
    0x0, 0xe, 0x40, 0x0, 0xd, 0x70, 0x0, 0x9a,
    0x0, 0x0, 0xba, 0x0, 0x4, 0xe1, 0x0, 0x6,
    0xff, 0xf6, 0x1, 0x10, 0x0, 0x0, 0x22, 0x20,

    /* U+00BE "?" */
    0x8, 0xec, 0x10, 0x0, 0xd, 0x50, 0x1b, 0x1b,
    0x80, 0x0, 0x8b, 0x0, 0x0, 0xb, 0x80, 0x2,
    0xe2, 0x0, 0x0, 0xef, 0x30, 0xc, 0x70, 0x0,
    0x13, 0x9, 0xc0, 0x6c, 0x0, 0x0, 0x1d, 0xff,
    0x61, 0xe3, 0x6, 0xe4, 0x0, 0x10, 0xb, 0x80,
    0xe, 0xe5, 0x0, 0x0, 0x5d, 0x0, 0x89, 0xd5,
    0x0, 0x1, 0xe4, 0x2, 0xe1, 0xd5, 0x0, 0x9,
    0x90, 0x6, 0xff, 0xff, 0x0, 0x3e, 0x10, 0x0,
    0x0, 0xd5,

    /* U+00BF "?" */
    0x0, 0xc, 0xc0, 0x0, 0x0, 0xdd, 0x0, 0x0,
    0x0, 0x0, 0x0, 0x0, 0x77, 0x0, 0x0, 0xe,
    0xa0, 0x0, 0x1b, 0xf4, 0x0, 0xc, 0xf4, 0x0,
    0x3, 0xf6, 0x0, 0x0, 0x4f, 0x40, 0xb, 0xb0,
    0xed, 0x58, 0xf7, 0x3, 0xcf, 0xe8, 0x0,

    /* U+00C0 "?" */
    0x0, 0xa, 0xd0, 0x0, 0x0, 0x0, 0x1, 0xe4,
    0x0, 0x0, 0x0, 0x0, 0x10, 0x0, 0x0, 0x0,
    0x3, 0xff, 0x10, 0x0, 0x0, 0x8, 0xef, 0x60,
    0x0, 0x0, 0xd, 0xac, 0xb0, 0x0, 0x0, 0x3f,
    0x68, 0xf1, 0x0, 0x0, 0x8f, 0x14, 0xf6, 0x0,
    0x0, 0xdd, 0x0, 0xeb, 0x0, 0x2, 0xf9, 0x11,
    0xaf, 0x10, 0x8, 0xff, 0xff, 0xff, 0x60, 0xd,
    0xd4, 0x44, 0x4f, 0xb0, 0x2f, 0x80, 0x0, 0xa,
    0xf1, 0x7f, 0x30, 0x0, 0x4, 0xf6,

    /* U+00C1 "?" */
    0x0, 0x0, 0xe, 0x80, 0x0, 0x0, 0x0, 0x6d,
    0x0, 0x0, 0x0, 0x0, 0x10, 0x0, 0x0, 0x0,
    0x3, 0xff, 0x10, 0x0, 0x0, 0x8, 0xef, 0x60,
    0x0, 0x0, 0xd, 0xac, 0xb0, 0x0, 0x0, 0x3f,
    0x68, 0xf1, 0x0, 0x0, 0x8f, 0x14, 0xf6, 0x0,
    0x0, 0xdd, 0x0, 0xeb, 0x0, 0x2, 0xf9, 0x11,
    0xaf, 0x10, 0x8, 0xff, 0xff, 0xff, 0x60, 0xd,
    0xd4, 0x44, 0x4f, 0xb0, 0x2f, 0x80, 0x0, 0xa,
    0xf1, 0x7f, 0x30, 0x0, 0x4, 0xf6,

    /* U+00C2 "?" */
    0x0, 0x0, 0x76, 0x0, 0x0, 0x0, 0x9, 0xcd,
    0x70, 0x0, 0x0, 0x27, 0x12, 0x71, 0x0, 0x0,
    0x3, 0xff, 0x10, 0x0, 0x0, 0x8, 0xef, 0x60,
    0x0, 0x0, 0xd, 0xac, 0xb0, 0x0, 0x0, 0x3f,
    0x68, 0xf1, 0x0, 0x0, 0x8f, 0x14, 0xf6, 0x0,
    0x0, 0xdd, 0x0, 0xeb, 0x0, 0x2, 0xf9, 0x11,
    0xaf, 0x10, 0x8, 0xff, 0xff, 0xff, 0x60, 0xd,
    0xd4, 0x44, 0x4f, 0xb0, 0x2f, 0x80, 0x0, 0xa,
    0xf1, 0x7f, 0x30, 0x0, 0x4, 0xf6,

    /* U+00C3 "?" */
    0x0, 0xa, 0xb2, 0xd0, 0x0, 0x0, 0x1d, 0x4d,
    0x90, 0x0, 0x0, 0x0, 0x0, 0x0, 0x0, 0x0,
    0x3, 0xff, 0x10, 0x0, 0x0, 0x8, 0xef, 0x60,
    0x0, 0x0, 0xd, 0xac, 0xb0, 0x0, 0x0, 0x3f,
    0x68, 0xf1, 0x0, 0x0, 0x8f, 0x14, 0xf6, 0x0,
    0x0, 0xdd, 0x0, 0xeb, 0x0, 0x2, 0xf9, 0x11,
    0xaf, 0x10, 0x8, 0xff, 0xff, 0xff, 0x60, 0xd,
    0xd4, 0x44, 0x4f, 0xb0, 0x2f, 0x80, 0x0, 0xa,
    0xf1, 0x7f, 0x30, 0x0, 0x4, 0xf6,

    /* U+00C4 "?" */
    0x0, 0x2b, 0x23, 0xb1, 0x0, 0x0, 0x3f, 0x34,
    0xe2, 0x0, 0x0, 0x0, 0x0, 0x0, 0x0, 0x0,
    0x3, 0xff, 0x10, 0x0, 0x0, 0x8, 0xef, 0x60,
    0x0, 0x0, 0xd, 0xac, 0xb0, 0x0, 0x0, 0x3f,
    0x68, 0xf1, 0x0, 0x0, 0x8f, 0x14, 0xf6, 0x0,
    0x0, 0xdd, 0x0, 0xeb, 0x0, 0x2, 0xf9, 0x11,
    0xaf, 0x10, 0x8, 0xff, 0xff, 0xff, 0x60, 0xd,
    0xd4, 0x44, 0x4f, 0xb0, 0x2f, 0x80, 0x0, 0xa,
    0xf1, 0x7f, 0x30, 0x0, 0x4, 0xf6,

    /* U+00C5 "?" */
    0x0, 0x5, 0xdd, 0x30, 0x0, 0x0, 0xc, 0x46,
    0xb0, 0x0, 0x0, 0x5, 0xdd, 0x30, 0x0, 0x0,
    0x3, 0xff, 0x10, 0x0, 0x0, 0x8, 0xef, 0x60,
    0x0, 0x0, 0xd, 0xac, 0xb0, 0x0, 0x0, 0x3f,
    0x68, 0xf1, 0x0, 0x0, 0x8f, 0x14, 0xf6, 0x0,
    0x0, 0xdd, 0x0, 0xeb, 0x0, 0x2, 0xf9, 0x11,
    0xaf, 0x10, 0x8, 0xff, 0xff, 0xff, 0x60, 0xd,
    0xd4, 0x44, 0x4f, 0xb0, 0x2f, 0x80, 0x0, 0xa,
    0xf1, 0x7f, 0x30, 0x0, 0x4, 0xf6,

    /* U+00C6 "?" */
    0x0, 0x0, 0x2f, 0xff, 0xff, 0xff, 0xf2, 0x0,
    0x0, 0x9f, 0x4f, 0x86, 0x66, 0x60, 0x0, 0x0,
    0xf9, 0x3f, 0x40, 0x0, 0x0, 0x0, 0x6, 0xf3,
    0x3f, 0x40, 0x0, 0x0, 0x0, 0xd, 0xd0, 0x3f,
    0x51, 0x11, 0x10, 0x0, 0x4f, 0x60, 0x3f, 0xff,
    0xff, 0xc0, 0x0, 0xbf, 0x10, 0x3f, 0x74, 0x44,
    0x30, 0x2, 0xff, 0xff, 0xff, 0x40, 0x0, 0x0,
    0x9, 0xf4, 0x33, 0x6f, 0x40, 0x0, 0x0, 0xf,
    0xb0, 0x0, 0x3f, 0x96, 0x66, 0x61, 0x7f, 0x40,
    0x0, 0x3f, 0xff, 0xff, 0xf3,

    /* U+00C7 "?" */
    0x0, 0x19, 0xef, 0xd6, 0x0, 0x0, 0xdf, 0xa8,
    0xbf, 0x90, 0x9, 0xf4, 0x0, 0x8, 0xf3, 0xe,
    0xa0, 0x0, 0x1, 0x94, 0x2f, 0x60, 0x0, 0x0,
    0x0, 0x3f, 0x50, 0x0, 0x0, 0x0, 0x2f, 0x60,
    0x0, 0x0, 0x0, 0xe, 0xa0, 0x0, 0x1, 0x94,
    0x9, 0xf4, 0x0, 0x8, 0xf3, 0x0, 0xdf, 0xa8,
    0xbf, 0x90, 0x0, 0x19, 0xef, 0xd7, 0x0, 0x0,
    0x0, 0x1d, 0x30, 0x0, 0x0, 0x0, 0x4, 0xf0,
    0x0, 0x0, 0x0, 0x5d, 0xa0, 0x0,

    /* U+00C8 "?" */
    0x3, 0xf3, 0x0, 0x0, 0x9, 0xa0, 0x0, 0x0,
    0x1, 0x0, 0xe, 0xff, 0xff, 0xf8, 0xec, 0x66,
    0x66, 0x3e, 0xb0, 0x0, 0x0, 0xeb, 0x0, 0x0,
    0xe, 0xb1, 0x11, 0x10, 0xef, 0xff, 0xff, 0x3e,
    0xc4, 0x44, 0x40, 0xeb, 0x0, 0x0, 0xe, 0xb0,
    0x0, 0x0, 0xec, 0x66, 0x66, 0x3e, 0xff, 0xff,
    0xf9,

    /* U+00C9 "?" */
    0x0, 0x8, 0xe0, 0x0, 0x0, 0xe4, 0x0, 0x0,
    0x1, 0x0, 0xe, 0xff, 0xff, 0xf8, 0xec, 0x66,
    0x66, 0x3e, 0xb0, 0x0, 0x0, 0xeb, 0x0, 0x0,
    0xe, 0xb1, 0x11, 0x10, 0xef, 0xff, 0xff, 0x3e,
    0xc4, 0x44, 0x40, 0xeb, 0x0, 0x0, 0xe, 0xb0,
    0x0, 0x0, 0xec, 0x66, 0x66, 0x3e, 0xff, 0xff,
    0xf9,

    /* U+00CA "?" */
    0x0, 0x48, 0x10, 0x0, 0x3e, 0x9d, 0x0, 0x6,
    0x40, 0x64, 0xe, 0xff, 0xff, 0xf8, 0xec, 0x66,
    0x66, 0x3e, 0xb0, 0x0, 0x0, 0xeb, 0x0, 0x0,
    0xe, 0xb1, 0x11, 0x10, 0xef, 0xff, 0xff, 0x3e,
    0xc4, 0x44, 0x40, 0xeb, 0x0, 0x0, 0xe, 0xb0,
    0x0, 0x0, 0xec, 0x66, 0x66, 0x3e, 0xff, 0xff,
    0xf9,

    /* U+00CB "?" */
    0x9, 0x60, 0xa6, 0x0, 0xc9, 0xd, 0x80, 0x0,
    0x0, 0x0, 0xe, 0xff, 0xff, 0xf8, 0xec, 0x66,
    0x66, 0x3e, 0xb0, 0x0, 0x0, 0xeb, 0x0, 0x0,
    0xe, 0xb1, 0x11, 0x10, 0xef, 0xff, 0xff, 0x3e,
    0xc4, 0x44, 0x40, 0xeb, 0x0, 0x0, 0xe, 0xb0,
    0x0, 0x0, 0xec, 0x66, 0x66, 0x3e, 0xff, 0xff,
    0xf9,

    /* U+00CC "?" */
    0xac, 0x1, 0xe3, 0x1, 0x0, 0xeb, 0xe, 0xb0,
    0xeb, 0xe, 0xb0, 0xeb, 0xe, 0xb0, 0xeb, 0xe,
    0xb0, 0xeb, 0xe, 0xb0, 0xeb,

    /* U+00CD "?" */
    0xe, 0x76, 0xd0, 0x10, 0xe, 0xb0, 0xeb, 0xe,
    0xb0, 0xeb, 0xe, 0xb0, 0xeb, 0xe, 0xb0, 0xeb,
    0xe, 0xb0, 0xeb, 0xe, 0xb0,

    /* U+00CE "?" */
    0x0, 0x76, 0x0, 0xa, 0xbd, 0x60, 0x27, 0x12,
    0x70, 0x0, 0xeb, 0x0, 0x0, 0xeb, 0x0, 0x0,
    0xeb, 0x0, 0x0, 0xeb, 0x0, 0x0, 0xeb, 0x0,
    0x0, 0xeb, 0x0, 0x0, 0xeb, 0x0, 0x0, 0xeb,
    0x0, 0x0, 0xeb, 0x0, 0x0, 0xeb, 0x0, 0x0,
    0xeb, 0x0,

    /* U+00CF "?" */
    0x2b, 0x13, 0xb1, 0x4e, 0x24, 0xe2, 0x0, 0x0,
    0x0, 0x0, 0xeb, 0x0, 0x0, 0xeb, 0x0, 0x0,
    0xeb, 0x0, 0x0, 0xeb, 0x0, 0x0, 0xeb, 0x0,
    0x0, 0xeb, 0x0, 0x0, 0xeb, 0x0, 0x0, 0xeb,
    0x0, 0x0, 0xeb, 0x0, 0x0, 0xeb, 0x0, 0x0,
    0xeb, 0x0,

    /* U+00D0 "?" */
    0x9, 0xff, 0xfe, 0xb3, 0x0, 0x9, 0xf6, 0x67,
    0xdf, 0x50, 0x9, 0xf0, 0x0, 0xc, 0xe1, 0x9,
    0xf0, 0x0, 0x3, 0xf5, 0x9, 0xf0, 0x0, 0x0,
    0xf8, 0xdf, 0xff, 0xf8, 0x0, 0xe9, 0x2c, 0xf3,
    0x31, 0x0, 0xf8, 0x9, 0xf0, 0x0, 0x4, 0xf5,
    0x9, 0xf0, 0x0, 0xc, 0xe0, 0x9, 0xf6, 0x68,
    0xdf, 0x50, 0x9, 0xff, 0xfe, 0xb3, 0x0,

    /* U+00D1 "?" */
    0x0, 0x5d, 0x59, 0x50, 0x0, 0xb, 0x5b, 0xd1,
    0x0, 0x0, 0x0, 0x0, 0x0, 0xe, 0xf3, 0x0,
    0x2, 0xf7, 0xef, 0xc0, 0x0, 0x2f, 0x7e, 0xcf,
    0x60, 0x2, 0xf7, 0xea, 0xae, 0x0, 0x2f, 0x7e,
    0xb2, 0xf9, 0x2, 0xf7, 0xeb, 0x9, 0xf2, 0x2f,
    0x7e, 0xb0, 0x1e, 0xb1, 0xf7, 0xeb, 0x0, 0x6f,
    0x5f, 0x7e, 0xb0, 0x0, 0xcc, 0xf7, 0xeb, 0x0,
    0x3, 0xff, 0x7e, 0xb0, 0x0, 0xa, 0xf7,

    /* U+00D2 "?" */
    0x0, 0x3, 0xf3, 0x0, 0x0, 0x0, 0x0, 0x9b,
    0x0, 0x0, 0x0, 0x0, 0x1, 0x0, 0x0, 0x0,
    0x19, 0xef, 0xd6, 0x0, 0x0, 0xdf, 0xa8, 0xbf,
    0xa0, 0x9, 0xf4, 0x0, 0x8, 0xf4, 0xe, 0xa0,
    0x0, 0x0, 0xea, 0x2f, 0x60, 0x0, 0x0, 0xad,
    0x3f, 0x50, 0x0, 0x0, 0x9e, 0x2f, 0x60, 0x0,
    0x0, 0xad, 0xe, 0xa0, 0x0, 0x0, 0xea, 0x9,
    0xf4, 0x0, 0x8, 0xf4, 0x0, 0xdf, 0xa8, 0xbf,
    0xa0, 0x0, 0x19, 0xef, 0xd6, 0x0,

    /* U+00D3 "?" */
    0x0, 0x0, 0x8, 0xe0, 0x0, 0x0, 0x0, 0xe,
    0x40, 0x0, 0x0, 0x0, 0x1, 0x0, 0x0, 0x0,
    0x19, 0xef, 0xd6, 0x0, 0x0, 0xdf, 0xa8, 0xbf,
    0xa0, 0x9, 0xf4, 0x0, 0x8, 0xf4, 0xe, 0xa0,
    0x0, 0x0, 0xea, 0x2f, 0x60, 0x0, 0x0, 0xad,
    0x3f, 0x50, 0x0, 0x0, 0x9e, 0x2f, 0x60, 0x0,
    0x0, 0xad, 0xe, 0xa0, 0x0, 0x0, 0xea, 0x9,
    0xf4, 0x0, 0x8, 0xf4, 0x0, 0xdf, 0xa8, 0xbf,
    0xa0, 0x0, 0x19, 0xef, 0xd6, 0x0,

    /* U+00D4 "?" */
    0x0, 0x0, 0xbf, 0x70, 0x0, 0x0, 0x9, 0xc2,
    0xe5, 0x0, 0x0, 0x0, 0x0, 0x0, 0x0, 0x0,
    0x19, 0xef, 0xd6, 0x0, 0x0, 0xdf, 0xa8, 0xbf,
    0xa0, 0x9, 0xf4, 0x0, 0x8, 0xf4, 0xe, 0xa0,
    0x0, 0x0, 0xea, 0x2f, 0x60, 0x0, 0x0, 0xad,
    0x3f, 0x50, 0x0, 0x0, 0x9e, 0x2f, 0x60, 0x0,
    0x0, 0xad, 0xe, 0xa0, 0x0, 0x0, 0xea, 0x9,
    0xf4, 0x0, 0x8, 0xf4, 0x0, 0xdf, 0xa8, 0xbf,
    0xa0, 0x0, 0x19, 0xef, 0xd6, 0x0,

    /* U+00D5 "?" */
    0x0, 0x4, 0xd5, 0x86, 0x0, 0x0, 0xa, 0x6a,
    0xe2, 0x0, 0x0, 0x0, 0x0, 0x0, 0x0, 0x0,
    0x19, 0xef, 0xd6, 0x0, 0x0, 0xdf, 0xa8, 0xbf,
    0xa0, 0x9, 0xf4, 0x0, 0x8, 0xf4, 0xe, 0xa0,
    0x0, 0x0, 0xea, 0x2f, 0x60, 0x0, 0x0, 0xad,
    0x3f, 0x50, 0x0, 0x0, 0x9e, 0x2f, 0x60, 0x0,
    0x0, 0xad, 0xe, 0xa0, 0x0, 0x0, 0xea, 0x9,
    0xf4, 0x0, 0x8, 0xf4, 0x0, 0xdf, 0xa8, 0xbf,
    0xa0, 0x0, 0x19, 0xef, 0xd6, 0x0,

    /* U+00D6 "?" */
    0x0, 0x9, 0x60, 0xa6, 0x0, 0x0, 0xc, 0x90,
    0xd8, 0x0, 0x0, 0x0, 0x0, 0x0, 0x0, 0x0,
    0x19, 0xef, 0xd6, 0x0, 0x0, 0xdf, 0xa8, 0xbf,
    0xa0, 0x9, 0xf4, 0x0, 0x8, 0xf4, 0xe, 0xa0,
    0x0, 0x0, 0xea, 0x2f, 0x60, 0x0, 0x0, 0xad,
    0x3f, 0x50, 0x0, 0x0, 0x9e, 0x2f, 0x60, 0x0,
    0x0, 0xad, 0xe, 0xa0, 0x0, 0x0, 0xea, 0x9,
    0xf4, 0x0, 0x8, 0xf4, 0x0, 0xdf, 0xa8, 0xbf,
    0xa0, 0x0, 0x19, 0xef, 0xd6, 0x0,

    /* U+00D7 "?" */
    0x5, 0x0, 0x2, 0x30, 0x6f, 0x60, 0x1e, 0xc0,
    0x9, 0xf6, 0xdd, 0x10, 0x0, 0xaf, 0xe1, 0x0,
    0x1, 0xdf, 0xf4, 0x0, 0xc, 0xe2, 0xaf, 0x40,
    0x6e, 0x20, 0xb, 0xc0, 0x1, 0x0, 0x0, 0x10,

    /* U+00D8 "?" */
    0x0, 0x0, 0x0, 0x0, 0x0, 0x0, 0x19, 0xef,
    0xd8, 0xe2, 0x0, 0xdf, 0xa8, 0xbf, 0xf0, 0x9,
    0xf4, 0x0, 0x5f, 0xf4, 0xe, 0xa0, 0x1, 0xe6,
    0xea, 0x2f, 0x60, 0xa, 0xb0, 0xad, 0x3f, 0x50,
    0x4f, 0x10, 0x9e, 0x2f, 0x61, 0xe6, 0x0, 0xad,
    0xe, 0xaa, 0xb0, 0x0, 0xea, 0x9, 0xff, 0x10,
    0x8, 0xf4, 0x2, 0xff, 0xa8, 0xbf, 0xa0, 0x6,
    0xc9, 0xef, 0xd6, 0x0, 0x0, 0x0, 0x0, 0x0,
    0x0,

    /* U+00D9 "?" */
    0x0, 0x6f, 0x10, 0x0, 0x0, 0x0, 0xc8, 0x0,
    0x0, 0x0, 0x0, 0x10, 0x0, 0xe, 0xb0, 0x0,
    0x5, 0xf3, 0xeb, 0x0, 0x0, 0x5f, 0x3e, 0xb0,
    0x0, 0x5, 0xf3, 0xeb, 0x0, 0x0, 0x5f, 0x3e,
    0xb0, 0x0, 0x5, 0xf3, 0xeb, 0x0, 0x0, 0x5f,
    0x3e, 0xb0, 0x0, 0x5, 0xf3, 0xdc, 0x0, 0x0,
    0x6f, 0x29, 0xf2, 0x0, 0xc, 0xe0, 0x2e, 0xf9,
    0x8d, 0xf6, 0x0, 0x2a, 0xef, 0xc5, 0x0,

    /* U+00DA "?" */
    0x0, 0x0, 0xbc, 0x0, 0x0, 0x0, 0x2f, 0x20,
    0x0, 0x0, 0x0, 0x10, 0x0, 0xe, 0xb0, 0x0,
    0x5, 0xf3, 0xeb, 0x0, 0x0, 0x5f, 0x3e, 0xb0,
    0x0, 0x5, 0xf3, 0xeb, 0x0, 0x0, 0x5f, 0x3e,
    0xb0, 0x0, 0x5, 0xf3, 0xeb, 0x0, 0x0, 0x5f,
    0x3e, 0xb0, 0x0, 0x5, 0xf3, 0xdc, 0x0, 0x0,
    0x6f, 0x29, 0xf2, 0x0, 0xc, 0xe0, 0x2e, 0xf9,
    0x8d, 0xf6, 0x0, 0x2a, 0xef, 0xc5, 0x0,

    /* U+00DB "?" */
    0x0, 0x1d, 0xf4, 0x0, 0x0, 0xc, 0x94, 0xe2,
    0x0, 0x0, 0x0, 0x0, 0x0, 0xe, 0xb0, 0x0,
    0x5, 0xf3, 0xeb, 0x0, 0x0, 0x5f, 0x3e, 0xb0,
    0x0, 0x5, 0xf3, 0xeb, 0x0, 0x0, 0x5f, 0x3e,
    0xb0, 0x0, 0x5, 0xf3, 0xeb, 0x0, 0x0, 0x5f,
    0x3e, 0xb0, 0x0, 0x5, 0xf3, 0xdc, 0x0, 0x0,
    0x6f, 0x29, 0xf2, 0x0, 0xc, 0xe0, 0x2e, 0xf9,
    0x8d, 0xf6, 0x0, 0x2a, 0xef, 0xc5, 0x0,

    /* U+00DC "?" */
    0x0, 0xb4, 0x1b, 0x30, 0x0, 0xe, 0x61, 0xe5,
    0x0, 0x0, 0x0, 0x0, 0x0, 0xe, 0xb0, 0x0,
    0x5, 0xf3, 0xeb, 0x0, 0x0, 0x5f, 0x3e, 0xb0,
    0x0, 0x5, 0xf3, 0xeb, 0x0, 0x0, 0x5f, 0x3e,
    0xb0, 0x0, 0x5, 0xf3, 0xeb, 0x0, 0x0, 0x5f,
    0x3e, 0xb0, 0x0, 0x5, 0xf3, 0xdc, 0x0, 0x0,
    0x6f, 0x29, 0xf2, 0x0, 0xc, 0xe0, 0x2e, 0xf9,
    0x8d, 0xf6, 0x0, 0x2a, 0xef, 0xc5, 0x0,

    /* U+00DD "?" */
    0x0, 0x0, 0xf, 0x70, 0x0, 0x0, 0x0, 0x7c,
    0x0, 0x0, 0x0, 0x0, 0x10, 0x0, 0x0, 0x6f,
    0x70, 0x0, 0xa, 0xf2, 0xc, 0xe0, 0x0, 0x3f,
    0x80, 0x3, 0xf8, 0x0, 0xce, 0x10, 0x0, 0xaf,
    0x14, 0xf6, 0x0, 0x0, 0x2f, 0x9c, 0xd0, 0x0,
    0x0, 0x8, 0xff, 0x40, 0x0, 0x0, 0x0, 0xfc,
    0x0, 0x0, 0x0, 0x0, 0xea, 0x0, 0x0, 0x0,
    0x0, 0xea, 0x0, 0x0, 0x0, 0x0, 0xea, 0x0,
    0x0, 0x0, 0x0, 0xea, 0x0, 0x0,

    /* U+00DE "?" */
    0xfa, 0x0, 0x0, 0xf, 0xa0, 0x0, 0x0, 0xfa,
    0x11, 0x0, 0xf, 0xff, 0xff, 0x90, 0xfb, 0x44,
    0x7f, 0xaf, 0xa0, 0x0, 0x9e, 0xfa, 0x11, 0x4e,
    0xbf, 0xff, 0xff, 0xc2, 0xfb, 0x44, 0x20, 0xf,
    0xa0, 0x0, 0x0, 0xfa, 0x0, 0x0, 0x0,

    /* U+00DF "?" */
    0x8, 0xef, 0xc4, 0x0, 0x8f, 0x96, 0xdf, 0x20,
    0xdc, 0x0, 0x3f, 0x60, 0xea, 0x0, 0x1f, 0x60,
    0xea, 0x1, 0xad, 0x0, 0xea, 0x1f, 0xf7, 0x0,
    0xea, 0x4, 0x7f, 0xa0, 0xea, 0x0, 0x8, 0xf0,
    0xea, 0x0, 0x8, 0xf0, 0xea, 0x5, 0x7f, 0xb0,
    0xea, 0x2f, 0xfa, 0x10,

    /* U+00E0 "?" */
    0x0, 0x10, 0x0, 0x0, 0xa, 0xc0, 0x0, 0x0,
    0x1e, 0x40, 0x0, 0x0, 0x0, 0x0, 0x2, 0xbe,
    0xea, 0x0, 0xed, 0x56, 0xea, 0x2, 0x10, 0x9,
    0xe0, 0x17, 0xac, 0xff, 0x1e, 0xd7, 0x59, 0xf6,
    0xf1, 0x0, 0xbf, 0x4f, 0x94, 0x8f, 0xf0, 0x7e,
    0xfa, 0x8f,

    /* U+00E1 "?" */
    0x0, 0x0, 0x11, 0x0, 0x0, 0x1f, 0x60, 0x0,
    0x7, 0xb0, 0x0, 0x0, 0x0, 0x0, 0x2, 0xbe,
    0xea, 0x0, 0xed, 0x56, 0xea, 0x2, 0x10, 0x9,
    0xe0, 0x17, 0xac, 0xff, 0x1e, 0xd7, 0x59, 0xf6,
    0xf1, 0x0, 0xbf, 0x4f, 0x94, 0x8f, 0xf0, 0x7e,
    0xfa, 0x8f,

    /* U+00E2 "?" */
    0x0, 0x3e, 0xd1, 0x0, 0x2e, 0x58, 0xc0, 0x0,
    0x0, 0x0, 0x0, 0x2b, 0xee, 0xa0, 0xe, 0xd5,
    0x6e, 0xa0, 0x21, 0x0, 0x9e, 0x1, 0x7a, 0xcf,
    0xf1, 0xed, 0x75, 0x9f, 0x6f, 0x10, 0xb, 0xf4,
    0xf9, 0x48, 0xff, 0x7, 0xef, 0xa8, 0xf0,

    /* U+00E3 "?" */
    0x1, 0xef, 0xfb, 0x0, 0x0, 0x0, 0x0, 0x0,
    0x0, 0x0, 0x0, 0x2b, 0xee, 0xa0, 0xe, 0xd5,
    0x6e, 0xa0, 0x21, 0x0, 0x9e, 0x1, 0x7a, 0xcf,
    0xf1, 0xed, 0x75, 0x9f, 0x6f, 0x10, 0xb, 0xf4,
    0xf9, 0x48, 0xff, 0x7, 0xef, 0xa8, 0xf0,

    /* U+00E4 "?" */
    0x4, 0xe2, 0x5e, 0x10, 0x2b, 0x13, 0xb1, 0x0,
    0x0, 0x0, 0x0, 0x2b, 0xee, 0xa0, 0xe, 0xd5,
    0x6e, 0xa0, 0x21, 0x0, 0x9e, 0x1, 0x7a, 0xcf,
    0xf1, 0xed, 0x75, 0x9f, 0x6f, 0x10, 0xb, 0xf4,
    0xf9, 0x48, 0xff, 0x7, 0xef, 0xa8, 0xf0,

    /* U+00E5 "?" */
    0x0, 0x5d, 0xc3, 0x0, 0xd, 0x37, 0xa0, 0x0,
    0x5d, 0xd3, 0x0, 0x0, 0x0, 0x0, 0x2, 0xbe,
    0xea, 0x0, 0xed, 0x56, 0xea, 0x2, 0x10, 0x9,
    0xe0, 0x17, 0xac, 0xff, 0x1e, 0xd7, 0x59, 0xf6,
    0xf1, 0x0, 0xbf, 0x4f, 0x94, 0x8f, 0xf0, 0x7e,
    0xfa, 0x8f,

    /* U+00E6 "?" */
    0x3, 0xbe, 0xe9, 0x1b, 0xfe, 0x80, 0x0, 0xec,
    0x55, 0xef, 0xb5, 0x6e, 0x90, 0x0, 0x0, 0x9,
    0xe0, 0x0, 0x7f, 0x0, 0x4c, 0xff, 0xff, 0xff,
    0xff, 0xf2, 0x3f, 0xa3, 0x2a, 0xd2, 0x22, 0x22,
    0x6, 0xf1, 0x0, 0xcf, 0x10, 0x3, 0x50, 0x3f,
    0xa5, 0x9e, 0xed, 0x56, 0xeb, 0x0, 0x7e, 0xfb,
    0x32, 0xbf, 0xe9, 0x0,

    /* U+00E7 "?" */
    0x0, 0x8e, 0xfb, 0x30, 0xa, 0xf7, 0x5c, 0xf1,
    0x1f, 0x80, 0x1, 0x82, 0x4f, 0x40, 0x0, 0x0,
    0x4f, 0x40, 0x0, 0x0, 0x1f, 0x80, 0x1, 0x92,
    0xa, 0xf7, 0x5c, 0xf1, 0x0, 0x8f, 0xfb, 0x30,
    0x0, 0x3, 0xc3, 0x0, 0x0, 0x0, 0x4d, 0x0,
    0x0, 0x7, 0xd8, 0x0,

    /* U+00E8 "?" */
    0x0, 0x11, 0x0, 0x0, 0x0, 0x5f, 0x10, 0x0,
    0x0, 0xb, 0x80, 0x0, 0x0, 0x0, 0x0, 0x0,
    0x0, 0x8e, 0xfb, 0x20, 0xa, 0xe6, 0x5c, 0xe1,
    0x1f, 0x50, 0x1, 0xf6, 0x4f, 0xff, 0xff, 0xf9,
    0x4f, 0x52, 0x22, 0x21, 0x1f, 0x70, 0x0, 0x51,
    0xa, 0xf7, 0x5b, 0xf2, 0x0, 0x8e, 0xfc, 0x40,

    /* U+00E9 "?" */
    0x0, 0x0, 0x1, 0x0, 0x0, 0x0, 0xca, 0x0,
    0x0, 0x3, 0xe1, 0x0, 0x0, 0x0, 0x0, 0x0,
    0x0, 0x8e, 0xfb, 0x20, 0xa, 0xe6, 0x5c, 0xe1,
    0x1f, 0x50, 0x1, 0xf6, 0x4f, 0xff, 0xff, 0xf9,
    0x4f, 0x52, 0x22, 0x21, 0x1f, 0x70, 0x0, 0x51,
    0xa, 0xf7, 0x5b, 0xf2, 0x0, 0x8e, 0xfc, 0x40,

    /* U+00EA "?" */
    0x0, 0x1d, 0xf4, 0x0, 0x0, 0xc8, 0x4e, 0x20,
    0x0, 0x0, 0x0, 0x0, 0x0, 0x8e, 0xfb, 0x20,
    0xa, 0xe6, 0x5c, 0xe1, 0x1f, 0x50, 0x1, 0xf6,
    0x4f, 0xff, 0xff, 0xf9, 0x4f, 0x52, 0x22, 0x21,
    0x1f, 0x70, 0x0, 0x51, 0xa, 0xf7, 0x5b, 0xf2,
    0x0, 0x8e, 0xfc, 0x40,

    /* U+00EB "?" */
    0x0, 0xe6, 0x1e, 0x50, 0x0, 0xb4, 0x1b, 0x30,
    0x0, 0x0, 0x0, 0x0, 0x0, 0x8e, 0xfb, 0x20,
    0xa, 0xe6, 0x5c, 0xe1, 0x1f, 0x50, 0x1, 0xf6,
    0x4f, 0xff, 0xff, 0xf9, 0x4f, 0x52, 0x22, 0x21,
    0x1f, 0x70, 0x0, 0x51, 0xa, 0xf7, 0x5b, 0xf2,
    0x0, 0x8e, 0xfc, 0x40,

    /* U+00EC "?" */
    0xc, 0xa0, 0x3, 0xf1, 0x0, 0x10, 0x0, 0xf8,
    0x0, 0xf8, 0x0, 0xf8, 0x0, 0xf8, 0x0, 0xf8,
    0x0, 0xf8, 0x0, 0xf8, 0x0, 0xf8,

    /* U+00ED "?" */
    0x2f, 0x59, 0xb0, 0x10, 0xf, 0x80, 0xf8, 0xf,
    0x80, 0xf8, 0xf, 0x80, 0xf8, 0xf, 0x80, 0xf8,
    0x0,

    /* U+00EE "?" */
    0x5, 0xfc, 0x0, 0x3f, 0x3a, 0xb0, 0x0, 0x0,
    0x0, 0x0, 0xf8, 0x0, 0x0, 0xf8, 0x0, 0x0,
    0xf8, 0x0, 0x0, 0xf8, 0x0, 0x0, 0xf8, 0x0,
    0x0, 0xf8, 0x0, 0x0, 0xf8, 0x0, 0x0, 0xf8,
    0x0,

    /* U+00EF "?" */
    0x6e, 0x17, 0xe0, 0x4b, 0x5, 0xb0, 0x0, 0x0,
    0x0, 0x0, 0xf8, 0x0, 0x0, 0xf8, 0x0, 0x0,
    0xf8, 0x0, 0x0, 0xf8, 0x0, 0x0, 0xf8, 0x0,
    0x0, 0xf8, 0x0, 0x0, 0xf8, 0x0, 0x0, 0xf8,
    0x0,

    /* U+00F0 "?" */
    0x0, 0x63, 0x1, 0x20, 0x0, 0x6f, 0xad, 0x40,
    0x0, 0x7d, 0xe9, 0x0, 0x0, 0x50, 0x2e, 0x50,
    0x0, 0x9e, 0xda, 0xd0, 0xa, 0xe5, 0x3c, 0xf3,
    0x1f, 0x60, 0x3, 0xf7, 0x4f, 0x30, 0x0, 0xf8,
    0x4f, 0x30, 0x0, 0xe8, 0x1f, 0x70, 0x2, 0xf4,
    0xa, 0xf7, 0x6d, 0xd0, 0x0, 0x9e, 0xfa, 0x10,

    /* U+00F1 "?" */
    0xa, 0xff, 0xe2, 0x0, 0x0, 0x0, 0x0, 0x0,
    0x0, 0x0, 0xf, 0x7a, 0xfd, 0x50, 0xfe, 0x75,
    0xcf, 0x1f, 0xa0, 0x3, 0xf5, 0xf8, 0x0, 0x1f,
    0x6f, 0x80, 0x1, 0xf6, 0xf8, 0x0, 0x1f, 0x6f,
    0x80, 0x1, 0xf6, 0xf8, 0x0, 0x1f, 0x60,

    /* U+00F2 "?" */
    0x0, 0x11, 0x0, 0x0, 0x0, 0x4f, 0x20, 0x0,
    0x0, 0xa, 0x90, 0x0, 0x0, 0x0, 0x0, 0x0,
    0x0, 0x8e, 0xfc, 0x30, 0xa, 0xf7, 0x5c, 0xf1,
    0x1f, 0x80, 0x1, 0xf8, 0x4f, 0x40, 0x0, 0xcb,
    0x4f, 0x40, 0x0, 0xcb, 0x1f, 0x80, 0x1, 0xf8,
    0xa, 0xf7, 0x5c, 0xf2, 0x0, 0x8e, 0xfc, 0x30,

    /* U+00F3 "?" */
    0x0, 0x0, 0x1, 0x0, 0x0, 0x0, 0xbb, 0x0,
    0x0, 0x2, 0xf2, 0x0, 0x0, 0x0, 0x0, 0x0,
    0x0, 0x8e, 0xfc, 0x30, 0xa, 0xf7, 0x5c, 0xf1,
    0x1f, 0x80, 0x1, 0xf8, 0x4f, 0x40, 0x0, 0xcb,
    0x4f, 0x40, 0x0, 0xcb, 0x1f, 0x80, 0x1, 0xf8,
    0xa, 0xf7, 0x5c, 0xf2, 0x0, 0x8e, 0xfc, 0x30,

    /* U+00F4 "?" */
    0x0, 0xd, 0xf5, 0x0, 0x0, 0xba, 0x3e, 0x30,
    0x0, 0x0, 0x0, 0x0, 0x0, 0x8e, 0xfc, 0x30,
    0xa, 0xf7, 0x5c, 0xf1, 0x1f, 0x80, 0x1, 0xf8,
    0x4f, 0x40, 0x0, 0xcb, 0x4f, 0x40, 0x0, 0xcb,
    0x1f, 0x80, 0x1, 0xf8, 0xa, 0xf7, 0x5c, 0xf2,
    0x0, 0x8e, 0xfc, 0x30,

    /* U+00F5 "?" */
    0x0, 0xaf, 0xfe, 0x20, 0x0, 0x0, 0x0, 0x0,
    0x0, 0x0, 0x0, 0x0, 0x0, 0x8e, 0xfc, 0x30,
    0xa, 0xf7, 0x5c, 0xf1, 0x1f, 0x80, 0x1, 0xf8,
    0x4f, 0x40, 0x0, 0xcb, 0x4f, 0x40, 0x0, 0xcb,
    0x1f, 0x80, 0x1, 0xf8, 0xa, 0xf7, 0x5c, 0xf2,
    0x0, 0x8e, 0xfc, 0x30,

    /* U+00F6 "?" */
    0x0, 0xe7, 0xe, 0x60, 0x0, 0xb5, 0xb, 0x40,
    0x0, 0x0, 0x0, 0x0, 0x0, 0x8e, 0xfc, 0x30,
    0xa, 0xf7, 0x5c, 0xf1, 0x1f, 0x80, 0x1, 0xf8,
    0x4f, 0x40, 0x0, 0xcb, 0x4f, 0x40, 0x0, 0xcb,
    0x1f, 0x80, 0x1, 0xf8, 0xa, 0xf7, 0x5c, 0xf2,
    0x0, 0x8e, 0xfc, 0x30,

    /* U+00F7 "?" */
    0x0, 0x2e, 0x60, 0x0, 0x2, 0xf7, 0x0, 0x1,
    0x11, 0x11, 0x19, 0xff, 0xff, 0xff, 0x24, 0x44,
    0x44, 0x40, 0x0, 0x0, 0x0, 0x0, 0x2f, 0x70,
    0x0, 0x2, 0xe6, 0x0,

    /* U+00F8 "?" */
    0x0, 0x0, 0x0, 0x0, 0x0, 0x8e, 0xfc, 0xaa,
    0xa, 0xf7, 0x5f, 0xf3, 0x1f, 0x80, 0x2f, 0xf8,
    0x4f, 0x41, 0xd5, 0xcb, 0x4f, 0x4c, 0x70, 0xcb,
    0x1f, 0xfa, 0x1, 0xf8, 0xf, 0xf8, 0x5c, 0xf2,
    0x3e, 0xae, 0xfc, 0x30, 0x1, 0x0, 0x0, 0x0,

    /* U+00F9 "?" */
    0x1, 0x10, 0x0, 0x0, 0x4f, 0x20, 0x0, 0x0,
    0xa9, 0x0, 0x0, 0x0, 0x0, 0x0, 0xf8, 0x0,
    0x1f, 0x6f, 0x80, 0x1, 0xf6, 0xf8, 0x0, 0x1f,
    0x6f, 0x80, 0x1, 0xf6, 0xf8, 0x0, 0x1f, 0x6e,
    0xa0, 0x4, 0xf6, 0xaf, 0x86, 0xcf, 0x61, 0xbf,
    0xd3, 0xf6,

    /* U+00FA "?" */
    0x0, 0x0, 0x10, 0x0, 0x0, 0xbb, 0x0, 0x0,
    0x2f, 0x10, 0x0, 0x0, 0x0, 0x0, 0xf8, 0x0,
    0x1f, 0x6f, 0x80, 0x1, 0xf6, 0xf8, 0x0, 0x1f,
    0x6f, 0x80, 0x1, 0xf6, 0xf8, 0x0, 0x1f, 0x6e,
    0xa0, 0x4, 0xf6, 0xaf, 0x86, 0xcf, 0x61, 0xbf,
    0xd3, 0xf6,

    /* U+00FB "?" */
    0x0, 0xdf, 0x40, 0x0, 0xca, 0x3e, 0x30, 0x0,
    0x0, 0x0, 0xf, 0x80, 0x1, 0xf6, 0xf8, 0x0,
    0x1f, 0x6f, 0x80, 0x1, 0xf6, 0xf8, 0x0, 0x1f,
    0x6f, 0x80, 0x1, 0xf6, 0xea, 0x0, 0x4f, 0x6a,
    0xf8, 0x6c, 0xf6, 0x1b, 0xfd, 0x3f, 0x60,

    /* U+00FC "?" */
    0xe, 0x71, 0xe6, 0x0, 0xb5, 0xb, 0x40, 0x0,
    0x0, 0x0, 0xf, 0x80, 0x1, 0xf6, 0xf8, 0x0,
    0x1f, 0x6f, 0x80, 0x1, 0xf6, 0xf8, 0x0, 0x1f,
    0x6f, 0x80, 0x1, 0xf6, 0xea, 0x0, 0x4f, 0x6a,
    0xf8, 0x6c, 0xf6, 0x1b, 0xfd, 0x3f, 0x60,

    /* U+00FD "?" */
    0x0, 0x0, 0x11, 0x0, 0x0, 0x0, 0xe8, 0x0,
    0x0, 0x5, 0xd0, 0x0, 0x0, 0x0, 0x0, 0x0,
    0x8f, 0x10, 0x1, 0xf8, 0x2f, 0x70, 0x6, 0xf2,
    0xc, 0xc0, 0xb, 0xd0, 0x6, 0xf1, 0x1f, 0x70,
    0x1, 0xf7, 0x6f, 0x10, 0x0, 0xbb, 0xbb, 0x0,
    0x0, 0x5f, 0xf5, 0x0, 0x0, 0xe, 0xf0, 0x0,
    0x0, 0xe, 0xa0, 0x0, 0x4, 0x9f, 0x30, 0x0,
    0xe, 0xe6, 0x0, 0x0,

    /* U+00FE "?" */
    0xf8, 0x0, 0x0, 0xf, 0x80, 0x0, 0x0, 0xf8,
    0x0, 0x0, 0xf, 0x89, 0xfe, 0x60, 0xfe, 0xa5,
    0xaf, 0x5f, 0xc0, 0x0, 0xdc, 0xf8, 0x0, 0x9,
    0xff, 0x80, 0x0, 0xaf, 0xfc, 0x0, 0xd, 0xcf,
    0xea, 0x5b, 0xf5, 0xf8, 0x9f, 0xe7, 0xf, 0x80,
    0x0, 0x0, 0xf8, 0x0, 0x0, 0xf, 0x80, 0x0,
    0x0,

    /* U+00FF "?" */
    0x2, 0xe4, 0x3e, 0x30, 0x1, 0xb3, 0x2b, 0x20,
    0x0, 0x0, 0x0, 0x0, 0x8f, 0x10, 0x1, 0xf8,
    0x2f, 0x70, 0x6, 0xf2, 0xc, 0xc0, 0xb, 0xd0,
    0x6, 0xf1, 0x1f, 0x70, 0x1, 0xf7, 0x6f, 0x10,
    0x0, 0xbb, 0xbb, 0x0, 0x0, 0x5f, 0xf5, 0x0,
    0x0, 0xe, 0xf0, 0x0, 0x0, 0xe, 0xa0, 0x0,
    0x4, 0x9f, 0x30, 0x0, 0xe, 0xe6, 0x0, 0x0,

    /* U+0100 "?" */
    0x0, 0xe, 0xff, 0xd0, 0x0, 0x0, 0x2, 0x22,
    0x10, 0x0, 0x0, 0x3, 0xff, 0x10, 0x0, 0x0,
    0x8, 0xef, 0x60, 0x0, 0x0, 0xd, 0xac, 0xb0,
    0x0, 0x0, 0x3f, 0x68, 0xf1, 0x0, 0x0, 0x8f,
    0x14, 0xf6, 0x0, 0x0, 0xdd, 0x0, 0xeb, 0x0,
    0x2, 0xf9, 0x11, 0xaf, 0x10, 0x8, 0xff, 0xff,
    0xff, 0x60, 0xd, 0xd4, 0x44, 0x4f, 0xb0, 0x2f,
    0x80, 0x0, 0xa, 0xf1, 0x7f, 0x30, 0x0, 0x4,
    0xf6,

    /* U+0101 "?" */
    0x0, 0xff, 0xfd, 0x0, 0x2, 0x22, 0x10, 0x0,
    0x0, 0x0, 0x0, 0x2b, 0xee, 0xa0, 0xe, 0xd5,
    0x6e, 0xa0, 0x21, 0x0, 0x9e, 0x1, 0x7a, 0xcf,
    0xf1, 0xed, 0x75, 0x9f, 0x6f, 0x10, 0xb, 0xf4,
    0xf9, 0x48, 0xff, 0x7, 0xef, 0xa8, 0xf0,

    /* U+0102 "?" */
    0x0, 0x7, 0x11, 0x70, 0x0, 0x0, 0x8, 0xee,
    0x70, 0x0, 0x0, 0x0, 0x0, 0x0, 0x0, 0x0,
    0x3, 0xff, 0x10, 0x0, 0x0, 0x8, 0xef, 0x60,
    0x0, 0x0, 0xd, 0xac, 0xb0, 0x0, 0x0, 0x3f,
    0x68, 0xf1, 0x0, 0x0, 0x8f, 0x14, 0xf6, 0x0,
    0x0, 0xdd, 0x0, 0xeb, 0x0, 0x2, 0xf9, 0x11,
    0xaf, 0x10, 0x8, 0xff, 0xff, 0xff, 0x60, 0xd,
    0xd4, 0x44, 0x4f, 0xb0, 0x2f, 0x80, 0x0, 0xa,
    0xf1, 0x7f, 0x30, 0x0, 0x4, 0xf6,

    /* U+0103 "?" */
    0x0, 0x20, 0x3, 0x0, 0x1e, 0x24, 0xd0, 0x0,
    0x6e, 0xd3, 0x0, 0x0, 0x0, 0x0, 0x2, 0xbe,
    0xea, 0x0, 0xed, 0x56, 0xea, 0x2, 0x10, 0x9,
    0xe0, 0x17, 0xac, 0xff, 0x1e, 0xd7, 0x59, 0xf6,
    0xf1, 0x0, 0xbf, 0x4f, 0x94, 0x8f, 0xf0, 0x7e,
    0xfa, 0x8f,

    /* U+0104 "?" */
    0x0, 0x3, 0xff, 0x10, 0x0, 0x0, 0x8, 0xef,
    0x60, 0x0, 0x0, 0xd, 0xac, 0xb0, 0x0, 0x0,
    0x3f, 0x68, 0xf1, 0x0, 0x0, 0x8f, 0x14, 0xf6,
    0x0, 0x0, 0xdd, 0x0, 0xeb, 0x0, 0x2, 0xf9,
    0x11, 0xaf, 0x10, 0x8, 0xff, 0xff, 0xff, 0x60,
    0xd, 0xd4, 0x44, 0x4f, 0xb0, 0x2f, 0x80, 0x0,
    0xa, 0xf1, 0x7f, 0x30, 0x0, 0x4, 0xf6, 0x0,
    0x0, 0x0, 0x8, 0xd2, 0x0, 0x0, 0x0, 0xf,
    0x92, 0x0, 0x0, 0x0, 0x9, 0xfb,

    /* U+0105 "?" */
    0x2, 0xbe, 0xea, 0x0, 0xe, 0xd5, 0x6e, 0xa0,
    0x2, 0x10, 0x9, 0xe0, 0x1, 0x7a, 0xcf, 0xf0,
    0x1e, 0xd7, 0x59, 0xf0, 0x6f, 0x10, 0xb, 0xf0,
    0x4f, 0x94, 0x8f, 0xf0, 0x7, 0xef, 0xab, 0xf0,
    0x0, 0x0, 0x4f, 0x30, 0x0, 0x0, 0x9e, 0x30,
    0x0, 0x0, 0x3e, 0xe2,

    /* U+0106 "?" */
    0x0, 0x0, 0x8, 0xe0, 0x0, 0x0, 0x0, 0xe,
    0x40, 0x0, 0x0, 0x0, 0x1, 0x0, 0x0, 0x0,
    0x19, 0xef, 0xd6, 0x0, 0x0, 0xdf, 0xa8, 0xbf,
    0x90, 0x9, 0xf4, 0x0, 0x8, 0xf3, 0xe, 0xa0,
    0x0, 0x1, 0x94, 0x2f, 0x60, 0x0, 0x0, 0x0,
    0x3f, 0x50, 0x0, 0x0, 0x0, 0x2f, 0x60, 0x0,
    0x0, 0x0, 0xe, 0xa0, 0x0, 0x1, 0x94, 0x9,
    0xf4, 0x0, 0x8, 0xf3, 0x0, 0xdf, 0xa8, 0xbf,
    0x90, 0x0, 0x19, 0xef, 0xd7, 0x0,

    /* U+0107 "?" */
    0x0, 0x0, 0x1, 0x0, 0x0, 0x0, 0xbb, 0x0,
    0x0, 0x2, 0xf2, 0x0, 0x0, 0x0, 0x0, 0x0,
    0x0, 0x8e, 0xfb, 0x30, 0xa, 0xf7, 0x5c, 0xf1,
    0x1f, 0x80, 0x1, 0x82, 0x4f, 0x40, 0x0, 0x0,
    0x4f, 0x40, 0x0, 0x0, 0x1f, 0x80, 0x1, 0x92,
    0xa, 0xf7, 0x5c, 0xf1, 0x0, 0x8e, 0xfb, 0x30,

    /* U+0108 "?" */
    0x0, 0x0, 0xbf, 0x70, 0x0, 0x0, 0xa, 0xc2,
    0xe5, 0x0, 0x0, 0x0, 0x0, 0x0, 0x0, 0x0,
    0x19, 0xef, 0xd6, 0x0, 0x0, 0xdf, 0xa8, 0xbf,
    0x90, 0x9, 0xf4, 0x0, 0x8, 0xf3, 0xe, 0xa0,
    0x0, 0x1, 0x94, 0x2f, 0x60, 0x0, 0x0, 0x0,
    0x3f, 0x50, 0x0, 0x0, 0x0, 0x2f, 0x60, 0x0,
    0x0, 0x0, 0xe, 0xa0, 0x0, 0x1, 0x94, 0x9,
    0xf4, 0x0, 0x8, 0xf3, 0x0, 0xdf, 0xa8, 0xbf,
    0x90, 0x0, 0x19, 0xef, 0xd7, 0x0,

    /* U+0109 "?" */
    0x0, 0xd, 0xf5, 0x0, 0x0, 0xba, 0x3e, 0x30,
    0x0, 0x0, 0x0, 0x0, 0x0, 0x8e, 0xfb, 0x30,
    0xa, 0xf7, 0x5c, 0xf1, 0x1f, 0x80, 0x1, 0x82,
    0x4f, 0x40, 0x0, 0x0, 0x4f, 0x40, 0x0, 0x0,
    0x1f, 0x80, 0x1, 0x92, 0xa, 0xf7, 0x5c, 0xf1,
    0x0, 0x8e, 0xfb, 0x30,

    /* U+010A "?" */
    0x0, 0x0, 0x4c, 0x10, 0x0, 0x0, 0x0, 0x6e,
    0x20, 0x0, 0x0, 0x0, 0x0, 0x0, 0x0, 0x0,
    0x19, 0xef, 0xd6, 0x0, 0x0, 0xdf, 0xa8, 0xbf,
    0x90, 0x9, 0xf4, 0x0, 0x8, 0xf3, 0xe, 0xa0,
    0x0, 0x1, 0x94, 0x2f, 0x60, 0x0, 0x0, 0x0,
    0x3f, 0x50, 0x0, 0x0, 0x0, 0x2f, 0x60, 0x0,
    0x0, 0x0, 0xe, 0xa0, 0x0, 0x1, 0x94, 0x9,
    0xf4, 0x0, 0x8, 0xf3, 0x0, 0xdf, 0xa8, 0xbf,
    0x90, 0x0, 0x19, 0xef, 0xd7, 0x0,

    /* U+010B "?" */
    0x0, 0x8, 0xe1, 0x0, 0x0, 0x6, 0xb0, 0x0,
    0x0, 0x0, 0x0, 0x0, 0x0, 0x8e, 0xfb, 0x30,
    0xa, 0xf7, 0x5c, 0xf1, 0x1f, 0x80, 0x1, 0x82,
    0x4f, 0x40, 0x0, 0x0, 0x4f, 0x40, 0x0, 0x0,
    0x1f, 0x80, 0x1, 0x92, 0xa, 0xf7, 0x5c, 0xf1,
    0x0, 0x8e, 0xfb, 0x30,

    /* U+010C "?" */
    0x0, 0x9, 0xc2, 0xe5, 0x0, 0x0, 0x0, 0xbf,
    0x70, 0x0, 0x0, 0x0, 0x0, 0x0, 0x0, 0x0,
    0x19, 0xef, 0xd6, 0x0, 0x0, 0xdf, 0xa8, 0xbf,
    0x90, 0x9, 0xf4, 0x0, 0x8, 0xf3, 0xe, 0xa0,
    0x0, 0x1, 0x94, 0x2f, 0x60, 0x0, 0x0, 0x0,
    0x3f, 0x50, 0x0, 0x0, 0x0, 0x2f, 0x60, 0x0,
    0x0, 0x0, 0xe, 0xa0, 0x0, 0x1, 0x94, 0x9,
    0xf4, 0x0, 0x8, 0xf3, 0x0, 0xdf, 0xa8, 0xbf,
    0x90, 0x0, 0x19, 0xef, 0xd7, 0x0,

    /* U+010D "?" */
    0x0, 0xba, 0x3f, 0x30, 0x0, 0xd, 0xf5, 0x0,
    0x0, 0x0, 0x0, 0x0, 0x0, 0x8e, 0xfb, 0x30,
    0xa, 0xf7, 0x5c, 0xf1, 0x1f, 0x80, 0x1, 0x82,
    0x4f, 0x40, 0x0, 0x0, 0x4f, 0x40, 0x0, 0x0,
    0x1f, 0x80, 0x1, 0x92, 0xa, 0xf7, 0x5c, 0xf1,
    0x0, 0x8e, 0xfb, 0x30,

    /* U+010E "?" */
    0x7, 0x30, 0x73, 0x0, 0x0, 0x5e, 0xab, 0x0,
    0x0, 0x0, 0x57, 0x0, 0x0, 0xe, 0xff, 0xfe,
    0x91, 0x0, 0xed, 0x66, 0x8e, 0xe2, 0xe, 0xb0,
    0x0, 0x2f, 0xb0, 0xeb, 0x0, 0x0, 0x8f, 0x1e,
    0xb0, 0x0, 0x4, 0xf4, 0xeb, 0x0, 0x0, 0x3f,
    0x5e, 0xb0, 0x0, 0x5, 0xf4, 0xeb, 0x0, 0x0,
    0x8f, 0x1e, 0xb0, 0x0, 0x2f, 0xb0, 0xed, 0x67,
    0x9f, 0xe1, 0xe, 0xff, 0xfe, 0x91, 0x0,

    /* U+010F "?" */
    0x0, 0x0, 0x0, 0xda, 0x7d, 0x0, 0x0, 0x0,
    0xda, 0x7b, 0x0, 0x0, 0x0, 0xda, 0x46, 0x1,
    0xaf, 0xe5, 0xda, 0x0, 0xb, 0xf7, 0x6c, 0xfa,
    0x0, 0x2f, 0x80, 0x2, 0xfa, 0x0, 0x4f, 0x40,
    0x0, 0xea, 0x0, 0x4f, 0x40, 0x0, 0xea, 0x0,
    0x2f, 0x80, 0x2, 0xfa, 0x0, 0xb, 0xf7, 0x6d,
    0xea, 0x0, 0x1, 0xaf, 0xd5, 0xda, 0x0,

    /* U+0110 "?" */
    0x9, 0xff, 0xfe, 0xb3, 0x0, 0x9, 0xf6, 0x67,
    0xdf, 0x50, 0x9, 0xf0, 0x0, 0xc, 0xe1, 0x9,
    0xf0, 0x0, 0x3, 0xf5, 0x9, 0xf0, 0x0, 0x0,
    0xf8, 0xdf, 0xff, 0xf8, 0x0, 0xe9, 0x2c, 0xf3,
    0x31, 0x0, 0xf8, 0x9, 0xf0, 0x0, 0x4, 0xf5,
    0x9, 0xf0, 0x0, 0xc, 0xe0, 0x9, 0xf6, 0x68,
    0xdf, 0x50, 0x9, 0xff, 0xfe, 0xb3, 0x0,

    /* U+0111 "?" */
    0x0, 0x0, 0x0, 0xda, 0x0, 0x0, 0xe, 0xff,
    0xf9, 0x0, 0x0, 0x12, 0xfc, 0x10, 0x1a, 0xfe,
    0x5d, 0xa0, 0xb, 0xf7, 0x6c, 0xfa, 0x2, 0xf8,
    0x0, 0x2f, 0xa0, 0x4f, 0x40, 0x0, 0xea, 0x4,
    0xf4, 0x0, 0xe, 0xa0, 0x2f, 0x80, 0x2, 0xfa,
    0x0, 0xbf, 0x76, 0xde, 0xa0, 0x1, 0xaf, 0xd5,
    0xda, 0x0,

    /* U+0112 "?" */
    0x8, 0xff, 0xf4, 0x0, 0x12, 0x22, 0x0, 0xef,
    0xff, 0xff, 0x8e, 0xc6, 0x66, 0x63, 0xeb, 0x0,
    0x0, 0xe, 0xb0, 0x0, 0x0, 0xeb, 0x11, 0x11,
    0xe, 0xff, 0xff, 0xf3, 0xec, 0x44, 0x44, 0xe,
    0xb0, 0x0, 0x0, 0xeb, 0x0, 0x0, 0xe, 0xc6,
    0x66, 0x63, 0xef, 0xff, 0xff, 0x90,

    /* U+0113 "?" */
    0x0, 0xcf, 0xff, 0x10, 0x0, 0x12, 0x22, 0x0,
    0x0, 0x0, 0x0, 0x0, 0x0, 0x8e, 0xfb, 0x20,
    0xa, 0xe6, 0x5c, 0xe1, 0x1f, 0x50, 0x1, 0xf6,
    0x4f, 0xff, 0xff, 0xf9, 0x4f, 0x52, 0x22, 0x21,
    0x1f, 0x70, 0x0, 0x51, 0xa, 0xf7, 0x5b, 0xf2,
    0x0, 0x8e, 0xfc, 0x40,

    /* U+0114 "?" */
    0x5, 0x30, 0x53, 0x0, 0x3c, 0xeb, 0x10, 0x0,
    0x0, 0x0, 0xe, 0xff, 0xff, 0xf8, 0xec, 0x66,
    0x66, 0x3e, 0xb0, 0x0, 0x0, 0xeb, 0x0, 0x0,
    0xe, 0xb1, 0x11, 0x10, 0xef, 0xff, 0xff, 0x3e,
    0xc4, 0x44, 0x40, 0xeb, 0x0, 0x0, 0xe, 0xb0,
    0x0, 0x0, 0xec, 0x66, 0x66, 0x3e, 0xff, 0xff,
    0xf9,

    /* U+0115 "?" */
    0x0, 0xd4, 0x1e, 0x20, 0x0, 0x3e, 0xf7, 0x0,
    0x0, 0x0, 0x0, 0x0, 0x0, 0x8e, 0xfb, 0x20,
    0xa, 0xe6, 0x5c, 0xe1, 0x1f, 0x50, 0x1, 0xf6,
    0x4f, 0xff, 0xff, 0xf9, 0x4f, 0x52, 0x22, 0x21,
    0x1f, 0x70, 0x0, 0x51, 0xa, 0xf7, 0x5b, 0xf2,
    0x0, 0x8e, 0xfc, 0x40,

    /* U+0116 "?" */
    0x0, 0x4c, 0x10, 0x0, 0x6, 0xe2, 0x0, 0x0,
    0x0, 0x0, 0xe, 0xff, 0xff, 0xf8, 0xec, 0x66,
    0x66, 0x3e, 0xb0, 0x0, 0x0, 0xeb, 0x0, 0x0,
    0xe, 0xb1, 0x11, 0x10, 0xef, 0xff, 0xff, 0x3e,
    0xc4, 0x44, 0x40, 0xeb, 0x0, 0x0, 0xe, 0xb0,
    0x0, 0x0, 0xec, 0x66, 0x66, 0x3e, 0xff, 0xff,
    0xf9,

    /* U+0117 "?" */
    0x0, 0x9, 0xd0, 0x0, 0x0, 0x7, 0xb0, 0x0,
    0x0, 0x0, 0x0, 0x0, 0x0, 0x8e, 0xfb, 0x20,
    0xa, 0xe6, 0x5c, 0xe1, 0x1f, 0x50, 0x1, 0xf6,
    0x4f, 0xff, 0xff, 0xf9, 0x4f, 0x52, 0x22, 0x21,
    0x1f, 0x70, 0x0, 0x51, 0xa, 0xf7, 0x5b, 0xf2,
    0x0, 0x8e, 0xfc, 0x40,

    /* U+0118 "?" */
    0xef, 0xff, 0xff, 0x8e, 0xc6, 0x66, 0x63, 0xeb,
    0x0, 0x0, 0xe, 0xb0, 0x0, 0x0, 0xeb, 0x11,
    0x11, 0xe, 0xff, 0xff, 0xf3, 0xec, 0x44, 0x44,
    0xe, 0xb0, 0x0, 0x0, 0xeb, 0x0, 0x0, 0xe,
    0xc6, 0x66, 0x63, 0xef, 0xff, 0xff, 0x90, 0x0,
    0x7, 0xd2, 0x0, 0x0, 0xe9, 0x20, 0x0, 0x8,
    0xfc,

    /* U+0119 "?" */
    0x0, 0x8e, 0xfb, 0x20, 0xa, 0xe6, 0x5c, 0xe1,
    0x1f, 0x50, 0x1, 0xf6, 0x4f, 0xff, 0xff, 0xf9,
    0x4f, 0x52, 0x22, 0x21, 0x1f, 0x70, 0x0, 0x51,
    0xa, 0xf7, 0x5b, 0xf5, 0x0, 0x8e, 0xff, 0xf0,
    0x0, 0x0, 0x3f, 0x20, 0x0, 0x0, 0x8f, 0x30,
    0x0, 0x0, 0x3d, 0xf3,

    /* U+011A "?" */
    0x6, 0x40, 0x64, 0x0, 0x3e, 0x9d, 0x10, 0x0,
    0x48, 0x10, 0xe, 0xff, 0xff, 0xf8, 0xec, 0x66,
    0x66, 0x3e, 0xb0, 0x0, 0x0, 0xeb, 0x0, 0x0,
    0xe, 0xb1, 0x11, 0x10, 0xef, 0xff, 0xff, 0x3e,
    0xc4, 0x44, 0x40, 0xeb, 0x0, 0x0, 0xe, 0xb0,
    0x0, 0x0, 0xec, 0x66, 0x66, 0x3e, 0xff, 0xff,
    0xf9,

    /* U+011B "?" */
    0x0, 0xc8, 0x4f, 0x30, 0x0, 0x1d, 0xf4, 0x0,
    0x0, 0x0, 0x0, 0x0, 0x0, 0x8e, 0xfb, 0x20,
    0xa, 0xe6, 0x5c, 0xe1, 0x1f, 0x50, 0x1, 0xf6,
    0x4f, 0xff, 0xff, 0xf9, 0x4f, 0x52, 0x22, 0x21,
    0x1f, 0x70, 0x0, 0x51, 0xa, 0xf7, 0x5b, 0xf2,
    0x0, 0x8e, 0xfc, 0x40,

    /* U+011C "?" */
    0x0, 0x0, 0xbf, 0x60, 0x0, 0x0, 0xa, 0xb2,
    0xe4, 0x0, 0x0, 0x0, 0x0, 0x0, 0x0, 0x0,
    0x19, 0xef, 0xd6, 0x0, 0x0, 0xdf, 0xa8, 0xcf,
    0x80, 0x9, 0xf4, 0x0, 0xa, 0xf2, 0xe, 0xa0,
    0x0, 0x2, 0xd6, 0x2f, 0x60, 0x0, 0x0, 0x0,
    0x3f, 0x50, 0x0, 0x11, 0x10, 0x2f, 0x60, 0x5,
    0xff, 0xfa, 0xe, 0xa0, 0x1, 0x44, 0xf9, 0x9,
    0xf4, 0x0, 0x5, 0xf6, 0x1, 0xdf, 0xa8, 0xaf,
    0xc0, 0x0, 0x19, 0xef, 0xd8, 0x0,

    /* U+011D "?" */
    0x0, 0x1d, 0xf4, 0x0, 0x0, 0xc9, 0x4e, 0x30,
    0x0, 0x0, 0x0, 0x0, 0x0, 0xaf, 0xe5, 0xda,
    0xa, 0xf7, 0x6d, 0xea, 0x1f, 0x80, 0x2, 0xfa,
    0x4f, 0x40, 0x0, 0xea, 0x4f, 0x30, 0x0, 0xea,
    0x2f, 0x70, 0x1, 0xfa, 0xb, 0xf7, 0x5c, 0xfa,
    0x1, 0xaf, 0xe5, 0xda, 0x0, 0x0, 0x0, 0xe9,
    0xb, 0xd5, 0x4a, 0xf4, 0x2, 0xae, 0xfd, 0x50,

    /* U+011E "?" */
    0x0, 0xa, 0x70, 0xc5, 0x0, 0x0, 0x2, 0xcf,
    0x90, 0x0, 0x0, 0x0, 0x0, 0x0, 0x0, 0x0,
    0x19, 0xef, 0xd6, 0x0, 0x0, 0xdf, 0xa8, 0xcf,
    0x80, 0x9, 0xf4, 0x0, 0xa, 0xf2, 0xe, 0xa0,
    0x0, 0x2, 0xd6, 0x2f, 0x60, 0x0, 0x0, 0x0,
    0x3f, 0x50, 0x0, 0x11, 0x10, 0x2f, 0x60, 0x5,
    0xff, 0xfa, 0xe, 0xa0, 0x1, 0x44, 0xf9, 0x9,
    0xf4, 0x0, 0x5, 0xf6, 0x1, 0xdf, 0xa8, 0xaf,
    0xc0, 0x0, 0x19, 0xef, 0xd8, 0x0,

    /* U+011F "?" */
    0x0, 0xd5, 0x1d, 0x30, 0x0, 0x3d, 0xf7, 0x0,
    0x0, 0x0, 0x0, 0x0, 0x0, 0xaf, 0xe5, 0xda,
    0xa, 0xf7, 0x6d, 0xea, 0x1f, 0x80, 0x2, 0xfa,
    0x4f, 0x40, 0x0, 0xea, 0x4f, 0x30, 0x0, 0xea,
    0x2f, 0x70, 0x1, 0xfa, 0xb, 0xf7, 0x5c, 0xfa,
    0x1, 0xaf, 0xe5, 0xda, 0x0, 0x0, 0x0, 0xe9,
    0xb, 0xd5, 0x4a, 0xf4, 0x2, 0xae, 0xfd, 0x50,

    /* U+0120 "?" */
    0x0, 0x0, 0x5c, 0x10, 0x0, 0x0, 0x0, 0x6e,
    0x20, 0x0, 0x0, 0x0, 0x0, 0x0, 0x0, 0x0,
    0x19, 0xef, 0xd6, 0x0, 0x0, 0xdf, 0xa8, 0xcf,
    0x80, 0x9, 0xf4, 0x0, 0xa, 0xf2, 0xe, 0xa0,
    0x0, 0x2, 0xd6, 0x2f, 0x60, 0x0, 0x0, 0x0,
    0x3f, 0x50, 0x0, 0x11, 0x10, 0x2f, 0x60, 0x5,
    0xff, 0xfa, 0xe, 0xa0, 0x1, 0x44, 0xf9, 0x9,
    0xf4, 0x0, 0x5, 0xf6, 0x1, 0xdf, 0xa8, 0xaf,
    0xc0, 0x0, 0x19, 0xef, 0xd8, 0x0,

    /* U+0121 "?" */
    0x0, 0x8, 0xe0, 0x0, 0x0, 0x6, 0xb0, 0x0,
    0x0, 0x0, 0x0, 0x0, 0x0, 0xaf, 0xe5, 0xda,
    0xa, 0xf7, 0x6d, 0xea, 0x1f, 0x80, 0x2, 0xfa,
    0x4f, 0x40, 0x0, 0xea, 0x4f, 0x30, 0x0, 0xea,
    0x2f, 0x70, 0x1, 0xfa, 0xb, 0xf7, 0x5c, 0xfa,
    0x1, 0xaf, 0xe5, 0xda, 0x0, 0x0, 0x0, 0xe9,
    0xb, 0xd5, 0x4a, 0xf4, 0x2, 0xae, 0xfd, 0x50,

    /* U+0122 "?" */
    0x0, 0x19, 0xef, 0xd6, 0x0, 0x0, 0xdf, 0xa8,
    0xcf, 0x80, 0x9, 0xf4, 0x0, 0xa, 0xf2, 0xe,
    0xa0, 0x0, 0x2, 0xd6, 0x2f, 0x60, 0x0, 0x0,
    0x0, 0x3f, 0x50, 0x0, 0x11, 0x10, 0x2f, 0x60,
    0x5, 0xff, 0xfa, 0xe, 0xa0, 0x1, 0x44, 0xf9,
    0x9, 0xf4, 0x0, 0x5, 0xf6, 0x1, 0xdf, 0xa8,
    0xaf, 0xc0, 0x0, 0x19, 0xef, 0xd8, 0x0, 0x0,
    0x0, 0x0, 0x0, 0x0, 0x0, 0x0, 0x9d, 0x0,
    0x0, 0x0, 0x0, 0xc7, 0x0, 0x0, 0x0, 0x0,
    0x92, 0x0, 0x0,

    /* U+0123 "?" */
    0x0, 0x0, 0x0, 0x0, 0x0, 0x0, 0xc2, 0x0,
    0x0, 0x5, 0xe0, 0x0, 0x0, 0x6, 0xc0, 0x0,
    0x0, 0x0, 0x0, 0x0, 0x0, 0xaf, 0xe5, 0xda,
    0xa, 0xf7, 0x6d, 0xea, 0x1f, 0x80, 0x2, 0xfa,
    0x4f, 0x40, 0x0, 0xea, 0x4f, 0x30, 0x0, 0xea,
    0x2f, 0x70, 0x1, 0xfa, 0xb, 0xf7, 0x5c, 0xfa,
    0x1, 0xaf, 0xe5, 0xda, 0x0, 0x0, 0x0, 0xe9,
    0xb, 0xd5, 0x4a, 0xf4, 0x2, 0xae, 0xfd, 0x50,

    /* U+0124 "?" */
    0x0, 0x5, 0x70, 0x0, 0x0, 0x5, 0xea, 0xb0,
    0x0, 0x0, 0x73, 0x7, 0x30, 0xe, 0xb0, 0x0,
    0x4, 0xf4, 0xeb, 0x0, 0x0, 0x4f, 0x4e, 0xb0,
    0x0, 0x4, 0xf4, 0xeb, 0x0, 0x0, 0x4f, 0x4e,
    0xb1, 0x11, 0x15, 0xf4, 0xef, 0xff, 0xff, 0xff,
    0x4e, 0xc4, 0x44, 0x47, 0xf4, 0xeb, 0x0, 0x0,
    0x4f, 0x4e, 0xb0, 0x0, 0x4, 0xf4, 0xeb, 0x0,
    0x0, 0x4f, 0x4e, 0xb0, 0x0, 0x4, 0xf4,

    /* U+0125 "?" */
    0x1, 0x74, 0x0, 0x0, 0x0, 0xca, 0xe4, 0x0,
    0x0, 0x37, 0x3, 0x70, 0x0, 0x0, 0xf, 0x80,
    0x0, 0x0, 0x0, 0xf8, 0x0, 0x0, 0x0, 0xf,
    0x80, 0x0, 0x0, 0x0, 0xf8, 0x9f, 0xd5, 0x0,
    0xf, 0xe9, 0x6d, 0xf2, 0x0, 0xfb, 0x0, 0x3f,
    0x50, 0xf, 0x80, 0x1, 0xf6, 0x0, 0xf8, 0x0,
    0x1f, 0x60, 0xf, 0x80, 0x1, 0xf6, 0x0, 0xf8,
    0x0, 0x1f, 0x60, 0xf, 0x80, 0x1, 0xf6,

    /* U+0126 "?" */
    0x9, 0xf0, 0x0, 0x0, 0xf9, 0x0, 0x9f, 0x0,
    0x0, 0xf, 0x90, 0x9, 0xf0, 0x0, 0x0, 0xf9,
    0x6, 0xff, 0xff, 0xff, 0xff, 0xf6, 0xa, 0xf4,
    0x44, 0x44, 0xfa, 0x0, 0x9f, 0xff, 0xff, 0xff,
    0x90, 0x9, 0xf4, 0x44, 0x44, 0xf9, 0x0, 0x9f,
    0x0, 0x0, 0xf, 0x90, 0x9, 0xf0, 0x0, 0x0,
    0xf9, 0x0, 0x9f, 0x0, 0x0, 0xf, 0x90, 0x9,
    0xf0, 0x0, 0x0, 0xf9, 0x0,

    /* U+0127 "?" */
    0xf, 0x80, 0x0, 0x0, 0xef, 0xff, 0x80, 0x0,
    0x1f, 0xa2, 0x10, 0x0, 0xf, 0x89, 0xfd, 0x50,
    0xf, 0xe9, 0x6d, 0xf2, 0xf, 0xb0, 0x3, 0xf5,
    0xf, 0x80, 0x1, 0xf6, 0xf, 0x80, 0x1, 0xf6,
    0xf, 0x80, 0x1, 0xf6, 0xf, 0x80, 0x1, 0xf6,
    0xf, 0x80, 0x1, 0xf6,

    /* U+0128 "?" */
    0xa, 0xb2, 0xd0, 0x2d, 0x5d, 0x90, 0x0, 0x0,
    0x0, 0x0, 0xeb, 0x0, 0x0, 0xeb, 0x0, 0x0,
    0xeb, 0x0, 0x0, 0xeb, 0x0, 0x0, 0xeb, 0x0,
    0x0, 0xeb, 0x0, 0x0, 0xeb, 0x0, 0x0, 0xeb,
    0x0, 0x0, 0xeb, 0x0, 0x0, 0xeb, 0x0, 0x0,
    0xeb, 0x0,

    /* U+0129 "?" */
    0x2e, 0xff, 0x90, 0x0, 0x0, 0x0, 0x0, 0x0,
    0xf, 0x80, 0x0, 0xf8, 0x0, 0xf, 0x80, 0x0,
    0xf8, 0x0, 0xf, 0x80, 0x0, 0xf8, 0x0, 0xf,
    0x80, 0x0, 0xf8, 0x0,

    /* U+012A "?" */
    0xff, 0xfc, 0x22, 0x21, 0xe, 0xb0, 0xe, 0xb0,
    0xe, 0xb0, 0xe, 0xb0, 0xe, 0xb0, 0xe, 0xb0,
    0xe, 0xb0, 0xe, 0xb0, 0xe, 0xb0, 0xe, 0xb0,
    0xe, 0xb0,

    /* U+012B "?" */
    0x2f, 0xff, 0xb0, 0x22, 0x21, 0x0, 0x0, 0x0,
    0xf, 0x80, 0x0, 0xf8, 0x0, 0xf, 0x80, 0x0,
    0xf8, 0x0, 0xf, 0x80, 0x0, 0xf8, 0x0, 0xf,
    0x80, 0x0, 0xf8, 0x0,

    /* U+012C "?" */
    0x17, 0x1, 0x70, 0x8, 0xee, 0x60, 0x0, 0x0,
    0x0, 0x0, 0xeb, 0x0, 0x0, 0xeb, 0x0, 0x0,
    0xeb, 0x0, 0x0, 0xeb, 0x0, 0x0, 0xeb, 0x0,
    0x0, 0xeb, 0x0, 0x0, 0xeb, 0x0, 0x0, 0xeb,
    0x0, 0x0, 0xeb, 0x0, 0x0, 0xeb, 0x0, 0x0,
    0xeb, 0x0,

    /* U+012D "?" */
    0x3d, 0x15, 0xc0, 0x8f, 0xd2, 0x0, 0x0, 0x0,
    0xf, 0x80, 0x0, 0xf8, 0x0, 0xf, 0x80, 0x0,
    0xf8, 0x0, 0xf, 0x80, 0x0, 0xf8, 0x0, 0xf,
    0x80, 0x0, 0xf8, 0x0,

    /* U+012E "?" */
    0xe, 0xb0, 0xe, 0xb0, 0xe, 0xb0, 0xe, 0xb0,
    0xe, 0xb0, 0xe, 0xb0, 0xe, 0xb0, 0xe, 0xb0,
    0xe, 0xb0, 0xe, 0xb0, 0xf, 0xb0, 0x5e, 0x20,
    0xdb, 0x20, 0x7f, 0xd0,

    /* U+012F "?" */
    0x1, 0xe8, 0x0, 0xb6, 0x0, 0x0, 0x0, 0xf8,
    0x0, 0xf8, 0x0, 0xf8, 0x0, 0xf8, 0x0, 0xf8,
    0x0, 0xf8, 0x0, 0xf8, 0x0, 0xf8, 0x8, 0xc1,
    0xf, 0x82, 0x9, 0xfa,

    /* U+0130 "?" */
    0xa, 0x80, 0xda, 0x0, 0x0, 0xeb, 0xe, 0xb0,
    0xeb, 0xe, 0xb0, 0xeb, 0xe, 0xb0, 0xeb, 0xe,
    0xb0, 0xeb, 0xe, 0xb0, 0xeb,

    /* U+0131 "?" */
    0xf8, 0xf8, 0xf8, 0xf8, 0xf8, 0xf8, 0xf8, 0xf8,

    /* U+0132 "?" */
    0xeb, 0x0, 0x0, 0x0, 0xdb, 0xeb, 0x0, 0x0,
    0x0, 0xdb, 0xeb, 0x0, 0x0, 0x0, 0xdb, 0xeb,
    0x0, 0x0, 0x0, 0xdb, 0xeb, 0x0, 0x0, 0x0,
    0xdb, 0xeb, 0x0, 0x0, 0x0, 0xdb, 0xeb, 0x0,
    0x0, 0x0, 0xdb, 0xeb, 0x7, 0xc0, 0x0, 0xdb,
    0xeb, 0x7, 0xf1, 0x0, 0xe9, 0xeb, 0x2, 0xfa,
    0x49, 0xf4, 0xeb, 0x0, 0x4c, 0xfd, 0x60,

    /* U+0133 "?" */
    0x1e, 0x80, 0x7e, 0x10, 0xb6, 0x5, 0xc1, 0x0,
    0x0, 0x0, 0x0, 0xf8, 0x7, 0xf0, 0xf, 0x80,
    0x7f, 0x0, 0xf8, 0x7, 0xf0, 0xf, 0x80, 0x7f,
    0x0, 0xf8, 0x7, 0xf0, 0xf, 0x80, 0x7f, 0x0,
    0xf8, 0x7, 0xf0, 0xf, 0x80, 0x7f, 0x0, 0x0,
    0x7, 0xf0, 0x0, 0x3, 0xdd, 0x0, 0x0, 0xbd,
    0x30,

    /* U+0134 "?" */
    0x0, 0x0, 0x1d, 0xf4, 0x0, 0x0, 0xc, 0x84,
    0xe2, 0x0, 0x0, 0x0, 0x0, 0x0, 0x0, 0x0,
    0xae, 0x0, 0x0, 0x0, 0xa, 0xe0, 0x0, 0x0,
    0x0, 0xae, 0x0, 0x0, 0x0, 0xa, 0xe0, 0x0,
    0x0, 0x0, 0xae, 0x0, 0x0, 0x0, 0xa, 0xe0,
    0x0, 0x0, 0x0, 0xae, 0x0, 0x5e, 0x20, 0xa,
    0xe0, 0x4, 0xf4, 0x0, 0xcc, 0x0, 0xe, 0xe6,
    0x9f, 0x70, 0x0, 0x2b, 0xfe, 0x80, 0x0,

    /* U+0135 "?" */
    0x5, 0xfc, 0x0, 0x4f, 0x3a, 0xb0, 0x0, 0x0,
    0x0, 0x0, 0xf8, 0x0, 0x0, 0xf8, 0x0, 0x0,
    0xf8, 0x0, 0x0, 0xf8, 0x0, 0x0, 0xf8, 0x0,
    0x0, 0xf8, 0x0, 0x0, 0xf8, 0x0, 0x0, 0xf8,
    0x0, 0x0, 0xf7, 0x0, 0x18, 0xf5, 0x0, 0x3e,
    0x90, 0x0,

    /* U+0136 "?" */
    0xeb, 0x0, 0x3, 0xfc, 0xe, 0xb0, 0x1, 0xed,
    0x10, 0xeb, 0x0, 0xdf, 0x20, 0xe, 0xa0, 0xbf,
    0x40, 0x0, 0xea, 0x7f, 0x70, 0x0, 0xe, 0xdf,
    0xfa, 0x0, 0x0, 0xef, 0x97, 0xf5, 0x0, 0xe,
    0xc0, 0xd, 0xe1, 0x0, 0xeb, 0x0, 0x3f, 0xa0,
    0xe, 0xb0, 0x0, 0x9f, 0x40, 0xeb, 0x0, 0x0,
    0xde, 0x0, 0x0, 0x0, 0x0, 0x0, 0x0, 0xf,
    0x60, 0x0, 0x0, 0x3, 0xf1, 0x0, 0x0, 0x0,
    0x37, 0x0, 0x0, 0x0,

    /* U+0137 "?" */
    0xf8, 0x0, 0x0, 0xf, 0x80, 0x0, 0x0, 0xf8,
    0x0, 0x0, 0xf, 0x80, 0xb, 0xe1, 0xf8, 0xa,
    0xf3, 0xf, 0x88, 0xf4, 0x0, 0xfe, 0xf9, 0x0,
    0xf, 0xfc, 0xf2, 0x0, 0xf8, 0x1e, 0xd0, 0xf,
    0x80, 0x4f, 0x90, 0xf8, 0x0, 0x8f, 0x50, 0x0,
    0x0, 0x0, 0x0, 0xd9, 0x0, 0x0, 0xf, 0x30,
    0x0, 0x2, 0x90, 0x0, 0x0,

    /* U+0138 "?" */
    0xf8, 0x0, 0xbe, 0x2f, 0x80, 0x9f, 0x30, 0xf8,
    0x6f, 0x50, 0xf, 0xff, 0x90, 0x0, 0xf9, 0xbe,
    0x10, 0xf, 0x81, 0xea, 0x0, 0xf8, 0x6, 0xf6,
    0xf, 0x80, 0xb, 0xf2,

    /* U+0139 "?" */
    0xe, 0x70, 0x0, 0x6, 0xd0, 0x0, 0x0, 0x10,
    0x0, 0x0, 0xe, 0xb0, 0x0, 0x0, 0xeb, 0x0,
    0x0, 0xe, 0xb0, 0x0, 0x0, 0xeb, 0x0, 0x0,
    0xe, 0xb0, 0x0, 0x0, 0xeb, 0x0, 0x0, 0xe,
    0xb0, 0x0, 0x0, 0xeb, 0x0, 0x0, 0xe, 0xb0,
    0x0, 0x0, 0xec, 0x66, 0x66, 0x1e, 0xff, 0xff,
    0xf4,

    /* U+013A "?" */
    0x2f, 0x59, 0xb0, 0x10, 0xf, 0x80, 0xf8, 0xf,
    0x80, 0xf8, 0xf, 0x80, 0xf8, 0xf, 0x80, 0xf8,
    0xf, 0x80, 0xf8, 0xf, 0x80,

    /* U+013B "?" */
    0xeb, 0x0, 0x0, 0xe, 0xb0, 0x0, 0x0, 0xeb,
    0x0, 0x0, 0xe, 0xb0, 0x0, 0x0, 0xeb, 0x0,
    0x0, 0xe, 0xb0, 0x0, 0x0, 0xeb, 0x0, 0x0,
    0xe, 0xb0, 0x0, 0x0, 0xeb, 0x0, 0x0, 0xe,
    0xc6, 0x66, 0x61, 0xef, 0xff, 0xff, 0x40, 0x0,
    0x0, 0x0, 0x0, 0xac, 0x0, 0x0, 0xd, 0x60,
    0x0, 0x0, 0x91, 0x0, 0x0,

    /* U+013C "?" */
    0xf, 0x80, 0xf8, 0xf, 0x80, 0xf8, 0xf, 0x80,
    0xf8, 0xf, 0x80, 0xf8, 0xf, 0x80, 0xf8, 0xf,
    0x80, 0x0, 0x1f, 0x45, 0xe0, 0x46, 0x0,

    /* U+013D "?" */
    0xeb, 0xa, 0xa0, 0xe, 0xb0, 0xa8, 0x0, 0xeb,
    0x7, 0x40, 0xe, 0xb0, 0x0, 0x0, 0xeb, 0x0,
    0x0, 0xe, 0xb0, 0x0, 0x0, 0xeb, 0x0, 0x0,
    0xe, 0xb0, 0x0, 0x0, 0xeb, 0x0, 0x0, 0xe,
    0xc6, 0x66, 0x61, 0xef, 0xff, 0xff, 0x40,

    /* U+013E "?" */
    0xf8, 0x8b, 0xf8, 0x89, 0xf8, 0x65, 0xf8, 0x0,
    0xf8, 0x0, 0xf8, 0x0, 0xf8, 0x0, 0xf8, 0x0,
    0xf8, 0x0, 0xf8, 0x0, 0xf8, 0x0,

    /* U+013F "?" */
    0xdb, 0x0, 0x0, 0xd, 0xb0, 0x0, 0x0, 0xdb,
    0x0, 0x0, 0xd, 0xb0, 0x0, 0x0, 0xdb, 0xc,
    0xa0, 0xd, 0xb0, 0xa8, 0x0, 0xdb, 0x0, 0x0,
    0xd, 0xb0, 0x0, 0x0, 0xdb, 0x0, 0x0, 0xd,
    0xc6, 0x66, 0x61, 0xdf, 0xff, 0xff, 0x50,

    /* U+0140 "?" */
    0xf8, 0x0, 0xf, 0x80, 0x0, 0xf8, 0x0, 0xf,
    0x80, 0x0, 0xf8, 0x0, 0xf, 0x86, 0xf3, 0xf8,
    0x6f, 0x3f, 0x80, 0x0, 0xf8, 0x0, 0xf, 0x80,
    0x0, 0xf8, 0x0, 0x0,

    /* U+0141 "?" */
    0x6, 0xf2, 0x0, 0x0, 0x6, 0xf2, 0x0, 0x0,
    0x6, 0xf2, 0x2, 0x0, 0x6, 0xf4, 0xb9, 0x0,
    0x6, 0xff, 0xd3, 0x0, 0x3f, 0xf9, 0x0, 0x0,
    0xbf, 0xf2, 0x0, 0x0, 0x36, 0xf2, 0x0, 0x0,
    0x6, 0xf2, 0x0, 0x0, 0x6, 0xf7, 0x66, 0x64,
    0x6, 0xff, 0xff, 0xfc,

    /* U+0142 "?" */
    0x0, 0xf8, 0x0, 0xf, 0x80, 0x0, 0xf8, 0x10,
    0xf, 0xf9, 0x5, 0xff, 0x21, 0xef, 0x80, 0x1,
    0xf8, 0x0, 0xf, 0x80, 0x0, 0xf8, 0x0, 0xf,
    0x80, 0x0, 0xf8, 0x0,

    /* U+0143 "?" */
    0x0, 0x0, 0x9d, 0x0, 0x0, 0x0, 0x1f, 0x30,
    0x0, 0x0, 0x0, 0x10, 0x0, 0xe, 0xf3, 0x0,
    0x2, 0xf7, 0xef, 0xc0, 0x0, 0x2f, 0x7e, 0xcf,
    0x60, 0x2, 0xf7, 0xea, 0xae, 0x0, 0x2f, 0x7e,
    0xb2, 0xf9, 0x2, 0xf7, 0xeb, 0x9, 0xf2, 0x2f,
    0x7e, 0xb0, 0x1e, 0xb1, 0xf7, 0xeb, 0x0, 0x6f,
    0x5f, 0x7e, 0xb0, 0x0, 0xcc, 0xf7, 0xeb, 0x0,
    0x3, 0xff, 0x7e, 0xb0, 0x0, 0xa, 0xf7,

    /* U+0144 "?" */
    0x0, 0xa, 0xc0, 0x0, 0x2, 0xf2, 0x0, 0x0,
    0x1, 0x0, 0xf, 0x7a, 0xfd, 0x50, 0xfe, 0x75,
    0xcf, 0x1f, 0xa0, 0x3, 0xf5, 0xf8, 0x0, 0x1f,
    0x6f, 0x80, 0x1, 0xf6, 0xf8, 0x0, 0x1f, 0x6f,
    0x80, 0x1, 0xf6, 0xf8, 0x0, 0x1f, 0x60,

    /* U+0145 "?" */
    0xef, 0x30, 0x0, 0x2f, 0x7e, 0xfc, 0x0, 0x2,
    0xf7, 0xec, 0xf6, 0x0, 0x2f, 0x7e, 0xaa, 0xe0,
    0x2, 0xf7, 0xeb, 0x2f, 0x90, 0x2f, 0x7e, 0xb0,
    0x9f, 0x22, 0xf7, 0xeb, 0x1, 0xeb, 0x1f, 0x7e,
    0xb0, 0x6, 0xf5, 0xf7, 0xeb, 0x0, 0xc, 0xcf,
    0x7e, 0xb0, 0x0, 0x3f, 0xf7, 0xeb, 0x0, 0x0,
    0xaf, 0x70, 0x0, 0x0, 0x0, 0x0, 0x0, 0x9,
    0xd0, 0x0, 0x0, 0x0, 0xc7, 0x0, 0x0, 0x0,
    0x9, 0x20, 0x0, 0x0,

    /* U+0146 "?" */
    0xf7, 0xaf, 0xd5, 0xf, 0xe7, 0x5c, 0xf1, 0xfa,
    0x0, 0x3f, 0x5f, 0x80, 0x1, 0xf6, 0xf8, 0x0,
    0x1f, 0x6f, 0x80, 0x1, 0xf6, 0xf8, 0x0, 0x1f,
    0x6f, 0x80, 0x1, 0xf6, 0x0, 0x0, 0x0, 0x0,
    0xa, 0xc0, 0x0, 0x0, 0xd6, 0x0, 0x0, 0x9,
    0x10, 0x0,

    /* U+0147 "?" */
    0x0, 0x64, 0x7, 0x40, 0x0, 0x4, 0xea, 0xc0,
    0x0, 0x0, 0x4, 0x71, 0x0, 0xe, 0xf3, 0x0,
    0x2, 0xf7, 0xef, 0xc0, 0x0, 0x2f, 0x7e, 0xcf,
    0x60, 0x2, 0xf7, 0xea, 0xae, 0x0, 0x2f, 0x7e,
    0xb2, 0xf9, 0x2, 0xf7, 0xeb, 0x9, 0xf2, 0x2f,
    0x7e, 0xb0, 0x1e, 0xb1, 0xf7, 0xeb, 0x0, 0x6f,
    0x5f, 0x7e, 0xb0, 0x0, 0xcc, 0xf7, 0xeb, 0x0,
    0x3, 0xff, 0x7e, 0xb0, 0x0, 0xa, 0xf7,

    /* U+0148 "?" */
    0xb, 0xa3, 0xf3, 0x0, 0xd, 0xf5, 0x0, 0x0,
    0x0, 0x0, 0xf, 0x7a, 0xfd, 0x50, 0xfe, 0x75,
    0xcf, 0x1f, 0xa0, 0x3, 0xf5, 0xf8, 0x0, 0x1f,
    0x6f, 0x80, 0x1, 0xf6, 0xf8, 0x0, 0x1f, 0x6f,
    0x80, 0x1, 0xf6, 0xf8, 0x0, 0x1f, 0x60,

    /* U+014A "?" */
    0xef, 0x30, 0x0, 0x2f, 0x7e, 0xfc, 0x0, 0x2,
    0xf7, 0xec, 0xf6, 0x0, 0x2f, 0x7e, 0xaa, 0xe0,
    0x2, 0xf7, 0xeb, 0x2f, 0x90, 0x2f, 0x7e, 0xb0,
    0x9f, 0x22, 0xf7, 0xeb, 0x1, 0xeb, 0x1f, 0x7e,
    0xb0, 0x6, 0xf5, 0xf7, 0xeb, 0x0, 0xc, 0xcf,
    0x7e, 0xb0, 0x0, 0x3f, 0xf7, 0xeb, 0x0, 0x0,
    0xaf, 0x80, 0x0, 0x0, 0x0, 0xf8, 0x0, 0x0,
    0x2, 0x7f, 0x60, 0x0, 0x0, 0x6f, 0xb1,

    /* U+014B "?" */
    0xf7, 0xaf, 0xd5, 0xf, 0xe7, 0x5c, 0xf1, 0xfa,
    0x0, 0x3f, 0x5f, 0x80, 0x1, 0xf6, 0xf8, 0x0,
    0x1f, 0x6f, 0x80, 0x1, 0xf6, 0xf8, 0x0, 0x1f,
    0x6f, 0x80, 0x1, 0xf6, 0x0, 0x0, 0x1f, 0x60,
    0x0, 0x38, 0xf5, 0x0, 0x8, 0xfb, 0x0,

    /* U+014C "?" */
    0x0, 0x8, 0xff, 0xf4, 0x0, 0x0, 0x1, 0x22,
    0x20, 0x0, 0x0, 0x19, 0xef, 0xd6, 0x0, 0x0,
    0xdf, 0xa8, 0xbf, 0xa0, 0x9, 0xf4, 0x0, 0x8,
    0xf4, 0xe, 0xa0, 0x0, 0x0, 0xea, 0x2f, 0x60,
    0x0, 0x0, 0xad, 0x3f, 0x50, 0x0, 0x0, 0x9e,
    0x2f, 0x60, 0x0, 0x0, 0xad, 0xe, 0xa0, 0x0,
    0x0, 0xea, 0x9, 0xf4, 0x0, 0x8, 0xf4, 0x0,
    0xdf, 0xa8, 0xbf, 0xa0, 0x0, 0x19, 0xef, 0xd6,
    0x0,

    /* U+014D "?" */
    0x0, 0xbf, 0xff, 0x20, 0x0, 0x12, 0x22, 0x0,
    0x0, 0x0, 0x0, 0x0, 0x0, 0x8e, 0xfc, 0x30,
    0xa, 0xf7, 0x5c, 0xf1, 0x1f, 0x80, 0x1, 0xf8,
    0x4f, 0x40, 0x0, 0xcb, 0x4f, 0x40, 0x0, 0xcb,
    0x1f, 0x80, 0x1, 0xf8, 0xa, 0xf7, 0x5c, 0xf2,
    0x0, 0x8e, 0xfc, 0x30,

    /* U+014E "?" */
    0x0, 0xa, 0x70, 0xb6, 0x0, 0x0, 0x1, 0xcf,
    0x90, 0x0, 0x0, 0x0, 0x0, 0x0, 0x0, 0x0,
    0x19, 0xef, 0xd6, 0x0, 0x0, 0xdf, 0xa8, 0xbf,
    0xa0, 0x9, 0xf4, 0x0, 0x8, 0xf4, 0xe, 0xa0,
    0x0, 0x0, 0xea, 0x2f, 0x60, 0x0, 0x0, 0xad,
    0x3f, 0x50, 0x0, 0x0, 0x9e, 0x2f, 0x60, 0x0,
    0x0, 0xad, 0xe, 0xa0, 0x0, 0x0, 0xea, 0x9,
    0xf4, 0x0, 0x8, 0xf4, 0x0, 0xdf, 0xa8, 0xbf,
    0xa0, 0x0, 0x19, 0xef, 0xd6, 0x0,

    /* U+014F "?" */
    0x0, 0xc5, 0x1d, 0x30, 0x0, 0x3d, 0xf8, 0x0,
    0x0, 0x0, 0x0, 0x0, 0x0, 0x8e, 0xfc, 0x30,
    0xa, 0xf7, 0x5c, 0xf1, 0x1f, 0x80, 0x1, 0xf8,
    0x4f, 0x40, 0x0, 0xcb, 0x4f, 0x40, 0x0, 0xcb,
    0x1f, 0x80, 0x1, 0xf8, 0xa, 0xf7, 0x5c, 0xf2,
    0x0, 0x8e, 0xfc, 0x30,

    /* U+0150 "?" */
    0x0, 0x4, 0xf2, 0xbb, 0x0, 0x0, 0xa, 0x94,
    0xe1, 0x0, 0x0, 0x1, 0x1, 0x10, 0x0, 0x0,
    0x19, 0xef, 0xd6, 0x0, 0x0, 0xdf, 0xa8, 0xbf,
    0xa0, 0x9, 0xf4, 0x0, 0x8, 0xf4, 0xe, 0xa0,
    0x0, 0x0, 0xea, 0x2f, 0x60, 0x0, 0x0, 0xad,
    0x3f, 0x50, 0x0, 0x0, 0x9e, 0x2f, 0x60, 0x0,
    0x0, 0xad, 0xe, 0xa0, 0x0, 0x0, 0xea, 0x9,
    0xf4, 0x0, 0x8, 0xf4, 0x0, 0xdf, 0xa8, 0xbf,
    0xa0, 0x0, 0x19, 0xef, 0xd6, 0x0,

    /* U+0151 "?" */
    0x0, 0x1, 0x1, 0x10, 0x0, 0x7e, 0x1e, 0x80,
    0x0, 0xd6, 0x7c, 0x0, 0x0, 0x0, 0x0, 0x0,
    0x0, 0x8e, 0xfc, 0x30, 0xa, 0xf7, 0x5c, 0xf1,
    0x1f, 0x80, 0x1, 0xf8, 0x4f, 0x40, 0x0, 0xcb,
    0x4f, 0x40, 0x0, 0xcb, 0x1f, 0x80, 0x1, 0xf8,
    0xa, 0xf7, 0x5c, 0xf2, 0x0, 0x8e, 0xfc, 0x30,

    /* U+0152 "?" */
    0x0, 0x8, 0xdf, 0xff, 0xff, 0xff, 0xf3, 0x0,
    0xdf, 0x86, 0x7f, 0x96, 0x66, 0x61, 0x8, 0xf3,
    0x0, 0x3f, 0x60, 0x0, 0x0, 0xe, 0xa0, 0x0,
    0x3f, 0x60, 0x0, 0x0, 0x2f, 0x60, 0x0, 0x3f,
    0x61, 0x11, 0x10, 0x3f, 0x50, 0x0, 0x3f, 0xff,
    0xff, 0xe0, 0x2f, 0x60, 0x0, 0x3f, 0x84, 0x44,
    0x30, 0xe, 0xa0, 0x0, 0x3f, 0x60, 0x0, 0x0,
    0x8, 0xf3, 0x0, 0x3f, 0x60, 0x0, 0x0, 0x0,
    0xdf, 0x96, 0x8f, 0x96, 0x66, 0x61, 0x0, 0x8,
    0xef, 0xff, 0xff, 0xff, 0xf4,

    /* U+0153 "?" */
    0x0, 0x8e, 0xfc, 0x31, 0xbf, 0xe9, 0x10, 0xa,
    0xf7, 0x5c, 0xff, 0xc6, 0x6e, 0xb0, 0x1f, 0x80,
    0x1, 0xff, 0x10, 0x5, 0xf2, 0x4f, 0x40, 0x0,
    0xff, 0xff, 0xff, 0xf4, 0x4f, 0x40, 0x0, 0xff,
    0x22, 0x22, 0x20, 0x1f, 0x80, 0x1, 0xff, 0x30,
    0x2, 0x40, 0xa, 0xf7, 0x5c, 0xff, 0xe6, 0x6d,
    0xd0, 0x0, 0x8e, 0xfc, 0x32, 0xbf, 0xfb, 0x20,

    /* U+0154 "?" */
    0x0, 0x6, 0xf1, 0x0, 0x0, 0xd, 0x60, 0x0,
    0x0, 0x1, 0x0, 0x0, 0xef, 0xff, 0xe9, 0x0,
    0xec, 0x66, 0x9f, 0xb0, 0xeb, 0x0, 0x8, 0xf2,
    0xeb, 0x0, 0x4, 0xf4, 0xeb, 0x0, 0x6, 0xf3,
    0xeb, 0x11, 0x4e, 0xe0, 0xef, 0xff, 0xfe, 0x30,
    0xec, 0x44, 0xfb, 0x0, 0xeb, 0x0, 0x7f, 0x40,
    0xeb, 0x0, 0xe, 0xd0, 0xeb, 0x0, 0x5, 0xf6,

    /* U+0155 "?" */
    0x0, 0xd9, 0x0, 0x5e, 0x0, 0x1, 0x0, 0xf,
    0x8b, 0xf1, 0xff, 0x95, 0xf, 0xa0, 0x0, 0xf8,
    0x0, 0xf, 0x80, 0x0, 0xf8, 0x0, 0xf, 0x80,
    0x0, 0xf8, 0x0, 0x0,

    /* U+0156 "?" */
    0xef, 0xff, 0xe9, 0x0, 0xec, 0x66, 0x9f, 0xb0,
    0xeb, 0x0, 0x8, 0xf2, 0xeb, 0x0, 0x4, 0xf4,
    0xeb, 0x0, 0x6, 0xf3, 0xeb, 0x11, 0x4e, 0xe0,
    0xef, 0xff, 0xfe, 0x30, 0xec, 0x44, 0xfb, 0x0,
    0xeb, 0x0, 0x7f, 0x40, 0xeb, 0x0, 0xe, 0xd0,
    0xeb, 0x0, 0x5, 0xf6, 0x0, 0x0, 0x0, 0x0,
    0x0, 0x3f, 0x30, 0x0, 0x0, 0x6d, 0x0, 0x0,
    0x0, 0x55, 0x0, 0x0,

    /* U+0157 "?" */
    0xf, 0x8b, 0xf1, 0xf, 0xf9, 0x50, 0xf, 0xa0,
    0x0, 0xf, 0x80, 0x0, 0xf, 0x80, 0x0, 0xf,
    0x80, 0x0, 0xf, 0x80, 0x0, 0xf, 0x80, 0x0,
    0x0, 0x0, 0x0, 0x1f, 0x50, 0x0, 0x4e, 0x0,
    0x0, 0x46, 0x0, 0x0,

    /* U+0158 "?" */
    0x5, 0x50, 0x55, 0x0, 0x2, 0xe9, 0xe1, 0x0,
    0x0, 0x38, 0x20, 0x0, 0xef, 0xff, 0xe9, 0x0,
    0xec, 0x66, 0x9f, 0xb0, 0xeb, 0x0, 0x8, 0xf2,
    0xeb, 0x0, 0x4, 0xf4, 0xeb, 0x0, 0x6, 0xf3,
    0xeb, 0x11, 0x4e, 0xe0, 0xef, 0xff, 0xfe, 0x30,
    0xec, 0x44, 0xfb, 0x0, 0xeb, 0x0, 0x7f, 0x40,
    0xeb, 0x0, 0xe, 0xd0, 0xeb, 0x0, 0x5, 0xf6,

    /* U+0159 "?" */
    0x1d, 0x67, 0xe1, 0x2, 0xee, 0x20, 0x0, 0x0,
    0x0, 0xf, 0x8b, 0xf1, 0xf, 0xf9, 0x50, 0xf,
    0xa0, 0x0, 0xf, 0x80, 0x0, 0xf, 0x80, 0x0,
    0xf, 0x80, 0x0, 0xf, 0x80, 0x0, 0xf, 0x80,
    0x0,

    /* U+015A "?" */
    0x0, 0x0, 0x5f, 0x20, 0x0, 0x0, 0xc, 0x70,
    0x0, 0x0, 0x0, 0x10, 0x0, 0x0, 0x6, 0xdf,
    0xe8, 0x0, 0x8, 0xfa, 0x69, 0xfb, 0x0, 0xeb,
    0x0, 0x7, 0xe1, 0xe, 0xb0, 0x0, 0x0, 0x0,
    0x8f, 0xc6, 0x10, 0x0, 0x0, 0x6d, 0xff, 0xb2,
    0x0, 0x0, 0x2, 0x7e, 0xd0, 0x2, 0x0, 0x0,
    0x5f, 0x42, 0xf8, 0x0, 0x6, 0xf3, 0xb, 0xf9,
    0x79, 0xfc, 0x0, 0x8, 0xdf, 0xe9, 0x10,

    /* U+015B "?" */
    0x0, 0x0, 0x11, 0x0, 0x0, 0x1f, 0x50, 0x0,
    0x8, 0xb0, 0x0, 0x0, 0x0, 0x0, 0x3, 0xcf,
    0xe9, 0x0, 0xec, 0x45, 0xf8, 0xf, 0x80, 0x1,
    0x0, 0xaf, 0xc8, 0x30, 0x0, 0x48, 0xdf, 0x70,
    0x41, 0x0, 0xbd, 0x1f, 0xb4, 0x6e, 0xa0, 0x4c,
    0xfe, 0x91,

    /* U+015C "?" */
    0x0, 0x9, 0xf9, 0x0, 0x0, 0x7, 0xd2, 0xd7,
    0x0, 0x0, 0x0, 0x0, 0x0, 0x0, 0x6, 0xdf,
    0xe8, 0x0, 0x8, 0xfa, 0x69, 0xfb, 0x0, 0xeb,
    0x0, 0x7, 0xe1, 0xe, 0xb0, 0x0, 0x0, 0x0,
    0x8f, 0xc6, 0x10, 0x0, 0x0, 0x6d, 0xff, 0xb2,
    0x0, 0x0, 0x2, 0x7e, 0xd0, 0x2, 0x0, 0x0,
    0x5f, 0x42, 0xf8, 0x0, 0x6, 0xf3, 0xb, 0xf9,
    0x79, 0xfc, 0x0, 0x8, 0xdf, 0xe9, 0x10,

    /* U+015D "?" */
    0x0, 0x4f, 0xd1, 0x0, 0x3f, 0x49, 0xc0, 0x0,
    0x0, 0x0, 0x0, 0x3c, 0xfe, 0x90, 0xe, 0xc4,
    0x5f, 0x80, 0xf8, 0x0, 0x10, 0xa, 0xfc, 0x83,
    0x0, 0x4, 0x8d, 0xf7, 0x4, 0x10, 0xb, 0xd1,
    0xfb, 0x46, 0xea, 0x4, 0xcf, 0xe9, 0x10,

    /* U+015E "?" */
    0x0, 0x6d, 0xfe, 0x80, 0x0, 0x8f, 0xa6, 0x9f,
    0xb0, 0xe, 0xb0, 0x0, 0x7e, 0x10, 0xeb, 0x0,
    0x0, 0x0, 0x8, 0xfc, 0x61, 0x0, 0x0, 0x6,
    0xdf, 0xfb, 0x20, 0x0, 0x0, 0x27, 0xed, 0x0,
    0x20, 0x0, 0x5, 0xf4, 0x2f, 0x80, 0x0, 0x6f,
    0x30, 0xbf, 0x97, 0x9f, 0xc0, 0x0, 0x8d, 0xfe,
    0x91, 0x0, 0x0, 0xe, 0x60, 0x0, 0x0, 0x0,
    0x1e, 0x20, 0x0, 0x0, 0x3c, 0xc0, 0x0,

    /* U+015F "?" */
    0x3, 0xcf, 0xe9, 0x0, 0xec, 0x45, 0xf8, 0xf,
    0x80, 0x1, 0x0, 0xaf, 0xc8, 0x30, 0x0, 0x48,
    0xdf, 0x70, 0x41, 0x0, 0xbd, 0x1f, 0xb4, 0x6e,
    0xa0, 0x4c, 0xff, 0x91, 0x0, 0xa, 0x91, 0x0,
    0x0, 0x1a, 0x70, 0x0, 0xc, 0xd3, 0x0,

    /* U+0160 "?" */
    0x0, 0x6c, 0x1c, 0x70, 0x0, 0x0, 0x9e, 0xa0,
    0x0, 0x0, 0x0, 0x0, 0x0, 0x0, 0x6, 0xdf,
    0xe8, 0x0, 0x8, 0xfa, 0x69, 0xfa, 0x0, 0xeb,
    0x0, 0x8, 0xf1, 0xe, 0xb0, 0x0, 0x0, 0x0,
    0x8f, 0xc6, 0x10, 0x0, 0x0, 0x6d, 0xff, 0xb2,
    0x0, 0x0, 0x2, 0x7e, 0xd0, 0x1, 0x0, 0x0,
    0x5f, 0x42, 0xf8, 0x0, 0x6, 0xf3, 0xb, 0xf9,
    0x79, 0xfc, 0x0, 0x8, 0xdf, 0xe9, 0x10,

    /* U+0161 "?" */
    0x2, 0xe4, 0x9c, 0x0, 0x4, 0xfd, 0x10, 0x0,
    0x0, 0x0, 0x0, 0x3c, 0xfe, 0x90, 0xe, 0xc4,
    0x5f, 0x80, 0xf8, 0x0, 0x10, 0xa, 0xfc, 0x83,
    0x0, 0x4, 0x8d, 0xf7, 0x4, 0x10, 0xb, 0xd1,
    0xfb, 0x46, 0xea, 0x4, 0xcf, 0xe9, 0x10,

    /* U+0162 "?" */
    0x6f, 0xff, 0xff, 0xff, 0x82, 0x66, 0x8f, 0x96,
    0x63, 0x0, 0x3, 0xf5, 0x0, 0x0, 0x0, 0x3f,
    0x50, 0x0, 0x0, 0x3, 0xf5, 0x0, 0x0, 0x0,
    0x3f, 0x50, 0x0, 0x0, 0x3, 0xf5, 0x0, 0x0,
    0x0, 0x3f, 0x50, 0x0, 0x0, 0x3, 0xf5, 0x0,
    0x0, 0x0, 0x3f, 0x50, 0x0, 0x0, 0x3, 0xf5,
    0x0, 0x0, 0x0, 0xd, 0x30, 0x0, 0x0, 0x0,
    0x4e, 0x20, 0x0, 0x0, 0x2c, 0xd1, 0x0,

    /* U+0163 "?" */
    0x6, 0x60, 0x0, 0xcc, 0x0, 0xdf, 0xff, 0x43,
    0xdd, 0x41, 0xc, 0xc0, 0x0, 0xcc, 0x0, 0xc,
    0xc0, 0x0, 0xbc, 0x0, 0xa, 0xe6, 0x10, 0x2f,
    0xf5, 0x0, 0x7a, 0x10, 0x1, 0x8a, 0x0, 0x9d,
    0x60,

    /* U+0164 "?" */
    0x0, 0x46, 0x5, 0x60, 0x0, 0x1, 0xd9, 0xe2,
    0x0, 0x0, 0x2, 0x83, 0x0, 0x6, 0xff, 0xff,
    0xff, 0xf8, 0x26, 0x68, 0xf9, 0x66, 0x30, 0x0,
    0x3f, 0x50, 0x0, 0x0, 0x3, 0xf5, 0x0, 0x0,
    0x0, 0x3f, 0x50, 0x0, 0x0, 0x3, 0xf5, 0x0,
    0x0, 0x0, 0x3f, 0x50, 0x0, 0x0, 0x3, 0xf5,
    0x0, 0x0, 0x0, 0x3f, 0x50, 0x0, 0x0, 0x3,
    0xf5, 0x0, 0x0, 0x0, 0x3f, 0x50, 0x0,

    /* U+0165 "?" */
    0x0, 0x4, 0x90, 0x0, 0x7c, 0xb, 0xb7, 0x90,
    0xcc, 0x0, 0xdf, 0xff, 0x43, 0xdd, 0x41, 0xc,
    0xc0, 0x0, 0xcc, 0x0, 0xc, 0xc0, 0x0, 0xbc,
    0x0, 0xa, 0xe6, 0x10, 0x2c, 0xf5,

    /* U+0166 "?" */
    0x6f, 0xff, 0xff, 0xff, 0x82, 0x66, 0x8f, 0x96,
    0x63, 0x0, 0x3, 0xf5, 0x0, 0x0, 0x0, 0x3f,
    0x50, 0x0, 0x0, 0x3, 0xf5, 0x0, 0x0, 0x4f,
    0xff, 0xff, 0x60, 0x0, 0x36, 0xf8, 0x31, 0x0,
    0x0, 0x3f, 0x50, 0x0, 0x0, 0x3, 0xf5, 0x0,
    0x0, 0x0, 0x3f, 0x50, 0x0, 0x0, 0x3, 0xf5,
    0x0, 0x0,

    /* U+0167 "?" */
    0xc, 0xc0, 0x0, 0xcc, 0x0, 0xdf, 0xff, 0x43,
    0xdd, 0x41, 0xc, 0xc0, 0xd, 0xff, 0xf4, 0x2c,
    0xc2, 0x0, 0xcc, 0x0, 0xa, 0xe6, 0x10, 0x2d,
    0xf5,

    /* U+0168 "?" */
    0x0, 0x6c, 0x3a, 0x30, 0x0, 0xd, 0x4c, 0xc0,
    0x0, 0x0, 0x0, 0x0, 0x0, 0xe, 0xb0, 0x0,
    0x5, 0xf3, 0xeb, 0x0, 0x0, 0x5f, 0x3e, 0xb0,
    0x0, 0x5, 0xf3, 0xeb, 0x0, 0x0, 0x5f, 0x3e,
    0xb0, 0x0, 0x5, 0xf3, 0xeb, 0x0, 0x0, 0x5f,
    0x3e, 0xb0, 0x0, 0x5, 0xf3, 0xdc, 0x0, 0x0,
    0x6f, 0x29, 0xf2, 0x0, 0xc, 0xe0, 0x2e, 0xf9,
    0x8d, 0xf6, 0x0, 0x2a, 0xef, 0xc5, 0x0,

    /* U+0169 "?" */
    0xa, 0xff, 0xe2, 0x0, 0x0, 0x0, 0x0, 0x0,
    0x0, 0x0, 0xf, 0x80, 0x1, 0xf6, 0xf8, 0x0,
    0x1f, 0x6f, 0x80, 0x1, 0xf6, 0xf8, 0x0, 0x1f,
    0x6f, 0x80, 0x1, 0xf6, 0xea, 0x0, 0x4f, 0x6a,
    0xf8, 0x6c, 0xf6, 0x1b, 0xfd, 0x3f, 0x60,

    /* U+016A "?" */
    0x0, 0xbf, 0xff, 0x10, 0x0, 0x1, 0x22, 0x20,
    0x0, 0xeb, 0x0, 0x0, 0x5f, 0x3e, 0xb0, 0x0,
    0x5, 0xf3, 0xeb, 0x0, 0x0, 0x5f, 0x3e, 0xb0,
    0x0, 0x5, 0xf3, 0xeb, 0x0, 0x0, 0x5f, 0x3e,
    0xb0, 0x0, 0x5, 0xf3, 0xeb, 0x0, 0x0, 0x5f,
    0x3d, 0xc0, 0x0, 0x6, 0xf2, 0x9f, 0x20, 0x0,
    0xce, 0x2, 0xef, 0x98, 0xdf, 0x60, 0x2, 0xae,
    0xfc, 0x50, 0x0,

    /* U+016B "?" */
    0xb, 0xff, 0xf2, 0x0, 0x12, 0x22, 0x0, 0x0,
    0x0, 0x0, 0xf, 0x80, 0x1, 0xf6, 0xf8, 0x0,
    0x1f, 0x6f, 0x80, 0x1, 0xf6, 0xf8, 0x0, 0x1f,
    0x6f, 0x80, 0x1, 0xf6, 0xea, 0x0, 0x4f, 0x6a,
    0xf8, 0x6c, 0xf6, 0x1b, 0xfd, 0x3f, 0x60,

    /* U+016C "?" */
    0x0, 0xd4, 0x1d, 0x30, 0x0, 0x3, 0xde, 0x70,
    0x0, 0x0, 0x0, 0x0, 0x0, 0xe, 0xb0, 0x0,
    0x5, 0xf3, 0xeb, 0x0, 0x0, 0x5f, 0x3e, 0xb0,
    0x0, 0x5, 0xf3, 0xeb, 0x0, 0x0, 0x5f, 0x3e,
    0xb0, 0x0, 0x5, 0xf3, 0xeb, 0x0, 0x0, 0x5f,
    0x3e, 0xb0, 0x0, 0x5, 0xf3, 0xdc, 0x0, 0x0,
    0x6f, 0x29, 0xf2, 0x0, 0xc, 0xe0, 0x2e, 0xf9,
    0x8d, 0xf6, 0x0, 0x2a, 0xef, 0xc5, 0x0,

    /* U+016D "?" */
    0xc, 0x51, 0xd3, 0x0, 0x3d, 0xf8, 0x0, 0x0,
    0x0, 0x0, 0xf, 0x80, 0x1, 0xf6, 0xf8, 0x0,
    0x1f, 0x6f, 0x80, 0x1, 0xf6, 0xf8, 0x0, 0x1f,
    0x6f, 0x80, 0x1, 0xf6, 0xea, 0x0, 0x4f, 0x6a,
    0xf8, 0x6c, 0xf6, 0x1b, 0xfd, 0x3f, 0x60,

    /* U+016E "?" */
    0x0, 0x1c, 0xe4, 0x0, 0x0, 0x8, 0x82, 0xe0,
    0x0, 0x0, 0x88, 0x2e, 0x0, 0x0, 0x1, 0xbd,
    0x40, 0x0, 0xeb, 0x0, 0x0, 0x5f, 0x3e, 0xb0,
    0x0, 0x5, 0xf3, 0xeb, 0x0, 0x0, 0x5f, 0x3e,
    0xb0, 0x0, 0x5, 0xf3, 0xeb, 0x0, 0x0, 0x5f,
    0x3e, 0xb0, 0x0, 0x5, 0xf3, 0xeb, 0x0, 0x0,
    0x5f, 0x3d, 0xc0, 0x0, 0x6, 0xf2, 0x9f, 0x20,
    0x0, 0xce, 0x2, 0xef, 0x98, 0xdf, 0x60, 0x2,
    0xae, 0xfc, 0x50, 0x0,

    /* U+016F "?" */
    0x1, 0xbe, 0x40, 0x0, 0x79, 0x2e, 0x0, 0x7,
    0x82, 0xe0, 0x0, 0x1b, 0xe4, 0x0, 0xf8, 0x0,
    0x1f, 0x6f, 0x80, 0x1, 0xf6, 0xf8, 0x0, 0x1f,
    0x6f, 0x80, 0x1, 0xf6, 0xf8, 0x0, 0x1f, 0x6e,
    0xa0, 0x4, 0xf6, 0xaf, 0x86, 0xcf, 0x61, 0xbf,
    0xd3, 0xf6,

    /* U+0170 "?" */
    0x0, 0x7e, 0x1e, 0x80, 0x0, 0xd, 0x67, 0xc0,
    0x0, 0x0, 0x10, 0x10, 0x0, 0xe, 0xb0, 0x0,
    0x5, 0xf3, 0xeb, 0x0, 0x0, 0x5f, 0x3e, 0xb0,
    0x0, 0x5, 0xf3, 0xeb, 0x0, 0x0, 0x5f, 0x3e,
    0xb0, 0x0, 0x5, 0xf3, 0xeb, 0x0, 0x0, 0x5f,
    0x3e, 0xb0, 0x0, 0x5, 0xf3, 0xdc, 0x0, 0x0,
    0x6f, 0x29, 0xf2, 0x0, 0xc, 0xe0, 0x2e, 0xf9,
    0x8d, 0xf6, 0x0, 0x2a, 0xef, 0xc5, 0x0,

    /* U+0171 "?" */
    0x0, 0x10, 0x11, 0x0, 0x7e, 0x1e, 0x80, 0xd,
    0x58, 0xc0, 0x0, 0x0, 0x0, 0x0, 0xf8, 0x0,
    0x1f, 0x6f, 0x80, 0x1, 0xf6, 0xf8, 0x0, 0x1f,
    0x6f, 0x80, 0x1, 0xf6, 0xf8, 0x0, 0x1f, 0x6e,
    0xa0, 0x4, 0xf6, 0xaf, 0x86, 0xcf, 0x61, 0xbf,
    0xd3, 0xf6,

    /* U+0172 "?" */
    0xeb, 0x0, 0x0, 0x5f, 0x3e, 0xb0, 0x0, 0x5,
    0xf3, 0xeb, 0x0, 0x0, 0x5f, 0x3e, 0xb0, 0x0,
    0x5, 0xf3, 0xeb, 0x0, 0x0, 0x5f, 0x3e, 0xb0,
    0x0, 0x5, 0xf3, 0xeb, 0x0, 0x0, 0x5f, 0x3d,
    0xc0, 0x0, 0x6, 0xf5, 0x9f, 0x20, 0x0, 0xcf,
    0x12, 0xef, 0x98, 0xdf, 0xe0, 0x2, 0xae, 0xff,
    0xc0, 0x0, 0x0, 0x8c, 0x10, 0x0, 0x0, 0xf,
    0x82, 0x0, 0x0, 0x0, 0x9f, 0xa0, 0x0,

    /* U+0173 "?" */
    0xf8, 0x0, 0x1f, 0x6f, 0x80, 0x1, 0xf6, 0xf8,
    0x0, 0x1f, 0x6f, 0x80, 0x1, 0xf6, 0xf8, 0x0,
    0x1f, 0x6e, 0xa0, 0x4, 0xf6, 0xaf, 0x86, 0xcf,
    0x61, 0xbf, 0xd4, 0xf7, 0x0, 0x0, 0xbb, 0x0,
    0x0, 0x1f, 0x71, 0x0, 0x0, 0xaf, 0x90,

    /* U+0174 "?" */
    0x0, 0x0, 0x0, 0x67, 0x0, 0x0, 0x0, 0x0,
    0x0, 0x8, 0xcc, 0x80, 0x0, 0x0, 0x0, 0x0,
    0x17, 0x11, 0x71, 0x0, 0x0, 0x8f, 0x10, 0x0,
    0xff, 0x0, 0x1, 0xf8, 0x4f, 0x50, 0x3, 0xff,
    0x30, 0x5, 0xf4, 0xf, 0x90, 0x6, 0xee, 0x70,
    0x8, 0xf1, 0xc, 0xc0, 0xa, 0xbb, 0xb0, 0xc,
    0xc0, 0x8, 0xf0, 0xe, 0x87, 0xe0, 0xf, 0x80,
    0x4, 0xf4, 0x2f, 0x43, 0xf2, 0x4f, 0x40, 0x0,
    0xf7, 0x6f, 0x0, 0xf6, 0x7f, 0x10, 0x0, 0xcb,
    0x9c, 0x0, 0xb9, 0xac, 0x0, 0x0, 0x8e, 0xc8,
    0x0, 0x8d, 0xd8, 0x0, 0x0, 0x4f, 0xf4, 0x0,
    0x4f, 0xf4, 0x0, 0x0, 0xf, 0xf0, 0x0, 0xf,
    0xf0, 0x0,

    /* U+0175 "?" */
    0x0, 0x0, 0x5f, 0xd0, 0x0, 0x0, 0x0, 0x3,
    0xf3, 0xab, 0x0, 0x0, 0x0, 0x0, 0x0, 0x0,
    0x0, 0x0, 0x7f, 0x10, 0x1f, 0xa0, 0x8, 0xf1,
    0x2f, 0x50, 0x5f, 0xe0, 0xc, 0xc0, 0xe, 0x90,
    0x9b, 0xf2, 0xf, 0x70, 0x9, 0xd0, 0xd6, 0xc6,
    0x4f, 0x30, 0x5, 0xf2, 0xf2, 0x8a, 0x8e, 0x0,
    0x0, 0xf9, 0xe0, 0x4e, 0xba, 0x0, 0x0, 0xbf,
    0x90, 0xf, 0xf5, 0x0, 0x0, 0x7f, 0x50, 0xb,
    0xf1, 0x0,

    /* U+0176 "?" */
    0x0, 0x1, 0xa9, 0x0, 0x0, 0x0, 0x2d, 0x6a,
    0xb0, 0x0, 0x0, 0x0, 0x0, 0x0, 0x0, 0x6f,
    0x70, 0x0, 0xa, 0xf2, 0xc, 0xe0, 0x0, 0x3f,
    0x80, 0x3, 0xf8, 0x0, 0xce, 0x10, 0x0, 0xaf,
    0x14, 0xf6, 0x0, 0x0, 0x2f, 0x9c, 0xd0, 0x0,
    0x0, 0x8, 0xff, 0x40, 0x0, 0x0, 0x0, 0xfc,
    0x0, 0x0, 0x0, 0x0, 0xea, 0x0, 0x0, 0x0,
    0x0, 0xea, 0x0, 0x0, 0x0, 0x0, 0xea, 0x0,
    0x0, 0x0, 0x0, 0xea, 0x0, 0x0,

    /* U+0177 "?" */
    0x0, 0x2e, 0xe2, 0x0, 0x1, 0xd7, 0x6e, 0x10,
    0x0, 0x0, 0x0, 0x0, 0x8f, 0x10, 0x1, 0xf8,
    0x2f, 0x70, 0x6, 0xf2, 0xc, 0xc0, 0xb, 0xd0,
    0x6, 0xf1, 0x1f, 0x70, 0x1, 0xf7, 0x6f, 0x10,
    0x0, 0xbb, 0xbb, 0x0, 0x0, 0x5f, 0xf5, 0x0,
    0x0, 0xe, 0xf0, 0x0, 0x0, 0xe, 0xa0, 0x0,
    0x4, 0x9f, 0x30, 0x0, 0xe, 0xe6, 0x0, 0x0,

    /* U+0178 "?" */
    0x0, 0x3b, 0x13, 0xb0, 0x0, 0x0, 0x4e, 0x25,
    0xe1, 0x0, 0x0, 0x0, 0x0, 0x0, 0x0, 0x6f,
    0x70, 0x0, 0xa, 0xf2, 0xc, 0xe0, 0x0, 0x3f,
    0x80, 0x3, 0xf8, 0x0, 0xce, 0x10, 0x0, 0xaf,
    0x14, 0xf6, 0x0, 0x0, 0x2f, 0x9c, 0xd0, 0x0,
    0x0, 0x8, 0xff, 0x40, 0x0, 0x0, 0x0, 0xfc,
    0x0, 0x0, 0x0, 0x0, 0xea, 0x0, 0x0, 0x0,
    0x0, 0xea, 0x0, 0x0, 0x0, 0x0, 0xea, 0x0,
    0x0, 0x0, 0x0, 0xea, 0x0, 0x0,

    /* U+0179 "?" */
    0x0, 0x0, 0x6f, 0x10, 0x0, 0x0, 0xd, 0x60,
    0x0, 0x0, 0x0, 0x10, 0x0, 0x3, 0xff, 0xff,
    0xff, 0xf1, 0x16, 0x66, 0x66, 0xed, 0x0, 0x0,
    0x0, 0x7f, 0x30, 0x0, 0x0, 0x2f, 0x90, 0x0,
    0x0, 0xb, 0xe1, 0x0, 0x0, 0x5, 0xf5, 0x0,
    0x0, 0x1, 0xeb, 0x0, 0x0, 0x0, 0x9f, 0x20,
    0x0, 0x0, 0x3f, 0x70, 0x0, 0x0, 0xd, 0xe5,
    0x55, 0x55, 0x2, 0xff, 0xff, 0xff, 0xf2,

    /* U+017A "?" */
    0x0, 0x1, 0xf6, 0x0, 0x0, 0x7c, 0x0, 0x0,
    0x1, 0x0, 0x0, 0xff, 0xff, 0xfd, 0x6, 0x66,
    0x8f, 0x90, 0x0, 0xd, 0xd0, 0x0, 0x9, 0xf2,
    0x0, 0x5, 0xf6, 0x0, 0x2, 0xfb, 0x0, 0x0,
    0xcf, 0x76, 0x66, 0x2f, 0xff, 0xff, 0xf0,

    /* U+017B "?" */
    0x0, 0x3, 0xc3, 0x0, 0x0, 0x0, 0x4f, 0x40,
    0x0, 0x0, 0x0, 0x0, 0x0, 0x3, 0xff, 0xff,
    0xff, 0xf1, 0x16, 0x66, 0x66, 0xed, 0x0, 0x0,
    0x0, 0x7f, 0x30, 0x0, 0x0, 0x2f, 0x90, 0x0,
    0x0, 0xb, 0xe1, 0x0, 0x0, 0x5, 0xf5, 0x0,
    0x0, 0x1, 0xeb, 0x0, 0x0, 0x0, 0x9f, 0x20,
    0x0, 0x0, 0x3f, 0x70, 0x0, 0x0, 0xd, 0xe5,
    0x55, 0x55, 0x2, 0xff, 0xff, 0xff, 0xf2,

    /* U+017C "?" */
    0x0, 0xd, 0x90, 0x0, 0x0, 0xb7, 0x0, 0x0,
    0x0, 0x0, 0x0, 0xff, 0xff, 0xfd, 0x6, 0x66,
    0x8f, 0x90, 0x0, 0xd, 0xd0, 0x0, 0x9, 0xf2,
    0x0, 0x5, 0xf6, 0x0, 0x2, 0xfb, 0x0, 0x0,
    0xcf, 0x76, 0x66, 0x2f, 0xff, 0xff, 0xf0,

    /* U+017D "?" */
    0x0, 0x55, 0x5, 0x50, 0x0, 0x2, 0xe9, 0xe2,
    0x0, 0x0, 0x3, 0x82, 0x0, 0x3, 0xff, 0xff,
    0xff, 0xf1, 0x16, 0x66, 0x66, 0xed, 0x0, 0x0,
    0x0, 0x7f, 0x30, 0x0, 0x0, 0x2f, 0x90, 0x0,
    0x0, 0xb, 0xe1, 0x0, 0x0, 0x5, 0xf5, 0x0,
    0x0, 0x1, 0xeb, 0x0, 0x0, 0x0, 0x9f, 0x20,
    0x0, 0x0, 0x3f, 0x70, 0x0, 0x0, 0xd, 0xe5,
    0x55, 0x55, 0x2, 0xff, 0xff, 0xff, 0xf2,

    /* U+017E "?" */
    0x2, 0xe4, 0x9c, 0x0, 0x4, 0xfd, 0x10, 0x0,
    0x0, 0x0, 0x0, 0xff, 0xff, 0xfd, 0x6, 0x66,
    0x8f, 0x90, 0x0, 0xd, 0xd0, 0x0, 0x9, 0xf2,
    0x0, 0x5, 0xf6, 0x0, 0x2, 0xfb, 0x0, 0x0,
    0xcf, 0x76, 0x66, 0x2f, 0xff, 0xff, 0xf0,

    /* U+017F "?" */
    0x3d, 0xf6, 0xdd, 0x61, 0xf8, 0x0, 0xf8, 0x0,
    0xf8, 0x0, 0xf8, 0x0, 0xf8, 0x0, 0xf8, 0x0,
    0xf8, 0x0, 0xf8, 0x0, 0xf8, 0x0,

    /* U+0374 "?" */
    0xae, 0x8d, 0x6b, 0x59, 0x1,

    /* U+0375 "?" */
    0x0, 0x60, 0x5, 0xc0, 0xe, 0x70,

    /* U+0376 "?" */
    0xeb, 0x0, 0x0, 0xaf, 0x7e, 0xb0, 0x0, 0x3f,
    0xf7, 0xeb, 0x0, 0xc, 0xcf, 0x7e, 0xb0, 0x6,
    0xf5, 0xf7, 0xeb, 0x0, 0xeb, 0x1f, 0x7e, 0xb0,
    0x9f, 0x22, 0xf7, 0xeb, 0x2f, 0x90, 0x2f, 0x7e,
    0xaa, 0xe1, 0x2, 0xf7, 0xec, 0xf6, 0x0, 0x2f,
    0x7e, 0xfc, 0x0, 0x2, 0xf7, 0xef, 0x30, 0x0,
    0x2f, 0x70,

    /* U+037A "?" */
    0xa3, 0xf4, 0xad,

    /* U+037B "?" */
    0x2, 0xbf, 0xe9, 0x0, 0xe, 0xd5, 0x7f, 0xb0,
    0x18, 0x20, 0x7, 0xf2, 0x0, 0x0, 0x3, 0xf5,
    0x0, 0x0, 0x3, 0xf5, 0x19, 0x20, 0x7, 0xf2,
    0xe, 0xd5, 0x7f, 0xb0, 0x2, 0xbf, 0xe9, 0x0,

    /* U+037C "?" */
    0x0, 0x8e, 0xfb, 0x30, 0xa, 0xf7, 0x5c, 0xf1,
    0x1f, 0x80, 0x1, 0x71, 0x4f, 0x47, 0xd0, 0x0,
    0x4f, 0x46, 0xb0, 0x0, 0x1f, 0x80, 0x1, 0x92,
    0xa, 0xf7, 0x5c, 0xf1, 0x0, 0x8e, 0xfb, 0x30,

    /* U+037D "?" */
    0x2, 0xbf, 0xe9, 0x0, 0xe, 0xc5, 0x7f, 0xb0,
    0x17, 0x10, 0x7, 0xf2, 0x0, 0xe, 0x73, 0xf5,
    0x0, 0xb, 0x53, 0xf5, 0x19, 0x20, 0x7, 0xf2,
    0xe, 0xd6, 0x7f, 0xb0, 0x2, 0xbf, 0xe9, 0x0,

    /* U+037E "?" */
    0x0, 0x0, 0x8, 0xf2, 0x7, 0xe2, 0x0, 0x0,
    0x0, 0x0, 0x0, 0x0, 0x1, 0x20, 0xa, 0xe0,
    0xc, 0xa0, 0xe, 0x50, 0x1f, 0x10,

    /* U+037F "?" */
    0x0, 0x0, 0xa, 0xe0, 0x0, 0x0, 0xae, 0x0,
    0x0, 0xa, 0xe0, 0x0, 0x0, 0xae, 0x0, 0x0,
    0xa, 0xe0, 0x0, 0x0, 0xae, 0x0, 0x0, 0xa,
    0xe5, 0xe2, 0x0, 0xae, 0x4f, 0x40, 0xc, 0xc0,
    0xee, 0x69, 0xf7, 0x2, 0xbf, 0xe8, 0x0,

    /* U+0384 "?" */
    0x1, 0x9b, 0xb6,

    /* U+0385 "?" */
    0x0, 0x0, 0x10, 0x0, 0x0, 0x8c, 0x0, 0xa,
    0x4a, 0x78, 0x60, 0xd6, 0x0, 0xb9,

    /* U+0386 "?" */
    0x2f, 0x33, 0xff, 0x10, 0x0, 0x3d, 0x8, 0xef,
    0x60, 0x0, 0x1, 0xd, 0x9c, 0xb0, 0x0, 0x0,
    0x3f, 0x58, 0xf1, 0x0, 0x0, 0x8f, 0x13, 0xf6,
    0x0, 0x0, 0xdc, 0x0, 0xeb, 0x0, 0x2, 0xf8,
    0x11, 0xaf, 0x10, 0x8, 0xff, 0xff, 0xff, 0x60,
    0xd, 0xd4, 0x44, 0x4f, 0xb0, 0x2f, 0x80, 0x0,
    0xa, 0xf1, 0x7f, 0x30, 0x0, 0x4, 0xf6,

    /* U+0387 "?" */
    0xad, 0xb, 0xe0, 0x0, 0x0,

    /* U+0388 "?" */
    0x3f, 0x2b, 0xff, 0xff, 0xfb, 0x4c, 0xb, 0xe6,
    0x66, 0x64, 0x1, 0xb, 0xd0, 0x0, 0x0, 0x0,
    0xb, 0xd0, 0x0, 0x0, 0x0, 0xb, 0xd1, 0x11,
    0x10, 0x0, 0xb, 0xff, 0xff, 0xf5, 0x0, 0xb,
    0xe4, 0x44, 0x41, 0x0, 0xb, 0xd0, 0x0, 0x0,
    0x0, 0xb, 0xd0, 0x0, 0x0, 0x0, 0xb, 0xe6,
    0x66, 0x64, 0x0, 0xb, 0xff, 0xff, 0xfb,

    /* U+0389 "?" */
    0x3f, 0x2b, 0xd0, 0x0, 0x1, 0xf7, 0x4c, 0xb,
    0xd0, 0x0, 0x1, 0xf7, 0x1, 0xb, 0xd0, 0x0,
    0x1, 0xf7, 0x0, 0xb, 0xd0, 0x0, 0x1, 0xf7,
    0x0, 0xb, 0xd1, 0x11, 0x13, 0xf7, 0x0, 0xb,
    0xff, 0xff, 0xff, 0xf7, 0x0, 0xb, 0xe4, 0x44,
    0x45, 0xf7, 0x0, 0xb, 0xd0, 0x0, 0x1, 0xf7,
    0x0, 0xb, 0xd0, 0x0, 0x1, 0xf7, 0x0, 0xb,
    0xd0, 0x0, 0x1, 0xf7, 0x0, 0xb, 0xd0, 0x0,
    0x1, 0xf7,

    /* U+038A "?" */
    0x3f, 0x2b, 0xd4, 0xc0, 0xbd, 0x1, 0xb, 0xd0,
    0x0, 0xbd, 0x0, 0xb, 0xd0, 0x0, 0xbd, 0x0,
    0xb, 0xd0, 0x0, 0xbd, 0x0, 0xb, 0xd0, 0x0,
    0xbd, 0x0, 0xb, 0xd0,

    /* U+038C "?" */
    0x3f, 0x20, 0x4b, 0xfe, 0xa2, 0x0, 0x4d, 0x5,
    0xfd, 0x88, 0xef, 0x30, 0x12, 0x1f, 0xc0, 0x0,
    0x1e, 0xd0, 0x0, 0x6f, 0x30, 0x0, 0x6, 0xf3,
    0x0, 0x9f, 0x0, 0x0, 0x2, 0xf6, 0x0, 0xae,
    0x0, 0x0, 0x0, 0xf7, 0x0, 0x9f, 0x0, 0x0,
    0x1, 0xf6, 0x0, 0x6f, 0x30, 0x0, 0x6, 0xf3,
    0x0, 0x1f, 0xc0, 0x0, 0x1d, 0xd0, 0x0, 0x5,
    0xfd, 0x88, 0xef, 0x30, 0x0, 0x0, 0x4b, 0xfe,
    0xb2, 0x0,

    /* U+038E "?" */
    0x3f, 0x27, 0xf5, 0x0, 0x0, 0xcf, 0x14, 0xc0,
    0xd, 0xe0, 0x0, 0x4f, 0x70, 0x1, 0x0, 0x4f,
    0x70, 0xd, 0xe0, 0x0, 0x0, 0x0, 0xbf, 0x16,
    0xf5, 0x0, 0x0, 0x0, 0x2, 0xf8, 0xec, 0x0,
    0x0, 0x0, 0x0, 0x9, 0xff, 0x30, 0x0, 0x0,
    0x0, 0x0, 0x1f, 0xb0, 0x0, 0x0, 0x0, 0x0,
    0x0, 0xf9, 0x0, 0x0, 0x0, 0x0, 0x0, 0xf,
    0x90, 0x0, 0x0, 0x0, 0x0, 0x0, 0xf9, 0x0,
    0x0, 0x0, 0x0, 0x0, 0xf, 0x90, 0x0, 0x0,

    /* U+038F "?" */
    0x3f, 0x20, 0x4b, 0xfe, 0xb3, 0x0, 0x4d, 0x6,
    0xfd, 0x99, 0xef, 0x50, 0x12, 0x1f, 0xc0, 0x0,
    0xc, 0xf1, 0x0, 0x7f, 0x30, 0x0, 0x4, 0xf6,
    0x0, 0x9f, 0x0, 0x0, 0x0, 0xf9, 0x0, 0x9f,
    0x0, 0x0, 0x0, 0xf9, 0x0, 0x7f, 0x20, 0x0,
    0x2, 0xf6, 0x0, 0x1f, 0x90, 0x0, 0xa, 0xf1,
    0x0, 0x4, 0xeb, 0x1, 0xbe, 0x40, 0x0, 0x35,
    0x7f, 0x23, 0xf6, 0x53, 0x0, 0xaf, 0xff, 0x23,
    0xff, 0xf9,

    /* U+0390 "?" */
    0x0, 0x0, 0x0, 0x8, 0xb0, 0x0, 0xa5, 0x3,
    0xe2, 0x9b, 0x2a, 0x16, 0x80, 0x0, 0x0, 0x0,
    0xf8, 0x0, 0xf, 0x80, 0x0, 0xf8, 0x0, 0xf,
    0x80, 0x0, 0xf8, 0x0, 0xf, 0x80, 0x0, 0xec,
    0x30, 0x6, 0xfb,

    /* U+0391 "?" */
    0x0, 0x3, 0xff, 0x10, 0x0, 0x0, 0x8, 0xef,
    0x60, 0x0, 0x0, 0xd, 0xac, 0xb0, 0x0, 0x0,
    0x3f, 0x68, 0xf1, 0x0, 0x0, 0x8f, 0x14, 0xf6,
    0x0, 0x0, 0xdd, 0x0, 0xeb, 0x0, 0x2, 0xf9,
    0x11, 0xaf, 0x10, 0x8, 0xff, 0xff, 0xff, 0x60,
    0xd, 0xd4, 0x44, 0x4f, 0xb0, 0x2f, 0x80, 0x0,
    0xa, 0xf1, 0x7f, 0x30, 0x0, 0x4, 0xf6,

    /* U+0392 "?" */
    0xef, 0xff, 0xea, 0x10, 0xec, 0x66, 0x8f, 0xb0,
    0xeb, 0x0, 0x9, 0xf0, 0xeb, 0x0, 0x8, 0xf0,
    0xeb, 0x0, 0x3e, 0x90, 0xef, 0xff, 0xfc, 0x10,
    0xec, 0x33, 0x4d, 0xe1, 0xeb, 0x0, 0x3, 0xf6,
    0xeb, 0x0, 0x2, 0xf6, 0xec, 0x66, 0x7d, 0xf2,
    0xef, 0xff, 0xfc, 0x40,

    /* U+0393 "?" */
    0xef, 0xff, 0xff, 0x8e, 0xc6, 0x66, 0x63, 0xeb,
    0x0, 0x0, 0xe, 0xb0, 0x0, 0x0, 0xeb, 0x0,
    0x0, 0xe, 0xb0, 0x0, 0x0, 0xeb, 0x0, 0x0,
    0xe, 0xb0, 0x0, 0x0, 0xeb, 0x0, 0x0, 0xe,
    0xb0, 0x0, 0x0, 0xeb, 0x0, 0x0, 0x0,

    /* U+0394 "?" */
    0x0, 0x2, 0xff, 0x0, 0x0, 0x0, 0x7, 0xff,
    0x50, 0x0, 0x0, 0xd, 0xbe, 0xa0, 0x0, 0x0,
    0x2f, 0x69, 0xf0, 0x0, 0x0, 0x7f, 0x14, 0xf5,
    0x0, 0x0, 0xdc, 0x0, 0xea, 0x0, 0x2, 0xf7,
    0x0, 0x9f, 0x0, 0x7, 0xf2, 0x0, 0x4f, 0x40,
    0xd, 0xd0, 0x0, 0xf, 0xa0, 0x2f, 0xb6, 0x66,
    0x6d, 0xf0, 0x7f, 0xff, 0xff, 0xff, 0xf4,

    /* U+0395 "?" */
    0xef, 0xff, 0xff, 0x8e, 0xc6, 0x66, 0x63, 0xeb,
    0x0, 0x0, 0xe, 0xb0, 0x0, 0x0, 0xeb, 0x11,
    0x11, 0xe, 0xff, 0xff, 0xf3, 0xec, 0x44, 0x44,
    0xe, 0xb0, 0x0, 0x0, 0xeb, 0x0, 0x0, 0xe,
    0xc6, 0x66, 0x63, 0xef, 0xff, 0xff, 0x90,

    /* U+0396 "?" */
    0x3f, 0xff, 0xff, 0xff, 0x11, 0x66, 0x66, 0x6e,
    0xd0, 0x0, 0x0, 0x7, 0xf3, 0x0, 0x0, 0x2,
    0xf9, 0x0, 0x0, 0x0, 0xbe, 0x10, 0x0, 0x0,
    0x5f, 0x50, 0x0, 0x0, 0x1e, 0xb0, 0x0, 0x0,
    0x9, 0xf2, 0x0, 0x0, 0x3, 0xf7, 0x0, 0x0,
    0x0, 0xde, 0x55, 0x55, 0x50, 0x2f, 0xff, 0xff,
    0xff, 0x20,

    /* U+0397 "?" */
    0xeb, 0x0, 0x0, 0x4f, 0x4e, 0xb0, 0x0, 0x4,
    0xf4, 0xeb, 0x0, 0x0, 0x4f, 0x4e, 0xb0, 0x0,
    0x4, 0xf4, 0xeb, 0x11, 0x11, 0x5f, 0x4e, 0xff,
    0xff, 0xff, 0xf4, 0xec, 0x44, 0x44, 0x7f, 0x4e,
    0xb0, 0x0, 0x4, 0xf4, 0xeb, 0x0, 0x0, 0x4f,
    0x4e, 0xb0, 0x0, 0x4, 0xf4, 0xeb, 0x0, 0x0,
    0x4f, 0x40,

    /* U+0398 "?" */
    0x0, 0x19, 0xef, 0xd6, 0x0, 0x0, 0xdf, 0xa8,
    0xbf, 0xa0, 0x9, 0xf4, 0x0, 0x8, 0xf4, 0xe,
    0xa0, 0x0, 0x0, 0xea, 0x2f, 0x60, 0x0, 0x0,
    0xad, 0x3f, 0x5a, 0xff, 0xf6, 0x9e, 0x2f, 0x62,
    0x33, 0x31, 0xad, 0xe, 0xa0, 0x0, 0x0, 0xea,
    0x9, 0xf4, 0x0, 0x8, 0xf4, 0x0, 0xdf, 0xa8,
    0xbf, 0xa0, 0x0, 0x19, 0xef, 0xd6, 0x0,

    /* U+0399 "?" */
    0xeb, 0xeb, 0xeb, 0xeb, 0xeb, 0xeb, 0xeb, 0xeb,
    0xeb, 0xeb, 0xeb,

    /* U+039A "?" */
    0xeb, 0x0, 0x3, 0xfc, 0xe, 0xb0, 0x1, 0xed,
    0x10, 0xeb, 0x0, 0xdf, 0x20, 0xe, 0xa0, 0xbf,
    0x40, 0x0, 0xea, 0x7f, 0x70, 0x0, 0xe, 0xdf,
    0xfa, 0x0, 0x0, 0xef, 0x97, 0xf5, 0x0, 0xe,
    0xc0, 0xd, 0xe1, 0x0, 0xeb, 0x0, 0x3f, 0xa0,
    0xe, 0xb0, 0x0, 0x9f, 0x40, 0xeb, 0x0, 0x0,
    0xde, 0x0,

    /* U+039B "?" */
    0x0, 0x3, 0xff, 0x10, 0x0, 0x0, 0x8, 0xef,
    0x60, 0x0, 0x0, 0xd, 0x9c, 0xb0, 0x0, 0x0,
    0x3f, 0x58, 0xf1, 0x0, 0x0, 0x8f, 0x13, 0xf6,
    0x0, 0x0, 0xdc, 0x0, 0xeb, 0x0, 0x2, 0xf7,
    0x0, 0x9f, 0x10, 0x8, 0xf2, 0x0, 0x3f, 0x60,
    0xd, 0xd0, 0x0, 0xe, 0xb0, 0x2f, 0x80, 0x0,
    0x9, 0xf1, 0x7f, 0x30, 0x0, 0x4, 0xf6,

    /* U+039C "?" */
    0xef, 0x90, 0x0, 0x0, 0xdf, 0xae, 0xfe, 0x0,
    0x0, 0x2f, 0xfa, 0xec, 0xf4, 0x0, 0x8, 0xed,
    0xae, 0x9e, 0xa0, 0x0, 0xd9, 0xda, 0xea, 0x9f,
    0x0, 0x3f, 0x5e, 0xae, 0xa3, 0xf5, 0x9, 0xf0,
    0xea, 0xea, 0xe, 0xb0, 0xea, 0xe, 0xae, 0xa0,
    0x8f, 0x3f, 0x40, 0xea, 0xea, 0x2, 0xfa, 0xe0,
    0xe, 0xae, 0xa0, 0xd, 0xf9, 0x0, 0xea, 0xea,
    0x0, 0x7f, 0x30, 0xe, 0xa0,

    /* U+039D "?" */
    0xef, 0x30, 0x0, 0x2f, 0x7e, 0xfc, 0x0, 0x2,
    0xf7, 0xec, 0xf6, 0x0, 0x2f, 0x7e, 0xaa, 0xe0,
    0x2, 0xf7, 0xeb, 0x2f, 0x90, 0x2f, 0x7e, 0xb0,
    0x9f, 0x22, 0xf7, 0xeb, 0x1, 0xeb, 0x1f, 0x7e,
    0xb0, 0x6, 0xf5, 0xf7, 0xeb, 0x0, 0xc, 0xcf,
    0x7e, 0xb0, 0x0, 0x3f, 0xf7, 0xeb, 0x0, 0x0,
    0xaf, 0x70,

    /* U+039E "?" */
    0xf, 0xff, 0xff, 0xff, 0x60, 0x66, 0x66, 0x66,
    0x62, 0x0, 0x0, 0x0, 0x0, 0x0, 0x0, 0x0,
    0x0, 0x0, 0x0, 0x11, 0x11, 0x11, 0x0, 0x8f,
    0xff, 0xff, 0xd0, 0x2, 0x44, 0x44, 0x43, 0x0,
    0x0, 0x0, 0x0, 0x0, 0x0, 0x0, 0x0, 0x0,
    0x0, 0x66, 0x66, 0x66, 0x62, 0x1f, 0xff, 0xff,
    0xff, 0x70,

    /* U+039F "?" */
    0x0, 0x19, 0xef, 0xd6, 0x0, 0x0, 0xdf, 0xa8,
    0xbf, 0xa0, 0x9, 0xf4, 0x0, 0x8, 0xf4, 0xe,
    0xa0, 0x0, 0x0, 0xea, 0x2f, 0x60, 0x0, 0x0,
    0xad, 0x3f, 0x50, 0x0, 0x0, 0x9e, 0x2f, 0x60,
    0x0, 0x0, 0xad, 0xe, 0xa0, 0x0, 0x0, 0xea,
    0x9, 0xf4, 0x0, 0x8, 0xf4, 0x0, 0xdf, 0xa8,
    0xbf, 0xa0, 0x0, 0x19, 0xef, 0xd6, 0x0,

    /* U+03A0 "?" */
    0xef, 0xff, 0xff, 0xff, 0x4e, 0xc6, 0x66, 0x68,
    0xf4, 0xeb, 0x0, 0x0, 0x4f, 0x4e, 0xb0, 0x0,
    0x4, 0xf4, 0xeb, 0x0, 0x0, 0x4f, 0x4e, 0xb0,
    0x0, 0x4, 0xf4, 0xeb, 0x0, 0x0, 0x4f, 0x4e,
    0xb0, 0x0, 0x4, 0xf4, 0xeb, 0x0, 0x0, 0x4f,
    0x4e, 0xb0, 0x0, 0x4, 0xf4, 0xeb, 0x0, 0x0,
    0x4f, 0x40,

    /* U+03A1 "?" */
    0xef, 0xff, 0xe9, 0x0, 0xec, 0x66, 0x9f, 0xb0,
    0xeb, 0x0, 0x8, 0xf2, 0xeb, 0x0, 0x4, 0xf4,
    0xeb, 0x0, 0x6, 0xf3, 0xeb, 0x11, 0x4e, 0xd0,
    0xef, 0xff, 0xfd, 0x20, 0xec, 0x44, 0x30, 0x0,
    0xeb, 0x0, 0x0, 0x0, 0xeb, 0x0, 0x0, 0x0,
    0xeb, 0x0, 0x0, 0x0,

    /* U+03A3 "?" */
    0xe, 0xff, 0xff, 0xff, 0xb0, 0xaf, 0x85, 0x55,
    0x54, 0x0, 0xcf, 0x30, 0x0, 0x0, 0x1, 0xde,
    0x20, 0x0, 0x0, 0x1, 0xdd, 0x10, 0x0, 0x0,
    0x6, 0xf5, 0x0, 0x0, 0x4, 0xfa, 0x0, 0x0,
    0x3, 0xfb, 0x0, 0x0, 0x1, 0xed, 0x0, 0x0,
    0x0, 0xdf, 0x65, 0x55, 0x54, 0x2f, 0xff, 0xff,
    0xff, 0xd0,

    /* U+03A4 "?" */
    0x6f, 0xff, 0xff, 0xff, 0x82, 0x66, 0x8f, 0x96,
    0x63, 0x0, 0x3, 0xf5, 0x0, 0x0, 0x0, 0x3f,
    0x50, 0x0, 0x0, 0x3, 0xf5, 0x0, 0x0, 0x0,
    0x3f, 0x50, 0x0, 0x0, 0x3, 0xf5, 0x0, 0x0,
    0x0, 0x3f, 0x50, 0x0, 0x0, 0x3, 0xf5, 0x0,
    0x0, 0x0, 0x3f, 0x50, 0x0, 0x0, 0x3, 0xf5,
    0x0, 0x0,

    /* U+03A5 "?" */
    0x6f, 0x70, 0x0, 0xa, 0xf2, 0xc, 0xe0, 0x0,
    0x3f, 0x80, 0x3, 0xf8, 0x0, 0xce, 0x10, 0x0,
    0xaf, 0x14, 0xf6, 0x0, 0x0, 0x2f, 0x9c, 0xd0,
    0x0, 0x0, 0x8, 0xff, 0x40, 0x0, 0x0, 0x0,
    0xfc, 0x0, 0x0, 0x0, 0x0, 0xea, 0x0, 0x0,
    0x0, 0x0, 0xea, 0x0, 0x0, 0x0, 0x0, 0xea,
    0x0, 0x0, 0x0, 0x0, 0xea, 0x0, 0x0,

    /* U+03A6 "?" */
    0x0, 0x0, 0x4, 0x70, 0x0, 0x0, 0x0, 0x0,
    0x9, 0xf0, 0x0, 0x0, 0x0, 0x2a, 0xff, 0xff,
    0xd5, 0x0, 0x2, 0xfe, 0x7b, 0xf6, 0xbf, 0x70,
    0xc, 0xe1, 0x9, 0xf0, 0x9, 0xf2, 0x1f, 0x80,
    0x9, 0xf0, 0x2, 0xf7, 0x3f, 0x60, 0x9, 0xf0,
    0x0, 0xf9, 0x2f, 0x70, 0x9, 0xf0, 0x1, 0xf8,
    0xd, 0xd0, 0x9, 0xf0, 0x7, 0xf3, 0x4, 0xfc,
    0x49, 0xf3, 0x8f, 0xa0, 0x0, 0x4d, 0xff, 0xff,
    0xf8, 0x0, 0x0, 0x0, 0x2a, 0xf3, 0x0, 0x0,

    /* U+03A7 "?" */
    0x1f, 0xc0, 0x0, 0xd, 0xd0, 0x6, 0xf6, 0x0,
    0x8f, 0x40, 0x0, 0xce, 0x2, 0xf9, 0x0, 0x0,
    0x2f, 0x8b, 0xe1, 0x0, 0x0, 0x8, 0xff, 0x50,
    0x0, 0x0, 0x2, 0xff, 0x0, 0x0, 0x0, 0xb,
    0xef, 0x90, 0x0, 0x0, 0x5f, 0x59, 0xf3, 0x0,
    0x1, 0xec, 0x0, 0xed, 0x0, 0xa, 0xf2, 0x0,
    0x5f, 0x70, 0x4f, 0x70, 0x0, 0xb, 0xf2,

    /* U+03A8 "?" */
    0xea, 0x0, 0x9f, 0x0, 0x4f, 0x4e, 0xa0, 0x9,
    0xf0, 0x4, 0xf4, 0xea, 0x0, 0x9f, 0x0, 0x4f,
    0x4d, 0xa0, 0x9, 0xf0, 0x4, 0xf3, 0xcc, 0x0,
    0x9f, 0x0, 0x6f, 0x28, 0xf1, 0x9, 0xf0, 0xa,
    0xe0, 0x2f, 0xb3, 0x9f, 0x27, 0xf7, 0x0, 0x4d,
    0xff, 0xff, 0xf8, 0x0, 0x0, 0x2, 0xaf, 0x30,
    0x0, 0x0, 0x0, 0x9, 0xf0, 0x0, 0x0, 0x0,
    0x0, 0x9f, 0x0, 0x0, 0x0,

    /* U+03A9 "?" */
    0x0, 0x18, 0xef, 0xd7, 0x0, 0x0, 0x1d, 0xfa,
    0x8b, 0xfb, 0x0, 0xa, 0xf4, 0x0, 0x6, 0xf7,
    0x0, 0xfa, 0x0, 0x0, 0xc, 0xd0, 0x2f, 0x70,
    0x0, 0x0, 0x9f, 0x2, 0xf6, 0x0, 0x0, 0x9,
    0xf0, 0xf, 0x90, 0x0, 0x0, 0xbd, 0x0, 0xae,
    0x10, 0x0, 0x3f, 0x70, 0x0, 0xbe, 0x40, 0x6e,
    0x90, 0x1, 0x55, 0xc9, 0xc, 0xb5, 0x50, 0x3f,
    0xff, 0x90, 0xcf, 0xff, 0x0,

    /* U+03AA "?" */
    0x2b, 0x13, 0xb1, 0x4e, 0x24, 0xe2, 0x0, 0x0,
    0x0, 0x0, 0xeb, 0x0, 0x0, 0xeb, 0x0, 0x0,
    0xeb, 0x0, 0x0, 0xeb, 0x0, 0x0, 0xeb, 0x0,
    0x0, 0xeb, 0x0, 0x0, 0xeb, 0x0, 0x0, 0xeb,
    0x0, 0x0, 0xeb, 0x0, 0x0, 0xeb, 0x0, 0x0,
    0xeb, 0x0,

    /* U+03AB "?" */
    0x0, 0x3b, 0x13, 0xb0, 0x0, 0x0, 0x4e, 0x25,
    0xe1, 0x0, 0x0, 0x0, 0x0, 0x0, 0x0, 0x6f,
    0x70, 0x0, 0xa, 0xf2, 0xc, 0xe0, 0x0, 0x3f,
    0x80, 0x3, 0xf8, 0x0, 0xce, 0x10, 0x0, 0xaf,
    0x14, 0xf6, 0x0, 0x0, 0x2f, 0x9c, 0xd0, 0x0,
    0x0, 0x8, 0xff, 0x40, 0x0, 0x0, 0x0, 0xfc,
    0x0, 0x0, 0x0, 0x0, 0xea, 0x0, 0x0, 0x0,
    0x0, 0xea, 0x0, 0x0, 0x0, 0x0, 0xea, 0x0,
    0x0, 0x0, 0x0, 0xea, 0x0, 0x0,

    /* U+03AC "?" */
    0x0, 0x0, 0x10, 0x0, 0x0, 0x0, 0x1f, 0x40,
    0x0, 0x0, 0x2, 0xe0, 0x0, 0x0, 0x0, 0x0,
    0x0, 0x0, 0x0, 0x8e, 0xfa, 0xb, 0xb0, 0xaf,
    0x85, 0xc9, 0xe7, 0x1f, 0x80, 0x0, 0xef, 0x24,
    0xf3, 0x0, 0x8, 0xe0, 0x4f, 0x30, 0x0, 0x8f,
    0x1, 0xf8, 0x0, 0x1d, 0xf3, 0xa, 0xf8, 0x6d,
    0x8c, 0x80, 0x8, 0xef, 0x90, 0x9c,

    /* U+03AD "?" */
    0x0, 0x0, 0x10, 0x0, 0x0, 0x7e, 0x0, 0x0,
    0x8, 0x80, 0x0, 0x0, 0x0, 0x0, 0x4, 0xce,
    0xea, 0x11, 0xfb, 0x55, 0xea, 0x1f, 0x70, 0x1,
    0x0, 0x6f, 0xfc, 0x0, 0xe, 0xb3, 0x10, 0x4,
    0xf3, 0x0, 0x56, 0x1f, 0xc5, 0x6e, 0xa0, 0x4c,
    0xfe, 0xa1,

    /* U+03AE "?" */
    0x0, 0xf, 0x50, 0x0, 0x1, 0xf0, 0x0, 0x0,
    0x1, 0x0, 0xf, 0x7a, 0xfd, 0x50, 0xfe, 0x75,
    0xcf, 0x2f, 0xa0, 0x3, 0xf5, 0xf8, 0x0, 0x1f,
    0x6f, 0x80, 0x1, 0xf6, 0xf8, 0x0, 0x1f, 0x6f,
    0x80, 0x1, 0xf6, 0xf8, 0x0, 0x1f, 0x60, 0x0,
    0x1, 0xf6, 0x0, 0x0, 0x1f, 0x60, 0x0, 0x1,
    0xf6,

    /* U+03AF "?" */
    0x1, 0x9, 0xc0, 0xa6, 0x0, 0x0, 0xf8, 0xf,
    0x80, 0xf8, 0xf, 0x80, 0xf8, 0xf, 0x80, 0xec,
    0x36, 0xfb,

    /* U+03B0 "?" */
    0x0, 0x2f, 0x30, 0x0, 0x4, 0xd0, 0x0, 0x8c,
    0x1, 0x5e, 0x15, 0x80, 0x3, 0xa0, 0x0, 0x0,
    0x0, 0xf, 0x80, 0x1, 0xf6, 0xf8, 0x0, 0x1f,
    0x6f, 0x80, 0x1, 0xf6, 0xf8, 0x0, 0x1f, 0x6f,
    0x80, 0x1, 0xf6, 0xea, 0x0, 0x3f, 0x49, 0xf8,
    0x6d, 0xe1, 0x9, 0xef, 0xc3, 0x0,

    /* U+03B1 "?" */
    0x0, 0x8e, 0xfa, 0xb, 0xb0, 0xaf, 0x85, 0xc9,
    0xe7, 0x1f, 0x80, 0x0, 0xef, 0x24, 0xf3, 0x0,
    0x8, 0xe0, 0x4f, 0x30, 0x0, 0x8f, 0x1, 0xf8,
    0x0, 0x1d, 0xf3, 0xa, 0xf8, 0x6d, 0x8c, 0x80,
    0x8, 0xef, 0x90, 0x9c,

    /* U+03B2 "?" */
    0x8, 0xef, 0xb2, 0x8, 0xf9, 0x7e, 0xd0, 0xe9,
    0x0, 0x5f, 0x3f, 0x80, 0x3, 0xf3, 0xf8, 0x1,
    0xbd, 0xf, 0x85, 0xfe, 0x30, 0xf8, 0x13, 0x8f,
    0x3f, 0x80, 0x0, 0xd9, 0xfa, 0x0, 0xe, 0xaf,
    0xf9, 0x7c, 0xf4, 0xf9, 0xbf, 0xd6, 0xf, 0x80,
    0x0, 0x0, 0xf8, 0x0, 0x0, 0xf, 0x80, 0x0,
    0x0,

    /* U+03B3 "?" */
    0x8f, 0x10, 0x1, 0xf8, 0x2f, 0x70, 0x6, 0xf2,
    0xc, 0xc0, 0xb, 0xd0, 0x6, 0xf1, 0x1f, 0x70,
    0x1, 0xf6, 0x6f, 0x10, 0x0, 0xbb, 0xab, 0x0,
    0x0, 0x5f, 0xe6, 0x0, 0x0, 0xf, 0xf0, 0x0,
    0x0, 0xb, 0xc0, 0x0, 0x0, 0xb, 0xc0, 0x0,
    0x0, 0xb, 0xc0, 0x0,

    /* U+03B4 "?" */
    0x0, 0x4b, 0xef, 0x80, 0x2, 0xfa, 0x55, 0x20,
    0x4, 0xf5, 0x0, 0x0, 0x0, 0x8e, 0xc6, 0x0,
    0x1, 0xae, 0xff, 0xa0, 0xd, 0xc1, 0x9, 0xf4,
    0x3f, 0x50, 0x0, 0xf8, 0x5f, 0x30, 0x0, 0xf9,
    0x3f, 0x60, 0x2, 0xf6, 0xc, 0xe7, 0x6d, 0xe1,
    0x1, 0xae, 0xfb, 0x20,

    /* U+03B5 "?" */
    0x4, 0xce, 0xea, 0x11, 0xfb, 0x55, 0xea, 0x1f,
    0x70, 0x1, 0x0, 0x6f, 0xfc, 0x0, 0xe, 0xb3,
    0x10, 0x4, 0xf3, 0x0, 0x56, 0x1f, 0xc5, 0x6e,
    0xa0, 0x4c, 0xfe, 0xa1,

    /* U+03B6 "?" */
    0xf, 0xff, 0xff, 0x80, 0x44, 0x48, 0xf3, 0x0,
    0x3, 0xf7, 0x0, 0x1, 0xdc, 0x0, 0x0, 0xae,
    0x10, 0x0, 0x6f, 0x40, 0x0, 0xe, 0xa0, 0x0,
    0x3, 0xf3, 0x0, 0x0, 0x4f, 0x30, 0x0, 0x0,
    0xed, 0x64, 0x20, 0x2, 0xbf, 0xff, 0x50, 0x0,
    0x0, 0xd9, 0x0, 0x0, 0xb, 0xa0,

    /* U+03B7 "?" */
    0xf7, 0xaf, 0xd5, 0xf, 0xe7, 0x5c, 0xf2, 0xfa,
    0x0, 0x3f, 0x5f, 0x80, 0x1, 0xf6, 0xf8, 0x0,
    0x1f, 0x6f, 0x80, 0x1, 0xf6, 0xf8, 0x0, 0x1f,
    0x6f, 0x80, 0x1, 0xf6, 0x0, 0x0, 0x1f, 0x60,
    0x0, 0x1, 0xf6, 0x0, 0x0, 0x1f, 0x60,

    /* U+03B8 "?" */
    0x0, 0x5d, 0xfb, 0x20, 0x4, 0xfa, 0x6c, 0xe1,
    0xc, 0xc0, 0x1, 0xf8, 0x1f, 0x60, 0x0, 0xbc,
    0x2f, 0x40, 0x0, 0x9e, 0x3f, 0xff, 0xff, 0xff,
    0x2f, 0x63, 0x33, 0xae, 0x1f, 0x60, 0x0, 0xac,
    0xc, 0xb0, 0x0, 0xf8, 0x4, 0xf9, 0x6c, 0xe1,
    0x0, 0x5d, 0xfc, 0x20,

    /* U+03B9 "?" */
    0xf8, 0xf, 0x80, 0xf8, 0xf, 0x80, 0xf8, 0xf,
    0x80, 0xec, 0x36, 0xfb,

    /* U+03BA "?" */
    0xf8, 0x0, 0xbe, 0x2f, 0x80, 0x9f, 0x30, 0xf8,
    0x6f, 0x50, 0xf, 0xff, 0x90, 0x0, 0xf9, 0xbe,
    0x10, 0xf, 0x81, 0xea, 0x0, 0xf8, 0x6, 0xf6,
    0xf, 0x80, 0xb, 0xf2,

    /* U+03BB "?" */
    0xd, 0xe7, 0x0, 0x0, 0x0, 0x4, 0x9f, 0x40,
    0x0, 0x0, 0x0, 0xe, 0xb0, 0x0, 0x0, 0x0,
    0xf, 0xf1, 0x0, 0x0, 0x0, 0x6e, 0xe6, 0x0,
    0x0, 0x0, 0xba, 0xac, 0x0, 0x0, 0x1, 0xf6,
    0x5f, 0x20, 0x0, 0x7, 0xf1, 0xf, 0x80, 0x0,
    0xc, 0xb0, 0x9, 0xe0, 0x0, 0x2f, 0x60, 0x3,
    0xf9, 0x40, 0x8f, 0x10, 0x0, 0x7e, 0xd0,

    /* U+03BC "?" */
    0xf8, 0x0, 0x1f, 0x60, 0xf8, 0x0, 0x1f, 0x60,
    0xf8, 0x0, 0x1f, 0x60, 0xf8, 0x0, 0x1f, 0x60,
    0xf8, 0x0, 0x1f, 0x60, 0xfa, 0x0, 0x3f, 0x60,
    0xff, 0x64, 0xcf, 0xa1, 0xfa, 0xce, 0x77, 0xf5,
    0xf8, 0x0, 0x0, 0x0, 0xf8, 0x0, 0x0, 0x0,
    0xf8, 0x0, 0x0, 0x0,

    /* U+03BD "?" */
    0xad, 0x20, 0x0, 0xbd, 0x3, 0xeb, 0x0, 0x1f,
    0x70, 0x7, 0xf1, 0x6, 0xf2, 0x0, 0x1f, 0x60,
    0xbc, 0x0, 0x0, 0xcb, 0x1f, 0x60, 0x0, 0x6,
    0xf6, 0xf1, 0x0, 0x0, 0x1f, 0xea, 0x0, 0x0,
    0x0, 0xaf, 0x50, 0x0,

    /* U+03BE "?" */
    0xe, 0xff, 0xff, 0xb0, 0x3a, 0xb5, 0x32, 0x9,
    0xd0, 0x0, 0x0, 0xcb, 0x0, 0x0, 0x7, 0xf5,
    0x11, 0x0, 0x7, 0xff, 0xf4, 0x9, 0xe6, 0x44,
    0x12, 0xf4, 0x0, 0x0, 0x3f, 0x40, 0x0, 0x0,
    0xee, 0x64, 0x30, 0x2, 0xbe, 0xff, 0xa0, 0x0,
    0x0, 0x7f, 0x0, 0x0, 0x6, 0xf0,

    /* U+03BF "?" */
    0x0, 0x8e, 0xfc, 0x30, 0xa, 0xf7, 0x5c, 0xf1,
    0x1f, 0x80, 0x1, 0xf8, 0x4f, 0x40, 0x0, 0xcb,
    0x4f, 0x40, 0x0, 0xcb, 0x1f, 0x80, 0x1, 0xf8,
    0xa, 0xf7, 0x5c, 0xf2, 0x0, 0x8e, 0xfc, 0x30,

    /* U+03C0 "?" */
    0xbf, 0xff, 0xff, 0xff, 0x53, 0xaf, 0x44, 0x9f,
    0x41, 0x8, 0xf0, 0x7, 0xf0, 0x0, 0x8f, 0x0,
    0x7f, 0x0, 0x8, 0xf0, 0x7, 0xf0, 0x0, 0x8f,
    0x0, 0x7f, 0x0, 0x8, 0xf0, 0x6, 0xf6, 0x0,
    0x8f, 0x0, 0x1c, 0xf3,

    /* U+03C1 "?" */
    0x5, 0xdf, 0xd5, 0x4, 0xfa, 0x5a, 0xf5, 0xbc,
    0x0, 0xd, 0xce, 0x80, 0x0, 0x9f, 0xf8, 0x0,
    0xa, 0xff, 0xc0, 0x0, 0xdc, 0xfe, 0xa5, 0xbf,
    0x5f, 0x89, 0xfe, 0x60, 0xf8, 0x0, 0x0, 0xf,
    0x80, 0x0, 0x0, 0xf8, 0x0, 0x0, 0x0,

    /* U+03C2 "?" */
    0x0, 0x8e, 0xfb, 0x30, 0x9, 0xf7, 0x5c, 0xe1,
    0x1f, 0x80, 0x1, 0x92, 0x4f, 0x40, 0x0, 0x0,
    0x4f, 0x30, 0x0, 0x0, 0x2f, 0x70, 0x0, 0x0,
    0xa, 0xf7, 0x42, 0x0, 0x0, 0x9e, 0xff, 0xa0,
    0x0, 0x0, 0x6, 0xf1, 0x0, 0x0, 0x3, 0xf2,

    /* U+03C3 "?" */
    0x0, 0x8e, 0xff, 0xff, 0x90, 0xaf, 0x75, 0xcb,
    0x42, 0x1f, 0x80, 0x1, 0xf5, 0x4, 0xf4, 0x0,
    0xc, 0xb0, 0x4f, 0x40, 0x0, 0xdc, 0x1, 0xf8,
    0x0, 0x2f, 0x90, 0xa, 0xf7, 0x5c, 0xf2, 0x0,
    0x8, 0xef, 0xc3, 0x0,

    /* U+03C4 "?" */
    0xdf, 0xff, 0xff, 0x94, 0x59, 0xf6, 0x52, 0x0,
    0x6f, 0x20, 0x0, 0x6, 0xf2, 0x0, 0x0, 0x6f,
    0x20, 0x0, 0x5, 0xf2, 0x0, 0x0, 0x4f, 0x83,
    0x0, 0x0, 0x9f, 0xb0,

    /* U+03C5 "?" */
    0xf8, 0x0, 0x1f, 0x6f, 0x80, 0x1, 0xf6, 0xf8,
    0x0, 0x1f, 0x6f, 0x80, 0x1, 0xf6, 0xf8, 0x0,
    0x1f, 0x6e, 0xa0, 0x3, 0xf4, 0x9f, 0x86, 0xde,
    0x10, 0x9e, 0xfc, 0x30,

    /* U+03C6 "?" */
    0x0, 0xa3, 0xa, 0xfd, 0x50, 0x9, 0xf3, 0x6f,
    0x7a, 0xf3, 0x1f, 0x60, 0x8f, 0x0, 0xe9, 0x4f,
    0x20, 0x8e, 0x0, 0xbc, 0x4f, 0x30, 0x8e, 0x0,
    0xcb, 0x1f, 0x80, 0x8e, 0x2, 0xf8, 0x9, 0xf9,
    0xbf, 0x6e, 0xe1, 0x0, 0x7d, 0xff, 0xe9, 0x10,
    0x0, 0x0, 0x8e, 0x0, 0x0, 0x0, 0x0, 0x8e,
    0x0, 0x0, 0x0, 0x0, 0x8e, 0x0, 0x0,

    /* U+03C7 "?" */
    0xdd, 0x20, 0x2, 0xf6, 0x4d, 0xc0, 0xa, 0xe0,
    0x3, 0xf4, 0x2f, 0x60, 0x0, 0xbc, 0xad, 0x0,
    0x0, 0x3f, 0xf5, 0x0, 0x0, 0xd, 0xf0, 0x0,
    0x0, 0x4f, 0xf5, 0x0, 0x0, 0xcc, 0xbc, 0x0,
    0x4, 0xf4, 0x3f, 0x40, 0xc, 0xc0, 0xb, 0xd5,
    0x4f, 0x40, 0x2, 0xce,

    /* U+03C8 "?" */
    0x0, 0x2, 0xb3, 0x0, 0x0, 0x0, 0x3, 0xf5,
    0x0, 0x0, 0xf8, 0x3, 0xf5, 0x5, 0xf2, 0xf8,
    0x3, 0xf5, 0x5, 0xf2, 0xf8, 0x3, 0xf5, 0x5,
    0xf2, 0xf8, 0x3, 0xf5, 0x5, 0xf1, 0xe9, 0x3,
    0xf5, 0x7, 0xf0, 0xbd, 0x3, 0xf5, 0xb, 0xd0,
    0x3f, 0xb8, 0xf9, 0xaf, 0x60, 0x5, 0xcf, 0xff,
    0xd6, 0x0, 0x0, 0x3, 0xf5, 0x0, 0x0, 0x0,
    0x3, 0xf5, 0x0, 0x0, 0x0, 0x3, 0xf5, 0x0,
    0x0,

    /* U+03C9 "?" */
    0x2, 0xf9, 0x0, 0x3, 0xf7, 0x0, 0xae, 0x0,
    0x0, 0x8, 0xf1, 0x1f, 0x70, 0x3, 0x10, 0x1f,
    0x73, 0xf4, 0x0, 0xf6, 0x0, 0xda, 0x5f, 0x30,
    0xf, 0x60, 0xc, 0xb3, 0xf5, 0x2, 0xf8, 0x0,
    0xe9, 0xd, 0xd5, 0xbc, 0xe6, 0x9f, 0x40, 0x2c,
    0xfc, 0x18, 0xfe, 0x60,

    /* U+03CA "?" */
    0x6e, 0x17, 0xe0, 0x4b, 0x5, 0xb0, 0x0, 0x0,
    0x0, 0x0, 0xf8, 0x0, 0x0, 0xf8, 0x0, 0x0,
    0xf8, 0x0, 0x0, 0xf8, 0x0, 0x0, 0xf8, 0x0,
    0x0, 0xf8, 0x0, 0x0, 0xec, 0x30, 0x0, 0x6f,
    0xb0,

    /* U+03CB "?" */
    0xe, 0x71, 0xe6, 0x0, 0xb5, 0xb, 0x40, 0x0,
    0x0, 0x0, 0xf, 0x80, 0x1, 0xf6, 0xf8, 0x0,
    0x1f, 0x6f, 0x80, 0x1, 0xf6, 0xf8, 0x0, 0x1f,
    0x6f, 0x80, 0x1, 0xf6, 0xea, 0x0, 0x3f, 0x49,
    0xf8, 0x6d, 0xe1, 0x9, 0xef, 0xc3, 0x0,

    /* U+03CC "?" */
    0x0, 0x0, 0x10, 0x0, 0x0, 0x1, 0xf3, 0x0,
    0x0, 0x3, 0xe0, 0x0, 0x0, 0x0, 0x0, 0x0,
    0x0, 0x8e, 0xfc, 0x30, 0xa, 0xf7, 0x5c, 0xf1,
    0x1f, 0x80, 0x1, 0xf8, 0x4f, 0x40, 0x0, 0xcb,
    0x4f, 0x40, 0x0, 0xcb, 0x1f, 0x80, 0x1, 0xf8,
    0xa, 0xf7, 0x5c, 0xf2, 0x0, 0x8e, 0xfc, 0x30,

    /* U+03CD "?" */
    0x0, 0x1, 0x0, 0x0, 0x1, 0xf3, 0x0, 0x0,
    0x3d, 0x0, 0x0, 0x0, 0x0, 0x0, 0xf8, 0x0,
    0x1f, 0x6f, 0x80, 0x1, 0xf6, 0xf8, 0x0, 0x1f,
    0x6f, 0x80, 0x1, 0xf6, 0xf8, 0x0, 0x1f, 0x6e,
    0xa0, 0x3, 0xf4, 0x9f, 0x86, 0xde, 0x10, 0x9e,
    0xfc, 0x30,

    /* U+03CE "?" */
    0x0, 0x0, 0x0, 0x10, 0x0, 0x0, 0x0, 0x0,
    0x9b, 0x0, 0x0, 0x0, 0x0, 0xb, 0x50, 0x0,
    0x0, 0x0, 0x0, 0x0, 0x0, 0x0, 0x2, 0xf9,
    0x0, 0x3, 0xf7, 0x0, 0xae, 0x0, 0x0, 0x8,
    0xf1, 0x1f, 0x70, 0x3, 0x10, 0x1f, 0x73, 0xf4,
    0x0, 0xf6, 0x0, 0xda, 0x5f, 0x30, 0xf, 0x60,
    0xc, 0xb3, 0xf5, 0x2, 0xf8, 0x0, 0xe9, 0xd,
    0xd5, 0xbc, 0xe6, 0x9f, 0x40, 0x2c, 0xfc, 0x18,
    0xfe, 0x60,

    /* U+03CF "?" */
    0xeb, 0x0, 0x3, 0xfc, 0xe, 0xb0, 0x1, 0xed,
    0x10, 0xeb, 0x0, 0xdf, 0x20, 0xe, 0xa0, 0xbf,
    0x40, 0x0, 0xea, 0x7f, 0x70, 0x0, 0xe, 0xdf,
    0xfa, 0x0, 0x0, 0xef, 0x97, 0xf5, 0x0, 0xe,
    0xc0, 0xd, 0xe1, 0x0, 0xeb, 0x0, 0x3f, 0xa0,
    0xe, 0xb0, 0x0, 0x8f, 0x40, 0xeb, 0x0, 0x0,
    0xde, 0x0, 0x0, 0x0, 0xd, 0xd0, 0x0, 0x0,
    0x9, 0xf3, 0x0, 0x0, 0x0, 0x98, 0x0, 0x0,
    0x0, 0x0, 0x0, 0x0,

    /* U+03D0 "?" */
    0x1, 0xae, 0xe6, 0x0, 0xdd, 0x5c, 0xf1, 0x6f,
    0x60, 0x9f, 0x1a, 0xff, 0xff, 0x90, 0xda, 0xcf,
    0xf9, 0xe, 0xfa, 0x58, 0xf7, 0xde, 0x0, 0xd,
    0xdc, 0xc0, 0x0, 0xbe, 0x9f, 0x0, 0xe, 0xc2,
    0xfb, 0x6a, 0xf5, 0x4, 0xdf, 0xd6, 0x0,

    /* U+03D1 "?" */
    0x0, 0x9, 0xee, 0x50, 0x0, 0x6, 0xf9, 0xdf,
    0x10, 0x0, 0x9f, 0x6, 0xf3, 0x0, 0x9, 0xf1,
    0x6f, 0x40, 0x0, 0x4f, 0x96, 0xf4, 0x0, 0x73,
    0x9f, 0xff, 0xd1, 0x1f, 0x70, 0x5c, 0xfc, 0x11,
    0xf7, 0x0, 0x6f, 0x40, 0xf, 0xa0, 0x8, 0xf2,
    0x0, 0x9f, 0x87, 0xfc, 0x0, 0x0, 0x9e, 0xfb,
    0x10, 0x0,

    /* U+03D2 "?" */
    0x4f, 0xa0, 0x0, 0x2e, 0xd1, 0xaf, 0x50, 0xb,
    0xe6, 0x0, 0xdb, 0x2, 0xf7, 0x0, 0x7, 0xf1,
    0x8f, 0x10, 0x0, 0x1f, 0x8e, 0x90, 0x0, 0x0,
    0xaf, 0xf2, 0x0, 0x0, 0x3, 0xfc, 0x0, 0x0,
    0x0, 0xf, 0x80, 0x0, 0x0, 0x0, 0xf8, 0x0,
    0x0, 0x0, 0xf, 0x80, 0x0, 0x0, 0x0, 0xf8,
    0x0, 0x0,

    /* U+03D3 "?" */
    0x3f, 0x29, 0xe5, 0x0, 0x6, 0xf7, 0x4d, 0x4,
    0xde, 0x0, 0x1f, 0xc3, 0x12, 0x0, 0x3f, 0x60,
    0x7f, 0x20, 0x0, 0x0, 0xc, 0xc0, 0xdb, 0x0,
    0x0, 0x0, 0x6, 0xf7, 0xf4, 0x0, 0x0, 0x0,
    0x0, 0xef, 0xd0, 0x0, 0x0, 0x0, 0x0, 0x8f,
    0x60, 0x0, 0x0, 0x0, 0x0, 0x5f, 0x30, 0x0,
    0x0, 0x0, 0x0, 0x5f, 0x30, 0x0, 0x0, 0x0,
    0x0, 0x5f, 0x30, 0x0, 0x0, 0x0, 0x0, 0x5f,
    0x30, 0x0,

    /* U+03D4 "?" */
    0x0, 0x4b, 0x5, 0xa0, 0x0, 0x5, 0xe1, 0x7e,
    0x0, 0x0, 0x0, 0x0, 0x0, 0x4, 0xfa, 0x0,
    0x2, 0xed, 0x1a, 0xf5, 0x0, 0xbe, 0x60, 0xd,
    0xb0, 0x2f, 0x70, 0x0, 0x7f, 0x18, 0xf1, 0x0,
    0x1, 0xf8, 0xe9, 0x0, 0x0, 0xa, 0xff, 0x20,
    0x0, 0x0, 0x3f, 0xc0, 0x0, 0x0, 0x0, 0xf8,
    0x0, 0x0, 0x0, 0xf, 0x80, 0x0, 0x0, 0x0,
    0xf8, 0x0, 0x0, 0x0, 0xf, 0x80, 0x0,

    /* U+03D5 "?" */
    0x0, 0x0, 0xca, 0x0, 0x0, 0x0, 0x0, 0xca,
    0x0, 0x0, 0x0, 0x0, 0xca, 0x0, 0x0, 0x0,
    0x8e, 0xff, 0xe7, 0x0, 0xa, 0xf7, 0xdc, 0x8f,
    0x80, 0x1f, 0x80, 0xca, 0xa, 0xf0, 0x4f, 0x40,
    0xca, 0x5, 0xf2, 0x4f, 0x40, 0xca, 0x5, 0xf2,
    0x1f, 0x80, 0xca, 0xa, 0xf0, 0xa, 0xf7, 0xdc,
    0x8f, 0x80, 0x0, 0x8e, 0xff, 0xe7, 0x0, 0x0,
    0x0, 0xca, 0x0, 0x0, 0x0, 0x0, 0xca, 0x0,
    0x0, 0x0, 0x0, 0xca, 0x0, 0x0,

    /* U+03D6 "?" */
    0x6f, 0xff, 0xff, 0xff, 0xff, 0xf5, 0x1c, 0xe4,
    0x44, 0x44, 0x4e, 0xc1, 0xf, 0x90, 0x3, 0x30,
    0x9, 0xf0, 0xf, 0x70, 0xd, 0xd0, 0x7, 0xf0,
    0xf, 0x70, 0xd, 0xd0, 0x7, 0xf0, 0xe, 0xa0,
    0xf, 0xf0, 0xa, 0xe0, 0x8, 0xf7, 0xae, 0xea,
    0x7f, 0x80, 0x0, 0xaf, 0xd3, 0x4d, 0xfa, 0x0,

    /* U+03D7 "?" */
    0xf8, 0x0, 0xbe, 0x2f, 0x80, 0x9f, 0x30, 0xf8,
    0x7f, 0x50, 0xf, 0xff, 0x90, 0x0, 0xfa, 0xbe,
    0x10, 0xf, 0x81, 0xeb, 0x0, 0xf8, 0x5, 0xf6,
    0xf, 0x80, 0x9, 0xf2, 0x0, 0x0, 0xae, 0x10,
    0x0, 0x5f, 0x30, 0x0, 0x9, 0x60, 0x0, 0x0,
    0x0, 0x0,

    /* U+03DC "?" */
    0xef, 0xff, 0xff, 0x7e, 0xc6, 0x66, 0x62, 0xeb,
    0x0, 0x0, 0xe, 0xb0, 0x0, 0x0, 0xeb, 0x11,
    0x11, 0xe, 0xff, 0xff, 0xf7, 0xec, 0x44, 0x44,
    0x1e, 0xb0, 0x0, 0x0, 0xeb, 0x0, 0x0, 0xe,
    0xb0, 0x0, 0x0, 0xeb, 0x0, 0x0, 0x0,

    /* U+03DD "?" */
    0xff, 0xff, 0xfa, 0xfa, 0x55, 0x53, 0xf8, 0x0,
    0x0, 0xf8, 0x11, 0x10, 0xff, 0xff, 0xfa, 0xfa,
    0x44, 0x42, 0xf8, 0x0, 0x0, 0xf8, 0x0, 0x0,
    0xf8, 0x0, 0x0, 0xf8, 0x0, 0x0, 0xf8, 0x0,
    0x0,

    /* U+03F0 "?" */
    0x2f, 0xd2, 0x0, 0x1e, 0x70, 0x16, 0xeb, 0x0,
    0xbe, 0x0, 0x0, 0x9e, 0x7, 0xfe, 0x0, 0x0,
    0x9e, 0x3f, 0xee, 0x0, 0x0, 0x9e, 0xda, 0x9e,
    0x0, 0x0, 0x9f, 0xe1, 0x9e, 0x0, 0x0, 0x9f,
    0x40, 0x6f, 0x82, 0x1, 0xe8, 0x0, 0xa, 0xf7,

    /* U+03F1 "?" */
    0x5, 0xdf, 0xd6, 0x3, 0xfb, 0x6b, 0xf5, 0xae,
    0x0, 0xe, 0xcd, 0xc0, 0x0, 0xbe, 0xed, 0x0,
    0xc, 0xdd, 0xf6, 0x16, 0xf9, 0xbc, 0xef, 0xfc,
    0x17, 0xe1, 0x32, 0x0, 0x1e, 0xc4, 0x0, 0x0,
    0x3e, 0xff, 0x80, 0x0, 0x4, 0xaf, 0x30, 0x0,
    0x0, 0x51,

    /* U+03F2 "?" */
    0x0, 0x8e, 0xfb, 0x30, 0xa, 0xf7, 0x5c, 0xf1,
    0x1f, 0x80, 0x1, 0x82, 0x4f, 0x40, 0x0, 0x0,
    0x4f, 0x40, 0x0, 0x0, 0x1f, 0x80, 0x1, 0x92,
    0xa, 0xf7, 0x5c, 0xf1, 0x0, 0x8e, 0xfb, 0x30,

    /* U+03F3 "?" */
    0x1, 0xe8, 0x0, 0xb6, 0x0, 0x0, 0x0, 0xf8,
    0x0, 0xf8, 0x0, 0xf8, 0x0, 0xf8, 0x0, 0xf8,
    0x0, 0xf8, 0x0, 0xf8, 0x0, 0xf8, 0x0, 0xf7,
    0x18, 0xf5, 0x3e, 0x90,

    /* U+03F4 "?" */
    0x0, 0x19, 0xef, 0xd6, 0x0, 0x0, 0xdf, 0xa8,
    0xcf, 0xa0, 0x9, 0xf4, 0x0, 0x9, 0xf4, 0xe,
    0xb0, 0x0, 0x0, 0xea, 0x2f, 0x70, 0x0, 0x0,
    0xbd, 0x3f, 0xff, 0xff, 0xff, 0xfe, 0x2f, 0x83,
    0x33, 0x33, 0xcd, 0xe, 0xa0, 0x0, 0x0, 0xea,
    0x9, 0xf4, 0x0, 0x8, 0xf4, 0x0, 0xdf, 0xa8,
    0xbf, 0xa0, 0x0, 0x19, 0xef, 0xd6, 0x0,

    /* U+03F5 "?" */
    0x2, 0xbf, 0xff, 0xd, 0xd6, 0x55, 0x5f, 0x40,
    0x0, 0x7f, 0xff, 0xc0, 0x7f, 0x63, 0x20, 0x5f,
    0x60, 0x0, 0xd, 0xe6, 0x55, 0x2, 0xbf, 0xff,

    /* U+03F6 "?" */
    0x8f, 0xfd, 0x60, 0x25, 0x5b, 0xf5, 0x0, 0x0,
    0xfc, 0x0, 0x0, 0xce, 0x5, 0xff, 0xfe, 0x1,
    0x33, 0xdc, 0x35, 0x59, 0xf5, 0x8f, 0xfd, 0x60,

    /* U+03F9 "?" */
    0x0, 0x19, 0xef, 0xd6, 0x0, 0x0, 0xdf, 0xa8,
    0xbf, 0x90, 0x9, 0xf4, 0x0, 0x8, 0xf3, 0xe,
    0xa0, 0x0, 0x1, 0x94, 0x2f, 0x60, 0x0, 0x0,
    0x0, 0x3f, 0x50, 0x0, 0x0, 0x0, 0x2f, 0x60,
    0x0, 0x0, 0x0, 0xe, 0xa0, 0x0, 0x1, 0x94,
    0x9, 0xf4, 0x0, 0x8, 0xf3, 0x0, 0xdf, 0xa8,
    0xbf, 0x90, 0x0, 0x19, 0xef, 0xd7, 0x0,

    /* U+03FA "?" */
    0xef, 0x90, 0x0, 0x0, 0xdf, 0xae, 0xfe, 0x0,
    0x0, 0x2f, 0xfa, 0xec, 0xf4, 0x0, 0x8, 0xed,
    0xae, 0x9e, 0xa0, 0x0, 0xd9, 0xda, 0xea, 0x9f,
    0x0, 0x3f, 0x5e, 0xae, 0xa3, 0xf5, 0x9, 0xf0,
    0xea, 0xea, 0xe, 0xb0, 0xea, 0xe, 0xae, 0xa0,
    0x8f, 0x3f, 0x40, 0xea, 0xea, 0x2, 0xfa, 0xe0,
    0xe, 0xae, 0xa0, 0xd, 0xf9, 0x0, 0xea, 0xea,
    0x0, 0x7f, 0x30, 0xe, 0xa0,

    /* U+03FC "?" */
    0x0, 0x5, 0xdf, 0xd5, 0x0, 0x4, 0xfa, 0x5a,
    0xf5, 0x0, 0xbc, 0x0, 0xd, 0xc0, 0xe, 0x80,
    0x0, 0x9f, 0x0, 0xf8, 0x0, 0xa, 0xf0, 0xf,
    0xc0, 0x0, 0xdc, 0x0, 0xfe, 0xa5, 0xbf, 0x50,
    0xf, 0x89, 0xfe, 0x60, 0x0, 0xf8, 0x0, 0x0,
    0x3, 0xff, 0xff, 0x50, 0x0, 0x2, 0xfa, 0x20,
    0x0, 0x0,

    /* U+03FD "?" */
    0x0, 0x4c, 0xfe, 0xa2, 0x0, 0x5, 0xfd, 0x89,
    0xef, 0x30, 0xe, 0xc0, 0x0, 0x1e, 0xd0, 0x19,
    0x30, 0x0, 0x6, 0xf3, 0x0, 0x0, 0x0, 0x2,
    0xf6, 0x0, 0x0, 0x0, 0x1, 0xf7, 0x0, 0x0,
    0x0, 0x2, 0xf6, 0x19, 0x30, 0x0, 0x6, 0xf3,
    0xe, 0xc0, 0x0, 0x1e, 0xd0, 0x5, 0xfd, 0x89,
    0xef, 0x30, 0x0, 0x4c, 0xfe, 0xa2, 0x0,

    /* U+03FE "?" */
    0x0, 0x19, 0xef, 0xd6, 0x0, 0x0, 0xdf, 0xa8,
    0xcf, 0x80, 0x9, 0xf4, 0x0, 0xa, 0xf2, 0xe,
    0xa0, 0x0, 0x2, 0xf6, 0x2f, 0x60, 0x0, 0x0,
    0x0, 0x3f, 0x50, 0x8f, 0x20, 0x0, 0x2f, 0x60,
    0x7e, 0x20, 0x0, 0xe, 0xa0, 0x0, 0x0, 0x42,
    0x9, 0xf4, 0x0, 0x6, 0xf4, 0x0, 0xdf, 0xa8,
    0xbf, 0xb0, 0x0, 0x19, 0xef, 0xd7, 0x0,

    /* U+03FF "?" */
    0x0, 0x3b, 0xfe, 0xa2, 0x0, 0x4, 0xfe, 0x89,
    0xef, 0x30, 0xd, 0xd0, 0x0, 0x1e, 0xd0, 0x2f,
    0x60, 0x0, 0x6, 0xf3, 0x0, 0x0, 0x0, 0x2,
    0xf6, 0x0, 0x0, 0xeb, 0x1, 0xf7, 0x0, 0x0,
    0xda, 0x2, 0xf6, 0x14, 0x10, 0x0, 0x6, 0xf3,
    0x1f, 0xa0, 0x0, 0x1e, 0xd0, 0x7, 0xfc, 0x89,
    0xef, 0x30, 0x0, 0x5c, 0xfe, 0xa2, 0x0,

    /* U+0400 "?" */
    0x3, 0xf3, 0x0, 0x0, 0x9, 0xa0, 0x0, 0x0,
    0x1, 0x0, 0xe, 0xff, 0xff, 0xf8, 0xec, 0x66,
    0x66, 0x3e, 0xb0, 0x0, 0x0, 0xeb, 0x0, 0x0,
    0xe, 0xb1, 0x11, 0x10, 0xef, 0xff, 0xff, 0x3e,
    0xc4, 0x44, 0x40, 0xeb, 0x0, 0x0, 0xe, 0xb0,
    0x0, 0x0, 0xec, 0x66, 0x66, 0x3e, 0xff, 0xff,
    0xf9,

    /* U+0401 "?" */
    0x9, 0x60, 0xa6, 0x0, 0xc9, 0xd, 0x80, 0x0,
    0x0, 0x0, 0xe, 0xff, 0xff, 0xf8, 0xec, 0x66,
    0x66, 0x3e, 0xb0, 0x0, 0x0, 0xeb, 0x0, 0x0,
    0xe, 0xb1, 0x11, 0x10, 0xef, 0xff, 0xff, 0x3e,
    0xc4, 0x44, 0x40, 0xeb, 0x0, 0x0, 0xe, 0xb0,
    0x0, 0x0, 0xec, 0x66, 0x66, 0x3e, 0xff, 0xff,
    0xf9,

    /* U+0402 "?" */
    0x6f, 0xff, 0xff, 0xff, 0x80, 0x0, 0x26, 0x68,
    0xf9, 0x66, 0x30, 0x0, 0x0, 0x3, 0xf5, 0x0,
    0x0, 0x0, 0x0, 0x3, 0xf5, 0x0, 0x0, 0x0,
    0x0, 0x3, 0xf5, 0x1, 0x0, 0x0, 0x0, 0x3,
    0xfb, 0xef, 0xfa, 0x10, 0x0, 0x3, 0xff, 0x85,
    0x8f, 0xb0, 0x0, 0x3, 0xfe, 0x0, 0x8, 0xf1,
    0x0, 0x3, 0xf7, 0x0, 0x7, 0xf2, 0x0, 0x3,
    0xf5, 0x2, 0x5e, 0xd0, 0x0, 0x3, 0xf5, 0x4f,
    0xfd, 0x20, 0x0, 0x0, 0x0, 0x15, 0x30, 0x0,

    /* U+0403 "?" */
    0x0, 0x8, 0xe0, 0x0, 0x0, 0xe4, 0x0, 0x0,
    0x1, 0x0, 0xe, 0xff, 0xff, 0xf8, 0xec, 0x66,
    0x66, 0x3e, 0xb0, 0x0, 0x0, 0xeb, 0x0, 0x0,
    0xe, 0xb0, 0x0, 0x0, 0xeb, 0x0, 0x0, 0xe,
    0xb0, 0x0, 0x0, 0xeb, 0x0, 0x0, 0xe, 0xb0,
    0x0, 0x0, 0xeb, 0x0, 0x0, 0xe, 0xb0, 0x0,
    0x0,

    /* U+0404 "?" */
    0x0, 0x19, 0xef, 0xd6, 0x0, 0x0, 0xdf, 0xa8,
    0xbf, 0x90, 0x9, 0xf4, 0x0, 0x9, 0xf3, 0xe,
    0xb0, 0x0, 0x1, 0xc5, 0x2f, 0x81, 0x11, 0x0,
    0x0, 0x3f, 0xff, 0xff, 0x60, 0x0, 0x2f, 0x94,
    0x44, 0x10, 0x0, 0xe, 0xa0, 0x0, 0x0, 0x83,
    0x9, 0xf3, 0x0, 0x7, 0xf4, 0x0, 0xdf, 0xa8,
    0xbf, 0xa0, 0x0, 0x19, 0xef, 0xd7, 0x0,

    /* U+0405 "?" */
    0x0, 0x6d, 0xfe, 0x80, 0x0, 0x8f, 0xa6, 0x9f,
    0xb0, 0xe, 0xb0, 0x0, 0x7e, 0x10, 0xeb, 0x0,
    0x0, 0x0, 0x8, 0xfc, 0x61, 0x0, 0x0, 0x6,
    0xdf, 0xfb, 0x20, 0x0, 0x0, 0x27, 0xed, 0x0,
    0x20, 0x0, 0x5, 0xf4, 0x2f, 0x80, 0x0, 0x6f,
    0x30, 0xbf, 0x97, 0x9f, 0xc0, 0x0, 0x8d, 0xfe,
    0x91, 0x0,

    /* U+0406 "?" */
    0xeb, 0xeb, 0xeb, 0xeb, 0xeb, 0xeb, 0xeb, 0xeb,
    0xeb, 0xeb, 0xeb,

    /* U+0407 "?" */
    0x2b, 0x13, 0xb1, 0x4e, 0x24, 0xe2, 0x0, 0x0,
    0x0, 0x0, 0xeb, 0x0, 0x0, 0xeb, 0x0, 0x0,
    0xeb, 0x0, 0x0, 0xeb, 0x0, 0x0, 0xeb, 0x0,
    0x0, 0xeb, 0x0, 0x0, 0xeb, 0x0, 0x0, 0xeb,
    0x0, 0x0, 0xeb, 0x0, 0x0, 0xeb, 0x0, 0x0,
    0xeb, 0x0,

    /* U+0408 "?" */
    0x0, 0x0, 0xa, 0xe0, 0x0, 0x0, 0xae, 0x0,
    0x0, 0xa, 0xe0, 0x0, 0x0, 0xae, 0x0, 0x0,
    0xa, 0xe0, 0x0, 0x0, 0xae, 0x0, 0x0, 0xa,
    0xe5, 0xe2, 0x0, 0xae, 0x4f, 0x40, 0xc, 0xc0,
    0xee, 0x69, 0xf7, 0x2, 0xbf, 0xe8, 0x0,

    /* U+0409 "?" */
    0x0, 0x2f, 0xff, 0xff, 0xf2, 0x0, 0x0, 0x0,
    0x3, 0xf7, 0x55, 0x9f, 0x20, 0x0, 0x0, 0x0,
    0x5f, 0x20, 0x6, 0xf2, 0x0, 0x0, 0x0, 0x6,
    0xf1, 0x0, 0x6f, 0x20, 0x0, 0x0, 0x0, 0x7f,
    0x0, 0x6, 0xf3, 0x10, 0x0, 0x0, 0x8, 0xe0,
    0x0, 0x6f, 0xff, 0xfe, 0x80, 0x0, 0x9d, 0x0,
    0x6, 0xf5, 0x44, 0x8f, 0x80, 0xb, 0xb0, 0x0,
    0x6f, 0x20, 0x0, 0xbd, 0x0, 0xe9, 0x0, 0x6,
    0xf2, 0x0, 0xb, 0xd2, 0x9f, 0x40, 0x0, 0x6f,
    0x65, 0x5a, 0xf7, 0x6e, 0x80, 0x0, 0x6, 0xff,
    0xff, 0xd6, 0x0,

    /* U+040A "?" */
    0xea, 0x0, 0x0, 0x4f, 0x40, 0x0, 0x0, 0xe,
    0xa0, 0x0, 0x4, 0xf4, 0x0, 0x0, 0x0, 0xea,
    0x0, 0x0, 0x4f, 0x40, 0x0, 0x0, 0xe, 0xa0,
    0x0, 0x4, 0xf4, 0x0, 0x0, 0x0, 0xea, 0x11,
    0x11, 0x4f, 0x51, 0x0, 0x0, 0xe, 0xff, 0xff,
    0xff, 0xff, 0xff, 0xe9, 0x0, 0xeb, 0x44, 0x44,
    0x7f, 0x74, 0x47, 0xfa, 0xe, 0xa0, 0x0, 0x4,
    0xf4, 0x0, 0x8, 0xf0, 0xea, 0x0, 0x0, 0x4f,
    0x40, 0x0, 0x9f, 0xe, 0xa0, 0x0, 0x4, 0xf8,
    0x56, 0x9f, 0x90, 0xea, 0x0, 0x0, 0x4f, 0xff,
    0xfd, 0x80, 0x0,

    /* U+040B "?" */
    0x6f, 0xff, 0xff, 0xff, 0xf0, 0x0, 0x26, 0x68,
    0xf9, 0x66, 0x50, 0x0, 0x0, 0x3, 0xf5, 0x0,
    0x0, 0x0, 0x0, 0x3, 0xf5, 0x0, 0x0, 0x0,
    0x0, 0x3, 0xf5, 0x0, 0x0, 0x0, 0x0, 0x3,
    0xfb, 0xdf, 0xfd, 0x40, 0x0, 0x3, 0xfd, 0x75,
    0x6e, 0xf1, 0x0, 0x3, 0xf5, 0x0, 0x4, 0xf5,
    0x0, 0x3, 0xf5, 0x0, 0x2, 0xf6, 0x0, 0x3,
    0xf5, 0x0, 0x2, 0xf6, 0x0, 0x3, 0xf5, 0x0,
    0x2, 0xf6,

    /* U+040C "?" */
    0x0, 0x2, 0xf4, 0x0, 0x0, 0x0, 0x9a, 0x0,
    0x0, 0x0, 0x1, 0x0, 0x0, 0xe, 0xb0, 0x0,
    0x2f, 0xb0, 0xeb, 0x0, 0xb, 0xf1, 0xe, 0xb0,
    0x6, 0xf6, 0x0, 0xeb, 0x1, 0xfb, 0x0, 0xe,
    0xb1, 0xbf, 0x10, 0x0, 0xef, 0xff, 0x80, 0x0,
    0xe, 0xc4, 0xce, 0x10, 0x0, 0xeb, 0x2, 0xfb,
    0x0, 0xe, 0xb0, 0x5, 0xf7, 0x0, 0xeb, 0x0,
    0xa, 0xf3, 0xe, 0xb0, 0x0, 0x1e, 0xd0,

    /* U+040D "?" */
    0x0, 0x5f, 0x10, 0x0, 0x0, 0x0, 0xb9, 0x0,
    0x0, 0x0, 0x0, 0x10, 0x0, 0xe, 0xb0, 0x0,
    0xa, 0xf7, 0xeb, 0x0, 0x3, 0xff, 0x7e, 0xb0,
    0x0, 0xcc, 0xf7, 0xeb, 0x0, 0x6f, 0x5f, 0x7e,
    0xb0, 0xe, 0xb1, 0xf7, 0xeb, 0x9, 0xf2, 0x2f,
    0x7e, 0xb2, 0xf9, 0x2, 0xf7, 0xea, 0xae, 0x10,
    0x2f, 0x7e, 0xcf, 0x60, 0x2, 0xf7, 0xef, 0xc0,
    0x0, 0x2f, 0x7e, 0xf3, 0x0, 0x2, 0xf7,

    /* U+040E "?" */
    0x0, 0x35, 0x4, 0x40, 0x0, 0x1, 0xbf, 0xc2,
    0x0, 0x0, 0x0, 0x0, 0x0, 0x7, 0xf4, 0x0,
    0x2, 0xf8, 0xf, 0xb0, 0x0, 0x8f, 0x20, 0x9f,
    0x20, 0xe, 0xc0, 0x2, 0xf8, 0x3, 0xf6, 0x0,
    0xb, 0xd0, 0x9f, 0x0, 0x0, 0x4f, 0x3e, 0x90,
    0x0, 0x0, 0xdb, 0xf3, 0x0, 0x0, 0x7, 0xfd,
    0x0, 0x0, 0x0, 0x2f, 0x60, 0x0, 0x1, 0x7c,
    0xe0, 0x0, 0x0, 0x3f, 0xd3, 0x0, 0x0,

    /* U+040F "?" */
    0xeb, 0x0, 0x0, 0x9f, 0xe, 0xb0, 0x0, 0x9,
    0xf0, 0xeb, 0x0, 0x0, 0x9f, 0xe, 0xb0, 0x0,
    0x9, 0xf0, 0xeb, 0x0, 0x0, 0x9f, 0xe, 0xb0,
    0x0, 0x9, 0xf0, 0xeb, 0x0, 0x0, 0x9f, 0xe,
    0xb0, 0x0, 0x9, 0xf0, 0xeb, 0x0, 0x0, 0x9f,
    0xe, 0xc6, 0x66, 0x6b, 0xf0, 0xef, 0xff, 0xff,
    0xff, 0x0, 0x0, 0xbd, 0x0, 0x0, 0x0, 0xb,
    0xd0, 0x0, 0x0, 0x0, 0x56, 0x0, 0x0,

    /* U+0410 "?" */
    0x0, 0x3, 0xff, 0x10, 0x0, 0x0, 0x8, 0xef,
    0x60, 0x0, 0x0, 0xd, 0xac, 0xb0, 0x0, 0x0,
    0x3f, 0x68, 0xf1, 0x0, 0x0, 0x8f, 0x14, 0xf6,
    0x0, 0x0, 0xdd, 0x0, 0xeb, 0x0, 0x2, 0xf9,
    0x11, 0xaf, 0x10, 0x8, 0xff, 0xff, 0xff, 0x60,
    0xd, 0xd4, 0x44, 0x4f, 0xb0, 0x2f, 0x80, 0x0,
    0xa, 0xf1, 0x7f, 0x30, 0x0, 0x4, 0xf6,

    /* U+0411 "?" */
    0xef, 0xff, 0xff, 0x60, 0xec, 0x66, 0x66, 0x20,
    0xeb, 0x0, 0x0, 0x0, 0xeb, 0x0, 0x0, 0x0,
    0xeb, 0x10, 0x0, 0x0, 0xef, 0xff, 0xfc, 0x30,
    0xec, 0x44, 0x5d, 0xe0, 0xeb, 0x0, 0x4, 0xf4,
    0xeb, 0x0, 0x5, 0xf3, 0xec, 0x55, 0x7e, 0xd0,
    0xef, 0xff, 0xea, 0x20,

    /* U+0412 "?" */
    0xef, 0xff, 0xea, 0x10, 0xec, 0x66, 0x8f, 0xb0,
    0xeb, 0x0, 0x9, 0xf0, 0xeb, 0x0, 0x8, 0xf0,
    0xeb, 0x0, 0x3e, 0x90, 0xef, 0xff, 0xfc, 0x10,
    0xec, 0x33, 0x4d, 0xe1, 0xeb, 0x0, 0x3, 0xf6,
    0xeb, 0x0, 0x2, 0xf6, 0xec, 0x66, 0x7d, 0xf2,
    0xef, 0xff, 0xfc, 0x40,

    /* U+0413 "?" */
    0xef, 0xff, 0xff, 0x8e, 0xc6, 0x66, 0x63, 0xeb,
    0x0, 0x0, 0xe, 0xb0, 0x0, 0x0, 0xeb, 0x0,
    0x0, 0xe, 0xb0, 0x0, 0x0, 0xeb, 0x0, 0x0,
    0xe, 0xb0, 0x0, 0x0, 0xeb, 0x0, 0x0, 0xe,
    0xb0, 0x0, 0x0, 0xeb, 0x0, 0x0, 0x0,

    /* U+0414 "?" */
    0x0, 0xc, 0xff, 0xff, 0xfe, 0x0, 0x0, 0xd,
    0xc6, 0x66, 0xce, 0x0, 0x0, 0xe, 0x90, 0x0,
    0xae, 0x0, 0x0, 0xf, 0x80, 0x0, 0xae, 0x0,
    0x0, 0xf, 0x70, 0x0, 0xae, 0x0, 0x0, 0x2f,
    0x60, 0x0, 0xae, 0x0, 0x0, 0x4f, 0x40, 0x0,
    0xae, 0x0, 0x0, 0x7f, 0x10, 0x0, 0xae, 0x0,
    0x0, 0xcc, 0x0, 0x0, 0xae, 0x0, 0x28, 0xfa,
    0x66, 0x66, 0xcf, 0x60, 0x6f, 0xff, 0xff, 0xff,
    0xff, 0xf1, 0x6f, 0x20, 0x0, 0x0, 0x7, 0xf1,
    0x6f, 0x20, 0x0, 0x0, 0x7, 0xf1, 0x14, 0x0,
    0x0, 0x0, 0x1, 0x40,

    /* U+0415 "?" */
    0xef, 0xff, 0xff, 0x8e, 0xc6, 0x66, 0x63, 0xeb,
    0x0, 0x0, 0xe, 0xb0, 0x0, 0x0, 0xeb, 0x11,
    0x11, 0xe, 0xff, 0xff, 0xf3, 0xec, 0x44, 0x44,
    0xe, 0xb0, 0x0, 0x0, 0xeb, 0x0, 0x0, 0xe,
    0xc6, 0x66, 0x63, 0xef, 0xff, 0xff, 0x90,

    /* U+0416 "?" */
    0x2f, 0xc0, 0x0, 0xdc, 0x0, 0xc, 0xf1, 0x8,
    0xf4, 0x0, 0xdc, 0x0, 0x5f, 0x70, 0x0, 0xec,
    0x0, 0xdc, 0x0, 0xde, 0x0, 0x0, 0x6f, 0x40,
    0xdc, 0x5, 0xf5, 0x0, 0x0, 0xd, 0xd1, 0xdc,
    0x1d, 0xc0, 0x0, 0x0, 0x8, 0xff, 0xff, 0xff,
    0x80, 0x0, 0x0, 0x1f, 0xb4, 0xdd, 0x4b, 0xe1,
    0x0, 0x0, 0x9f, 0x10, 0xdc, 0x2, 0xf9, 0x0,
    0x3, 0xf8, 0x0, 0xdc, 0x0, 0x9f, 0x20, 0xc,
    0xe1, 0x0, 0xdc, 0x0, 0x1f, 0xb0, 0x5f, 0x70,
    0x0, 0xdc, 0x0, 0x8, 0xf4,

    /* U+0417 "?" */
    0x0, 0x7d, 0xfd, 0x40, 0x8, 0xf9, 0x6b, 0xf3,
    0xe, 0xa0, 0x0, 0xf9, 0x0, 0x0, 0x0, 0xf9,
    0x0, 0x0, 0x19, 0xf3, 0x0, 0xa, 0xff, 0x60,
    0x0, 0x2, 0x49, 0xf6, 0x0, 0x0, 0x0, 0xbe,
    0x1d, 0x60, 0x0, 0xbe, 0xc, 0xf9, 0x6a, 0xf8,
    0x1, 0x9e, 0xfd, 0x70,

    /* U+0418 "?" */
    0xeb, 0x0, 0x0, 0xaf, 0x7e, 0xb0, 0x0, 0x3f,
    0xf7, 0xeb, 0x0, 0xc, 0xcf, 0x7e, 0xb0, 0x6,
    0xf5, 0xf7, 0xeb, 0x0, 0xeb, 0x1f, 0x7e, 0xb0,
    0x9f, 0x22, 0xf7, 0xeb, 0x2f, 0x90, 0x2f, 0x7e,
    0xaa, 0xe1, 0x2, 0xf7, 0xec, 0xf6, 0x0, 0x2f,
    0x7e, 0xfc, 0x0, 0x2, 0xf7, 0xef, 0x30, 0x0,
    0x2f, 0x70,

    /* U+0419 "?" */
    0x0, 0x62, 0x6, 0x20, 0x0, 0x4, 0xde, 0xa0,
    0x0, 0x0, 0x0, 0x0, 0x0, 0xe, 0xb0, 0x0,
    0xa, 0xf7, 0xeb, 0x0, 0x3, 0xff, 0x7e, 0xb0,
    0x0, 0xcc, 0xf7, 0xeb, 0x0, 0x6f, 0x5f, 0x7e,
    0xb0, 0xe, 0xb1, 0xf7, 0xeb, 0x9, 0xf2, 0x2f,
    0x7e, 0xb2, 0xf9, 0x2, 0xf7, 0xea, 0xae, 0x10,
    0x2f, 0x7e, 0xcf, 0x60, 0x2, 0xf7, 0xef, 0xc0,
    0x0, 0x2f, 0x7e, 0xf3, 0x0, 0x2, 0xf7,

    /* U+041A "?" */
    0xeb, 0x0, 0x2, 0xfb, 0xe, 0xb0, 0x0, 0xbf,
    0x10, 0xeb, 0x0, 0x6f, 0x60, 0xe, 0xb0, 0x1f,
    0xb0, 0x0, 0xeb, 0x1b, 0xf1, 0x0, 0xe, 0xff,
    0xf8, 0x0, 0x0, 0xec, 0x4c, 0xe1, 0x0, 0xe,
    0xb0, 0x2f, 0xb0, 0x0, 0xeb, 0x0, 0x5f, 0x70,
    0xe, 0xb0, 0x0, 0xaf, 0x30, 0xeb, 0x0, 0x1,
    0xed, 0x0,

    /* U+041B "?" */
    0x0, 0x2f, 0xff, 0xff, 0xf5, 0x0, 0x4f, 0x86,
    0x68, 0xf5, 0x0, 0x5f, 0x30, 0x3, 0xf5, 0x0,
    0x6f, 0x10, 0x3, 0xf5, 0x0, 0x7f, 0x0, 0x3,
    0xf5, 0x0, 0x8f, 0x0, 0x3, 0xf5, 0x0, 0xae,
    0x0, 0x3, 0xf5, 0x0, 0xbc, 0x0, 0x3, 0xf5,
    0x0, 0xea, 0x0, 0x3, 0xf5, 0x29, 0xf5, 0x0,
    0x3, 0xf5, 0x6f, 0x80, 0x0, 0x3, 0xf5,

    /* U+041C "?" */
    0xef, 0x90, 0x0, 0x0, 0xdf, 0xae, 0xfe, 0x0,
    0x0, 0x2f, 0xfa, 0xec, 0xf4, 0x0, 0x8, 0xed,
    0xae, 0x9e, 0xa0, 0x0, 0xd9, 0xda, 0xea, 0x9f,
    0x0, 0x3f, 0x5e, 0xae, 0xa3, 0xf5, 0x9, 0xf0,
    0xea, 0xea, 0xe, 0xb0, 0xea, 0xe, 0xae, 0xa0,
    0x8f, 0x3f, 0x40, 0xea, 0xea, 0x2, 0xfa, 0xe0,
    0xe, 0xae, 0xa0, 0xd, 0xf9, 0x0, 0xea, 0xea,
    0x0, 0x7f, 0x30, 0xe, 0xa0,

    /* U+041D "?" */
    0xeb, 0x0, 0x0, 0x4f, 0x4e, 0xb0, 0x0, 0x4,
    0xf4, 0xeb, 0x0, 0x0, 0x4f, 0x4e, 0xb0, 0x0,
    0x4, 0xf4, 0xeb, 0x11, 0x11, 0x5f, 0x4e, 0xff,
    0xff, 0xff, 0xf4, 0xec, 0x44, 0x44, 0x7f, 0x4e,
    0xb0, 0x0, 0x4, 0xf4, 0xeb, 0x0, 0x0, 0x4f,
    0x4e, 0xb0, 0x0, 0x4, 0xf4, 0xeb, 0x0, 0x0,
    0x4f, 0x40,

    /* U+041E "?" */
    0x0, 0x19, 0xef, 0xd6, 0x0, 0x0, 0xdf, 0xa8,
    0xbf, 0xa0, 0x9, 0xf4, 0x0, 0x8, 0xf4, 0xe,
    0xa0, 0x0, 0x0, 0xea, 0x2f, 0x60, 0x0, 0x0,
    0xad, 0x3f, 0x50, 0x0, 0x0, 0x9e, 0x2f, 0x60,
    0x0, 0x0, 0xad, 0xe, 0xa0, 0x0, 0x0, 0xea,
    0x9, 0xf4, 0x0, 0x8, 0xf4, 0x0, 0xdf, 0xa8,
    0xbf, 0xa0, 0x0, 0x19, 0xef, 0xd6, 0x0,

    /* U+041F "?" */
    0xef, 0xff, 0xff, 0xff, 0x4e, 0xc6, 0x66, 0x68,
    0xf4, 0xeb, 0x0, 0x0, 0x4f, 0x4e, 0xb0, 0x0,
    0x4, 0xf4, 0xeb, 0x0, 0x0, 0x4f, 0x4e, 0xb0,
    0x0, 0x4, 0xf4, 0xeb, 0x0, 0x0, 0x4f, 0x4e,
    0xb0, 0x0, 0x4, 0xf4, 0xeb, 0x0, 0x0, 0x4f,
    0x4e, 0xb0, 0x0, 0x4, 0xf4, 0xeb, 0x0, 0x0,
    0x4f, 0x40,

    /* U+0420 "?" */
    0xef, 0xff, 0xe9, 0x0, 0xec, 0x66, 0x9f, 0xb0,
    0xeb, 0x0, 0x8, 0xf2, 0xeb, 0x0, 0x4, 0xf4,
    0xeb, 0x0, 0x6, 0xf3, 0xeb, 0x11, 0x4e, 0xd0,
    0xef, 0xff, 0xfd, 0x20, 0xec, 0x44, 0x30, 0x0,
    0xeb, 0x0, 0x0, 0x0, 0xeb, 0x0, 0x0, 0x0,
    0xeb, 0x0, 0x0, 0x0,

    /* U+0421 "?" */
    0x0, 0x19, 0xef, 0xd6, 0x0, 0x0, 0xdf, 0xa8,
    0xbf, 0x90, 0x9, 0xf4, 0x0, 0x8, 0xf3, 0xe,
    0xa0, 0x0, 0x1, 0x94, 0x2f, 0x60, 0x0, 0x0,
    0x0, 0x3f, 0x50, 0x0, 0x0, 0x0, 0x2f, 0x60,
    0x0, 0x0, 0x0, 0xe, 0xa0, 0x0, 0x1, 0x94,
    0x9, 0xf4, 0x0, 0x8, 0xf3, 0x0, 0xdf, 0xa8,
    0xbf, 0x90, 0x0, 0x19, 0xef, 0xd7, 0x0,

    /* U+0422 "?" */
    0x6f, 0xff, 0xff, 0xff, 0x82, 0x66, 0x8f, 0x96,
    0x63, 0x0, 0x3, 0xf5, 0x0, 0x0, 0x0, 0x3f,
    0x50, 0x0, 0x0, 0x3, 0xf5, 0x0, 0x0, 0x0,
    0x3f, 0x50, 0x0, 0x0, 0x3, 0xf5, 0x0, 0x0,
    0x0, 0x3f, 0x50, 0x0, 0x0, 0x3, 0xf5, 0x0,
    0x0, 0x0, 0x3f, 0x50, 0x0, 0x0, 0x3, 0xf5,
    0x0, 0x0,

    /* U+0423 "?" */
    0x7f, 0x40, 0x0, 0x2f, 0x80, 0xfb, 0x0, 0x8,
    0xf2, 0x9, 0xf2, 0x0, 0xec, 0x0, 0x2f, 0x80,
    0x3f, 0x60, 0x0, 0xbd, 0x9, 0xf0, 0x0, 0x4,
    0xf3, 0xe9, 0x0, 0x0, 0xd, 0xbf, 0x30, 0x0,
    0x0, 0x7f, 0xd0, 0x0, 0x0, 0x2, 0xf6, 0x0,
    0x0, 0x17, 0xce, 0x0, 0x0, 0x3, 0xfd, 0x30,
    0x0, 0x0,

    /* U+0424 "?" */
    0x0, 0x0, 0xc, 0x70, 0x0, 0x0, 0x0, 0x1,
    0xfa, 0x0, 0x0, 0x0, 0x6d, 0xff, 0xff, 0xb2,
    0x0, 0x6f, 0xb6, 0xfb, 0x7e, 0xe1, 0xe, 0xb0,
    0xf, 0x90, 0x2f, 0x92, 0xf6, 0x0, 0xf9, 0x0,
    0xbc, 0x3f, 0x50, 0xf, 0x90, 0xb, 0xd0, 0xf9,
    0x0, 0xf9, 0x1, 0xea, 0x8, 0xf8, 0x3f, 0xa4,
    0xcf, 0x30, 0x9, 0xff, 0xff, 0xfe, 0x40, 0x0,
    0x1, 0x4f, 0xb3, 0x0, 0x0, 0x0, 0x0, 0xf9,
    0x0, 0x0,

    /* U+0425 "?" */
    0x1f, 0xc0, 0x0, 0xd, 0xd0, 0x6, 0xf6, 0x0,
    0x8f, 0x40, 0x0, 0xce, 0x2, 0xf9, 0x0, 0x0,
    0x2f, 0x8b, 0xe1, 0x0, 0x0, 0x8, 0xff, 0x50,
    0x0, 0x0, 0x2, 0xff, 0x0, 0x0, 0x0, 0xb,
    0xef, 0x90, 0x0, 0x0, 0x5f, 0x59, 0xf3, 0x0,
    0x1, 0xec, 0x0, 0xed, 0x0, 0xa, 0xf2, 0x0,
    0x5f, 0x70, 0x4f, 0x70, 0x0, 0xb, 0xf2,

    /* U+0426 "?" */
    0xeb, 0x0, 0x0, 0x9f, 0x0, 0xeb, 0x0, 0x0,
    0x9f, 0x0, 0xeb, 0x0, 0x0, 0x9f, 0x0, 0xeb,
    0x0, 0x0, 0x9f, 0x0, 0xeb, 0x0, 0x0, 0x9f,
    0x0, 0xeb, 0x0, 0x0, 0x9f, 0x0, 0xeb, 0x0,
    0x0, 0x9f, 0x0, 0xeb, 0x0, 0x0, 0x9f, 0x0,
    0xeb, 0x0, 0x0, 0x9f, 0x0, 0xec, 0x66, 0x66,
    0xbf, 0x60, 0xef, 0xff, 0xff, 0xff, 0xf0, 0x0,
    0x0, 0x0, 0x7, 0xf0, 0x0, 0x0, 0x0, 0x7,
    0xf0, 0x0, 0x0, 0x0, 0x3, 0x80,

    /* U+0427 "?" */
    0xf9, 0x0, 0x0, 0xdb, 0xf9, 0x0, 0x0, 0xdb,
    0xf9, 0x0, 0x0, 0xdb, 0xf9, 0x0, 0x0, 0xdb,
    0xeb, 0x0, 0x0, 0xdb, 0x9f, 0x72, 0x38, 0xfb,
    0x1b, 0xff, 0xfd, 0xfb, 0x0, 0x23, 0x20, 0xdb,
    0x0, 0x0, 0x0, 0xdb, 0x0, 0x0, 0x0, 0xdb,
    0x0, 0x0, 0x0, 0xdb,

    /* U+0428 "?" */
    0xeb, 0x0, 0xf, 0x80, 0x2, 0xf6, 0xeb, 0x0,
    0xf, 0x80, 0x2, 0xf6, 0xeb, 0x0, 0xf, 0x80,
    0x2, 0xf6, 0xeb, 0x0, 0xf, 0x80, 0x2, 0xf6,
    0xeb, 0x0, 0xf, 0x80, 0x2, 0xf6, 0xeb, 0x0,
    0xf, 0x80, 0x2, 0xf6, 0xeb, 0x0, 0xf, 0x80,
    0x2, 0xf6, 0xeb, 0x0, 0xf, 0x80, 0x2, 0xf6,
    0xeb, 0x0, 0xf, 0x80, 0x2, 0xf6, 0xec, 0x66,
    0x6f, 0xb6, 0x67, 0xf6, 0xef, 0xff, 0xff, 0xff,
    0xff, 0xf6,

    /* U+0429 "?" */
    0xeb, 0x0, 0xf, 0x80, 0x2, 0xf6, 0xe, 0xb0,
    0x0, 0xf8, 0x0, 0x2f, 0x60, 0xeb, 0x0, 0xf,
    0x80, 0x2, 0xf6, 0xe, 0xb0, 0x0, 0xf8, 0x0,
    0x2f, 0x60, 0xeb, 0x0, 0xf, 0x80, 0x2, 0xf6,
    0xe, 0xb0, 0x0, 0xf8, 0x0, 0x2f, 0x60, 0xeb,
    0x0, 0xf, 0x80, 0x2, 0xf6, 0xe, 0xb0, 0x0,
    0xf8, 0x0, 0x2f, 0x60, 0xeb, 0x0, 0xf, 0x80,
    0x2, 0xf6, 0xe, 0xc6, 0x66, 0xfb, 0x66, 0x7f,
    0xd2, 0xef, 0xff, 0xff, 0xff, 0xff, 0xff, 0x70,
    0x0, 0x0, 0x0, 0x0, 0x1, 0xf7, 0x0, 0x0,
    0x0, 0x0, 0x0, 0x1f, 0x60, 0x0, 0x0, 0x0,
    0x0, 0x0, 0x83,

    /* U+042A "?" */
    0x6f, 0xff, 0xf0, 0x0, 0x0, 0x2, 0x55, 0xbf,
    0x0, 0x0, 0x0, 0x0, 0x8, 0xf0, 0x0, 0x0,
    0x0, 0x0, 0x8f, 0x0, 0x0, 0x0, 0x0, 0x8,
    0xf1, 0x10, 0x0, 0x0, 0x0, 0x8f, 0xff, 0xfe,
    0x70, 0x0, 0x8, 0xf4, 0x44, 0x9f, 0x60, 0x0,
    0x8f, 0x0, 0x0, 0xdb, 0x0, 0x8, 0xf0, 0x0,
    0xd, 0xb0, 0x0, 0x8f, 0x65, 0x6b, 0xf5, 0x0,
    0x8, 0xff, 0xff, 0xc5, 0x0,

    /* U+042B "?" */
    0xeb, 0x0, 0x0, 0x0, 0x2f, 0x6e, 0xb0, 0x0,
    0x0, 0x2, 0xf6, 0xeb, 0x0, 0x0, 0x0, 0x2f,
    0x6e, 0xb0, 0x0, 0x0, 0x2, 0xf6, 0xeb, 0x11,
    0x0, 0x0, 0x2f, 0x6e, 0xff, 0xff, 0xc3, 0x2,
    0xf6, 0xec, 0x44, 0x5c, 0xf2, 0x2f, 0x6e, 0xb0,
    0x0, 0x2f, 0x62, 0xf6, 0xeb, 0x0, 0x3, 0xf6,
    0x2f, 0x6e, 0xc5, 0x57, 0xde, 0x12, 0xf6, 0xef,
    0xff, 0xeb, 0x20, 0x2f, 0x60,

    /* U+042C "?" */
    0xeb, 0x0, 0x0, 0x0, 0xeb, 0x0, 0x0, 0x0,
    0xeb, 0x0, 0x0, 0x0, 0xeb, 0x0, 0x0, 0x0,
    0xeb, 0x11, 0x0, 0x0, 0xef, 0xff, 0xfc, 0x30,
    0xec, 0x44, 0x5c, 0xf2, 0xeb, 0x0, 0x2, 0xf6,
    0xeb, 0x0, 0x3, 0xf6, 0xec, 0x55, 0x7d, 0xe1,
    0xef, 0xff, 0xeb, 0x20,

    /* U+042D "?" */
    0x0, 0x4b, 0xfe, 0xa2, 0x0, 0x5, 0xfd, 0x89,
    0xef, 0x30, 0xe, 0xc0, 0x0, 0x1e, 0xd0, 0x2c,
    0x40, 0x0, 0x7, 0xf3, 0x0, 0x0, 0x11, 0x14,
    0xf6, 0x0, 0x1, 0xff, 0xff, 0xf7, 0x0, 0x0,
    0x44, 0x45, 0xf6, 0x18, 0x20, 0x0, 0x5, 0xf3,
    0xf, 0xb0, 0x0, 0x1d, 0xd0, 0x6, 0xfd, 0x89,
    0xef, 0x30, 0x0, 0x4c, 0xfe, 0xa2, 0x0,

    /* U+042E "?" */
    0xeb, 0x0, 0x3, 0xbf, 0xeb, 0x30, 0xe, 0xb0,
    0x4, 0xfe, 0x88, 0xef, 0x40, 0xeb, 0x0, 0xec,
    0x0, 0x1, 0xde, 0xe, 0xb0, 0x5f, 0x40, 0x0,
    0x5, 0xf4, 0xeb, 0x18, 0xf0, 0x0, 0x0, 0x1f,
    0x7e, 0xff, 0xff, 0x0, 0x0, 0x0, 0xf8, 0xec,
    0x4a, 0xf0, 0x0, 0x0, 0x1f, 0x7e, 0xb0, 0x6f,
    0x40, 0x0, 0x5, 0xf4, 0xeb, 0x0, 0xfc, 0x0,
    0x1, 0xde, 0xe, 0xb0, 0x5, 0xfd, 0x88, 0xef,
    0x40, 0xeb, 0x0, 0x4, 0xbf, 0xeb, 0x30, 0x0,

    /* U+042F "?" */
    0x0, 0x9e, 0xff, 0xff, 0xa, 0xf9, 0x66, 0xcf,
    0x1f, 0x90, 0x0, 0x9f, 0x3f, 0x60, 0x0, 0x9f,
    0x2f, 0x70, 0x0, 0x9f, 0xd, 0xe4, 0x11, 0xaf,
    0x2, 0xdf, 0xff, 0xff, 0x0, 0xaf, 0x54, 0xbf,
    0x3, 0xf8, 0x0, 0x9f, 0xc, 0xe1, 0x0, 0x9f,
    0x5f, 0x60, 0x0, 0x9f,

    /* U+0430 "?" */
    0x2, 0xbe, 0xea, 0x0, 0xed, 0x56, 0xea, 0x2,
    0x10, 0x9, 0xe0, 0x17, 0xac, 0xff, 0x1e, 0xd7,
    0x59, 0xf6, 0xf1, 0x0, 0xbf, 0x4f, 0x94, 0x8f,
    0xf0, 0x7e, 0xfa, 0x8f,

    /* U+0431 "?" */
    0x0, 0x0, 0x3, 0xf2, 0x0, 0x6c, 0xef, 0xa0,
    0x7, 0xe6, 0x31, 0x0, 0xe, 0x4a, 0xfd, 0x40,
    0x2f, 0xb6, 0x4b, 0xf2, 0x4f, 0x70, 0x1, 0xf8,
    0x5f, 0x30, 0x0, 0xda, 0x4f, 0x30, 0x0, 0xda,
    0x1f, 0x70, 0x1, 0xf6, 0x9, 0xf7, 0x5c, 0xe0,
    0x0, 0x8e, 0xfb, 0x20,

    /* U+0432 "?" */
    0xff, 0xff, 0xc3, 0xf, 0x95, 0x6d, 0xe0, 0xf6,
    0x0, 0xad, 0xf, 0xff, 0xfe, 0x30, 0xf8, 0x22,
    0x9e, 0xf, 0x60, 0x3, 0xf4, 0xf9, 0x55, 0xaf,
    0x2f, 0xff, 0xfd, 0x60,

    /* U+0433 "?" */
    0xff, 0xff, 0xef, 0xa5, 0x54, 0xf8, 0x0, 0xf,
    0x80, 0x0, 0xf8, 0x0, 0xf, 0x80, 0x0, 0xf8,
    0x0, 0xf, 0x80, 0x0,

    /* U+0434 "?" */
    0x0, 0xef, 0xff, 0xf6, 0x0, 0xf, 0xa5, 0x6f,
    0x60, 0x0, 0xf6, 0x1, 0xf6, 0x0, 0x2f, 0x40,
    0x1f, 0x60, 0x4, 0xf2, 0x1, 0xf6, 0x0, 0x7f,
    0x0, 0x1f, 0x60, 0x4e, 0xc5, 0x56, 0xf9, 0x2b,
    0xff, 0xff, 0xff, 0xf8, 0xbc, 0x0, 0x0, 0xf,
    0x8b, 0xc0, 0x0, 0x0, 0xf8, 0x33, 0x0, 0x0,
    0x4, 0x20,

    /* U+0435 "?" */
    0x0, 0x8e, 0xfb, 0x20, 0xa, 0xe6, 0x5c, 0xe1,
    0x1f, 0x50, 0x1, 0xf6, 0x4f, 0xff, 0xff, 0xf9,
    0x4f, 0x52, 0x22, 0x21, 0x1f, 0x70, 0x0, 0x51,
    0xa, 0xf7, 0x5b, 0xf2, 0x0, 0x8e, 0xfc, 0x40,

    /* U+0436 "?" */
    0x3f, 0x90, 0xf, 0x90, 0x1e, 0xb0, 0x5, 0xf6,
    0xf, 0x90, 0xcd, 0x10, 0x0, 0x7f, 0x4f, 0x99,
    0xf2, 0x0, 0x0, 0xd, 0xff, 0xff, 0x70, 0x0,
    0x0, 0x5f, 0x8f, 0xac, 0xd0, 0x0, 0x1, 0xec,
    0xf, 0x92, 0xf9, 0x0, 0xa, 0xf2, 0xf, 0x90,
    0x8f, 0x30, 0x4f, 0x80, 0xf, 0x90, 0xd, 0xd0,

    /* U+0437 "?" */
    0x4, 0xdf, 0xd5, 0x1, 0xfa, 0x4b, 0xf1, 0x0,
    0x0, 0x7f, 0x0, 0x2, 0xff, 0x50, 0x0, 0x2,
    0x9f, 0x21, 0x40, 0x2, 0xf6, 0x3f, 0xa5, 0xbf,
    0x30, 0x5d, 0xfd, 0x50,

    /* U+0438 "?" */
    0xf8, 0x0, 0x4f, 0x6f, 0x80, 0xd, 0xf6, 0xf8,
    0x8, 0xef, 0x6f, 0x83, 0xf5, 0xf6, 0xf8, 0xc9,
    0x1f, 0x6f, 0xee, 0x11, 0xf6, 0xff, 0x50, 0x1f,
    0x6f, 0xb0, 0x1, 0xf6,

    /* U+0439 "?" */
    0xc, 0x51, 0xd3, 0x0, 0x3d, 0xf7, 0x0, 0x0,
    0x0, 0x0, 0xf, 0x80, 0x4, 0xf6, 0xf8, 0x0,
    0xdf, 0x6f, 0x80, 0x8e, 0xf6, 0xf8, 0x3f, 0x5f,
    0x6f, 0x8c, 0x91, 0xf6, 0xfe, 0xe1, 0x1f, 0x6f,
    0xf5, 0x1, 0xf6, 0xfb, 0x0, 0x1f, 0x60,

    /* U+043A "?" */
    0xf8, 0x0, 0x9f, 0x4f, 0x80, 0x3f, 0x90, 0xf8,
    0xd, 0xe0, 0xf, 0x88, 0xf4, 0x0, 0xff, 0xfd,
    0x0, 0xf, 0xa6, 0xf8, 0x0, 0xf8, 0x7, 0xf6,
    0xf, 0x80, 0xa, 0xf3,

    /* U+043B "?" */
    0x4, 0xff, 0xff, 0xf2, 0x4, 0xf7, 0x58, 0xf2,
    0x5, 0xf2, 0x5, 0xf2, 0x5, 0xf1, 0x5, 0xf2,
    0x6, 0xf0, 0x5, 0xf2, 0x9, 0xe0, 0x5, 0xf2,
    0x5e, 0xa0, 0x5, 0xf2, 0xdc, 0x10, 0x5, 0xf2,

    /* U+043C "?" */
    0xff, 0x70, 0x0, 0x8f, 0xff, 0xfd, 0x0, 0xe,
    0xef, 0xfb, 0xf3, 0x4, 0xfa, 0xff, 0x7e, 0x90,
    0xad, 0x8f, 0xf7, 0x8e, 0xf, 0x78, 0xff, 0x72,
    0xf8, 0xf1, 0x8f, 0xf7, 0xc, 0xeb, 0x8, 0xff,
    0x70, 0x5f, 0x50, 0x8f,

    /* U+043D "?" */
    0xf8, 0x0, 0x2f, 0x6f, 0x80, 0x2, 0xf6, 0xf8,
    0x11, 0x3f, 0x6f, 0xff, 0xff, 0xf6, 0xfa, 0x44,
    0x5f, 0x6f, 0x80, 0x2, 0xf6, 0xf8, 0x0, 0x2f,
    0x6f, 0x80, 0x2, 0xf6,

    /* U+043E "?" */
    0x0, 0x8e, 0xfc, 0x30, 0xa, 0xf7, 0x5c, 0xf1,
    0x1f, 0x80, 0x1, 0xf8, 0x4f, 0x40, 0x0, 0xcb,
    0x4f, 0x40, 0x0, 0xcb, 0x1f, 0x80, 0x1, 0xf8,
    0xa, 0xf7, 0x5c, 0xf2, 0x0, 0x8e, 0xfc, 0x30,

    /* U+043F "?" */
    0xff, 0xff, 0xff, 0x5f, 0xa5, 0x57, 0xf5, 0xf8,
    0x0, 0x2f, 0x5f, 0x80, 0x2, 0xf5, 0xf8, 0x0,
    0x2f, 0x5f, 0x80, 0x2, 0xf5, 0xf8, 0x0, 0x2f,
    0x5f, 0x80, 0x2, 0xf5,

    /* U+0440 "?" */
    0xf7, 0x9f, 0xe6, 0xf, 0xe8, 0x49, 0xf5, 0xfc,
    0x0, 0xd, 0xcf, 0x80, 0x0, 0x9f, 0xf8, 0x0,
    0xa, 0xff, 0xd0, 0x0, 0xdc, 0xfe, 0xa5, 0xbf,
    0x5f, 0x89, 0xfe, 0x70, 0xf8, 0x0, 0x0, 0xf,
    0x80, 0x0, 0x0, 0xf8, 0x0, 0x0, 0x0,

    /* U+0441 "?" */
    0x0, 0x8e, 0xfb, 0x30, 0xa, 0xf7, 0x5c, 0xf1,
    0x1f, 0x80, 0x1, 0x82, 0x4f, 0x40, 0x0, 0x0,
    0x4f, 0x40, 0x0, 0x0, 0x1f, 0x80, 0x1, 0x92,
    0xa, 0xf7, 0x5c, 0xf1, 0x0, 0x8e, 0xfb, 0x30,

    /* U+0442 "?" */
    0xdf, 0xff, 0xff, 0x94, 0x59, 0xf6, 0x52, 0x0,
    0x6f, 0x20, 0x0, 0x6, 0xf2, 0x0, 0x0, 0x6f,
    0x20, 0x0, 0x6, 0xf2, 0x0, 0x0, 0x6f, 0x20,
    0x0, 0x6, 0xf2, 0x0,

    /* U+0443 "?" */
    0x8f, 0x10, 0x1, 0xf8, 0x2f, 0x70, 0x6, 0xf2,
    0xc, 0xc0, 0xb, 0xd0, 0x6, 0xf1, 0x1f, 0x70,
    0x1, 0xf7, 0x6f, 0x10, 0x0, 0xbb, 0xbb, 0x0,
    0x0, 0x5f, 0xf5, 0x0, 0x0, 0xe, 0xf0, 0x0,
    0x0, 0xe, 0xa0, 0x0, 0x4, 0x9f, 0x30, 0x0,
    0xe, 0xe6, 0x0, 0x0,

    /* U+0444 "?" */
    0x0, 0x0, 0xbc, 0x0, 0x0, 0x0, 0x0, 0xbc,
    0x0, 0x0, 0x0, 0x0, 0xbc, 0x0, 0x0, 0x0,
    0x8e, 0xff, 0xe8, 0x0, 0x9, 0xf6, 0xcd, 0x5f,
    0xa0, 0x1f, 0x70, 0xbc, 0x7, 0xf2, 0x4f, 0x30,
    0xbc, 0x3, 0xf5, 0x4f, 0x30, 0xbc, 0x3, 0xf5,
    0x1f, 0x80, 0xbc, 0x7, 0xf2, 0x9, 0xf6, 0xcd,
    0x6f, 0xa0, 0x0, 0x8e, 0xff, 0xe8, 0x0, 0x0,
    0x0, 0xbc, 0x0, 0x0, 0x0, 0x0, 0xbc, 0x0,
    0x0, 0x0, 0x0, 0xbc, 0x0, 0x0,

    /* U+0445 "?" */
    0x2f, 0x80, 0xa, 0xe1, 0x8, 0xf2, 0x4f, 0x50,
    0x0, 0xda, 0xcb, 0x0, 0x0, 0x4f, 0xf2, 0x0,
    0x0, 0x6f, 0xf2, 0x0, 0x1, 0xe8, 0xcc, 0x0,
    0xa, 0xe1, 0x3f, 0x70, 0x4f, 0x50, 0x9, 0xf2,

    /* U+0446 "?" */
    0xf8, 0x0, 0x2f, 0x50, 0xf8, 0x0, 0x2f, 0x50,
    0xf8, 0x0, 0x2f, 0x50, 0xf8, 0x0, 0x2f, 0x50,
    0xf8, 0x0, 0x2f, 0x50, 0xf8, 0x0, 0x2f, 0x50,
    0xfa, 0x55, 0x7f, 0xa2, 0xff, 0xff, 0xff, 0xf5,
    0x0, 0x0, 0x2, 0xf5, 0x0, 0x0, 0x2, 0xf5,
    0x0, 0x0, 0x1, 0x82,

    /* U+0447 "?" */
    0xf8, 0x0, 0x5f, 0x3f, 0x80, 0x5, 0xf3, 0xf8,
    0x0, 0x5f, 0x3c, 0xd3, 0x17, 0xf3, 0x3e, 0xff,
    0xff, 0x30, 0x2, 0x36, 0xf3, 0x0, 0x0, 0x5f,
    0x30, 0x0, 0x5, 0xf3,

    /* U+0448 "?" */
    0xf8, 0x0, 0xe9, 0x0, 0xda, 0xf8, 0x0, 0xe9,
    0x0, 0xda, 0xf8, 0x0, 0xe9, 0x0, 0xda, 0xf8,
    0x0, 0xe9, 0x0, 0xda, 0xf8, 0x0, 0xe9, 0x0,
    0xda, 0xf8, 0x0, 0xe9, 0x0, 0xda, 0xfa, 0x55,
    0xeb, 0x55, 0xea, 0xff, 0xff, 0xff, 0xff, 0xfa,

    /* U+0449 "?" */
    0xf8, 0x0, 0xe9, 0x0, 0xda, 0xf, 0x80, 0xe,
    0x90, 0xd, 0xa0, 0xf8, 0x0, 0xe9, 0x0, 0xda,
    0xf, 0x80, 0xe, 0x90, 0xd, 0xa0, 0xf8, 0x0,
    0xe9, 0x0, 0xda, 0xf, 0x80, 0xe, 0x90, 0xd,
    0xa0, 0xfa, 0x55, 0xeb, 0x55, 0xff, 0x3f, 0xff,
    0xff, 0xff, 0xff, 0xfb, 0x0, 0x0, 0x0, 0x0,
    0xd, 0xb0, 0x0, 0x0, 0x0, 0x0, 0xda, 0x0,
    0x0, 0x0, 0x0, 0x6, 0x50,

    /* U+044A "?" */
    0xdf, 0xfb, 0x0, 0x0, 0x3, 0x3d, 0xb0, 0x0,
    0x0, 0x0, 0xcb, 0x11, 0x0, 0x0, 0xc, 0xff,
    0xff, 0x70, 0x0, 0xcc, 0x44, 0x9f, 0x40, 0xc,
    0xb0, 0x0, 0xf7, 0x0, 0xcd, 0x55, 0xaf, 0x40,
    0xc, 0xff, 0xfe, 0x60,

    /* U+044B "?" */
    0xf8, 0x0, 0x0, 0xe, 0xaf, 0x80, 0x0, 0x0,
    0xea, 0xf8, 0x10, 0x0, 0xe, 0xaf, 0xff, 0xfe,
    0x50, 0xea, 0xfa, 0x44, 0xbf, 0x1e, 0xaf, 0x80,
    0x3, 0xf4, 0xea, 0xfa, 0x55, 0xcf, 0x1e, 0xaf,
    0xff, 0xfd, 0x40, 0xea,

    /* U+044C "?" */
    0xf8, 0x0, 0x0, 0xf, 0x80, 0x0, 0x0, 0xf8,
    0x10, 0x0, 0xf, 0xff, 0xfe, 0x50, 0xfa, 0x44,
    0xbf, 0x1f, 0x80, 0x3, 0xf4, 0xfa, 0x55, 0xcf,
    0x1f, 0xff, 0xfd, 0x40,

    /* U+044D "?" */
    0x3, 0xbf, 0xe9, 0x0, 0x1f, 0xc5, 0x6e, 0xb0,
    0x4, 0x0, 0x4, 0xf2, 0x0, 0x2f, 0xff, 0xf5,
    0x0, 0x3, 0x35, 0xf5, 0x2c, 0x30, 0x7, 0xf2,
    0xe, 0xd5, 0x7f, 0xb0, 0x2, 0xbf, 0xe9, 0x0,

    /* U+044E "?" */
    0xf7, 0x0, 0x5c, 0xfe, 0x70, 0xf, 0x70, 0x4f,
    0xa4, 0x7f, 0x80, 0xf8, 0x1b, 0xe0, 0x0, 0x9f,
    0xf, 0xff, 0xfb, 0x0, 0x5, 0xf3, 0xf9, 0x4d,
    0xb0, 0x0, 0x5f, 0x3f, 0x70, 0x9e, 0x10, 0xa,
    0xf0, 0xf7, 0x2, 0xfc, 0x58, 0xf8, 0xf, 0x70,
    0x3, 0xcf, 0xe7, 0x0,

    /* U+044F "?" */
    0x4, 0xdf, 0xff, 0xd2, 0xfb, 0x54, 0xbd, 0x5f,
    0x20, 0x9, 0xd3, 0xf7, 0x0, 0x9d, 0x8, 0xff,
    0xff, 0xd0, 0x3f, 0x83, 0xbd, 0xc, 0xd0, 0x9,
    0xd6, 0xf4, 0x0, 0x9d,

    /* U+0450 "?" */
    0x0, 0x11, 0x0, 0x0, 0x0, 0x5f, 0x10, 0x0,
    0x0, 0xb, 0x80, 0x0, 0x0, 0x0, 0x0, 0x0,
    0x0, 0x8e, 0xfb, 0x20, 0xa, 0xe6, 0x5c, 0xe1,
    0x1f, 0x50, 0x1, 0xf6, 0x4f, 0xff, 0xff, 0xf9,
    0x4f, 0x52, 0x22, 0x21, 0x1f, 0x70, 0x0, 0x51,
    0xa, 0xf7, 0x5b, 0xf2, 0x0, 0x8e, 0xfc, 0x40,

    /* U+0451 "?" */
    0x0, 0xe6, 0x1e, 0x50, 0x0, 0xb4, 0x1b, 0x30,
    0x0, 0x0, 0x0, 0x0, 0x0, 0x8e, 0xfb, 0x20,
    0xa, 0xe6, 0x5c, 0xe1, 0x1f, 0x50, 0x1, 0xf6,
    0x4f, 0xff, 0xff, 0xf9, 0x4f, 0x52, 0x22, 0x21,
    0x1f, 0x70, 0x0, 0x51, 0xa, 0xf7, 0x5b, 0xf2,
    0x0, 0x8e, 0xfc, 0x40,

    /* U+0452 "?" */
    0xf, 0x80, 0x0, 0x0, 0xef, 0xff, 0x90, 0x0,
    0x1f, 0x92, 0x10, 0x0, 0xf, 0x89, 0xfd, 0x50,
    0xf, 0xe9, 0x6d, 0xf2, 0xf, 0xb0, 0x3, 0xf5,
    0xf, 0x80, 0x1, 0xf6, 0xf, 0x80, 0x1, 0xf6,
    0xf, 0x80, 0x1, 0xf6, 0xf, 0x80, 0x1, 0xf6,
    0xf, 0x80, 0x1, 0xf6, 0x0, 0x0, 0x1, 0xf6,
    0x0, 0x0, 0x27, 0xf5, 0x0, 0x0, 0x8f, 0xb0,

    /* U+0453 "?" */
    0x0, 0x6e, 0x10, 0xd, 0x60, 0x0, 0x10, 0xf,
    0xff, 0xfe, 0xfa, 0x55, 0x4f, 0x80, 0x0, 0xf8,
    0x0, 0xf, 0x80, 0x0, 0xf8, 0x0, 0xf, 0x80,
    0x0, 0xf8, 0x0, 0x0,

    /* U+0454 "?" */
    0x0, 0x8e, 0xfc, 0x30, 0xa, 0xe7, 0x5b, 0xf2,
    0x1f, 0x60, 0x0, 0x40, 0x4f, 0xff, 0xf3, 0x0,
    0x4f, 0x63, 0x30, 0x0, 0x1f, 0x80, 0x1, 0xc3,
    0xa, 0xf8, 0x5c, 0xe1, 0x0, 0x8e, 0xfb, 0x20,

    /* U+0455 "?" */
    0x3, 0xcf, 0xe9, 0x0, 0xec, 0x45, 0xf8, 0xf,
    0x80, 0x1, 0x0, 0xaf, 0xc8, 0x30, 0x0, 0x48,
    0xdf, 0x70, 0x41, 0x0, 0xbd, 0x1f, 0xb4, 0x6e,
    0xa0, 0x4c, 0xfe, 0x91,

    /* U+0456 "?" */
    0x1e, 0x80, 0xb6, 0x0, 0x0, 0xf8, 0xf, 0x80,
    0xf8, 0xf, 0x80, 0xf8, 0xf, 0x80, 0xf8, 0xf,
    0x80,

    /* U+0457 "?" */
    0x6e, 0x17, 0xe0, 0x4b, 0x5, 0xb0, 0x0, 0x0,
    0x0, 0x0, 0xf8, 0x0, 0x0, 0xf8, 0x0, 0x0,
    0xf8, 0x0, 0x0, 0xf8, 0x0, 0x0, 0xf8, 0x0,
    0x0, 0xf8, 0x0, 0x0, 0xf8, 0x0, 0x0, 0xf8,
    0x0,

    /* U+0458 "?" */
    0x1, 0xe8, 0x0, 0xb6, 0x0, 0x0, 0x0, 0xf8,
    0x0, 0xf8, 0x0, 0xf8, 0x0, 0xf8, 0x0, 0xf8,
    0x0, 0xf8, 0x0, 0xf8, 0x0, 0xf8, 0x0, 0xf7,
    0x18, 0xf5, 0x3e, 0x90,

    /* U+0459 "?" */
    0x2, 0xff, 0xff, 0xfe, 0x0, 0x0, 0x0, 0x2f,
    0x85, 0x7f, 0xe0, 0x0, 0x0, 0x3, 0xf4, 0x3,
    0xfe, 0x10, 0x0, 0x0, 0x3f, 0x30, 0x3f, 0xff,
    0xfe, 0x60, 0x4, 0xf2, 0x3, 0xff, 0x44, 0xbf,
    0x20, 0x7f, 0x0, 0x3f, 0xe0, 0x2, 0xf5, 0x4d,
    0xc0, 0x3, 0xff, 0x55, 0xbf, 0x2b, 0xd2, 0x0,
    0x3f, 0xff, 0xfd, 0x50,

    /* U+045A "?" */
    0xf8, 0x0, 0x2f, 0x50, 0x0, 0x0, 0xf8, 0x0,
    0x2f, 0x50, 0x0, 0x0, 0xf8, 0x11, 0x3f, 0x61,
    0x0, 0x0, 0xff, 0xff, 0xff, 0xff, 0xfc, 0x20,
    0xfa, 0x44, 0x5f, 0x84, 0x5d, 0xd0, 0xf8, 0x0,
    0x2f, 0x50, 0x8, 0xf0, 0xf8, 0x0, 0x2f, 0x95,
    0x6d, 0xc0, 0xf8, 0x0, 0x2f, 0xff, 0xfb, 0x20,

    /* U+045B "?" */
    0xf, 0x80, 0x0, 0x0, 0xef, 0xff, 0x80, 0x0,
    0x1f, 0xa2, 0x10, 0x0, 0xf, 0x89, 0xfd, 0x50,
    0xf, 0xe9, 0x6d, 0xf2, 0xf, 0xb0, 0x3, 0xf5,
    0xf, 0x80, 0x1, 0xf6, 0xf, 0x80, 0x1, 0xf6,
    0xf, 0x80, 0x1, 0xf6, 0xf, 0x80, 0x1, 0xf6,
    0xf, 0x80, 0x1, 0xf6,

    /* U+045C "?" */
    0x0, 0xf, 0x70, 0x0, 0x7, 0xd0, 0x0, 0x0,
    0x10, 0x0, 0xf, 0x80, 0x9, 0xf4, 0xf8, 0x3,
    0xf9, 0xf, 0x80, 0xde, 0x0, 0xf8, 0x8f, 0x40,
    0xf, 0xff, 0xd0, 0x0, 0xfa, 0x6f, 0x80, 0xf,
    0x80, 0x7f, 0x60, 0xf8, 0x0, 0xaf, 0x30,

    /* U+045D "?" */
    0x6, 0xf1, 0x0, 0x0, 0xb, 0x80, 0x0, 0x0,
    0x1, 0x0, 0xf, 0x80, 0x4, 0xf6, 0xf8, 0x0,
    0xdf, 0x6f, 0x80, 0x8e, 0xf6, 0xf8, 0x3f, 0x5f,
    0x6f, 0x8c, 0x91, 0xf6, 0xfe, 0xe1, 0x1f, 0x6f,
    0xf5, 0x1, 0xf6, 0xfb, 0x0, 0x1f, 0x60,

    /* U+045E "?" */
    0x0, 0xf2, 0x2e, 0x0, 0x0, 0x4e, 0xe5, 0x0,
    0x0, 0x0, 0x0, 0x0, 0x8f, 0x10, 0x1, 0xf8,
    0x2f, 0x70, 0x6, 0xf2, 0xc, 0xc0, 0xb, 0xd0,
    0x6, 0xf1, 0x1f, 0x70, 0x1, 0xf7, 0x6f, 0x10,
    0x0, 0xbb, 0xbb, 0x0, 0x0, 0x5f, 0xf5, 0x0,
    0x0, 0xe, 0xf0, 0x0, 0x0, 0xe, 0xa0, 0x0,
    0x4, 0x9f, 0x30, 0x0, 0xe, 0xe6, 0x0, 0x0,

    /* U+045F "?" */
    0xf8, 0x0, 0x2f, 0x5f, 0x80, 0x2, 0xf5, 0xf8,
    0x0, 0x2f, 0x5f, 0x80, 0x2, 0xf5, 0xf8, 0x0,
    0x2f, 0x5f, 0x80, 0x2, 0xf5, 0xfa, 0x55, 0x7f,
    0x5f, 0xff, 0xff, 0xf5, 0x0, 0x9e, 0x0, 0x0,
    0x9, 0xe0, 0x0, 0x0, 0x47, 0x0, 0x0,

    /* U+2010 "?" */
    0x1, 0x11, 0x10, 0x7f, 0xff, 0xf0, 0x24, 0x44,
    0x40,

    /* U+2011 "?" */
    0x1, 0x11, 0x10, 0x7f, 0xff, 0xf0, 0x24, 0x44,
    0x40,

    /* U+2012 "?" */
    0x1, 0x11, 0x11, 0x11, 0x6, 0xff, 0xff, 0xff,
    0xf7, 0x14, 0x44, 0x44, 0x44, 0x10,

    /* U+2013 "?" */
    0x11, 0x11, 0x11, 0x1f, 0xff, 0xff, 0xff, 0x44,
    0x44, 0x44, 0x40,

    /* U+2014 "?" */
    0x11, 0x11, 0x11, 0x11, 0x11, 0x11, 0x11, 0xff,
    0xff, 0xff, 0xff, 0xff, 0xff, 0xff, 0x44, 0x44,
    0x44, 0x44, 0x44, 0x44, 0x44,

    /* U+2015 "?" */
    0x11, 0x11, 0x11, 0x11, 0x11, 0x11, 0x11, 0xff,
    0xff, 0xff, 0xff, 0xff, 0xff, 0xff, 0x44, 0x44,
    0x44, 0x44, 0x44, 0x44, 0x44,

    /* U+2016 "?" */
    0x28, 0x8, 0x24, 0xf1, 0xf5, 0x4f, 0x1f, 0x54,
    0xf1, 0xf5, 0x4f, 0x1f, 0x54, 0xf1, 0xf5, 0x4f,
    0x1f, 0x54, 0xf1, 0xf5, 0x4f, 0x1f, 0x54, 0xf1,
    0xf5, 0x4f, 0x1f, 0x54, 0xf1, 0xf5, 0x4f, 0x1f,
    0x54, 0xf1, 0xf5, 0x4f, 0x1f, 0x54, 0xf1, 0xf5,
    0x4f, 0x1f, 0x54, 0xf1, 0xf5,

    /* U+2017 "?" */
    0xef, 0xff, 0xff, 0x62, 0x22, 0x22, 0x20, 0xef,
    0xff, 0xff, 0x62, 0x22, 0x22, 0x20,

    /* U+2018 "?" */
    0xe, 0x42, 0xf1, 0x7f, 0xb, 0xd0, 0x11, 0x0,

    /* U+2019 "?" */
    0x2, 0x6, 0xf2, 0x8e, 0xa, 0x90, 0xd5, 0x0,

    /* U+201A "?" */
    0x1, 0x20, 0xa, 0xe0, 0xd, 0x90, 0xf, 0x50,
    0x1f, 0x10,

    /* U+201B "?" */
    0x5f, 0x30, 0xf6, 0xc, 0x80, 0x7b, 0x0, 0x10,

    /* U+201C "?" */
    0xe, 0x42, 0xf0, 0x2f, 0x16, 0xd0, 0x7f, 0xb,
    0xb0, 0xbd, 0xf, 0x80, 0x11, 0x2, 0x0,

    /* U+201D "?" */
    0x2, 0x1, 0x10, 0x6f, 0x2a, 0xd0, 0x8e, 0xd,
    0x90, 0xa9, 0xf, 0x50, 0xd5, 0x1f, 0x0,

    /* U+201E "?" */
    0x1, 0x20, 0x11, 0xa, 0xd0, 0xf9, 0xd, 0x91,
    0xf4, 0xf, 0x54, 0xf0, 0x1f, 0x16, 0xc0,

    /* U+201F "?" */
    0x5f, 0x39, 0xf0, 0xf, 0x65, 0xf1, 0xc, 0x81,
    0xf3, 0x7, 0xb0, 0xc6, 0x0, 0x10, 0x10,

    /* U+2020 "?" */
    0x0, 0x1f, 0x60, 0x0, 0x1, 0xf6, 0x0, 0x2f,
    0xff, 0xff, 0x60, 0x34, 0xf8, 0x31, 0x0, 0xf,
    0x50, 0x0, 0x0, 0xf4, 0x0, 0x0, 0xe, 0x30,
    0x0, 0x0, 0xa1, 0x0,

    /* U+2021 "?" */
    0x0, 0x1f, 0x60, 0x0, 0x1, 0xf6, 0x0, 0x0,
    0x1f, 0x60, 0x2, 0xff, 0xff, 0xf6, 0x3, 0x4f,
    0x83, 0x10, 0x1, 0xf6, 0x0, 0x2f, 0xff, 0xff,
    0x60, 0x33, 0xf7, 0x31, 0x0, 0xf, 0x50, 0x0,
    0x0, 0xf4, 0x0, 0x0, 0xd, 0x20, 0x0,

    /* U+2022 "?" */
    0x2, 0x75, 0x1, 0xef, 0xf7, 0x6f, 0xff, 0xe4,
    0xff, 0xfc, 0x8, 0xfd, 0x20,

    /* U+2023 "?" */
    0x30, 0x0, 0xda, 0x10, 0xdf, 0xf5, 0xdf, 0xa1,
    0xb4, 0x0, 0x0, 0x0,

    /* U+2024 "?" */
    0x0, 0xb, 0xe0, 0xad, 0x0,

    /* U+2025 "?" */
    0x0, 0x0, 0x0, 0xb, 0xe0, 0x7, 0xf3, 0xad,
    0x0, 0x6e, 0x20,

    /* U+2026 "?" */
    0x0, 0x0, 0x0, 0x0, 0x0, 0xb, 0xe0, 0x7,
    0xf3, 0x3, 0xf7, 0xad, 0x0, 0x6e, 0x20, 0x3e,
    0x60,

    /* U+2027 "?" */
    0x0, 0xb, 0xe0, 0xad, 0x0,

    /* U+20AC "?" */
    0x0, 0x2, 0xbf, 0xea, 0x10, 0x2, 0xfe, 0x89,
    0xf6, 0x0, 0xbe, 0x10, 0x2, 0x0, 0x1f, 0x80,
    0x0, 0x0, 0x6f, 0xff, 0xff, 0xe2, 0x1, 0x7f,
    0x42, 0x21, 0x0, 0x6f, 0xff, 0xff, 0x40, 0x1,
    0x3f, 0x82, 0x20, 0x0, 0x0, 0xce, 0x10, 0x1,
    0x0, 0x2, 0xfe, 0x88, 0xe5, 0x0, 0x3, 0xbf,
    0xea, 0x10
};


/*---------------------
 *  GLYPH DESCRIPTION
 *--------------------*/

static const lv_font_fmt_txt_glyph_dsc_t glyph_dsc[] = {
    {.bitmap_index = 0, .adv_w = 0, .box_w = 0, .box_h = 0, .ofs_x = 0, .ofs_y = 0} /* id = 0 reserved */,
    {.bitmap_index = 0, .adv_w = 60, .box_w = 0, .box_h = 0, .ofs_x = 0, .ofs_y = 0},
    {.bitmap_index = 0, .adv_w = 68, .box_w = 3, .box_h = 11, .ofs_x = 1, .ofs_y = 0},
    {.bitmap_index = 17, .adv_w = 111, .box_w = 5, .box_h = 5, .ofs_x = 1, .ofs_y = 6},
    {.bitmap_index = 30, .adv_w = 143, .box_w = 9, .box_h = 11, .ofs_x = 0, .ofs_y = 0},
    {.bitmap_index = 80, .adv_w = 145, .box_w = 9, .box_h = 14, .ofs_x = 0, .ofs_y = -2},
    {.bitmap_index = 143, .adv_w = 222, .box_w = 12, .box_h = 11, .ofs_x = 1, .ofs_y = 0},
    {.bitmap_index = 209, .adv_w = 146, .box_w = 9, .box_h = 11, .ofs_x = 0, .ofs_y = 0},
    {.bitmap_index = 259, .adv_w = 70, .box_w = 2, .box_h = 5, .ofs_x = 1, .ofs_y = 6},
    {.bitmap_index = 264, .adv_w = 83, .box_w = 4, .box_h = 14, .ofs_x = 1, .ofs_y = -2},
    {.bitmap_index = 292, .adv_w = 83, .box_w = 4, .box_h = 14, .ofs_x = 0, .ofs_y = -2},
    {.bitmap_index = 320, .adv_w = 117, .box_w = 7, .box_h = 6, .ofs_x = 0, .ofs_y = 5},
    {.bitmap_index = 341, .adv_w = 150, .box_w = 8, .box_h = 7, .ofs_x = 1, .ofs_y = 1},
    {.bitmap_index = 369, .adv_w = 68, .box_w = 4, .box_h = 5, .ofs_x = 0, .ofs_y = -3},
    {.bitmap_index = 379, .adv_w = 104, .box_w = 6, .box_h = 3, .ofs_x = 0, .ofs_y = 3},
    {.bitmap_index = 388, .adv_w = 68, .box_w = 3, .box_h = 3, .ofs_x = 1, .ofs_y = 0},
    {.bitmap_index = 393, .adv_w = 83, .box_w = 5, .box_h = 13, .ofs_x = 0, .ofs_y = -2},
    {.bitmap_index = 426, .adv_w = 145, .box_w = 9, .box_h = 11, .ofs_x = 0, .ofs_y = 0},
    {.bitmap_index = 476, .adv_w = 93, .box_w = 5, .box_h = 11, .ofs_x = 0, .ofs_y = 0},
    {.bitmap_index = 504, .adv_w = 138, .box_w = 8, .box_h = 11, .ofs_x = 0, .ofs_y = 0},
    {.bitmap_index = 548, .adv_w = 140, .box_w = 8, .box_h = 11, .ofs_x = 0, .ofs_y = 0},
    {.bitmap_index = 592, .adv_w = 147, .box_w = 9, .box_h = 11, .ofs_x = 0, .ofs_y = 0},
    {.bitmap_index = 642, .adv_w = 135, .box_w = 8, .box_h = 11, .ofs_x = 0, .ofs_y = 0},
    {.bitmap_index = 686, .adv_w = 141, .box_w = 9, .box_h = 11, .ofs_x = 0, .ofs_y = 0},
    {.bitmap_index = 736, .adv_w = 128, .box_w = 8, .box_h = 11, .ofs_x = 0, .ofs_y = 0},
    {.bitmap_index = 780, .adv_w = 141, .box_w = 9, .box_h = 11, .ofs_x = 0, .ofs_y = 0},
    {.bitmap_index = 830, .adv_w = 141, .box_w = 9, .box_h = 11, .ofs_x = 0, .ofs_y = 0},
    {.bitmap_index = 880, .adv_w = 68, .box_w = 3, .box_h = 8, .ofs_x = 1, .ofs_y = 0},
    {.bitmap_index = 892, .adv_w = 71, .box_w = 4, .box_h = 11, .ofs_x = 0, .ofs_y = -3},
    {.bitmap_index = 914, .adv_w = 150, .box_w = 7, .box_h = 9, .ofs_x = 1, .ofs_y = 0},
    {.bitmap_index = 946, .adv_w = 150, .box_w = 7, .box_h = 6, .ofs_x = 1, .ofs_y = 1},
    {.bitmap_index = 967, .adv_w = 150, .box_w = 8, .box_h = 9, .ofs_x = 1, .ofs_y = 0},
    {.bitmap_index = 1003, .adv_w = 118, .box_w = 7, .box_h = 11, .ofs_x = 0, .ofs_y = 0},
    {.bitmap_index = 1042, .adv_w = 220, .box_w = 13, .box_h = 14, .ofs_x = 0, .ofs_y = -3},
    {.bitmap_index = 1133, .adv_w = 159, .box_w = 10, .box_h = 11, .ofs_x = 0, .ofs_y = 0},
    {.bitmap_index = 1188, .adv_w = 147, .box_w = 8, .box_h = 11, .ofs_x = 1, .ofs_y = 0},
    {.bitmap_index = 1232, .adv_w = 164, .box_w = 10, .box_h = 11, .ofs_x = 0, .ofs_y = 0},
    {.bitmap_index = 1287, .adv_w = 162, .box_w = 9, .box_h = 11, .ofs_x = 1, .ofs_y = 0},
    {.bitmap_index = 1337, .adv_w = 135, .box_w = 7, .box_h = 11, .ofs_x = 1, .ofs_y = 0},
    {.bitmap_index = 1376, .adv_w = 132, .box_w = 7, .box_h = 11, .ofs_x = 1, .ofs_y = 0},
    {.bitmap_index = 1415, .adv_w = 167, .box_w = 10, .box_h = 11, .ofs_x = 0, .ofs_y = 0},
    {.bitmap_index = 1470, .adv_w = 167, .box_w = 9, .box_h = 11, .ofs_x = 1, .ofs_y = 0},
    {.bitmap_index = 1520, .adv_w = 61, .box_w = 2, .box_h = 11, .ofs_x = 1, .ofs_y = 0},
    {.bitmap_index = 1531, .adv_w = 129, .box_w = 7, .box_h = 11, .ofs_x = 0, .ofs_y = 0},
    {.bitmap_index = 1570, .adv_w = 154, .box_w = 9, .box_h = 11, .ofs_x = 1, .ofs_y = 0},
    {.bitmap_index = 1620, .adv_w = 127, .box_w = 7, .box_h = 11, .ofs_x = 1, .ofs_y = 0},
    {.bitmap_index = 1659, .adv_w = 204, .box_w = 11, .box_h = 11, .ofs_x = 1, .ofs_y = 0},
    {.bitmap_index = 1720, .adv_w = 169, .box_w = 9, .box_h = 11, .ofs_x = 1, .ofs_y = 0},
    {.bitmap_index = 1770, .adv_w = 172, .box_w = 10, .box_h = 11, .ofs_x = 0, .ofs_y = 0},
    {.bitmap_index = 1825, .adv_w = 144, .box_w = 8, .box_h = 11, .ofs_x = 1, .ofs_y = 0},
    {.bitmap_index = 1869, .adv_w = 172, .box_w = 10, .box_h = 12, .ofs_x = 0, .ofs_y = -1},
    {.bitmap_index = 1929, .adv_w = 145, .box_w = 8, .box_h = 11, .ofs_x = 1, .ofs_y = 0},
    {.bitmap_index = 1973, .adv_w = 145, .box_w = 9, .box_h = 11, .ofs_x = 0, .ofs_y = 0},
    {.bitmap_index = 2023, .adv_w = 146, .box_w = 9, .box_h = 11, .ofs_x = 0, .ofs_y = 0},
    {.bitmap_index = 2073, .adv_w = 166, .box_w = 9, .box_h = 11, .ofs_x = 1, .ofs_y = 0},
    {.bitmap_index = 2123, .adv_w = 159, .box_w = 10, .box_h = 11, .ofs_x = 0, .ofs_y = 0},
    {.bitmap_index = 2178, .adv_w = 225, .box_w = 14, .box_h = 11, .ofs_x = 0, .ofs_y = 0},
    {.bitmap_index = 2255, .adv_w = 157, .box_w = 10, .box_h = 11, .ofs_x = 0, .ofs_y = 0},
    {.bitmap_index = 2310, .adv_w = 156, .box_w = 10, .box_h = 11, .ofs_x = 0, .ofs_y = 0},
    {.bitmap_index = 2365, .adv_w = 144, .box_w = 9, .box_h = 11, .ofs_x = 0, .ofs_y = 0},
    {.bitmap_index = 2415, .adv_w = 83, .box_w = 4, .box_h = 15, .ofs_x = 1, .ofs_y = -3},
    {.bitmap_index = 2445, .adv_w = 83, .box_w = 5, .box_h = 13, .ofs_x = 0, .ofs_y = -2},
    {.bitmap_index = 2478, .adv_w = 83, .box_w = 4, .box_h = 15, .ofs_x = 0, .ofs_y = -3},
    {.bitmap_index = 2508, .adv_w = 107, .box_w = 7, .box_h = 5, .ofs_x = 0, .ofs_y = 6},
    {.bitmap_index = 2526, .adv_w = 104, .box_w = 7, .box_h = 3, .ofs_x = 0, .ofs_y = -2},
    {.bitmap_index = 2537, .adv_w = 75, .box_w = 3, .box_h = 3, .ofs_x = 1, .ofs_y = 9},
    {.bitmap_index = 2542, .adv_w = 127, .box_w = 7, .box_h = 8, .ofs_x = 0, .ofs_y = 0},
    {.bitmap_index = 2570, .adv_w = 138, .box_w = 7, .box_h = 11, .ofs_x = 1, .ofs_y = 0},
    {.bitmap_index = 2609, .adv_w = 129, .box_w = 8, .box_h = 8, .ofs_x = 0, .ofs_y = 0},
    {.bitmap_index = 2641, .adv_w = 138, .box_w = 8, .box_h = 11, .ofs_x = 0, .ofs_y = 0},
    {.bitmap_index = 2685, .adv_w = 132, .box_w = 8, .box_h = 8, .ofs_x = 0, .ofs_y = 0},
    {.bitmap_index = 2717, .adv_w = 85, .box_w = 6, .box_h = 11, .ofs_x = 0, .ofs_y = 0},
    {.bitmap_index = 2750, .adv_w = 139, .box_w = 8, .box_h = 11, .ofs_x = 0, .ofs_y = -3},
    {.bitmap_index = 2794, .adv_w = 135, .box_w = 7, .box_h = 11, .ofs_x = 1, .ofs_y = 0},
    {.bitmap_index = 2833, .adv_w = 56, .box_w = 3, .box_h = 11, .ofs_x = 0, .ofs_y = 0},
    {.bitmap_index = 2850, .adv_w = 56, .box_w = 4, .box_h = 14, .ofs_x = -1, .ofs_y = -3},
    {.bitmap_index = 2878, .adv_w = 125, .box_w = 7, .box_h = 11, .ofs_x = 1, .ofs_y = 0},
    {.bitmap_index = 2917, .adv_w = 56, .box_w = 2, .box_h = 11, .ofs_x = 1, .ofs_y = 0},
    {.bitmap_index = 2928, .adv_w = 199, .box_w = 11, .box_h = 8, .ofs_x = 1, .ofs_y = 0},
    {.bitmap_index = 2972, .adv_w = 135, .box_w = 7, .box_h = 8, .ofs_x = 1, .ofs_y = 0},
    {.bitmap_index = 3000, .adv_w = 135, .box_w = 8, .box_h = 8, .ofs_x = 0, .ofs_y = 0},
    {.bitmap_index = 3032, .adv_w = 138, .box_w = 7, .box_h = 11, .ofs_x = 1, .ofs_y = -3},
    {.bitmap_index = 3071, .adv_w = 138, .box_w = 8, .box_h = 11, .ofs_x = 0, .ofs_y = -3},
    {.bitmap_index = 3115, .adv_w = 87, .box_w = 5, .box_h = 8, .ofs_x = 1, .ofs_y = 0},
    {.bitmap_index = 3135, .adv_w = 121, .box_w = 7, .box_h = 8, .ofs_x = 0, .ofs_y = 0},
    {.bitmap_index = 3163, .adv_w = 76, .box_w = 5, .box_h = 10, .ofs_x = 0, .ofs_y = 0},
    {.bitmap_index = 3188, .adv_w = 135, .box_w = 7, .box_h = 8, .ofs_x = 1, .ofs_y = 0},
    {.bitmap_index = 3216, .adv_w = 129, .box_w = 8, .box_h = 8, .ofs_x = 0, .ofs_y = 0},
    {.bitmap_index = 3248, .adv_w = 186, .box_w = 12, .box_h = 8, .ofs_x = 0, .ofs_y = 0},
    {.bitmap_index = 3296, .adv_w = 125, .box_w = 8, .box_h = 8, .ofs_x = 0, .ofs_y = 0},
    {.bitmap_index = 3328, .adv_w = 129, .box_w = 8, .box_h = 11, .ofs_x = 0, .ofs_y = -3},
    {.bitmap_index = 3372, .adv_w = 125, .box_w = 7, .box_h = 8, .ofs_x = 0, .ofs_y = 0},
    {.bitmap_index = 3400, .adv_w = 99, .box_w = 6, .box_h = 14, .ofs_x = 0, .ofs_y = -3},
    {.bitmap_index = 3442, .adv_w = 77, .box_w = 3, .box_h = 18, .ofs_x = 1, .ofs_y = -3},
    {.bitmap_index = 3469, .adv_w = 99, .box_w = 6, .box_h = 14, .ofs_x = 0, .ofs_y = -3},
    {.bitmap_index = 3511, .adv_w = 150, .box_w = 8, .box_h = 5, .ofs_x = 1, .ofs_y = 2},
    {.bitmap_index = 3531, .adv_w = 60, .box_w = 0, .box_h = 0, .ofs_x = 0, .ofs_y = 0},
    {.bitmap_index = 3531, .adv_w = 68, .box_w = 3, .box_h = 11, .ofs_x = 1, .ofs_y = -3},
    {.bitmap_index = 3548, .adv_w = 129, .box_w = 8, .box_h = 11, .ofs_x = 0, .ofs_y = 0},
    {.bitmap_index = 3592, .adv_w = 139, .box_w = 8, .box_h = 11, .ofs_x = 0, .ofs_y = 0},
    {.bitmap_index = 3636, .adv_w = 165, .box_w = 10, .box_h = 10, .ofs_x = 0, .ofs_y = 0},
    {.bitmap_index = 3686, .adv_w = 125, .box_w = 8, .box_h = 11, .ofs_x = 0, .ofs_y = 0},
    {.bitmap_index = 3730, .adv_w = 66, .box_w = 2, .box_h = 13, .ofs_x = 1, .ofs_y = -2},
    {.bitmap_index = 3743, .adv_w = 127, .box_w = 8, .box_h = 14, .ofs_x = 0, .ofs_y = -3},
    {.bitmap_index = 3799, .adv_w = 135, .box_w = 6, .box_h = 2, .ofs_x = 1, .ofs_y = 9},
    {.bitmap_index = 3805, .adv_w = 205, .box_w = 11, .box_h = 12, .ofs_x = 1, .ofs_y = -1},
    {.bitmap_index = 3871, .adv_w = 102, .box_w = 6, .box_h = 6, .ofs_x = 0, .ofs_y = 5},
    {.bitmap_index = 3889, .adv_w = 136, .box_w = 8, .box_h = 7, .ofs_x = 0, .ofs_y = 1},
    {.bitmap_index = 3917, .adv_w = 150, .box_w = 7, .box_h = 5, .ofs_x = 1, .ofs_y = 1},
    {.bitmap_index = 3935, .adv_w = 149, .box_w = 9, .box_h = 9, .ofs_x = 0, .ofs_y = 2},
    {.bitmap_index = 3976, .adv_w = 104, .box_w = 5, .box_h = 2, .ofs_x = 1, .ofs_y = 9},
    {.bitmap_index = 3981, .adv_w = 102, .box_w = 6, .box_h = 6, .ofs_x = 0, .ofs_y = 5},
    {.bitmap_index = 3999, .adv_w = 150, .box_w = 7, .box_h = 8, .ofs_x = 1, .ofs_y = 0},
    {.bitmap_index = 4027, .adv_w = 100, .box_w = 6, .box_h = 6, .ofs_x = 0, .ofs_y = 6},
    {.bitmap_index = 4045, .adv_w = 102, .box_w = 6, .box_h = 6, .ofs_x = 0, .ofs_y = 6},
    {.bitmap_index = 4063, .adv_w = 75, .box_w = 3, .box_h = 3, .ofs_x = 1, .ofs_y = 9},
    {.bitmap_index = 4068, .adv_w = 134, .box_w = 8, .box_h = 11, .ofs_x = 1, .ofs_y = -3},
    {.bitmap_index = 4112, .adv_w = 135, .box_w = 8, .box_h = 11, .ofs_x = 0, .ofs_y = 0},
    {.bitmap_index = 4156, .adv_w = 68, .box_w = 3, .box_h = 3, .ofs_x = 1, .ofs_y = 4},
    {.bitmap_index = 4161, .adv_w = 67, .box_w = 3, .box_h = 4, .ofs_x = 1, .ofs_y = -3},
    {.bitmap_index = 4167, .adv_w = 70, .box_w = 4, .box_h = 6, .ofs_x = 0, .ofs_y = 6},
    {.bitmap_index = 4179, .adv_w = 109, .box_w = 7, .box_h = 6, .ofs_x = 0, .ofs_y = 5},
    {.bitmap_index = 4200, .adv_w = 136, .box_w = 8, .box_h = 7, .ofs_x = 0, .ofs_y = 1},
    {.bitmap_index = 4228, .adv_w = 183, .box_w = 11, .box_h = 11, .ofs_x = 0, .ofs_y = 0},
    {.bitmap_index = 4289, .adv_w = 192, .box_w = 12, .box_h = 12, .ofs_x = 0, .ofs_y = -1},
    {.bitmap_index = 4361, .adv_w = 200, .box_w = 12, .box_h = 11, .ofs_x = 0, .ofs_y = 0},
    {.bitmap_index = 4427, .adv_w = 118, .box_w = 7, .box_h = 11, .ofs_x = 0, .ofs_y = -3},
    {.bitmap_index = 4466, .adv_w = 159, .box_w = 10, .box_h = 14, .ofs_x = 0, .ofs_y = 0},
    {.bitmap_index = 4536, .adv_w = 159, .box_w = 10, .box_h = 14, .ofs_x = 0, .ofs_y = 0},
    {.bitmap_index = 4606, .adv_w = 159, .box_w = 10, .box_h = 14, .ofs_x = 0, .ofs_y = 0},
    {.bitmap_index = 4676, .adv_w = 159, .box_w = 10, .box_h = 14, .ofs_x = 0, .ofs_y = 0},
    {.bitmap_index = 4746, .adv_w = 159, .box_w = 10, .box_h = 14, .ofs_x = 0, .ofs_y = 0},
    {.bitmap_index = 4816, .adv_w = 159, .box_w = 10, .box_h = 14, .ofs_x = 0, .ofs_y = 0},
    {.bitmap_index = 4886, .adv_w = 225, .box_w = 14, .box_h = 11, .ofs_x = 0, .ofs_y = 0},
    {.bitmap_index = 4963, .adv_w = 164, .box_w = 10, .box_h = 14, .ofs_x = 0, .ofs_y = -3},
    {.bitmap_index = 5033, .adv_w = 135, .box_w = 7, .box_h = 14, .ofs_x = 1, .ofs_y = 0},
    {.bitmap_index = 5082, .adv_w = 135, .box_w = 7, .box_h = 14, .ofs_x = 1, .ofs_y = 0},
    {.bitmap_index = 5131, .adv_w = 135, .box_w = 7, .box_h = 14, .ofs_x = 1, .ofs_y = 0},
    {.bitmap_index = 5180, .adv_w = 135, .box_w = 7, .box_h = 14, .ofs_x = 1, .ofs_y = 0},
    {.bitmap_index = 5229, .adv_w = 61, .box_w = 3, .box_h = 14, .ofs_x = 0, .ofs_y = 0},
    {.bitmap_index = 5250, .adv_w = 61, .box_w = 3, .box_h = 14, .ofs_x = 1, .ofs_y = 0},
    {.bitmap_index = 5271, .adv_w = 61, .box_w = 6, .box_h = 14, .ofs_x = -1, .ofs_y = 0},
    {.bitmap_index = 5313, .adv_w = 61, .box_w = 6, .box_h = 14, .ofs_x = -1, .ofs_y = 0},
    {.bitmap_index = 5355, .adv_w = 166, .box_w = 10, .box_h = 11, .ofs_x = 0, .ofs_y = 0},
    {.bitmap_index = 5410, .adv_w = 169, .box_w = 9, .box_h = 14, .ofs_x = 1, .ofs_y = 0},
    {.bitmap_index = 5473, .adv_w = 172, .box_w = 10, .box_h = 14, .ofs_x = 0, .ofs_y = 0},
    {.bitmap_index = 5543, .adv_w = 172, .box_w = 10, .box_h = 14, .ofs_x = 0, .ofs_y = 0},
    {.bitmap_index = 5613, .adv_w = 172, .box_w = 10, .box_h = 14, .ofs_x = 0, .ofs_y = 0},
    {.bitmap_index = 5683, .adv_w = 172, .box_w = 10, .box_h = 14, .ofs_x = 0, .ofs_y = 0},
    {.bitmap_index = 5753, .adv_w = 172, .box_w = 10, .box_h = 14, .ofs_x = 0, .ofs_y = 0},
    {.bitmap_index = 5823, .adv_w = 150, .box_w = 8, .box_h = 8, .ofs_x = 1, .ofs_y = 0},
    {.bitmap_index = 5855, .adv_w = 172, .box_w = 10, .box_h = 13, .ofs_x = 0, .ofs_y = -1},
    {.bitmap_index = 5920, .adv_w = 166, .box_w = 9, .box_h = 14, .ofs_x = 1, .ofs_y = 0},
    {.bitmap_index = 5983, .adv_w = 166, .box_w = 9, .box_h = 14, .ofs_x = 1, .ofs_y = 0},
    {.bitmap_index = 6046, .adv_w = 166, .box_w = 9, .box_h = 14, .ofs_x = 1, .ofs_y = 0},
    {.bitmap_index = 6109, .adv_w = 166, .box_w = 9, .box_h = 14, .ofs_x = 1, .ofs_y = 0},
    {.bitmap_index = 6172, .adv_w = 156, .box_w = 10, .box_h = 14, .ofs_x = 0, .ofs_y = 0},
    {.bitmap_index = 6242, .adv_w = 145, .box_w = 7, .box_h = 11, .ofs_x = 1, .ofs_y = 0},
    {.bitmap_index = 6281, .adv_w = 141, .box_w = 8, .box_h = 11, .ofs_x = 1, .ofs_y = 0},
    {.bitmap_index = 6325, .adv_w = 127, .box_w = 7, .box_h = 12, .ofs_x = 0, .ofs_y = 0},
    {.bitmap_index = 6367, .adv_w = 127, .box_w = 7, .box_h = 12, .ofs_x = 0, .ofs_y = 0},
    {.bitmap_index = 6409, .adv_w = 127, .box_w = 7, .box_h = 11, .ofs_x = 0, .ofs_y = 0},
    {.bitmap_index = 6448, .adv_w = 127, .box_w = 7, .box_h = 11, .ofs_x = 0, .ofs_y = 0},
    {.bitmap_index = 6487, .adv_w = 127, .box_w = 7, .box_h = 11, .ofs_x = 0, .ofs_y = 0},
    {.bitmap_index = 6526, .adv_w = 127, .box_w = 7, .box_h = 12, .ofs_x = 0, .ofs_y = 0},
    {.bitmap_index = 6568, .adv_w = 205, .box_w = 13, .box_h = 8, .ofs_x = 0, .ofs_y = 0},
    {.bitmap_index = 6620, .adv_w = 129, .box_w = 8, .box_h = 11, .ofs_x = 0, .ofs_y = -3},
    {.bitmap_index = 6664, .adv_w = 132, .box_w = 8, .box_h = 12, .ofs_x = 0, .ofs_y = 0},
    {.bitmap_index = 6712, .adv_w = 132, .box_w = 8, .box_h = 12, .ofs_x = 0, .ofs_y = 0},
    {.bitmap_index = 6760, .adv_w = 132, .box_w = 8, .box_h = 11, .ofs_x = 0, .ofs_y = 0},
    {.bitmap_index = 6804, .adv_w = 132, .box_w = 8, .box_h = 11, .ofs_x = 0, .ofs_y = 0},
    {.bitmap_index = 6848, .adv_w = 56, .box_w = 4, .box_h = 11, .ofs_x = -1, .ofs_y = 0},
    {.bitmap_index = 6870, .adv_w = 56, .box_w = 3, .box_h = 11, .ofs_x = 1, .ofs_y = 0},
    {.bitmap_index = 6887, .adv_w = 56, .box_w = 6, .box_h = 11, .ofs_x = -1, .ofs_y = 0},
    {.bitmap_index = 6920, .adv_w = 56, .box_w = 6, .box_h = 11, .ofs_x = -1, .ofs_y = 0},
    {.bitmap_index = 6953, .adv_w = 132, .box_w = 8, .box_h = 12, .ofs_x = 0, .ofs_y = 0},
    {.bitmap_index = 7001, .adv_w = 135, .box_w = 7, .box_h = 11, .ofs_x = 1, .ofs_y = 0},
    {.bitmap_index = 7040, .adv_w = 135, .box_w = 8, .box_h = 12, .ofs_x = 0, .ofs_y = 0},
    {.bitmap_index = 7088, .adv_w = 135, .box_w = 8, .box_h = 12, .ofs_x = 0, .ofs_y = 0},
    {.bitmap_index = 7136, .adv_w = 135, .box_w = 8, .box_h = 11, .ofs_x = 0, .ofs_y = 0},
    {.bitmap_index = 7180, .adv_w = 135, .box_w = 8, .box_h = 11, .ofs_x = 0, .ofs_y = 0},
    {.bitmap_index = 7224, .adv_w = 135, .box_w = 8, .box_h = 11, .ofs_x = 0, .ofs_y = 0},
    {.bitmap_index = 7268, .adv_w = 150, .box_w = 7, .box_h = 8, .ofs_x = 1, .ofs_y = 0},
    {.bitmap_index = 7296, .adv_w = 135, .box_w = 8, .box_h = 10, .ofs_x = 0, .ofs_y = -1},
    {.bitmap_index = 7336, .adv_w = 135, .box_w = 7, .box_h = 12, .ofs_x = 1, .ofs_y = 0},
    {.bitmap_index = 7378, .adv_w = 135, .box_w = 7, .box_h = 12, .ofs_x = 1, .ofs_y = 0},
    {.bitmap_index = 7420, .adv_w = 135, .box_w = 7, .box_h = 11, .ofs_x = 1, .ofs_y = 0},
    {.bitmap_index = 7459, .adv_w = 135, .box_w = 7, .box_h = 11, .ofs_x = 1, .ofs_y = 0},
    {.bitmap_index = 7498, .adv_w = 129, .box_w = 8, .box_h = 15, .ofs_x = 0, .ofs_y = -3},
    {.bitmap_index = 7558, .adv_w = 138, .box_w = 7, .box_h = 14, .ofs_x = 1, .ofs_y = -3},
    {.bitmap_index = 7607, .adv_w = 129, .box_w = 8, .box_h = 14, .ofs_x = 0, .ofs_y = -3},
    {.bitmap_index = 7663, .adv_w = 159, .box_w = 10, .box_h = 13, .ofs_x = 0, .ofs_y = 0},
    {.bitmap_index = 7728, .adv_w = 127, .box_w = 7, .box_h = 11, .ofs_x = 0, .ofs_y = 0},
    {.bitmap_index = 7767, .adv_w = 159, .box_w = 10, .box_h = 14, .ofs_x = 0, .ofs_y = 0},
    {.bitmap_index = 7837, .adv_w = 127, .box_w = 7, .box_h = 12, .ofs_x = 0, .ofs_y = 0},
    {.bitmap_index = 7879, .adv_w = 159, .box_w = 10, .box_h = 14, .ofs_x = 0, .ofs_y = -3},
    {.bitmap_index = 7949, .adv_w = 127, .box_w = 8, .box_h = 11, .ofs_x = 0, .ofs_y = -3},
    {.bitmap_index = 7993, .adv_w = 164, .box_w = 10, .box_h = 14, .ofs_x = 0, .ofs_y = 0},
    {.bitmap_index = 8063, .adv_w = 129, .box_w = 8, .box_h = 12, .ofs_x = 0, .ofs_y = 0},
    {.bitmap_index = 8111, .adv_w = 164, .box_w = 10, .box_h = 14, .ofs_x = 0, .ofs_y = 0},
    {.bitmap_index = 8181, .adv_w = 129, .box_w = 8, .box_h = 11, .ofs_x = 0, .ofs_y = 0},
    {.bitmap_index = 8225, .adv_w = 164, .box_w = 10, .box_h = 14, .ofs_x = 0, .ofs_y = 0},
    {.bitmap_index = 8295, .adv_w = 129, .box_w = 8, .box_h = 11, .ofs_x = 0, .ofs_y = 0},
    {.bitmap_index = 8339, .adv_w = 164, .box_w = 10, .box_h = 14, .ofs_x = 0, .ofs_y = 0},
    {.bitmap_index = 8409, .adv_w = 129, .box_w = 8, .box_h = 11, .ofs_x = 0, .ofs_y = 0},
    {.bitmap_index = 8453, .adv_w = 162, .box_w = 9, .box_h = 14, .ofs_x = 1, .ofs_y = 0},
    {.bitmap_index = 8516, .adv_w = 162, .box_w = 10, .box_h = 11, .ofs_x = 0, .ofs_y = 0},
    {.bitmap_index = 8571, .adv_w = 166, .box_w = 10, .box_h = 11, .ofs_x = 0, .ofs_y = 0},
    {.bitmap_index = 8626, .adv_w = 138, .box_w = 9, .box_h = 11, .ofs_x = 0, .ofs_y = 0},
    {.bitmap_index = 8676, .adv_w = 135, .box_w = 7, .box_h = 13, .ofs_x = 1, .ofs_y = 0},
    {.bitmap_index = 8722, .adv_w = 132, .box_w = 8, .box_h = 11, .ofs_x = 0, .ofs_y = 0},
    {.bitmap_index = 8766, .adv_w = 135, .box_w = 7, .box_h = 14, .ofs_x = 1, .ofs_y = 0},
    {.bitmap_index = 8815, .adv_w = 132, .box_w = 8, .box_h = 11, .ofs_x = 0, .ofs_y = 0},
    {.bitmap_index = 8859, .adv_w = 135, .box_w = 7, .box_h = 14, .ofs_x = 1, .ofs_y = 0},
    {.bitmap_index = 8908, .adv_w = 132, .box_w = 8, .box_h = 11, .ofs_x = 0, .ofs_y = 0},
    {.bitmap_index = 8952, .adv_w = 135, .box_w = 7, .box_h = 14, .ofs_x = 1, .ofs_y = -3},
    {.bitmap_index = 9001, .adv_w = 132, .box_w = 8, .box_h = 11, .ofs_x = 0, .ofs_y = -3},
    {.bitmap_index = 9045, .adv_w = 135, .box_w = 7, .box_h = 14, .ofs_x = 1, .ofs_y = 0},
    {.bitmap_index = 9094, .adv_w = 132, .box_w = 8, .box_h = 11, .ofs_x = 0, .ofs_y = 0},
    {.bitmap_index = 9138, .adv_w = 167, .box_w = 10, .box_h = 14, .ofs_x = 0, .ofs_y = 0},
    {.bitmap_index = 9208, .adv_w = 139, .box_w = 8, .box_h = 14, .ofs_x = 0, .ofs_y = -3},
    {.bitmap_index = 9264, .adv_w = 167, .box_w = 10, .box_h = 14, .ofs_x = 0, .ofs_y = 0},
    {.bitmap_index = 9334, .adv_w = 139, .box_w = 8, .box_h = 14, .ofs_x = 0, .ofs_y = -3},
    {.bitmap_index = 9390, .adv_w = 167, .box_w = 10, .box_h = 14, .ofs_x = 0, .ofs_y = 0},
    {.bitmap_index = 9460, .adv_w = 139, .box_w = 8, .box_h = 14, .ofs_x = 0, .ofs_y = -3},
    {.bitmap_index = 9516, .adv_w = 167, .box_w = 10, .box_h = 15, .ofs_x = 0, .ofs_y = -4},
    {.bitmap_index = 9591, .adv_w = 139, .box_w = 8, .box_h = 16, .ofs_x = 0, .ofs_y = -3},
    {.bitmap_index = 9655, .adv_w = 167, .box_w = 9, .box_h = 14, .ofs_x = 1, .ofs_y = 0},
    {.bitmap_index = 9718, .adv_w = 135, .box_w = 9, .box_h = 14, .ofs_x = -1, .ofs_y = 0},
    {.bitmap_index = 9781, .adv_w = 176, .box_w = 11, .box_h = 11, .ofs_x = 0, .ofs_y = 0},
    {.bitmap_index = 9842, .adv_w = 135, .box_w = 8, .box_h = 11, .ofs_x = 0, .ofs_y = 0},
    {.bitmap_index = 9886, .adv_w = 61, .box_w = 6, .box_h = 14, .ofs_x = -1, .ofs_y = 0},
    {.bitmap_index = 9928, .adv_w = 56, .box_w = 5, .box_h = 11, .ofs_x = -1, .ofs_y = 0},
    {.bitmap_index = 9956, .adv_w = 61, .box_w = 4, .box_h = 13, .ofs_x = 0, .ofs_y = 0},
    {.bitmap_index = 9982, .adv_w = 56, .box_w = 5, .box_h = 11, .ofs_x = -1, .ofs_y = 0},
    {.bitmap_index = 10010, .adv_w = 61, .box_w = 6, .box_h = 14, .ofs_x = -1, .ofs_y = 0},
    {.bitmap_index = 10052, .adv_w = 56, .box_w = 5, .box_h = 11, .ofs_x = -1, .ofs_y = 0},
    {.bitmap_index = 10080, .adv_w = 61, .box_w = 4, .box_h = 14, .ofs_x = 0, .ofs_y = -3},
    {.bitmap_index = 10108, .adv_w = 56, .box_w = 4, .box_h = 14, .ofs_x = -1, .ofs_y = -3},
    {.bitmap_index = 10136, .adv_w = 61, .box_w = 3, .box_h = 14, .ofs_x = 0, .ofs_y = 0},
    {.bitmap_index = 10157, .adv_w = 56, .box_w = 2, .box_h = 8, .ofs_x = 1, .ofs_y = 0},
    {.bitmap_index = 10165, .adv_w = 190, .box_w = 10, .box_h = 11, .ofs_x = 1, .ofs_y = 0},
    {.bitmap_index = 10220, .adv_w = 113, .box_w = 7, .box_h = 14, .ofs_x = 0, .ofs_y = -3},
    {.bitmap_index = 10269, .adv_w = 129, .box_w = 9, .box_h = 14, .ofs_x = 0, .ofs_y = 0},
    {.bitmap_index = 10332, .adv_w = 56, .box_w = 6, .box_h = 14, .ofs_x = -1, .ofs_y = -3},
    {.bitmap_index = 10374, .adv_w = 154, .box_w = 9, .box_h = 15, .ofs_x = 1, .ofs_y = -4},
    {.bitmap_index = 10442, .adv_w = 125, .box_w = 7, .box_h = 15, .ofs_x = 1, .ofs_y = -4},
    {.bitmap_index = 10495, .adv_w = 122, .box_w = 7, .box_h = 8, .ofs_x = 1, .ofs_y = 0},
    {.bitmap_index = 10523, .adv_w = 127, .box_w = 7, .box_h = 14, .ofs_x = 1, .ofs_y = 0},
    {.bitmap_index = 10572, .adv_w = 56, .box_w = 3, .box_h = 14, .ofs_x = 1, .ofs_y = 0},
    {.bitmap_index = 10593, .adv_w = 127, .box_w = 7, .box_h = 15, .ofs_x = 1, .ofs_y = -4},
    {.bitmap_index = 10646, .adv_w = 56, .box_w = 3, .box_h = 15, .ofs_x = 0, .ofs_y = -4},
    {.bitmap_index = 10669, .adv_w = 127, .box_w = 7, .box_h = 11, .ofs_x = 1, .ofs_y = 0},
    {.bitmap_index = 10708, .adv_w = 80, .box_w = 4, .box_h = 11, .ofs_x = 1, .ofs_y = 0},
    {.bitmap_index = 10730, .adv_w = 127, .box_w = 7, .box_h = 11, .ofs_x = 1, .ofs_y = 0},
    {.bitmap_index = 10769, .adv_w = 87, .box_w = 5, .box_h = 11, .ofs_x = 1, .ofs_y = 0},
    {.bitmap_index = 10797, .adv_w = 134, .box_w = 8, .box_h = 11, .ofs_x = 0, .ofs_y = 0},
    {.bitmap_index = 10841, .adv_w = 56, .box_w = 5, .box_h = 11, .ofs_x = -1, .ofs_y = 0},
    {.bitmap_index = 10869, .adv_w = 169, .box_w = 9, .box_h = 14, .ofs_x = 1, .ofs_y = 0},
    {.bitmap_index = 10932, .adv_w = 135, .box_w = 7, .box_h = 11, .ofs_x = 1, .ofs_y = 0},
    {.bitmap_index = 10971, .adv_w = 169, .box_w = 9, .box_h = 15, .ofs_x = 1, .ofs_y = -4},
    {.bitmap_index = 11039, .adv_w = 135, .box_w = 7, .box_h = 12, .ofs_x = 1, .ofs_y = -4},
    {.bitmap_index = 11081, .adv_w = 169, .box_w = 9, .box_h = 14, .ofs_x = 1, .ofs_y = 0},
    {.bitmap_index = 11144, .adv_w = 135, .box_w = 7, .box_h = 11, .ofs_x = 1, .ofs_y = 0},
    {.bitmap_index = 11183, .adv_w = 169, .box_w = 9, .box_h = 14, .ofs_x = 1, .ofs_y = -3},
    {.bitmap_index = 11246, .adv_w = 135, .box_w = 7, .box_h = 11, .ofs_x = 1, .ofs_y = -3},
    {.bitmap_index = 11285, .adv_w = 172, .box_w = 10, .box_h = 13, .ofs_x = 0, .ofs_y = 0},
    {.bitmap_index = 11350, .adv_w = 135, .box_w = 8, .box_h = 11, .ofs_x = 0, .ofs_y = 0},
    {.bitmap_index = 11394, .adv_w = 172, .box_w = 10, .box_h = 14, .ofs_x = 0, .ofs_y = 0},
    {.bitmap_index = 11464, .adv_w = 135, .box_w = 8, .box_h = 11, .ofs_x = 0, .ofs_y = 0},
    {.bitmap_index = 11508, .adv_w = 172, .box_w = 10, .box_h = 14, .ofs_x = 0, .ofs_y = 0},
    {.bitmap_index = 11578, .adv_w = 135, .box_w = 8, .box_h = 12, .ofs_x = 0, .ofs_y = 0},
    {.bitmap_index = 11626, .adv_w = 226, .box_w = 14, .box_h = 11, .ofs_x = 0, .ofs_y = 0},
    {.bitmap_index = 11703, .adv_w = 223, .box_w = 14, .box_h = 8, .ofs_x = 0, .ofs_y = 0},
    {.bitmap_index = 11759, .adv_w = 145, .box_w = 8, .box_h = 14, .ofs_x = 1, .ofs_y = 0},
    {.bitmap_index = 11815, .adv_w = 87, .box_w = 5, .box_h = 11, .ofs_x = 1, .ofs_y = 0},
    {.bitmap_index = 11843, .adv_w = 145, .box_w = 8, .box_h = 15, .ofs_x = 1, .ofs_y = -4},
    {.bitmap_index = 11903, .adv_w = 87, .box_w = 6, .box_h = 12, .ofs_x = 0, .ofs_y = -4},
    {.bitmap_index = 11939, .adv_w = 145, .box_w = 8, .box_h = 14, .ofs_x = 1, .ofs_y = 0},
    {.bitmap_index = 11995, .adv_w = 87, .box_w = 6, .box_h = 11, .ofs_x = 0, .ofs_y = 0},
    {.bitmap_index = 12028, .adv_w = 145, .box_w = 9, .box_h = 14, .ofs_x = 0, .ofs_y = 0},
    {.bitmap_index = 12091, .adv_w = 121, .box_w = 7, .box_h = 12, .ofs_x = 0, .ofs_y = 0},
    {.bitmap_index = 12133, .adv_w = 145, .box_w = 9, .box_h = 14, .ofs_x = 0, .ofs_y = 0},
    {.bitmap_index = 12196, .adv_w = 121, .box_w = 7, .box_h = 11, .ofs_x = 0, .ofs_y = 0},
    {.bitmap_index = 12235, .adv_w = 145, .box_w = 9, .box_h = 14, .ofs_x = 0, .ofs_y = -3},
    {.bitmap_index = 12298, .adv_w = 121, .box_w = 7, .box_h = 11, .ofs_x = 0, .ofs_y = -3},
    {.bitmap_index = 12337, .adv_w = 145, .box_w = 9, .box_h = 14, .ofs_x = 0, .ofs_y = 0},
    {.bitmap_index = 12400, .adv_w = 121, .box_w = 7, .box_h = 11, .ofs_x = 0, .ofs_y = 0},
    {.bitmap_index = 12439, .adv_w = 146, .box_w = 9, .box_h = 14, .ofs_x = 0, .ofs_y = -3},
    {.bitmap_index = 12502, .adv_w = 76, .box_w = 5, .box_h = 13, .ofs_x = 0, .ofs_y = -3},
    {.bitmap_index = 12535, .adv_w = 146, .box_w = 9, .box_h = 14, .ofs_x = 0, .ofs_y = 0},
    {.bitmap_index = 12598, .adv_w = 89, .box_w = 5, .box_h = 12, .ofs_x = 0, .ofs_y = 0},
    {.bitmap_index = 12628, .adv_w = 146, .box_w = 9, .box_h = 11, .ofs_x = 0, .ofs_y = 0},
    {.bitmap_index = 12678, .adv_w = 76, .box_w = 5, .box_h = 10, .ofs_x = 0, .ofs_y = 0},
    {.bitmap_index = 12703, .adv_w = 166, .box_w = 9, .box_h = 14, .ofs_x = 1, .ofs_y = 0},
    {.bitmap_index = 12766, .adv_w = 135, .box_w = 7, .box_h = 11, .ofs_x = 1, .ofs_y = 0},
    {.bitmap_index = 12805, .adv_w = 166, .box_w = 9, .box_h = 13, .ofs_x = 1, .ofs_y = 0},
    {.bitmap_index = 12864, .adv_w = 135, .box_w = 7, .box_h = 11, .ofs_x = 1, .ofs_y = 0},
    {.bitmap_index = 12903, .adv_w = 166, .box_w = 9, .box_h = 14, .ofs_x = 1, .ofs_y = 0},
    {.bitmap_index = 12966, .adv_w = 135, .box_w = 7, .box_h = 11, .ofs_x = 1, .ofs_y = 0},
    {.bitmap_index = 13005, .adv_w = 166, .box_w = 9, .box_h = 15, .ofs_x = 1, .ofs_y = 0},
    {.bitmap_index = 13073, .adv_w = 135, .box_w = 7, .box_h = 12, .ofs_x = 1, .ofs_y = 0},
    {.bitmap_index = 13115, .adv_w = 166, .box_w = 9, .box_h = 14, .ofs_x = 1, .ofs_y = 0},
    {.bitmap_index = 13178, .adv_w = 135, .box_w = 7, .box_h = 12, .ofs_x = 1, .ofs_y = 0},
    {.bitmap_index = 13220, .adv_w = 166, .box_w = 9, .box_h = 14, .ofs_x = 1, .ofs_y = -3},
    {.bitmap_index = 13283, .adv_w = 135, .box_w = 7, .box_h = 11, .ofs_x = 1, .ofs_y = -3},
    {.bitmap_index = 13322, .adv_w = 225, .box_w = 14, .box_h = 14, .ofs_x = 0, .ofs_y = 0},
    {.bitmap_index = 13420, .adv_w = 186, .box_w = 12, .box_h = 11, .ofs_x = 0, .ofs_y = 0},
    {.bitmap_index = 13486, .adv_w = 156, .box_w = 10, .box_h = 14, .ofs_x = 0, .ofs_y = 0},
    {.bitmap_index = 13556, .adv_w = 129, .box_w = 8, .box_h = 14, .ofs_x = 0, .ofs_y = -3},
    {.bitmap_index = 13612, .adv_w = 156, .box_w = 10, .box_h = 14, .ofs_x = 0, .ofs_y = 0},
    {.bitmap_index = 13682, .adv_w = 144, .box_w = 9, .box_h = 14, .ofs_x = 0, .ofs_y = 0},
    {.bitmap_index = 13745, .adv_w = 125, .box_w = 7, .box_h = 11, .ofs_x = 0, .ofs_y = 0},
    {.bitmap_index = 13784, .adv_w = 144, .box_w = 9, .box_h = 14, .ofs_x = 0, .ofs_y = 0},
    {.bitmap_index = 13847, .adv_w = 125, .box_w = 7, .box_h = 11, .ofs_x = 0, .ofs_y = 0},
    {.bitmap_index = 13886, .adv_w = 144, .box_w = 9, .box_h = 14, .ofs_x = 0, .ofs_y = 0},
    {.bitmap_index = 13949, .adv_w = 125, .box_w = 7, .box_h = 11, .ofs_x = 0, .ofs_y = 0},
    {.bitmap_index = 13988, .adv_w = 73, .box_w = 4, .box_h = 11, .ofs_x = 1, .ofs_y = 0},
    {.bitmap_index = 14010, .adv_w = 62, .box_w = 2, .box_h = 5, .ofs_x = 1, .ofs_y = 6},
    {.bitmap_index = 14015, .adv_w = 62, .box_w = 4, .box_h = 3, .ofs_x = 0, .ofs_y = -3},
    {.bitmap_index = 14021, .adv_w = 169, .box_w = 9, .box_h = 11, .ofs_x = 1, .ofs_y = 0},
    {.bitmap_index = 14071, .adv_w = 62, .box_w = 2, .box_h = 3, .ofs_x = 1, .ofs_y = -3},
    {.bitmap_index = 14074, .adv_w = 129, .box_w = 8, .box_h = 8, .ofs_x = 0, .ofs_y = 0},
    {.bitmap_index = 14106, .adv_w = 129, .box_w = 8, .box_h = 8, .ofs_x = 0, .ofs_y = 0},
    {.bitmap_index = 14138, .adv_w = 129, .box_w = 8, .box_h = 8, .ofs_x = 0, .ofs_y = 0},
    {.bitmap_index = 14170, .adv_w = 71, .box_w = 4, .box_h = 11, .ofs_x = 0, .ofs_y = -3},
    {.bitmap_index = 14192, .adv_w = 129, .box_w = 7, .box_h = 11, .ofs_x = 0, .ofs_y = 0},
    {.bitmap_index = 14231, .adv_w = 66, .box_w = 2, .box_h = 3, .ofs_x = 1, .ofs_y = 9},
    {.bitmap_index = 14234, .adv_w = 154, .box_w = 7, .box_h = 4, .ofs_x = 1, .ofs_y = 9},
    {.bitmap_index = 14248, .adv_w = 159, .box_w = 10, .box_h = 11, .ofs_x = 0, .ofs_y = 0},
    {.bitmap_index = 14303, .adv_w = 68, .box_w = 3, .box_h = 3, .ofs_x = 1, .ofs_y = 5},
    {.bitmap_index = 14308, .adv_w = 170, .box_w = 10, .box_h = 11, .ofs_x = 0, .ofs_y = 0},
    {.bitmap_index = 14363, .adv_w = 201, .box_w = 12, .box_h = 11, .ofs_x = 0, .ofs_y = 0},
    {.bitmap_index = 14429, .adv_w = 96, .box_w = 5, .box_h = 11, .ofs_x = 0, .ofs_y = 0},
    {.bitmap_index = 14457, .adv_w = 197, .box_w = 12, .box_h = 11, .ofs_x = 0, .ofs_y = 0},
    {.bitmap_index = 14523, .adv_w = 203, .box_w = 13, .box_h = 11, .ofs_x = 0, .ofs_y = 0},
    {.bitmap_index = 14595, .adv_w = 199, .box_w = 12, .box_h = 11, .ofs_x = 0, .ofs_y = 0},
    {.bitmap_index = 14661, .adv_w = 64, .box_w = 5, .box_h = 14, .ofs_x = -1, .ofs_y = 0},
    {.bitmap_index = 14696, .adv_w = 159, .box_w = 10, .box_h = 11, .ofs_x = 0, .ofs_y = 0},
    {.bitmap_index = 14751, .adv_w = 147, .box_w = 8, .box_h = 11, .ofs_x = 1, .ofs_y = 0},
    {.bitmap_index = 14795, .adv_w = 130, .box_w = 7, .box_h = 11, .ofs_x = 1, .ofs_y = 0},
    {.bitmap_index = 14834, .adv_w = 157, .box_w = 10, .box_h = 11, .ofs_x = 0, .ofs_y = 0},
    {.bitmap_index = 14889, .adv_w = 135, .box_w = 7, .box_h = 11, .ofs_x = 1, .ofs_y = 0},
    {.bitmap_index = 14928, .adv_w = 144, .box_w = 9, .box_h = 11, .ofs_x = 0, .ofs_y = 0},
    {.bitmap_index = 14978, .adv_w = 167, .box_w = 9, .box_h = 11, .ofs_x = 1, .ofs_y = 0},
    {.bitmap_index = 15028, .adv_w = 172, .box_w = 10, .box_h = 11, .ofs_x = 0, .ofs_y = 0},
    {.bitmap_index = 15083, .adv_w = 61, .box_w = 2, .box_h = 11, .ofs_x = 1, .ofs_y = 0},
    {.bitmap_index = 15094, .adv_w = 154, .box_w = 9, .box_h = 11, .ofs_x = 1, .ofs_y = 0},
    {.bitmap_index = 15144, .adv_w = 159, .box_w = 10, .box_h = 11, .ofs_x = 0, .ofs_y = 0},
    {.bitmap_index = 15199, .adv_w = 204, .box_w = 11, .box_h = 11, .ofs_x = 1, .ofs_y = 0},
    {.bitmap_index = 15260, .adv_w = 169, .box_w = 9, .box_h = 11, .ofs_x = 1, .ofs_y = 0},
    {.bitmap_index = 15310, .adv_w = 149, .box_w = 9, .box_h = 11, .ofs_x = 0, .ofs_y = 0},
    {.bitmap_index = 15360, .adv_w = 172, .box_w = 10, .box_h = 11, .ofs_x = 0, .ofs_y = 0},
    {.bitmap_index = 15415, .adv_w = 167, .box_w = 9, .box_h = 11, .ofs_x = 1, .ofs_y = 0},
    {.bitmap_index = 15465, .adv_w = 144, .box_w = 8, .box_h = 11, .ofs_x = 1, .ofs_y = 0},
    {.bitmap_index = 15509, .adv_w = 155, .box_w = 9, .box_h = 11, .ofs_x = 0, .ofs_y = 0},
    {.bitmap_index = 15559, .adv_w = 146, .box_w = 9, .box_h = 11, .ofs_x = 0, .ofs_y = 0},
    {.bitmap_index = 15609, .adv_w = 156, .box_w = 10, .box_h = 11, .ofs_x = 0, .ofs_y = 0},
    {.bitmap_index = 15664, .adv_w = 198, .box_w = 12, .box_h = 12, .ofs_x = 0, .ofs_y = 0},
    {.bitmap_index = 15736, .adv_w = 157, .box_w = 10, .box_h = 11, .ofs_x = 0, .ofs_y = 0},
    {.bitmap_index = 15791, .adv_w = 198, .box_w = 11, .box_h = 11, .ofs_x = 1, .ofs_y = 0},
    {.bitmap_index = 15852, .adv_w = 173, .box_w = 11, .box_h = 11, .ofs_x = 0, .ofs_y = 0},
    {.bitmap_index = 15913, .adv_w = 61, .box_w = 6, .box_h = 14, .ofs_x = -1, .ofs_y = 0},
    {.bitmap_index = 15955, .adv_w = 156, .box_w = 10, .box_h = 14, .ofs_x = 0, .ofs_y = 0},
    {.bitmap_index = 16025, .adv_w = 151, .box_w = 9, .box_h = 12, .ofs_x = 0, .ofs_y = 0},
    {.bitmap_index = 16079, .adv_w = 122, .box_w = 7, .box_h = 12, .ofs_x = 0, .ofs_y = 0},
    {.bitmap_index = 16121, .adv_w = 135, .box_w = 7, .box_h = 14, .ofs_x = 1, .ofs_y = -3},
    {.bitmap_index = 16170, .adv_w = 64, .box_w = 3, .box_h = 12, .ofs_x = 1, .ofs_y = 0},
    {.bitmap_index = 16188, .adv_w = 135, .box_w = 7, .box_h = 13, .ofs_x = 1, .ofs_y = 0},
    {.bitmap_index = 16234, .adv_w = 151, .box_w = 9, .box_h = 8, .ofs_x = 0, .ofs_y = 0},
    {.bitmap_index = 16270, .adv_w = 134, .box_w = 7, .box_h = 14, .ofs_x = 1, .ofs_y = -3},
    {.bitmap_index = 16319, .adv_w = 129, .box_w = 8, .box_h = 11, .ofs_x = 0, .ofs_y = -3},
    {.bitmap_index = 16363, .adv_w = 132, .box_w = 8, .box_h = 11, .ofs_x = 0, .ofs_y = 0},
    {.bitmap_index = 16407, .adv_w = 122, .box_w = 7, .box_h = 8, .ofs_x = 0, .ofs_y = 0},
    {.bitmap_index = 16435, .adv_w = 116, .box_w = 7, .box_h = 13, .ofs_x = 0, .ofs_y = -2},
    {.bitmap_index = 16481, .adv_w = 135, .box_w = 7, .box_h = 11, .ofs_x = 1, .ofs_y = -3},
    {.bitmap_index = 16520, .adv_w = 140, .box_w = 8, .box_h = 11, .ofs_x = 0, .ofs_y = 0},
    {.bitmap_index = 16564, .adv_w = 64, .box_w = 3, .box_h = 8, .ofs_x = 1, .ofs_y = 0},
    {.bitmap_index = 16576, .adv_w = 122, .box_w = 7, .box_h = 8, .ofs_x = 1, .ofs_y = 0},
    {.bitmap_index = 16604, .adv_w = 147, .box_w = 10, .box_h = 11, .ofs_x = 0, .ofs_y = 0},
    {.bitmap_index = 16659, .adv_w = 134, .box_w = 8, .box_h = 11, .ofs_x = 1, .ofs_y = -3},
    {.bitmap_index = 16703, .adv_w = 134, .box_w = 9, .box_h = 8, .ofs_x = 0, .ofs_y = 0},
    {.bitmap_index = 16739, .adv_w = 125, .box_w = 7, .box_h = 13, .ofs_x = 0, .ofs_y = -2},
    {.bitmap_index = 16785, .adv_w = 135, .box_w = 8, .box_h = 8, .ofs_x = 0, .ofs_y = 0},
    {.bitmap_index = 16817, .adv_w = 138, .box_w = 9, .box_h = 8, .ofs_x = 0, .ofs_y = 0},
    {.bitmap_index = 16853, .adv_w = 138, .box_w = 7, .box_h = 11, .ofs_x = 1, .ofs_y = -3},
    {.bitmap_index = 16892, .adv_w = 129, .box_w = 8, .box_h = 10, .ofs_x = 0, .ofs_y = -2},
    {.bitmap_index = 16932, .adv_w = 142, .box_w = 9, .box_h = 8, .ofs_x = 0, .ofs_y = 0},
    {.bitmap_index = 16968, .adv_w = 108, .box_w = 7, .box_h = 8, .ofs_x = 0, .ofs_y = 0},
    {.bitmap_index = 16996, .adv_w = 135, .box_w = 7, .box_h = 8, .ofs_x = 1, .ofs_y = 0},
    {.bitmap_index = 17024, .adv_w = 167, .box_w = 10, .box_h = 11, .ofs_x = 0, .ofs_y = -3},
    {.bitmap_index = 17079, .adv_w = 130, .box_w = 8, .box_h = 11, .ofs_x = 0, .ofs_y = -3},
    {.bitmap_index = 17123, .adv_w = 178, .box_w = 10, .box_h = 13, .ofs_x = 1, .ofs_y = -3},
    {.bitmap_index = 17188, .adv_w = 182, .box_w = 11, .box_h = 8, .ofs_x = 0, .ofs_y = 0},
    {.bitmap_index = 17232, .adv_w = 64, .box_w = 6, .box_h = 11, .ofs_x = -1, .ofs_y = 0},
    {.bitmap_index = 17265, .adv_w = 135, .box_w = 7, .box_h = 11, .ofs_x = 1, .ofs_y = 0},
    {.bitmap_index = 17304, .adv_w = 135, .box_w = 8, .box_h = 12, .ofs_x = 0, .ofs_y = 0},
    {.bitmap_index = 17352, .adv_w = 135, .box_w = 7, .box_h = 12, .ofs_x = 1, .ofs_y = 0},
    {.bitmap_index = 17394, .adv_w = 182, .box_w = 11, .box_h = 12, .ofs_x = 0, .ofs_y = 0},
    {.bitmap_index = 17460, .adv_w = 154, .box_w = 9, .box_h = 15, .ofs_x = 1, .ofs_y = -4},
    {.bitmap_index = 17528, .adv_w = 145, .box_w = 7, .box_h = 11, .ofs_x = 1, .ofs_y = 0},
    {.bitmap_index = 17567, .adv_w = 145, .box_w = 9, .box_h = 11, .ofs_x = 0, .ofs_y = 0},
    {.bitmap_index = 17617, .adv_w = 153, .box_w = 9, .box_h = 11, .ofs_x = 0, .ofs_y = 0},
    {.bitmap_index = 17667, .adv_w = 195, .box_w = 12, .box_h = 11, .ofs_x = 0, .ofs_y = 0},
    {.bitmap_index = 17733, .adv_w = 153, .box_w = 9, .box_h = 14, .ofs_x = 0, .ofs_y = 0},
    {.bitmap_index = 17796, .adv_w = 158, .box_w = 10, .box_h = 14, .ofs_x = 0, .ofs_y = -3},
    {.bitmap_index = 17866, .adv_w = 192, .box_w = 12, .box_h = 8, .ofs_x = 0, .ofs_y = 0},
    {.bitmap_index = 17914, .adv_w = 122, .box_w = 7, .box_h = 12, .ofs_x = 1, .ofs_y = -4},
    {.bitmap_index = 17956, .adv_w = 133, .box_w = 7, .box_h = 11, .ofs_x = 1, .ofs_y = 0},
    {.bitmap_index = 17995, .adv_w = 120, .box_w = 6, .box_h = 11, .ofs_x = 1, .ofs_y = -3},
    {.bitmap_index = 18028, .adv_w = 165, .box_w = 10, .box_h = 8, .ofs_x = 0, .ofs_y = 0},
    {.bitmap_index = 18068, .adv_w = 145, .box_w = 7, .box_h = 12, .ofs_x = 1, .ofs_y = -4},
    {.bitmap_index = 18110, .adv_w = 129, .box_w = 8, .box_h = 8, .ofs_x = 0, .ofs_y = 0},
    {.bitmap_index = 18142, .adv_w = 56, .box_w = 4, .box_h = 14, .ofs_x = -1, .ofs_y = -3},
    {.bitmap_index = 18170, .adv_w = 172, .box_w = 10, .box_h = 11, .ofs_x = 0, .ofs_y = 0},
    {.bitmap_index = 18225, .adv_w = 103, .box_w = 6, .box_h = 8, .ofs_x = 0, .ofs_y = 0},
    {.bitmap_index = 18249, .adv_w = 103, .box_w = 6, .box_h = 8, .ofs_x = 0, .ofs_y = 0},
    {.bitmap_index = 18273, .adv_w = 164, .box_w = 10, .box_h = 11, .ofs_x = 0, .ofs_y = 0},
    {.bitmap_index = 18328, .adv_w = 204, .box_w = 11, .box_h = 11, .ofs_x = 1, .ofs_y = 0},
    {.bitmap_index = 18389, .adv_w = 138, .box_w = 9, .box_h = 11, .ofs_x = -1, .ofs_y = -3},
    {.bitmap_index = 18439, .adv_w = 164, .box_w = 10, .box_h = 11, .ofs_x = 0, .ofs_y = 0},
    {.bitmap_index = 18494, .adv_w = 164, .box_w = 10, .box_h = 11, .ofs_x = 0, .ofs_y = 0},
    {.bitmap_index = 18549, .adv_w = 164, .box_w = 10, .box_h = 11, .ofs_x = 0, .ofs_y = 0},
    {.bitmap_index = 18604, .adv_w = 135, .box_w = 7, .box_h = 14, .ofs_x = 1, .ofs_y = 0},
    {.bitmap_index = 18653, .adv_w = 135, .box_w = 7, .box_h = 14, .ofs_x = 1, .ofs_y = 0},
    {.bitmap_index = 18702, .adv_w = 190, .box_w = 12, .box_h = 12, .ofs_x = 0, .ofs_y = -1},
    {.bitmap_index = 18774, .adv_w = 130, .box_w = 7, .box_h = 14, .ofs_x = 1, .ofs_y = 0},
    {.bitmap_index = 18823, .adv_w = 164, .box_w = 10, .box_h = 11, .ofs_x = 0, .ofs_y = 0},
    {.bitmap_index = 18878, .adv_w = 145, .box_w = 9, .box_h = 11, .ofs_x = 0, .ofs_y = 0},
    {.bitmap_index = 18928, .adv_w = 61, .box_w = 2, .box_h = 11, .ofs_x = 1, .ofs_y = 0},
    {.bitmap_index = 18939, .adv_w = 61, .box_w = 6, .box_h = 14, .ofs_x = -1, .ofs_y = 0},
    {.bitmap_index = 18981, .adv_w = 129, .box_w = 7, .box_h = 11, .ofs_x = 0, .ofs_y = 0},
    {.bitmap_index = 19020, .adv_w = 250, .box_w = 15, .box_h = 11, .ofs_x = 0, .ofs_y = 0},
    {.bitmap_index = 19103, .adv_w = 252, .box_w = 15, .box_h = 11, .ofs_x = 1, .ofs_y = 0},
    {.bitmap_index = 19186, .adv_w = 199, .box_w = 12, .box_h = 11, .ofs_x = 0, .ofs_y = 0},
    {.bitmap_index = 19252, .adv_w = 154, .box_w = 9, .box_h = 14, .ofs_x = 1, .ofs_y = 0},
    {.bitmap_index = 19315, .adv_w = 169, .box_w = 9, .box_h = 14, .ofs_x = 1, .ofs_y = 0},
    {.bitmap_index = 19378, .adv_w = 146, .box_w = 9, .box_h = 14, .ofs_x = 0, .ofs_y = 0},
    {.bitmap_index = 19441, .adv_w = 162, .box_w = 9, .box_h = 14, .ofs_x = 1, .ofs_y = -3},
    {.bitmap_index = 19504, .adv_w = 159, .box_w = 10, .box_h = 11, .ofs_x = 0, .ofs_y = 0},
    {.bitmap_index = 19559, .adv_w = 145, .box_w = 8, .box_h = 11, .ofs_x = 1, .ofs_y = 0},
    {.bitmap_index = 19603, .adv_w = 147, .box_w = 8, .box_h = 11, .ofs_x = 1, .ofs_y = 0},
    {.bitmap_index = 19647, .adv_w = 130, .box_w = 7, .box_h = 11, .ofs_x = 1, .ofs_y = 0},
    {.bitmap_index = 19686, .adv_w = 187, .box_w = 12, .box_h = 14, .ofs_x = 0, .ofs_y = -3},
    {.bitmap_index = 19770, .adv_w = 135, .box_w = 7, .box_h = 11, .ofs_x = 1, .ofs_y = 0},
    {.bitmap_index = 19809, .adv_w = 223, .box_w = 14, .box_h = 11, .ofs_x = 0, .ofs_y = 0},
    {.bitmap_index = 19886, .adv_w = 140, .box_w = 8, .box_h = 11, .ofs_x = 0, .ofs_y = 0},
    {.bitmap_index = 19930, .adv_w = 169, .box_w = 9, .box_h = 11, .ofs_x = 1, .ofs_y = 0},
    {.bitmap_index = 19980, .adv_w = 169, .box_w = 9, .box_h = 14, .ofs_x = 1, .ofs_y = 0},
    {.bitmap_index = 20043, .adv_w = 154, .box_w = 9, .box_h = 11, .ofs_x = 1, .ofs_y = 0},
    {.bitmap_index = 20093, .adv_w = 168, .box_w = 10, .box_h = 11, .ofs_x = 0, .ofs_y = 0},
    {.bitmap_index = 20148, .adv_w = 204, .box_w = 11, .box_h = 11, .ofs_x = 1, .ofs_y = 0},
    {.bitmap_index = 20209, .adv_w = 167, .box_w = 9, .box_h = 11, .ofs_x = 1, .ofs_y = 0},
    {.bitmap_index = 20259, .adv_w = 172, .box_w = 10, .box_h = 11, .ofs_x = 0, .ofs_y = 0},
    {.bitmap_index = 20314, .adv_w = 167, .box_w = 9, .box_h = 11, .ofs_x = 1, .ofs_y = 0},
    {.bitmap_index = 20364, .adv_w = 144, .box_w = 8, .box_h = 11, .ofs_x = 1, .ofs_y = 0},
    {.bitmap_index = 20408, .adv_w = 164, .box_w = 10, .box_h = 11, .ofs_x = 0, .ofs_y = 0},
    {.bitmap_index = 20463, .adv_w = 146, .box_w = 9, .box_h = 11, .ofs_x = 0, .ofs_y = 0},
    {.bitmap_index = 20513, .adv_w = 146, .box_w = 9, .box_h = 11, .ofs_x = 0, .ofs_y = 0},
    {.bitmap_index = 20563, .adv_w = 186, .box_w = 11, .box_h = 12, .ofs_x = 0, .ofs_y = -1},
    {.bitmap_index = 20629, .adv_w = 157, .box_w = 10, .box_h = 11, .ofs_x = 0, .ofs_y = 0},
    {.bitmap_index = 20684, .adv_w = 165, .box_w = 10, .box_h = 14, .ofs_x = 1, .ofs_y = -3},
    {.bitmap_index = 20754, .adv_w = 157, .box_w = 8, .box_h = 11, .ofs_x = 1, .ofs_y = 0},
    {.bitmap_index = 20798, .adv_w = 217, .box_w = 12, .box_h = 11, .ofs_x = 1, .ofs_y = 0},
    {.bitmap_index = 20864, .adv_w = 221, .box_w = 13, .box_h = 14, .ofs_x = 1, .ofs_y = -3},
    {.bitmap_index = 20955, .adv_w = 184, .box_w = 11, .box_h = 11, .ofs_x = 0, .ofs_y = 0},
    {.bitmap_index = 21016, .adv_w = 200, .box_w = 11, .box_h = 11, .ofs_x = 1, .ofs_y = 0},
    {.bitmap_index = 21077, .adv_w = 146, .box_w = 8, .box_h = 11, .ofs_x = 1, .ofs_y = 0},
    {.bitmap_index = 21121, .adv_w = 164, .box_w = 10, .box_h = 11, .ofs_x = 0, .ofs_y = 0},
    {.bitmap_index = 21176, .adv_w = 229, .box_w = 13, .box_h = 11, .ofs_x = 1, .ofs_y = 0},
    {.bitmap_index = 21248, .adv_w = 145, .box_w = 8, .box_h = 11, .ofs_x = 0, .ofs_y = 0},
    {.bitmap_index = 21292, .adv_w = 127, .box_w = 7, .box_h = 8, .ofs_x = 0, .ofs_y = 0},
    {.bitmap_index = 21320, .adv_w = 134, .box_w = 8, .box_h = 11, .ofs_x = 0, .ofs_y = 0},
    {.bitmap_index = 21364, .adv_w = 127, .box_w = 7, .box_h = 8, .ofs_x = 1, .ofs_y = 0},
    {.bitmap_index = 21392, .adv_w = 99, .box_w = 5, .box_h = 8, .ofs_x = 1, .ofs_y = 0},
    {.bitmap_index = 21412, .adv_w = 141, .box_w = 9, .box_h = 11, .ofs_x = 0, .ofs_y = -3},
    {.bitmap_index = 21462, .adv_w = 132, .box_w = 8, .box_h = 8, .ofs_x = 0, .ofs_y = 0},
    {.bitmap_index = 21494, .adv_w = 186, .box_w = 12, .box_h = 8, .ofs_x = 0, .ofs_y = 0},
    {.bitmap_index = 21542, .adv_w = 113, .box_w = 7, .box_h = 8, .ofs_x = 0, .ofs_y = 0},
    {.bitmap_index = 21570, .adv_w = 135, .box_w = 7, .box_h = 8, .ofs_x = 1, .ofs_y = 0},
    {.bitmap_index = 21598, .adv_w = 135, .box_w = 7, .box_h = 11, .ofs_x = 1, .ofs_y = 0},
    {.bitmap_index = 21637, .adv_w = 124, .box_w = 7, .box_h = 8, .ofs_x = 1, .ofs_y = 0},
    {.bitmap_index = 21665, .adv_w = 131, .box_w = 8, .box_h = 8, .ofs_x = 0, .ofs_y = 0},
    {.bitmap_index = 21697, .adv_w = 176, .box_w = 9, .box_h = 8, .ofs_x = 1, .ofs_y = 0},
    {.bitmap_index = 21733, .adv_w = 134, .box_w = 7, .box_h = 8, .ofs_x = 1, .ofs_y = 0},
    {.bitmap_index = 21761, .adv_w = 135, .box_w = 8, .box_h = 8, .ofs_x = 0, .ofs_y = 0},
    {.bitmap_index = 21793, .adv_w = 134, .box_w = 7, .box_h = 8, .ofs_x = 1, .ofs_y = 0},
    {.bitmap_index = 21821, .adv_w = 138, .box_w = 7, .box_h = 11, .ofs_x = 1, .ofs_y = -3},
    {.bitmap_index = 21860, .adv_w = 129, .box_w = 8, .box_h = 8, .ofs_x = 0, .ofs_y = 0},
    {.bitmap_index = 21892, .adv_w = 108, .box_w = 7, .box_h = 8, .ofs_x = 0, .ofs_y = 0},
    {.bitmap_index = 21920, .adv_w = 129, .box_w = 8, .box_h = 11, .ofs_x = 0, .ofs_y = -3},
    {.bitmap_index = 21964, .adv_w = 161, .box_w = 10, .box_h = 14, .ofs_x = 0, .ofs_y = -3},
    {.bitmap_index = 22034, .adv_w = 125, .box_w = 8, .box_h = 8, .ofs_x = 0, .ofs_y = 0},
    {.bitmap_index = 22066, .adv_w = 138, .box_w = 8, .box_h = 11, .ofs_x = 1, .ofs_y = -3},
    {.bitmap_index = 22110, .adv_w = 131, .box_w = 7, .box_h = 8, .ofs_x = 1, .ofs_y = 0},
    {.bitmap_index = 22138, .adv_w = 187, .box_w = 10, .box_h = 8, .ofs_x = 1, .ofs_y = 0},
    {.bitmap_index = 22178, .adv_w = 191, .box_w = 11, .box_h = 11, .ofs_x = 1, .ofs_y = -3},
    {.bitmap_index = 22239, .adv_w = 147, .box_w = 9, .box_h = 8, .ofs_x = 0, .ofs_y = 0},
    {.bitmap_index = 22275, .adv_w = 170, .box_w = 9, .box_h = 8, .ofs_x = 1, .ofs_y = 0},
    {.bitmap_index = 22311, .adv_w = 127, .box_w = 7, .box_h = 8, .ofs_x = 1, .ofs_y = 0},
    {.bitmap_index = 22339, .adv_w = 129, .box_w = 8, .box_h = 8, .ofs_x = 0, .ofs_y = 0},
    {.bitmap_index = 22371, .adv_w = 191, .box_w = 11, .box_h = 8, .ofs_x = 1, .ofs_y = 0},
    {.bitmap_index = 22415, .adv_w = 126, .box_w = 7, .box_h = 8, .ofs_x = 0, .ofs_y = 0},
    {.bitmap_index = 22443, .adv_w = 132, .box_w = 8, .box_h = 12, .ofs_x = 0, .ofs_y = 0},
    {.bitmap_index = 22491, .adv_w = 132, .box_w = 8, .box_h = 11, .ofs_x = 0, .ofs_y = 0},
    {.bitmap_index = 22535, .adv_w = 135, .box_w = 8, .box_h = 14, .ofs_x = 0, .ofs_y = -3},
    {.bitmap_index = 22591, .adv_w = 99, .box_w = 5, .box_h = 11, .ofs_x = 1, .ofs_y = 0},
    {.bitmap_index = 22619, .adv_w = 129, .box_w = 8, .box_h = 8, .ofs_x = 0, .ofs_y = 0},
    {.bitmap_index = 22651, .adv_w = 121, .box_w = 7, .box_h = 8, .ofs_x = 0, .ofs_y = 0},
    {.bitmap_index = 22679, .adv_w = 56, .box_w = 3, .box_h = 11, .ofs_x = 0, .ofs_y = 0},
    {.bitmap_index = 22696, .adv_w = 56, .box_w = 6, .box_h = 11, .ofs_x = -1, .ofs_y = 0},
    {.bitmap_index = 22729, .adv_w = 56, .box_w = 4, .box_h = 14, .ofs_x = -1, .ofs_y = -3},
    {.bitmap_index = 22757, .adv_w = 208, .box_w = 13, .box_h = 8, .ofs_x = 0, .ofs_y = 0},
    {.bitmap_index = 22809, .adv_w = 203, .box_w = 12, .box_h = 8, .ofs_x = 1, .ofs_y = 0},
    {.bitmap_index = 22857, .adv_w = 135, .box_w = 8, .box_h = 11, .ofs_x = 0, .ofs_y = 0},
    {.bitmap_index = 22901, .adv_w = 124, .box_w = 7, .box_h = 11, .ofs_x = 1, .ofs_y = 0},
    {.bitmap_index = 22940, .adv_w = 135, .box_w = 7, .box_h = 11, .ofs_x = 1, .ofs_y = 0},
    {.bitmap_index = 22979, .adv_w = 129, .box_w = 8, .box_h = 14, .ofs_x = 0, .ofs_y = -3},
    {.bitmap_index = 23035, .adv_w = 134, .box_w = 7, .box_h = 11, .ofs_x = 1, .ofs_y = -3},
    {.bitmap_index = 23074, .adv_w = 87, .box_w = 6, .box_h = 3, .ofs_x = 0, .ofs_y = 3},
    {.bitmap_index = 23083, .adv_w = 87, .box_w = 6, .box_h = 3, .ofs_x = 0, .ofs_y = 3},
    {.bitmap_index = 23092, .adv_w = 145, .box_w = 9, .box_h = 3, .ofs_x = 0, .ofs_y = 3},
    {.bitmap_index = 23106, .adv_w = 112, .box_w = 7, .box_h = 3, .ofs_x = 0, .ofs_y = 3},
    {.bitmap_index = 23117, .adv_w = 224, .box_w = 14, .box_h = 3, .ofs_x = 0, .ofs_y = 3},
    {.bitmap_index = 23138, .adv_w = 224, .box_w = 14, .box_h = 3, .ofs_x = 0, .ofs_y = 3},
    {.bitmap_index = 23159, .adv_w = 114, .box_w = 5, .box_h = 18, .ofs_x = 1, .ofs_y = -3},
    {.bitmap_index = 23204, .adv_w = 103, .box_w = 7, .box_h = 4, .ofs_x = 0, .ofs_y = -4},
    {.bitmap_index = 23218, .adv_w = 62, .box_w = 3, .box_h = 5, .ofs_x = 1, .ofs_y = 6},
    {.bitmap_index = 23226, .adv_w = 62, .box_w = 3, .box_h = 5, .ofs_x = 1, .ofs_y = 6},
    {.bitmap_index = 23234, .adv_w = 58, .box_w = 4, .box_h = 5, .ofs_x = 0, .ofs_y = -3},
    {.bitmap_index = 23244, .adv_w = 62, .box_w = 3, .box_h = 5, .ofs_x = 0, .ofs_y = 6},
    {.bitmap_index = 23252, .adv_w = 106, .box_w = 6, .box_h = 5, .ofs_x = 1, .ofs_y = 6},
    {.bitmap_index = 23267, .adv_w = 105, .box_w = 6, .box_h = 5, .ofs_x = 1, .ofs_y = 6},
    {.bitmap_index = 23282, .adv_w = 101, .box_w = 6, .box_h = 5, .ofs_x = 0, .ofs_y = -3},
    {.bitmap_index = 23297, .adv_w = 105, .box_w = 6, .box_h = 5, .ofs_x = 0, .ofs_y = 6},
    {.bitmap_index = 23312, .adv_w = 117, .box_w = 7, .box_h = 8, .ofs_x = 0, .ofs_y = 3},
    {.bitmap_index = 23340, .adv_w = 117, .box_w = 7, .box_h = 11, .ofs_x = 0, .ofs_y = 0},
    {.bitmap_index = 23379, .adv_w = 119, .box_w = 5, .box_h = 5, .ofs_x = 1, .ofs_y = 2},
    {.bitmap_index = 23392, .adv_w = 119, .box_w = 4, .box_h = 6, .ofs_x = 2, .ofs_y = 1},
    {.bitmap_index = 23404, .adv_w = 68, .box_w = 3, .box_h = 3, .ofs_x = 1, .ofs_y = 0},
    {.bitmap_index = 23409, .adv_w = 136, .box_w = 7, .box_h = 3, .ofs_x = 1, .ofs_y = 0},
    {.bitmap_index = 23420, .adv_w = 204, .box_w = 11, .box_h = 3, .ofs_x = 1, .ofs_y = 0},
    {.bitmap_index = 23437, .adv_w = 68, .box_w = 3, .box_h = 3, .ofs_x = 1, .ofs_y = 4},
    {.bitmap_index = 23442, .adv_w = 151, .box_w = 9, .box_h = 11, .ofs_x = 0, .ofs_y = 0}
};

/*---------------------
 *  CHARACTER MAPPING
 *--------------------*/

static const uint8_t glyph_id_ofs_list_4[] = {
    0, 1, 2, 0, 0, 0, 3, 4,
    5, 6, 7, 8, 0, 0, 0, 0,
    9, 10, 11, 12, 13, 14, 15, 0,
    16
};

static const uint16_t unicode_list_7[] = {
    0x0, 0x1, 0x14, 0x15, 0x16, 0x17, 0x18, 0x19,
    0x1a, 0x1d, 0x1e
};

/*Collect the unicode lists and glyph_id offsets*/
static const lv_font_fmt_txt_cmap_t cmaps[] =
{
    {
        .range_start = 32, .range_length = 95, .glyph_id_start = 1,
        .unicode_list = NULL, .glyph_id_ofs_list = NULL, .list_length = 0, .type = LV_FONT_FMT_TXT_CMAP_FORMAT0_TINY
    },
    {
        .range_start = 160, .range_length = 13, .glyph_id_start = 96,
        .unicode_list = NULL, .glyph_id_ofs_list = NULL, .list_length = 0, .type = LV_FONT_FMT_TXT_CMAP_FORMAT0_TINY
    },
    {
        .range_start = 174, .range_length = 155, .glyph_id_start = 109,
        .unicode_list = NULL, .glyph_id_ofs_list = NULL, .list_length = 0, .type = LV_FONT_FMT_TXT_CMAP_FORMAT0_TINY
    },
    {
        .range_start = 330, .range_length = 54, .glyph_id_start = 264,
        .unicode_list = NULL, .glyph_id_ofs_list = NULL, .list_length = 0, .type = LV_FONT_FMT_TXT_CMAP_FORMAT0_TINY
    },
    {
        .range_start = 884, .range_length = 25, .glyph_id_start = 318,
        .unicode_list = NULL, .glyph_id_ofs_list = glyph_id_ofs_list_4, .list_length = 25, .type = LV_FONT_FMT_TXT_CMAP_FORMAT0_FULL
    },
    {
        .range_start = 910, .range_length = 20, .glyph_id_start = 335,
        .unicode_list = NULL, .glyph_id_ofs_list = NULL, .list_length = 0, .type = LV_FONT_FMT_TXT_CMAP_FORMAT0_TINY
    },
    {
        .range_start = 931, .range_length = 53, .glyph_id_start = 355,
        .unicode_list = NULL, .glyph_id_ofs_list = NULL, .list_length = 0, .type = LV_FONT_FMT_TXT_CMAP_FORMAT0_TINY
    },
    {
        .range_start = 988, .range_length = 31, .glyph_id_start = 408,
        .unicode_list = unicode_list_7, .glyph_id_ofs_list = NULL, .list_length = 11, .type = LV_FONT_FMT_TXT_CMAP_SPARSE_TINY
    },
    {
        .range_start = 1020, .range_length = 100, .glyph_id_start = 419,
        .unicode_list = NULL, .glyph_id_ofs_list = NULL, .list_length = 0, .type = LV_FONT_FMT_TXT_CMAP_FORMAT0_TINY
    },
    {
        .range_start = 8208, .range_length = 24, .glyph_id_start = 519,
        .unicode_list = NULL, .glyph_id_ofs_list = NULL, .list_length = 0, .type = LV_FONT_FMT_TXT_CMAP_FORMAT0_TINY
    },
    {
        .range_start = 8364, .range_length = 1, .glyph_id_start = 543,
        .unicode_list = NULL, .glyph_id_ofs_list = NULL, .list_length = 0, .type = LV_FONT_FMT_TXT_CMAP_FORMAT0_TINY
    }
};

/*-----------------
 *    KERNING
 *----------------*/


/*Map glyph_ids to kern left classes*/
static const uint8_t kern_left_class_mapping[] =
{
    0, 0, 0, 1, 0, 2, 3, 4,
    1, 5, 6, 7, 8, 9, 8, 9,
    10, 11, 12, 13, 14, 15, 16, 17,
    18, 14, 11, 19, 19, 0, 20, 21,
    22, 23, 0, 0, 0, 0, 0, 0,
    0, 0, 0, 0, 0, 0, 0, 0,
    0, 0, 0, 0, 0, 0, 0, 0,
    0, 0, 0, 0, 5, 24, 6, 7,
    25, 0, 0, 0, 0, 0, 0, 0,
    0, 0, 0, 0, 0, 0, 0, 0,
    0, 0, 0, 0, 0, 0, 0, 0,
    0, 0, 0, 0, 5, 12, 6, 8,
    0, 26, 27, 0, 0, 0, 0, 0,
    0, 23, 0, 28, 0, 29, 0, 7,
    20, 0, 0, 0, 30, 12, 31, 0,
    0, 0, 32, 0, 0, 0, 33, 0,
    0, 0, 0, 0, 0, 0, 0, 0,
    0, 0, 0, 0, 0, 0, 0, 0,
    0, 0, 0, 0, 0, 0, 34, 0,
    0, 0, 0, 0, 0, 0, 0, 0,
    0, 0, 0, 0, 0, 0, 0, 0,
    0, 0, 0, 0, 0, 0, 0, 0,
    0, 0, 0, 0, 0, 0, 8, 0,
    0, 0, 0, 0, 0, 0, 0, 0,
    0, 0, 0, 0, 0, 0, 0, 0,
    0, 0, 0, 0, 0, 0, 0, 0,
    0, 0, 0, 0, 0, 0, 0, 0,
    0, 0, 0, 0, 0, 0, 0, 0,
    0, 0, 0, 0, 0, 0, 0, 0,
    0, 0, 0, 0, 0, 0, 0, 0,
    0, 0, 0, 0, 0, 0, 0, 0,
    0, 0, 0, 0, 0, 0, 0, 0,
    0, 0, 0, 0, 0, 0, 0, 0,
    0, 0, 0, 0, 0, 0, 0, 0,
    0, 0, 0, 0, 0, 0, 0, 0,
    0, 0, 0, 0, 0, 0, 0, 0,
    0, 0, 0, 0, 0, 0, 0, 0,
    0, 0, 0, 0, 0, 0, 0, 0,
    0, 0, 0, 0, 0, 0, 0, 0,
    0, 0, 0, 0, 0, 0, 0, 0,
    0, 0, 0, 0, 0, 0, 0, 0,
    0, 0, 1, 0, 0, 0, 0, 0,
    0, 0, 0, 0, 0, 35, 0, 0,
    0, 0, 0, 0, 0, 0, 0, 0,
    0, 0, 0, 0, 0, 0, 0, 0,
    0, 0, 0, 0, 0, 0, 0, 0,
    0, 0, 0, 0, 0, 0, 0, 0,
    0, 0, 0, 0, 0, 0, 0, 0,
    0, 0, 0, 0, 0, 0, 0, 0,
    0, 0, 0, 0, 0, 0, 0, 0,
    0, 0, 0, 0, 0, 0, 0, 0,
    0, 0, 0, 0, 0, 0, 0, 0,
    0, 0, 0, 0, 0, 0, 0, 0,
    0, 0, 0, 0, 0, 0, 0, 0,
    0, 0, 0, 0, 0, 0, 0, 0,
    0, 0, 0, 0, 0, 0, 0, 0,
    0, 0, 0, 0, 0, 0, 0, 0,
    0, 0, 0, 0, 0, 0, 0, 0,
    0, 0, 0, 0, 0, 0, 0, 0,
    0, 0, 0, 0, 0, 0, 0, 0,
    0, 0, 0, 0, 0, 0, 0, 0,
    0, 0, 0, 0, 0, 0, 0, 0,
    0, 0, 0, 0, 0, 0, 0, 0,
    0, 0, 0, 0, 0, 0, 0, 0,
    0, 0, 0, 0, 0, 0, 0, 0,
    0, 0, 0, 0, 0, 0, 0, 36,
    37, 38, 0, 36, 37, 38, 0, 39,
    39, 34, 34, 0, 0, 40, 0, 0
};

/*Map glyph_ids to kern right classes*/
static const uint8_t kern_right_class_mapping[] =
{
    0, 1, 2, 3, 4, 5, 0, 6,
    3, 0, 7, 8, 9, 10, 9, 10,
    11, 12, 13, 14, 15, 16, 17, 12,
    18, 19, 20, 21, 21, 22, 23, 0,
    24, 25, 0, 0, 0, 0, 0, 0,
    0, 0, 0, 0, 0, 0, 0, 0,
    0, 0, 0, 0, 0, 0, 0, 0,
    0, 0, 0, 0, 0, 26, 7, 8,
    27, 0, 0, 0, 0, 0, 0, 0,
    0, 0, 0, 0, 0, 0, 0, 0,
    0, 0, 0, 0, 0, 0, 0, 0,
    0, 0, 0, 0, 0, 28, 7, 29,
    0, 0, 30, 0, 0, 0, 0, 0,
    0, 25, 0, 31, 32, 33, 0, 8,
    23, 0, 0, 0, 34, 35, 9, 0,
    0, 0, 36, 0, 0, 0, 37, 0,
    0, 0, 0, 0, 0, 0, 0, 0,
    0, 0, 0, 0, 0, 0, 0, 0,
    0, 0, 0, 0, 0, 0, 36, 0,
    0, 0, 0, 0, 0, 0, 0, 0,
    0, 0, 0, 0, 0, 0, 0, 0,
    0, 0, 0, 0, 0, 0, 0, 0,
    0, 0, 0, 0, 0, 0, 9, 0,
    0, 0, 0, 0, 0, 0, 0, 0,
    0, 0, 0, 0, 0, 0, 0, 0,
    0, 0, 0, 0, 0, 0, 0, 0,
    0, 0, 0, 0, 0, 0, 0, 0,
    0, 0, 0, 0, 0, 0, 0, 0,
    0, 0, 0, 0, 0, 0, 0, 0,
    0, 0, 0, 0, 0, 0, 0, 0,
    0, 0, 0, 0, 0, 0, 0, 0,
    0, 0, 0, 0, 0, 0, 0, 0,
    0, 0, 0, 0, 0, 0, 0, 0,
    0, 0, 0, 0, 0, 0, 0, 0,
    0, 0, 0, 0, 0, 0, 0, 0,
    0, 0, 0, 0, 0, 0, 0, 0,
    0, 0, 0, 0, 0, 0, 0, 0,
    0, 0, 0, 0, 0, 0, 0, 0,
    0, 0, 0, 0, 0, 0, 0, 0,
    0, 0, 0, 0, 0, 0, 0, 0,
    0, 0, 0, 0, 0, 0, 0, 0,
    0, 0, 3, 0, 0, 0, 0, 0,
    0, 0, 0, 0, 0, 38, 0, 0,
    0, 0, 0, 0, 0, 0, 0, 0,
    0, 0, 0, 0, 0, 0, 0, 0,
    0, 0, 0, 0, 0, 0, 0, 0,
    0, 0, 0, 0, 0, 0, 0, 0,
    0, 0, 0, 0, 0, 0, 0, 0,
    0, 0, 0, 0, 0, 0, 0, 0,
    0, 0, 0, 0, 0, 0, 0, 0,
    0, 0, 0, 0, 0, 0, 0, 0,
    0, 0, 0, 0, 0, 0, 0, 0,
    0, 0, 0, 0, 0, 0, 0, 0,
    0, 0, 0, 0, 0, 0, 0, 0,
    0, 0, 0, 0, 0, 0, 0, 0,
    0, 0, 0, 0, 0, 0, 0, 0,
    0, 0, 0, 0, 0, 0, 0, 0,
    0, 0, 0, 0, 0, 0, 0, 0,
    0, 0, 0, 0, 0, 0, 0, 0,
    0, 0, 0, 0, 0, 0, 0, 0,
    0, 0, 0, 0, 0, 0, 0, 0,
    0, 0, 0, 0, 0, 0, 0, 0,
    0, 0, 0, 0, 0, 0, 0, 0,
    0, 0, 0, 0, 0, 0, 0, 0,
    0, 0, 0, 0, 0, 0, 0, 0,
    0, 0, 0, 0, 0, 0, 0, 39,
    40, 41, 42, 39, 40, 41, 43, 44,
    44, 36, 36, 0, 0, 10, 0, 0
};

/*Kern values between classes*/
static const int8_t kern_class_values[] =
{
    0, 0, 0, 0, 0, -8, 0, 0,
    0, -19, 0, 0, 0, 0, 0, -14,
    0, 0, 0, 0, 0, 0, 0, 0,
    0, 0, 0, 0, 0, -4, 0, 0,
    0, 0, 0, 0, 0, -18, 0, 0,
    0, 0, 0, 0, 0, 0, 0, 0,
    0, 0, 0, 0, 0, 0, 0, 0,
    0, 0, 0, 0, 0, 0, 0, 0,
    0, 0, 0, 0, 0, 0, 0, 0,
    0, 0, 0, 0, 0, 0, 0, 0,
    0, -1, 0, 0, 0, 0, 0, 0,
    0, 0, 0, 0, 0, 0, 0, 0,
    0, 0, 0, 0, 0, 0, 0, 0,
    0, 0, 0, 0, 0, 0, 0, 0,
    0, 0, 0, 0, 0, 0, 0, 0,
    0, 0, 0, 0, 0, 0, -14, -15,
    0, 0, 0, 0, 0, 0, -8, 0,
    0, 0, 0, 0, 0, 0, 0, 0,
    0, 0, 0, 0, 0, 0, 0, 0,
    0, 0, 0, 0, 0, -14, 0, 0,
    0, 0, 0, 0, -5, 0, 0, 0,
    0, 0, -20, 0, 0, 0, 0, -9,
    0, 0, 0, 0, 0, 0, 0, 0,
    0, 0, 0, 0, 0, 0, 0, 0,
    0, 0, 0, 0, 0, 0, 0, 0,
    0, 0, 0, 1, 0, -2, 0, 0,
    0, 0, 0, 0, 0, 0, 0, 0,
    0, 0, 0, 0, 0, 0, 0, 0,
    0, 0, 0, 0, 0, 0, 0, 0,
    0, 0, 0, 0, 0, 0, 0, 0,
    0, 0, 0, 0, 0, 0, 0, 0,
    0, 0, 0, 0, 0, 0, 0, 0,
    0, 0, -8, 0, 0, 0, 0, 0,
    0, 0, 0, 0, 0, -8, 0, 0,
    0, -31, 0, 0, 0, 0, 0, -10,
    0, 0, 0, 0, 0, 0, 0, 0,
    -3, 0, -15, 0, 0, 0, 0, 0,
    0, 0, 0, 0, 0, -19, 0, 0,
    0, 0, 0, 0, 0, 0, 0, 0,
    0, 0, 0, 0, 0, 0, 0, 0,
    0, -7, -2, 0, 0, -5, 0, 0,
    0, 0, 0, 0, 0, -11, 0, 0,
    0, 0, 0, 0, 0, 0, -3, 0,
    0, -8, -11, 0, 0, 0, 0, 0,
    -2, -1, -20, 0, 0, 0, 0, 0,
    0, 0, 0, -6, -20, 0, -6, 0,
    -3, -4, -5, -2, 0, 0, 0, -20,
    -10, 0, 0, 0, 0, 0, 0, 0,
    0, 0, -11, 0, 0, 0, 0, -16,
    0, -31, -31, 0, 0, 0, 0, 0,
    0, 0, 0, 0, 0, -9, 0, 0,
    0, 0, 0, 0, 0, 0, 0, 0,
    0, 0, 0, 0, 0, 1, 0, 0,
    0, 0, 0, 0, 0, 0, 0, 0,
    0, -5, 0, 0, 0, 0, 0, 0,
    0, 0, 0, 0, 0, 0, 0, 0,
    0, -6, 0, 0, 0, 0, 0, 0,
    0, -4, 0, 0, 0, 0, 0, 0,
    0, -3, -10, 0, 0, 0, 0, 0,
    0, 0, 0, 0, 0, 0, -10, 0,
    -11, 0, 0, 0, 0, 0, 0, 0,
    0, 0, 1, 0, 0, 0, 0, 0,
    0, 0, 0, 0, 0, 0, 0, 0,
    0, 0, 0, 0, 0, 0, 1, 0,
    0, 0, 0, 0, 0, 0, 0, 0,
    0, 0, 0, 0, 0, 0, 0, 0,
    0, 0, 0, 0, 0, 0, 0, 0,
    0, 0, 0, 0, 0, 0, 0, -3,
    0, 0, 0, 0, 0, 0, 0, 0,
    0, 0, 0, 0, 0, 0, 0, 0,
    0, 0, 0, 0, 0, 0, 0, 0,
    0, 0, 0, 0, 0, 0, 0, 0,
    0, 0, 0, -3, 0, -5, 0, 0,
    0, 0, 0, 0, 0, 0, 0, 0,
    0, 0, 0, 0, 0, 0, 0, 0,
    0, 0, -8, 0, 0, 0, 0, 0,
    0, 0, 0, 0, -11, 0, 0, 0,
    0, 0, 0, 0, 0, 0, 0, -6,
    0, -8, 0, 0, -6, 0, 0, 0,
    0, 0, 0, 0, 0, 0, 0, 0,
    0, 0, 0, 0, 0, 0, 0, 0,
    -1, 0, -9, 0, 0, 0, 0, 0,
    0, 0, 0, 0, 0, 0, 0, 0,
    0, 0, 0, 0, 0, -6, 0, 0,
    0, 0, 0, 0, 0, 0, 0, 0,
    0, 0, 0, 0, 0, 0, 0, 0,
    0, 0, 0, 0, -1, 0, 0, 0,
    0, 0, 0, 0, 0, 0, 0, 0,
    0, 0, 0, 0, 0, 0, 0, 0,
    0, -7, 0, 0, 0, 0, 0, 0,
    0, 0, 0, 0, 0, 0, 0, 0,
    0, 0, -10, 0, 0, 0, 0, 0,
    0, 0, 0, 0, 0, 0, 0, 0,
    -10, 0, 0, 0, 0, 0, 0, -13,
    0, -10, 0, 0, 0, -28, 0, -3,
    0, 0, -4, -13, -2, 4, -3, -2,
    -8, -20, 0, 0, 0, 0, -36, 0,
    0, -11, -14, 0, 0, 0, 0, 0,
    0, -24, 0, 0, -32, 0, 0, 0,
    0, 0, 0, 0, 0, 0, 0, 0,
    0, 0, 0, 0, 0, 0, 0, 0,
    0, 0, 0, 0, 0, 0, 0, 0,
    0, -14, 0, 0, 0, 0, 0, 0,
    0, 0, 0, 0, 0, 0, -10, 0,
    0, 0, 0, 0, 0, 0, 0, 0,
    0, 0, 0, 0, 0, 0, 0, 0,
    0, 0, 0, 0, 0, 0, 0, 0,
    0, 0, 0, 0, 0, -15, 0, 0,
    0, 0, 0, 0, 0, 0, 0, 0,
    0, -11, -13, 0, 0, 0, 0, 0,
    0, 0, 0, 0, 0, 0, 0, 0,
    0, 0, 0, 0, 0, 0, 0, 0,
    0, -17, 0, 0, 0, 0, 0, 0,
    0, -17, 0, 0, 0, 0, 0, 0,
    0, 0, 0, 0, 0, -3, -22, 0,
    0, 0, 0, 0, 0, 0, 0, 0,
    0, 0, 0, 0, 0, 0, 0, 0,
    0, 0, 0, 0, 0, 0, 0, 0,
    0, 0, 0, 0, 0, 0, 0, 0,
    0, 0, 0, 0, 0, 0, 0, 0,
    0, -14, 0, 0, 0, 0, 0, 0,
    0, 0, 0, 0, 0, 0, 0, 0,
    0, -10, -9, 0, 0, 0, 0, 0,
    0, 0, 0, 0, 0, 0, 0, 0,
    0, -8, -9, 0, 0, 0, 0, 0,
    -1, 0, 0, 0, 0, -8, -8, 0,
    -9, 0, 0, 0, 0, 0, -18, 0,
    -1, 0, 0, -19, -8, 0, 4, 0,
    -9, 0, 0, 0, 0, 0, 0, 0,
    0, -3, -11, -14, -8, -11, 0, 0,
    -8, -2, -8, -8, -16, 0, -11, -8,
    0, 3, -10, -13, 0, 0, 0, -17,
    0, 0, 0, 0, 0, 0, 0, -15,
    0, 0, 0, -10, -24, 0, -10, -13,
    -10, 0, -10, -10, 0, 0, 0, 0,
    -9, -18, 0, 8, 0, 0, 0, 0,
    0, 0, -10, 0, 0, 0, -9, 0,
    0, 0, 0, 0, 0, 0, 0, 0,
    0, 0, 0, 0, 0, 0, 0, 0,
    0, 0, 0, 0, 0, 0, 0, 0,
    0, 0, 0, 0, 0, -8, 0, 0,
    0, 0, 0, 0, 0, 0, 0, 0,
    0, 0, -8, 0, 0, 0, 0, 0,
    0, 0, -4, 0, 0, 0, -3, 0,
    0, 0, 0, 0, -8, 0, 0, 0,
    0, 0, 0, 0, 0, 0, 0, 0,
    0, -12, 0, 0, 0, 0, 0, 0,
    -3, 0, 0, 0, 0, -8, -14, -5,
    0, 0, 0, -8, 0, 0, 0, 0,
    0, 0, 0, 0, 0, 0, 0, 0,
    0, 0, 0, 0, 0, 0, 0, 0,
    0, 0, 0, 0, 0, 0, 0, 0,
    0, 0, 0, 0, 0, 0, 0, 0,
    0, -8, 0, 0, 0, 0, 0, 0,
    0, 0, 0, 0, 0, -8, 0, 0,
    0, 0, 0, 0, 0, 0, 0, -11,
    0, 0, 0, 0, 0, 0, 0, 0,
    -1, 0, 0, 0, 0, -6, 0, 0,
    0, 0, 0, 0, 0, -16, 0, 0,
    0, 0, 0, 0, 0, 0, 0, 0,
    0, 0, 0, 0, -9, 0, -8, 0,
    0, 0, 0, 0, 0, 0, 0, 0,
    0, -9, 0, 0, 0, 0, -8, 0,
    -9, 0, 0, -8, 0, 0, 0, 0,
    0, 0, -11, 3, 0, 0, 0, 0,
    0, 0, 0, 0, 0, 0, 0, 0,
    0, 0, 0, 0, 0, -7, -2, 0,
    0, -5, 0, 0, 0, 0, 0, 0,
    0, -9, 0, 0, 0, 0, 0, 0,
    0, 0, -3, 0, 0, -8, -11, 0,
    0, 0, 0, 0, 0, 0, 0, 0,
    0, 0, 0, 0, 0, 0, 0, 0,
    -9, -11, -10, 0, 0, -11, -8, 0,
    0, 0, 0, 0, 0, -14, 0, 0,
    0, 0, 0, 0, 0, 0, 0, 0,
    0, -8, -19, 0, 0, 0, 0, 0,
    0, 0, 0, 0, 0, 0, 0, 0,
    0, 0, 0, 0, 0, 0, 0, 0,
    0, 0, 0, 0, 0, 0, 0, 0,
    0, -20, 0, 0, 0, 0, 0, 0,
    0, 0, 0, 0, 0, 0, -14, -8,
    0, 0, 0, 0, 0, 0, 0, 0,
    0, 0, 0, 0, 0, 0, 0, 0,
    0, 0, 0, 0, 0, 0, 0, 0,
    0, 0, 0, 0, 0, -9, 0, 0,
    0, 0, 0, 0, 0, 0, 0, 0,
    0, -8, 0, 0, 0, 0, 0, 0,
    0, 0, -18, 0, -1, 0, 0, -19,
    -8, 0, 4, 0, -9, 0, 0, 0,
    0, 0, 0, 0, 0, -3, -11, -14,
    -8, -16, 0, 0, -8, -2, -8, -8,
    -16, 0, -11, -8, 0, 3, -29, -23,
    0, 0, 0, -17, 0, 0, 0, 0,
    0, -14, 0, 0, 0, -21, -22, 0,
    0, 0, 0, -14, 0, 0, 0, 0,
    0, 0, 0, 0, 0, 0, 0, 0,
    0, -9, 0, 0, 0, 0, 0, 0,
    -14, -22, 0, 0, -17, 0, 0, 0,
    0, 0, 0, -28, 0, -15, 0, 0,
    -13, -24, -32, -10, 0, 0, 0, -22,
    0, -14, -9, 0, -13, -22, -13, 0,
    -13, 0, -9, 0, -10, -14, -19, -13,
    0, -10, -3, 0, -15, -31, 0, 0,
    0, 0, 0, 0, 0, 0, 0, 0,
    0, 0, 0, 0, 0, 0, 0, 0,
    -15, 0, 0, 0, 0, 0, 0, 0,
    0, 0, 0, 0, -9, -20, 0, 0,
    0, 0, 0, 0, 0, 0, 0, 0,
    0, 0, -28, -22, 0, 0, 0, 0,
    0, 0, 0, 0, 0, -9, 0, 0,
    0, 0, 0, 0, 0, 0, 0, 0,
    0, 0, 0, 0, 0, 0, 0, 0,
    0, 0, 0, 0, 0, -8, 0, 0,
    0, 0, 0, 0, 0, -17, 0, 0,
    0, 0, 0, 0, -2, -1, -20, 0,
    0, 0, 0, 0, 0, 0, 0, -6,
    -20, 0, -6, 0, -3, -4, -5, -2,
    0, 0, 0, -20, -10, 0, 0, 0,
    0, 0, 0, 0, 0, 0, -11, 0,
    0, 0, 0, -16, 0, -31, -41, 0
};


/*Collect the kern class' data in one place*/
static const lv_font_fmt_txt_kern_classes_t kern_classes =
{
    .class_pair_values   = kern_class_values,
    .left_class_mapping  = kern_left_class_mapping,
    .right_class_mapping = kern_right_class_mapping,
    .left_class_cnt      = 40,
    .right_class_cnt     = 44,
};

/*--------------------
 *  ALL CUSTOM DATA
 *--------------------*/

#if LVGL_VERSION_MAJOR == 8
/*Store all the custom data of the font*/
static  lv_font_fmt_txt_glyph_cache_t cache;
#endif

#if LVGL_VERSION_MAJOR >= 8
static const lv_font_fmt_txt_dsc_t font_dsc = {
#else
static lv_font_fmt_txt_dsc_t font_dsc = {
#endif
    .glyph_bitmap = glyph_bitmap,
    .glyph_dsc = glyph_dsc,
    .cmaps = cmaps,
    .kern_dsc = &kern_classes,
    .kern_scale = 16,
    .cmap_num = 11,
    .bpp = 4,
    .kern_classes = 1,
    .bitmap_format = 0,
#if LVGL_VERSION_MAJOR == 8
    .cache = &cache
#endif
};

extern const lv_font_t lv_font_montserrat_14;


/*-----------------
 *  PUBLIC FONT
 *----------------*/

/*Initialize a public general font descriptor*/
#if LVGL_VERSION_MAJOR >= 8
const lv_font_t owl_font_14 = {
#else
lv_font_t owl_font_14 = {
#endif
    .get_glyph_dsc = lv_font_get_glyph_dsc_fmt_txt,    /*Function pointer to get glyph's data*/
    .get_glyph_bitmap = lv_font_get_bitmap_fmt_txt,    /*Function pointer to get glyph's bitmap*/
    .line_height = 19,          /*The maximum line height required by the font*/
    .base_line = 4,             /*Baseline measured from the bottom of the line*/
#if !(LVGL_VERSION_MAJOR == 6 && LVGL_VERSION_MINOR == 0)
    .subpx = LV_FONT_SUBPX_NONE,
#endif
#if LV_VERSION_CHECK(7, 4, 0) || LVGL_VERSION_MAJOR >= 8
    .underline_position = -2,
    .underline_thickness = 1,
#endif
    .dsc = &font_dsc,          /*The custom font data. Will be accessed by `get_glyph_bitmap/dsc` */
#if LV_VERSION_CHECK(8, 2, 0) || LVGL_VERSION_MAJOR >= 9
    .fallback = &lv_font_montserrat_14,
#endif
    .user_data = NULL,
};



#endif /*#if OWL_FONT_14*/

