/*******************************************************************************
 * Size: 20 px
 * Bpp: 4
 * Opts: --font build/fonts/extras/ttf/Inter-Medium.ttf -r 0x20-0x7E,0xA0-0x17F,0x370-0x3FF,0x400-0x45F,0x2010-0x2027,0x20AC --size 20 --bpp 4 --no-compress --format lvgl --lv-include lvgl.h --lv-font-name owl_font_20 --lv-fallback lv_font_montserrat_20 -o firmware/components/owl_ui/fonts/owl_font_20.c
 ******************************************************************************/

#ifdef LV_LVGL_H_INCLUDE_SIMPLE
#include "lvgl.h"
#else
#include "lvgl.h"
#endif

#ifndef OWL_FONT_20
#define OWL_FONT_20 1
#endif

#if OWL_FONT_20

/*-----------------
 *    BITMAPS
 *----------------*/

/*Store the image of the glyphs*/
static LV_ATTRIBUTE_LARGE_CONST const uint8_t glyph_bitmap[] = {
    /* U+0020 " " */

    /* U+0021 "!" */
    0x2f, 0xf3, 0x2f, 0xf3, 0x1f, 0xf3, 0x1f, 0xf2,
    0x1f, 0xf2, 0x1f, 0xf2, 0xf, 0xf2, 0xf, 0xf1,
    0xf, 0xf1, 0xd, 0xd1, 0x0, 0x0, 0xa, 0xb1,
    0x5f, 0xf7, 0x1d, 0xe2,

    /* U+0022 "\"" */
    0xff, 0x35, 0xfd, 0xef, 0x24, 0xfc, 0xef, 0x13,
    0xfc, 0xdf, 0x13, 0xfb, 0xcf, 0x2, 0xfa, 0x8a,
    0x1, 0xb7,

    /* U+0023 "#" */
    0x0, 0x0, 0xfc, 0x0, 0xd, 0xe0, 0x0, 0x0,
    0x2f, 0x80, 0x0, 0xfa, 0x0, 0x0, 0x6, 0xf5,
    0x0, 0x4f, 0x70, 0x0, 0xaf, 0xff, 0xff, 0xff,
    0xff, 0xf6, 0x9, 0xbf, 0xfb, 0xbb, 0xef, 0xbb,
    0x20, 0x0, 0xed, 0x0, 0xc, 0xf0, 0x0, 0x0,
    0xf, 0xb0, 0x0, 0xec, 0x0, 0x0, 0x2, 0xf8,
    0x0, 0x1f, 0xa0, 0x0, 0x5b, 0xcf, 0xdb, 0xbc,
    0xfd, 0xb6, 0x9, 0xff, 0xff, 0xff, 0xff, 0xff,
    0x60, 0x0, 0xaf, 0x0, 0x9, 0xf2, 0x0, 0x0,
    0xd, 0xe0, 0x0, 0xbf, 0x0, 0x0, 0x0, 0xfb,
    0x0, 0xe, 0xd0, 0x0, 0x0, 0x2f, 0x90, 0x0,
    0xfb, 0x0, 0x0,

    /* U+0024 "$" */
    0x0, 0x0, 0x9, 0x0, 0x0, 0x0, 0x0, 0x1,
    0xf1, 0x0, 0x0, 0x0, 0x0, 0x1f, 0x10, 0x0,
    0x0, 0x4, 0xbf, 0xff, 0xc6, 0x0, 0x9, 0xff,
    0xef, 0xef, 0xfb, 0x3, 0xff, 0x51, 0xf1, 0x4f,
    0xf6, 0x8f, 0xb0, 0x1f, 0x10, 0x7b, 0x77, 0xfd,
    0x1, 0xf1, 0x0, 0x0, 0x2f, 0xfd, 0x7f, 0x10,
    0x0, 0x0, 0x3d, 0xff, 0xfd, 0x82, 0x0, 0x0,
    0x4, 0xaf, 0xff, 0xf8, 0x0, 0x0, 0x1, 0xf3,
    0x8f, 0xf6, 0x0, 0x0, 0x1f, 0x10, 0x7f, 0xdd,
    0xf6, 0x1, 0xf1, 0x6, 0xfd, 0x9f, 0xe3, 0x1f,
    0x13, 0xef, 0x91, 0xdf, 0xfe, 0xfe, 0xff, 0xd1,
    0x1, 0x8d, 0xff, 0xfd, 0x81, 0x0, 0x0, 0x1,
    0xf1, 0x0, 0x0, 0x0, 0x0, 0x1f, 0x10, 0x0,
    0x0,

    /* U+0025 "%" */
    0x9, 0xef, 0xa1, 0x0, 0x0, 0x5, 0xf6, 0x0,
    0x9f, 0x98, 0xfb, 0x0, 0x0, 0x2f, 0xb0, 0x0,
    0xdd, 0x0, 0xbf, 0x0, 0x0, 0xce, 0x10, 0x0,
    0xec, 0x0, 0xaf, 0x0, 0x8, 0xf4, 0x0, 0x0,
    0xbf, 0x43, 0xed, 0x0, 0x3f, 0x80, 0x0, 0x0,
    0x2e, 0xff, 0xf3, 0x0, 0xdc, 0x0, 0x0, 0x0,
    0x0, 0x34, 0x0, 0xa, 0xf2, 0x0, 0x10, 0x0,
    0x0, 0x0, 0x0, 0x5f, 0x60, 0x2c, 0xff, 0x90,
    0x0, 0x0, 0x2, 0xfb, 0x0, 0xcf, 0x69, 0xf6,
    0x0, 0x0, 0xc, 0xe1, 0x1, 0xf9, 0x0, 0xfb,
    0x0, 0x0, 0x8f, 0x40, 0x2, 0xf8, 0x0, 0xec,
    0x0, 0x3, 0xf8, 0x0, 0x1, 0xf9, 0x0, 0xfa,
    0x0, 0xd, 0xc0, 0x0, 0x0, 0xbf, 0x8b, 0xf5,
    0x0, 0xaf, 0x20, 0x0, 0x0, 0x1b, 0xfe, 0x70,

    /* U+0026 "&" */
    0x0, 0x5, 0xcf, 0xeb, 0x20, 0x0, 0x0, 0x5,
    0xff, 0xde, 0xfe, 0x10, 0x0, 0x0, 0xcf, 0x80,
    0xc, 0xf6, 0x0, 0x0, 0xc, 0xf3, 0x0, 0x9f,
    0x50, 0x0, 0x0, 0x7f, 0x80, 0x3e, 0xd0, 0x0,
    0x0, 0x0, 0xcf, 0x8f, 0xc1, 0x0, 0x0, 0x0,
    0xa, 0xff, 0xc0, 0x0, 0x0, 0x0, 0x1c, 0xfc,
    0xef, 0x70, 0xc, 0xc0, 0xa, 0xfb, 0x3, 0xff,
    0x52, 0xfd, 0x0, 0xff, 0x30, 0x4, 0xff, 0xaf,
    0xa0, 0xf, 0xf3, 0x0, 0x7, 0xff, 0xf3, 0x0,
    0xcf, 0xb1, 0x0, 0x5f, 0xfe, 0x0, 0x2, 0xff,
    0xfd, 0xff, 0xfe, 0xfa, 0x0, 0x1, 0x9e, 0xfe,
    0xb4, 0x1e, 0xf7,

    /* U+0027 "'" */
    0xff, 0x3e, 0xf2, 0xef, 0x1d, 0xf1, 0xcf, 0x8,
    0xa0,

    /* U+0028 "(" */
    0x0, 0x0, 0x10, 0x0, 0xc, 0xf4, 0x0, 0x4f,
    0xe0, 0x0, 0xbf, 0x80, 0x0, 0xff, 0x20, 0x4,
    0xfe, 0x0, 0x8, 0xfa, 0x0, 0xc, 0xf6, 0x0,
    0xe, 0xf4, 0x0, 0xf, 0xf3, 0x0, 0xf, 0xf2,
    0x0, 0xf, 0xf3, 0x0, 0xd, 0xf5, 0x0, 0xa,
    0xf8, 0x0, 0x7, 0xfc, 0x0, 0x1, 0xff, 0x10,
    0x0, 0xbf, 0x70, 0x0, 0x4f, 0xd0, 0x0, 0xc,
    0xf5,

    /* U+0029 ")" */
    0x1, 0x0, 0x0, 0xe, 0xf3, 0x0, 0x8, 0xfa,
    0x0, 0x2, 0xff, 0x10, 0x0, 0xcf, 0x60, 0x0,
    0x8f, 0xa0, 0x0, 0x4f, 0xe0, 0x0, 0x1f, 0xf2,
    0x0, 0xe, 0xf4, 0x0, 0xd, 0xf5, 0x0, 0xc,
    0xf6, 0x0, 0xe, 0xf5, 0x0, 0xf, 0xf3, 0x0,
    0x2f, 0xf0, 0x0, 0x6f, 0xc0, 0x0, 0xbf, 0x70,
    0x1, 0xff, 0x10, 0x7, 0xfa, 0x0, 0xe, 0xf2,
    0x0,

    /* U+002A "*" */
    0x0, 0x8, 0xf0, 0x0, 0x1, 0x50, 0x8e, 0x2,
    0x50, 0x8f, 0xb9, 0xe7, 0xfe, 0x0, 0x5d, 0xff,
    0xf8, 0x10, 0x3, 0xbf, 0xfe, 0x60, 0x7, 0xfd,
    0xae, 0x9f, 0xd0, 0x28, 0x7, 0xe0, 0x36, 0x0,
    0x0, 0x8f, 0x0, 0x0, 0x0, 0x1, 0x20, 0x0,
    0x0,

    /* U+002B "+" */
    0x0, 0x0, 0x4f, 0xa0, 0x0, 0x0, 0x0, 0x4,
    0xfa, 0x0, 0x0, 0x0, 0x0, 0x4f, 0xa0, 0x0,
    0x0, 0x0, 0x4, 0xfa, 0x0, 0x0, 0x2f, 0xff,
    0xff, 0xff, 0xff, 0x71, 0xdd, 0xdd, 0xfe, 0xdd,
    0xd6, 0x0, 0x0, 0x4f, 0xa0, 0x0, 0x0, 0x0,
    0x4, 0xfa, 0x0, 0x0, 0x0, 0x0, 0x4f, 0xa0,
    0x0, 0x0, 0x0, 0x2, 0x95, 0x0, 0x0,

    /* U+002C "," */
    0xa, 0xb3, 0x1f, 0xf1, 0x4f, 0xc0, 0x6f, 0x70,
    0x8f, 0x30, 0xbe, 0x0,

    /* U+002D "-" */
    0x8d, 0xdd, 0xdd, 0xb9, 0xff, 0xff, 0xfd,

    /* U+002E "." */
    0xb, 0xb1, 0x5f, 0xf6, 0x1d, 0xd2,

    /* U+002F "/" */
    0x0, 0x0, 0x7, 0x70, 0x0, 0x3, 0xfb, 0x0,
    0x0, 0x7f, 0x70, 0x0, 0xb, 0xf3, 0x0, 0x0,
    0xfe, 0x0, 0x0, 0x4f, 0xa0, 0x0, 0x8, 0xf6,
    0x0, 0x0, 0xcf, 0x10, 0x0, 0x1f, 0xd0, 0x0,
    0x5, 0xf9, 0x0, 0x0, 0x9f, 0x50, 0x0, 0xd,
    0xf1, 0x0, 0x2, 0xfc, 0x0, 0x0, 0x6f, 0x80,
    0x0, 0xa, 0xf3, 0x0, 0x0, 0xef, 0x0, 0x0,
    0x3f, 0xb0, 0x0, 0x7, 0xf7, 0x0, 0x0,

    /* U+0030 "0" */
    0x0, 0x2a, 0xef, 0xe9, 0x10, 0x0, 0x3f, 0xff,
    0xef, 0xfe, 0x20, 0xd, 0xfb, 0x10, 0x1c, 0xfc,
    0x5, 0xfe, 0x0, 0x0, 0x1f, 0xf3, 0x9f, 0x90,
    0x0, 0x0, 0xbf, 0x8c, 0xf6, 0x0, 0x0, 0x8,
    0xfb, 0xdf, 0x50, 0x0, 0x0, 0x6f, 0xcd, 0xf5,
    0x0, 0x0, 0x6, 0xfc, 0xcf, 0x60, 0x0, 0x0,
    0x8f, 0xba, 0xf9, 0x0, 0x0, 0xb, 0xf8, 0x5f,
    0xe0, 0x0, 0x1, 0xff, 0x40, 0xdf, 0xb1, 0x2,
    0xcf, 0xc0, 0x3, 0xff, 0xfe, 0xff, 0xe2, 0x0,
    0x2, 0xae, 0xfe, 0x91, 0x0,

    /* U+0031 "1" */
    0x0, 0x9, 0xff, 0xb0, 0x3d, 0xff, 0xfb, 0x1f,
    0xf9, 0x8f, 0xb1, 0xe4, 0x8, 0xfb, 0x1, 0x0,
    0x8f, 0xb0, 0x0, 0x8, 0xfb, 0x0, 0x0, 0x8f,
    0xb0, 0x0, 0x8, 0xfb, 0x0, 0x0, 0x8f, 0xb0,
    0x0, 0x8, 0xfb, 0x0, 0x0, 0x8f, 0xb0, 0x0,
    0x8, 0xfb, 0x0, 0x0, 0x8f, 0xb0, 0x0, 0x8,
    0xfb,

    /* U+0032 "2" */
    0x0, 0x5b, 0xef, 0xd7, 0x0, 0x0, 0x8f, 0xfe,
    0xef, 0xfc, 0x0, 0x3f, 0xf5, 0x0, 0x3e, 0xf7,
    0x8, 0xfa, 0x0, 0x0, 0x7f, 0xb0, 0x24, 0x20,
    0x0, 0x6, 0xfb, 0x0, 0x0, 0x0, 0x0, 0xcf,
    0x60, 0x0, 0x0, 0x0, 0x9f, 0xd0, 0x0, 0x0,
    0x0, 0x8f, 0xe2, 0x0, 0x0, 0x0, 0x9f, 0xe2,
    0x0, 0x0, 0x0, 0x9f, 0xe2, 0x0, 0x0, 0x0,
    0xaf, 0xe2, 0x0, 0x0, 0x0, 0xaf, 0xe2, 0x0,
    0x0, 0x0, 0x8f, 0xff, 0xff, 0xff, 0xff, 0x9,
    0xff, 0xff, 0xff, 0xff, 0xf0,

    /* U+0033 "3" */
    0x0, 0x5b, 0xef, 0xe9, 0x20, 0x0, 0xaf, 0xfe,
    0xef, 0xff, 0x30, 0x5f, 0xe4, 0x0, 0x1b, 0xfb,
    0x3, 0x64, 0x0, 0x0, 0x5f, 0xd0, 0x0, 0x0,
    0x0, 0x1b, 0xf8, 0x0, 0x0, 0x2c, 0xdf, 0xe8,
    0x0, 0x0, 0x3, 0xff, 0xfe, 0x80, 0x0, 0x0,
    0x0, 0x14, 0xdf, 0xb0, 0x0, 0x0, 0x0, 0x2,
    0xff, 0x31, 0x10, 0x0, 0x0, 0xd, 0xf6, 0xcf,
    0x90, 0x0, 0x1, 0xff, 0x56, 0xff, 0x60, 0x2,
    0xbf, 0xe0, 0xb, 0xff, 0xfe, 0xff, 0xf4, 0x0,
    0x5, 0xbe, 0xfd, 0x91, 0x0,

    /* U+0034 "4" */
    0x0, 0x0, 0x0, 0xef, 0xf2, 0x0, 0x0, 0x0,
    0xa, 0xff, 0xf2, 0x0, 0x0, 0x0, 0x5f, 0xdf,
    0xf2, 0x0, 0x0, 0x1, 0xef, 0x3f, 0xf2, 0x0,
    0x0, 0xa, 0xf8, 0xf, 0xf2, 0x0, 0x0, 0x5f,
    0xd0, 0xf, 0xf2, 0x0, 0x1, 0xef, 0x30, 0xf,
    0xf2, 0x0, 0xb, 0xf8, 0x0, 0xf, 0xf2, 0x0,
    0x6f, 0xd0, 0x0, 0xf, 0xf2, 0x0, 0xef, 0xfe,
    0xee, 0xef, 0xfe, 0xe0, 0xef, 0xff, 0xff, 0xff,
    0xff, 0xf0, 0x0, 0x0, 0x0, 0xf, 0xf2, 0x0,
    0x0, 0x0, 0x0, 0xf, 0xf2, 0x0, 0x0, 0x0,
    0x0, 0xf, 0xf2, 0x0,

    /* U+0035 "5" */
    0xd, 0xff, 0xff, 0xff, 0xf3, 0xf, 0xfe, 0xee,
    0xee, 0xe3, 0x1f, 0xf0, 0x0, 0x0, 0x0, 0x3f,
    0xd0, 0x0, 0x0, 0x0, 0x5f, 0xb6, 0xbc, 0xa3,
    0x0, 0x7f, 0xff, 0xff, 0xff, 0x70, 0x5b, 0xb4,
    0x11, 0x8f, 0xf4, 0x0, 0x0, 0x0, 0xa, 0xfb,
    0x0, 0x0, 0x0, 0x4, 0xfe, 0x0, 0x0, 0x0,
    0x4, 0xfe, 0xcf, 0x70, 0x0, 0x8, 0xfb, 0x7f,
    0xf4, 0x0, 0x6f, 0xf5, 0xc, 0xff, 0xef, 0xff,
    0x90, 0x0, 0x7c, 0xfe, 0xc5, 0x0,

    /* U+0036 "6" */
    0x0, 0x18, 0xdf, 0xeb, 0x30, 0x0, 0x1d, 0xff,
    0xff, 0xff, 0x60, 0xb, 0xfb, 0x20, 0x18, 0xff,
    0x13, 0xfe, 0x0, 0x0, 0x5, 0x51, 0x8f, 0x71,
    0x8b, 0xb7, 0x10, 0xb, 0xf7, 0xef, 0xff, 0xfe,
    0x20, 0xdf, 0xfc, 0x30, 0x3d, 0xfd, 0xd, 0xfe,
    0x10, 0x0, 0x1f, 0xf4, 0xdf, 0x90, 0x0, 0x0,
    0xbf, 0x7b, 0xf9, 0x0, 0x0, 0xb, 0xf7, 0x7f,
    0xd0, 0x0, 0x1, 0xff, 0x41, 0xef, 0xa1, 0x1,
    0xbf, 0xd0, 0x4, 0xff, 0xfe, 0xff, 0xe2, 0x0,
    0x2, 0xae, 0xfe, 0x91, 0x0,

    /* U+0037 "7" */
    0x2f, 0xff, 0xff, 0xff, 0xff, 0x81, 0xff, 0xff,
    0xff, 0xff, 0xf8, 0x0, 0x0, 0x0, 0x1, 0xff,
    0x40, 0x0, 0x0, 0x0, 0x9f, 0xb0, 0x0, 0x0,
    0x0, 0x2f, 0xf3, 0x0, 0x0, 0x0, 0xa, 0xfa,
    0x0, 0x0, 0x0, 0x3, 0xff, 0x20, 0x0, 0x0,
    0x0, 0xbf, 0x90, 0x0, 0x0, 0x0, 0x3f, 0xf1,
    0x0, 0x0, 0x0, 0xc, 0xf9, 0x0, 0x0, 0x0,
    0x4, 0xff, 0x10, 0x0, 0x0, 0x0, 0xcf, 0x80,
    0x0, 0x0, 0x0, 0x5f, 0xe0, 0x0, 0x0, 0x0,
    0xd, 0xf7, 0x0, 0x0, 0x0,

    /* U+0038 "8" */
    0x0, 0x6c, 0xef, 0xe9, 0x20, 0x0, 0xaf, 0xfe,
    0xdf, 0xff, 0x30, 0x3f, 0xf5, 0x0, 0x1b, 0xfc,
    0x5, 0xfd, 0x0, 0x0, 0x4f, 0xe0, 0x1e, 0xf4,
    0x0, 0xa, 0xf9, 0x0, 0x3c, 0xfd, 0xcf, 0xf9,
    0x0, 0x3, 0xcf, 0xff, 0xff, 0x90, 0x2, 0xff,
    0x92, 0x4, 0xdf, 0xb0, 0xaf, 0xa0, 0x0, 0x2,
    0xff, 0x3d, 0xf6, 0x0, 0x0, 0xd, 0xf7, 0xcf,
    0x80, 0x0, 0x0, 0xef, 0x67, 0xff, 0x40, 0x0,
    0xaf, 0xf1, 0xb, 0xff, 0xed, 0xff, 0xf5, 0x0,
    0x6, 0xce, 0xfe, 0x92, 0x0,

    /* U+0039 "9" */
    0x0, 0x5b, 0xef, 0xd7, 0x0, 0x0, 0xaf, 0xff,
    0xef, 0xfc, 0x0, 0x6f, 0xf6, 0x0, 0x2d, 0xf9,
    0xc, 0xf8, 0x0, 0x0, 0x2f, 0xf1, 0xdf, 0x50,
    0x0, 0x0, 0xff, 0x4b, 0xf8, 0x0, 0x0, 0x3f,
    0xf6, 0x5f, 0xf7, 0x10, 0x5e, 0xff, 0x70, 0x9f,
    0xff, 0xff, 0xba, 0xf6, 0x0, 0x4a, 0xcb, 0x50,
    0xcf, 0x50, 0x0, 0x0, 0x0, 0xf, 0xf1, 0xaf,
    0xa0, 0x0, 0x7, 0xfd, 0x4, 0xff, 0x60, 0x6,
    0xff, 0x40, 0x9, 0xff, 0xff, 0xff, 0x80, 0x0,
    0x5, 0xcf, 0xec, 0x50, 0x0,

    /* U+003A ":" */
    0xb, 0xb1, 0x5f, 0xf6, 0x1d, 0xd2, 0x0, 0x0,
    0x0, 0x0, 0x0, 0x0, 0x0, 0x0, 0x0, 0x0,
    0xb, 0xb1, 0x5f, 0xf6, 0x1d, 0xd2,

    /* U+003B ";" */
    0xb, 0xe5, 0x1f, 0xfa, 0x9, 0xc3, 0x0, 0x0,
    0x0, 0x0, 0x0, 0x0, 0x0, 0x0, 0x0, 0x0,
    0xa, 0xb3, 0x1f, 0xf1, 0x4f, 0xc0, 0x6f, 0x70,
    0x8f, 0x30, 0xbe, 0x0,

    /* U+003C "<" */
    0x0, 0x0, 0x0, 0x0, 0x0, 0x0, 0x0, 0x0,
    0x0, 0x4, 0xc2, 0x0, 0x0, 0x0, 0x4c, 0xff,
    0x20, 0x0, 0x5, 0xdf, 0xfd, 0x60, 0x0, 0x6d,
    0xff, 0xc5, 0x0, 0x3, 0xef, 0xfb, 0x30, 0x0,
    0x0, 0x5f, 0xfa, 0x10, 0x0, 0x0, 0x0, 0x8e,
    0xff, 0x92, 0x0, 0x0, 0x0, 0x7, 0xef, 0xfb,
    0x40, 0x0, 0x0, 0x0, 0x6e, 0xff, 0xd1, 0x0,
    0x0, 0x0, 0x6, 0xdf, 0x20, 0x0, 0x0, 0x0,
    0x0, 0x51,

    /* U+003D "=" */
    0xef, 0xff, 0xff, 0xff, 0xf3, 0xce, 0xee, 0xee,
    0xee, 0xe3, 0x0, 0x0, 0x0, 0x0, 0x0, 0x0,
    0x0, 0x0, 0x0, 0x0, 0xce, 0xee, 0xee, 0xee,
    0xe3, 0xef, 0xff, 0xff, 0xff, 0xf3,

    /* U+003E ">" */
    0x0, 0x0, 0x0, 0x0, 0x0, 0xb6, 0x0, 0x0,
    0x0, 0x0, 0xcf, 0xe7, 0x0, 0x0, 0x0, 0x4b,
    0xff, 0xe8, 0x10, 0x0, 0x0, 0x29, 0xff, 0xf8,
    0x10, 0x0, 0x0, 0x18, 0xef, 0xf7, 0x0, 0x0,
    0x0, 0x6f, 0xfa, 0x0, 0x0, 0x7e, 0xff, 0xa2,
    0x2, 0x8f, 0xff, 0xa2, 0x0, 0x9f, 0xff, 0x92,
    0x0, 0x0, 0xcf, 0x81, 0x0, 0x0, 0x0, 0x51,
    0x0, 0x0, 0x0, 0x0,

    /* U+003F "?" */
    0x0, 0x4b, 0xef, 0xd8, 0x0, 0x5, 0xff, 0xed,
    0xff, 0xc0, 0xe, 0xf8, 0x0, 0x3f, 0xf5, 0x1c,
    0xc0, 0x0, 0xb, 0xf8, 0x0, 0x0, 0x0, 0xd,
    0xf6, 0x0, 0x0, 0x1, 0xbf, 0xe1, 0x0, 0x0,
    0x3e, 0xfc, 0x20, 0x0, 0x0, 0xef, 0x90, 0x0,
    0x0, 0x2, 0xfe, 0x0, 0x0, 0x0, 0x2, 0x98,
    0x0, 0x0, 0x0, 0x0, 0x0, 0x0, 0x0, 0x0,
    0x2, 0xc9, 0x0, 0x0, 0x0, 0x9, 0xff, 0x30,
    0x0, 0x0, 0x4, 0xec, 0x0, 0x0,

    /* U+0040 "@" */
    0x0, 0x0, 0x16, 0xbe, 0xff, 0xeb, 0x60, 0x0,
    0x0, 0x0, 0x5, 0xff, 0xfd, 0xbb, 0xdf, 0xfe,
    0x40, 0x0, 0x0, 0x8f, 0xf7, 0x10, 0x0, 0x1,
    0x7f, 0xf6, 0x0, 0x5, 0xfe, 0x20, 0x0, 0x0,
    0x0, 0x2, 0xef, 0x30, 0xe, 0xf4, 0x0, 0x28,
    0xa8, 0x29, 0x90, 0x4f, 0xb0, 0x5f, 0xb0, 0x4,
    0xff, 0xff, 0xff, 0xd0, 0xc, 0xf2, 0xaf, 0x50,
    0xe, 0xf5, 0x2, 0xbf, 0xd0, 0x7, 0xf6, 0xcf,
    0x20, 0x5f, 0x80, 0x0, 0x1f, 0xd0, 0x5, 0xf8,
    0xdf, 0x10, 0x8f, 0x30, 0x0, 0xe, 0xd0, 0x4,
    0xf8, 0xdf, 0x0, 0x8f, 0x30, 0x0, 0xe, 0xd0,
    0x5, 0xf7, 0xcf, 0x20, 0x6f, 0x60, 0x0, 0xf,
    0xd0, 0x6, 0xf5, 0xaf, 0x50, 0x2f, 0xc0, 0x0,
    0x7f, 0xe0, 0xb, 0xf1, 0x6f, 0xa0, 0x9, 0xfd,
    0x9b, 0xfc, 0xfb, 0xaf, 0xa0, 0xe, 0xf3, 0x0,
    0x7d, 0xfd, 0x41, 0xaf, 0xe9, 0x0, 0x7, 0xfd,
    0x20, 0x0, 0x0, 0x0, 0x0, 0x0, 0x0, 0x0,
    0xaf, 0xf7, 0x10, 0x0, 0x0, 0x21, 0x0, 0x0,
    0x0, 0x7, 0xff, 0xfd, 0xbb, 0xce, 0xf7, 0x0,
    0x0, 0x0, 0x0, 0x17, 0xbe, 0xff, 0xec, 0x83,
    0x0, 0x0,

    /* U+0041 "A" */
    0x0, 0x0, 0x8, 0xff, 0x90, 0x0, 0x0, 0x0,
    0x0, 0xe, 0xff, 0xe0, 0x0, 0x0, 0x0, 0x0,
    0x4f, 0xcb, 0xf5, 0x0, 0x0, 0x0, 0x0, 0x9f,
    0x76, 0xfb, 0x0, 0x0, 0x0, 0x0, 0xff, 0x21,
    0xff, 0x10, 0x0, 0x0, 0x5, 0xfc, 0x0, 0xbf,
    0x70, 0x0, 0x0, 0xb, 0xf7, 0x0, 0x5f, 0xd0,
    0x0, 0x0, 0x1f, 0xf1, 0x0, 0xe, 0xf3, 0x0,
    0x0, 0x7f, 0xfd, 0xdd, 0xdf, 0xf9, 0x0, 0x0,
    0xdf, 0xff, 0xff, 0xff, 0xff, 0x0, 0x3, 0xff,
    0x10, 0x0, 0x0, 0xef, 0x50, 0x9, 0xfb, 0x0,
    0x0, 0x0, 0x9f, 0xb0, 0xe, 0xf6, 0x0, 0x0,
    0x0, 0x3f, 0xf2, 0x5f, 0xf1, 0x0, 0x0, 0x0,
    0xe, 0xf7,

    /* U+0042 "B" */
    0x6f, 0xff, 0xff, 0xfd, 0x70, 0x0, 0x6f, 0xfe,
    0xee, 0xff, 0xfc, 0x0, 0x6f, 0xd0, 0x0, 0x5,
    0xff, 0x50, 0x6f, 0xd0, 0x0, 0x0, 0xbf, 0x80,
    0x6f, 0xd0, 0x0, 0x0, 0xcf, 0x60, 0x6f, 0xd0,
    0x0, 0x19, 0xfd, 0x0, 0x6f, 0xff, 0xff, 0xff,
    0xa0, 0x0, 0x6f, 0xfb, 0xbb, 0xcf, 0xfc, 0x10,
    0x6f, 0xd0, 0x0, 0x1, 0xcf, 0xb0, 0x6f, 0xd0,
    0x0, 0x0, 0x3f, 0xf0, 0x6f, 0xd0, 0x0, 0x0,
    0x3f, 0xf1, 0x6f, 0xd0, 0x0, 0x2, 0xcf, 0xd0,
    0x6f, 0xfe, 0xee, 0xff, 0xff, 0x40, 0x6f, 0xff,
    0xff, 0xfe, 0xa3, 0x0,

    /* U+0043 "C" */
    0x0, 0x3, 0xad, 0xfe, 0xb6, 0x0, 0x0, 0x8,
    0xff, 0xff, 0xff, 0xfc, 0x10, 0x8, 0xff, 0x93,
    0x2, 0x6e, 0xfc, 0x2, 0xff, 0x70, 0x0, 0x0,
    0x2f, 0xf4, 0x8f, 0xd0, 0x0, 0x0, 0x0, 0x7a,
    0x5b, 0xf7, 0x0, 0x0, 0x0, 0x0, 0x0, 0xdf,
    0x50, 0x0, 0x0, 0x0, 0x0, 0xd, 0xf5, 0x0,
    0x0, 0x0, 0x0, 0x0, 0xbf, 0x70, 0x0, 0x0,
    0x0, 0x0, 0x8, 0xfc, 0x0, 0x0, 0x0, 0x7,
    0xa5, 0x2f, 0xf6, 0x0, 0x0, 0x2, 0xff, 0x40,
    0x8f, 0xf9, 0x30, 0x26, 0xef, 0xc0, 0x0, 0x8f,
    0xff, 0xff, 0xff, 0xc1, 0x0, 0x0, 0x3a, 0xdf,
    0xeb, 0x60, 0x0,

    /* U+0044 "D" */
    0x6f, 0xff, 0xff, 0xec, 0x60, 0x0, 0x6, 0xff,
    0xff, 0xff, 0xff, 0xd2, 0x0, 0x6f, 0xd0, 0x0,
    0x5, 0xdf, 0xe1, 0x6, 0xfd, 0x0, 0x0, 0x0,
    0xdf, 0x90, 0x6f, 0xd0, 0x0, 0x0, 0x4, 0xfe,
    0x6, 0xfd, 0x0, 0x0, 0x0, 0xf, 0xf3, 0x6f,
    0xd0, 0x0, 0x0, 0x0, 0xef, 0x46, 0xfd, 0x0,
    0x0, 0x0, 0xe, 0xf4, 0x6f, 0xd0, 0x0, 0x0,
    0x0, 0xff, 0x36, 0xfd, 0x0, 0x0, 0x0, 0x4f,
    0xe0, 0x6f, 0xd0, 0x0, 0x0, 0xd, 0xf9, 0x6,
    0xfd, 0x0, 0x1, 0x5d, 0xfe, 0x10, 0x6f, 0xff,
    0xff, 0xff, 0xfd, 0x20, 0x6, 0xff, 0xff, 0xfe,
    0xb6, 0x0, 0x0,

    /* U+0045 "E" */
    0x6f, 0xff, 0xff, 0xff, 0xfc, 0x6f, 0xfe, 0xee,
    0xee, 0xeb, 0x6f, 0xd0, 0x0, 0x0, 0x0, 0x6f,
    0xd0, 0x0, 0x0, 0x0, 0x6f, 0xd0, 0x0, 0x0,
    0x0, 0x6f, 0xd0, 0x0, 0x0, 0x0, 0x6f, 0xff,
    0xff, 0xff, 0xf4, 0x6f, 0xfe, 0xee, 0xee, 0xe4,
    0x6f, 0xd0, 0x0, 0x0, 0x0, 0x6f, 0xd0, 0x0,
    0x0, 0x0, 0x6f, 0xd0, 0x0, 0x0, 0x0, 0x6f,
    0xd0, 0x0, 0x0, 0x0, 0x6f, 0xfe, 0xee, 0xee,
    0xec, 0x6f, 0xff, 0xff, 0xff, 0xfd,

    /* U+0046 "F" */
    0x6f, 0xff, 0xff, 0xff, 0xfa, 0x6f, 0xfe, 0xee,
    0xee, 0xe9, 0x6f, 0xd0, 0x0, 0x0, 0x0, 0x6f,
    0xd0, 0x0, 0x0, 0x0, 0x6f, 0xd0, 0x0, 0x0,
    0x0, 0x6f, 0xd0, 0x0, 0x0, 0x0, 0x6f, 0xfe,
    0xee, 0xee, 0xe0, 0x6f, 0xff, 0xff, 0xff, 0xf0,
    0x6f, 0xd0, 0x0, 0x0, 0x0, 0x6f, 0xd0, 0x0,
    0x0, 0x0, 0x6f, 0xd0, 0x0, 0x0, 0x0, 0x6f,
    0xd0, 0x0, 0x0, 0x0, 0x6f, 0xd0, 0x0, 0x0,
    0x0, 0x6f, 0xd0, 0x0, 0x0, 0x0,

    /* U+0047 "G" */
    0x0, 0x3, 0xad, 0xfe, 0xc6, 0x0, 0x0, 0x8,
    0xff, 0xff, 0xff, 0xfd, 0x20, 0x8, 0xff, 0x93,
    0x1, 0x6e, 0xfd, 0x2, 0xff, 0x70, 0x0, 0x0,
    0x1f, 0xf6, 0x8f, 0xc0, 0x0, 0x0, 0x0, 0x23,
    0x2b, 0xf7, 0x0, 0x0, 0x0, 0x0, 0x0, 0xdf,
    0x50, 0x0, 0xc, 0xdd, 0xdd, 0xad, 0xf5, 0x0,
    0x0, 0xff, 0xff, 0xfc, 0xbf, 0x70, 0x0, 0x0,
    0x0, 0x6f, 0xb8, 0xfc, 0x0, 0x0, 0x0, 0xa,
    0xf9, 0x2f, 0xf7, 0x0, 0x0, 0x3, 0xff, 0x40,
    0x8f, 0xf9, 0x30, 0x16, 0xef, 0xb0, 0x0, 0x9f,
    0xff, 0xff, 0xff, 0xc1, 0x0, 0x0, 0x3a, 0xdf,
    0xec, 0x60, 0x0,

    /* U+0048 "H" */
    0x6f, 0xd0, 0x0, 0x0, 0x0, 0xff, 0x46, 0xfd,
    0x0, 0x0, 0x0, 0xf, 0xf4, 0x6f, 0xd0, 0x0,
    0x0, 0x0, 0xff, 0x46, 0xfd, 0x0, 0x0, 0x0,
    0xf, 0xf4, 0x6f, 0xd0, 0x0, 0x0, 0x0, 0xff,
    0x46, 0xfd, 0x0, 0x0, 0x0, 0xf, 0xf4, 0x6f,
    0xff, 0xff, 0xff, 0xff, 0xff, 0x46, 0xff, 0xee,
    0xee, 0xee, 0xef, 0xf4, 0x6f, 0xd0, 0x0, 0x0,
    0x0, 0xff, 0x46, 0xfd, 0x0, 0x0, 0x0, 0xf,
    0xf4, 0x6f, 0xd0, 0x0, 0x0, 0x0, 0xff, 0x46,
    0xfd, 0x0, 0x0, 0x0, 0xf, 0xf4, 0x6f, 0xd0,
    0x0, 0x0, 0x0, 0xff, 0x46, 0xfd, 0x0, 0x0,
    0x0, 0xf, 0xf4,

    /* U+0049 "I" */
    0x6f, 0xd6, 0xfd, 0x6f, 0xd6, 0xfd, 0x6f, 0xd6,
    0xfd, 0x6f, 0xd6, 0xfd, 0x6f, 0xd6, 0xfd, 0x6f,
    0xd6, 0xfd, 0x6f, 0xd6, 0xfd,

    /* U+004A "J" */
    0x0, 0x0, 0x0, 0x5, 0xfe, 0x0, 0x0, 0x0,
    0x5, 0xfe, 0x0, 0x0, 0x0, 0x5, 0xfe, 0x0,
    0x0, 0x0, 0x5, 0xfe, 0x0, 0x0, 0x0, 0x5,
    0xfe, 0x0, 0x0, 0x0, 0x5, 0xfe, 0x0, 0x0,
    0x0, 0x5, 0xfe, 0x0, 0x0, 0x0, 0x5, 0xfe,
    0x0, 0x0, 0x0, 0x5, 0xfe, 0x1f, 0xf1, 0x0,
    0x5, 0xfe, 0xf, 0xf3, 0x0, 0x7, 0xfd, 0xc,
    0xfc, 0x10, 0x2e, 0xf9, 0x4, 0xff, 0xfe, 0xff,
    0xe1, 0x0, 0x3a, 0xef, 0xe9, 0x10,

    /* U+004B "K" */
    0x6f, 0xd0, 0x0, 0x0, 0x3f, 0xfa, 0x6, 0xfd,
    0x0, 0x0, 0x2e, 0xfb, 0x0, 0x6f, 0xd0, 0x0,
    0x2e, 0xfc, 0x0, 0x6, 0xfd, 0x0, 0x1d, 0xfc,
    0x0, 0x0, 0x6f, 0xd0, 0xd, 0xfd, 0x10, 0x0,
    0x6, 0xfd, 0xb, 0xfd, 0x10, 0x0, 0x0, 0x6f,
    0xd9, 0xff, 0xb0, 0x0, 0x0, 0x6, 0xff, 0xfd,
    0xff, 0x70, 0x0, 0x0, 0x6f, 0xfd, 0x16, 0xff,
    0x30, 0x0, 0x6, 0xfe, 0x10, 0xa, 0xfe, 0x10,
    0x0, 0x6f, 0xd0, 0x0, 0x1e, 0xfa, 0x0, 0x6,
    0xfd, 0x0, 0x0, 0x3f, 0xf6, 0x0, 0x6f, 0xd0,
    0x0, 0x0, 0x8f, 0xf2, 0x6, 0xfd, 0x0, 0x0,
    0x0, 0xcf, 0xd0,

    /* U+004C "L" */
    0x6f, 0xd0, 0x0, 0x0, 0x0, 0x6f, 0xd0, 0x0,
    0x0, 0x0, 0x6f, 0xd0, 0x0, 0x0, 0x0, 0x6f,
    0xd0, 0x0, 0x0, 0x0, 0x6f, 0xd0, 0x0, 0x0,
    0x0, 0x6f, 0xd0, 0x0, 0x0, 0x0, 0x6f, 0xd0,
    0x0, 0x0, 0x0, 0x6f, 0xd0, 0x0, 0x0, 0x0,
    0x6f, 0xd0, 0x0, 0x0, 0x0, 0x6f, 0xd0, 0x0,
    0x0, 0x0, 0x6f, 0xd0, 0x0, 0x0, 0x0, 0x6f,
    0xd0, 0x0, 0x0, 0x0, 0x6f, 0xfe, 0xee, 0xee,
    0xe6, 0x6f, 0xff, 0xff, 0xff, 0xf7,

    /* U+004D "M" */
    0x6f, 0xff, 0x10, 0x0, 0x0, 0x0, 0xdf, 0xfa,
    0x6f, 0xff, 0x70, 0x0, 0x0, 0x3, 0xff, 0xfa,
    0x6f, 0xef, 0xd0, 0x0, 0x0, 0xa, 0xfe, 0xfa,
    0x6f, 0xbd, 0xf4, 0x0, 0x0, 0xf, 0xf9, 0xfa,
    0x6f, 0xc8, 0xfa, 0x0, 0x0, 0x6f, 0xb8, 0xfa,
    0x6f, 0xc3, 0xff, 0x10, 0x0, 0xcf, 0x68, 0xfa,
    0x6f, 0xc0, 0xdf, 0x70, 0x2, 0xff, 0x19, 0xfa,
    0x6f, 0xc0, 0x6f, 0xd0, 0x9, 0xfa, 0x9, 0xfa,
    0x6f, 0xc0, 0x1f, 0xf3, 0xe, 0xf4, 0x9, 0xfa,
    0x6f, 0xc0, 0xa, 0xf8, 0x4f, 0xd0, 0x9, 0xfa,
    0x6f, 0xc0, 0x3, 0xfd, 0x8f, 0x70, 0x9, 0xfa,
    0x6f, 0xc0, 0x0, 0xdf, 0xef, 0x10, 0x9, 0xfa,
    0x6f, 0xc0, 0x0, 0x6f, 0xfa, 0x0, 0x9, 0xfa,
    0x6f, 0xc0, 0x0, 0x1f, 0xf4, 0x0, 0x9, 0xfa,

    /* U+004E "N" */
    0x6f, 0xf8, 0x0, 0x0, 0x0, 0xbf, 0x86, 0xff,
    0xf3, 0x0, 0x0, 0xb, 0xf8, 0x6f, 0xff, 0xc0,
    0x0, 0x0, 0xbf, 0x86, 0xfb, 0xcf, 0x70, 0x0,
    0xb, 0xf8, 0x6f, 0xc3, 0xff, 0x20, 0x0, 0xbf,
    0x86, 0xfd, 0xa, 0xfc, 0x0, 0xb, 0xf8, 0x6f,
    0xd0, 0x1e, 0xf7, 0x0, 0xbf, 0x86, 0xfe, 0x0,
    0x5f, 0xf2, 0xb, 0xf8, 0x6f, 0xe0, 0x0, 0xaf,
    0xb0, 0xbf, 0x86, 0xfe, 0x0, 0x1, 0xef, 0x5b,
    0xf8, 0x6f, 0xe0, 0x0, 0x5, 0xfe, 0xaf, 0x86,
    0xfe, 0x0, 0x0, 0xb, 0xff, 0xf8, 0x6f, 0xe0,
    0x0, 0x0, 0x1f, 0xff, 0x86, 0xfe, 0x0, 0x0,
    0x0, 0x6f, 0xf8,

    /* U+004F "O" */
    0x0, 0x3, 0xad, 0xfe, 0xb5, 0x0, 0x0, 0x0,
    0x8f, 0xff, 0xff, 0xff, 0xc1, 0x0, 0x7, 0xff,
    0x93, 0x1, 0x6f, 0xfc, 0x0, 0x2f, 0xf7, 0x0,
    0x0, 0x2, 0xff, 0x70, 0x8f, 0xc0, 0x0, 0x0,
    0x0, 0x7f, 0xd0, 0xbf, 0x70, 0x0, 0x0, 0x0,
    0x2f, 0xf1, 0xdf, 0x50, 0x0, 0x0, 0x0, 0xf,
    0xf2, 0xdf, 0x50, 0x0, 0x0, 0x0, 0xf, 0xf2,
    0xbf, 0x70, 0x0, 0x0, 0x0, 0x2f, 0xf1, 0x8f,
    0xc0, 0x0, 0x0, 0x0, 0x7f, 0xd0, 0x2f, 0xf6,
    0x0, 0x0, 0x2, 0xff, 0x70, 0x8, 0xff, 0x93,
    0x1, 0x6e, 0xfc, 0x0, 0x0, 0x8f, 0xff, 0xff,
    0xff, 0xc1, 0x0, 0x0, 0x3, 0xad, 0xfe, 0xb6,
    0x0, 0x0,

    /* U+0050 "P" */
    0x6f, 0xff, 0xff, 0xec, 0x60, 0x6, 0xff, 0xee,
    0xef, 0xff, 0xb0, 0x6f, 0xd0, 0x0, 0x6, 0xff,
    0x66, 0xfd, 0x0, 0x0, 0x9, 0xfb, 0x6f, 0xd0,
    0x0, 0x0, 0x6f, 0xd6, 0xfd, 0x0, 0x0, 0xa,
    0xfb, 0x6f, 0xd0, 0x0, 0x17, 0xff, 0x56, 0xff,
    0xff, 0xff, 0xff, 0xa0, 0x6f, 0xfe, 0xed, 0xda,
    0x50, 0x6, 0xfd, 0x0, 0x0, 0x0, 0x0, 0x6f,
    0xd0, 0x0, 0x0, 0x0, 0x6, 0xfd, 0x0, 0x0,
    0x0, 0x0, 0x6f, 0xd0, 0x0, 0x0, 0x0, 0x6,
    0xfd, 0x0, 0x0, 0x0, 0x0,

    /* U+0051 "Q" */
    0x0, 0x3, 0xad, 0xfe, 0xb5, 0x0, 0x0, 0x0,
    0x8f, 0xff, 0xff, 0xff, 0xc1, 0x0, 0x7, 0xff,
    0x93, 0x1, 0x6f, 0xfc, 0x0, 0x2f, 0xf7, 0x0,
    0x0, 0x2, 0xff, 0x70, 0x8f, 0xc0, 0x0, 0x0,
    0x0, 0x7f, 0xd0, 0xbf, 0x70, 0x0, 0x0, 0x0,
    0x2f, 0xf1, 0xdf, 0x50, 0x0, 0x0, 0x0, 0xf,
    0xf2, 0xdf, 0x50, 0x0, 0x0, 0x0, 0xf, 0xf2,
    0xbf, 0x70, 0x0, 0x0, 0x0, 0x2f, 0xf1, 0x8f,
    0xc0, 0x0, 0x7a, 0x30, 0x7f, 0xd0, 0x2f, 0xf6,
    0x0, 0x2e, 0xe4, 0xff, 0x60, 0x8, 0xff, 0x93,
    0x6, 0xff, 0xfc, 0x0, 0x0, 0x8f, 0xff, 0xff,
    0xff, 0xf1, 0x0, 0x0, 0x3, 0xad, 0xfe, 0xbc,
    0xf8, 0x0, 0x0, 0x0, 0x0, 0x0, 0x0, 0xdf,
    0x50,

    /* U+0052 "R" */
    0x6f, 0xff, 0xff, 0xec, 0x70, 0x0, 0x6f, 0xfe,
    0xee, 0xff, 0xfb, 0x0, 0x6f, 0xd0, 0x0, 0x6,
    0xff, 0x60, 0x6f, 0xd0, 0x0, 0x0, 0x9f, 0xb0,
    0x6f, 0xd0, 0x0, 0x0, 0x6f, 0xd0, 0x6f, 0xd0,
    0x0, 0x0, 0x9f, 0xb0, 0x6f, 0xd0, 0x0, 0x17,
    0xff, 0x60, 0x6f, 0xff, 0xff, 0xff, 0xfa, 0x0,
    0x6f, 0xfe, 0xee, 0xff, 0x80, 0x0, 0x6f, 0xd0,
    0x0, 0xbf, 0xc0, 0x0, 0x6f, 0xd0, 0x0, 0x2f,
    0xf5, 0x0, 0x6f, 0xd0, 0x0, 0x8, 0xfe, 0x0,
    0x6f, 0xd0, 0x0, 0x0, 0xef, 0x80, 0x6f, 0xd0,
    0x0, 0x0, 0x6f, 0xf2,

    /* U+0053 "S" */
    0x0, 0x4a, 0xef, 0xeb, 0x50, 0x0, 0x8f, 0xff,
    0xff, 0xff, 0xa0, 0x3f, 0xf8, 0x10, 0x6, 0xff,
    0x58, 0xfc, 0x0, 0x0, 0x8, 0xd8, 0x7f, 0xd0,
    0x0, 0x0, 0x0, 0x1, 0xef, 0xc5, 0x0, 0x0,
    0x0, 0x2, 0xcf, 0xff, 0xc8, 0x20, 0x0, 0x0,
    0x27, 0xcf, 0xff, 0x80, 0x0, 0x0, 0x0, 0x6,
    0xff, 0x71, 0x10, 0x0, 0x0, 0x6, 0xfd, 0xef,
    0x70, 0x0, 0x0, 0x7f, 0xd8, 0xff, 0x61, 0x1,
    0x7f, 0xf8, 0xc, 0xff, 0xff, 0xff, 0xfc, 0x0,
    0x6, 0xce, 0xfe, 0xb6, 0x0,

    /* U+0054 "T" */
    0x2f, 0xff, 0xff, 0xff, 0xff, 0xff, 0x21, 0xee,
    0xee, 0xff, 0xfe, 0xee, 0xe2, 0x0, 0x0, 0x9,
    0xfa, 0x0, 0x0, 0x0, 0x0, 0x0, 0x9f, 0xa0,
    0x0, 0x0, 0x0, 0x0, 0x9, 0xfa, 0x0, 0x0,
    0x0, 0x0, 0x0, 0x9f, 0xa0, 0x0, 0x0, 0x0,
    0x0, 0x9, 0xfa, 0x0, 0x0, 0x0, 0x0, 0x0,
    0x9f, 0xa0, 0x0, 0x0, 0x0, 0x0, 0x9, 0xfa,
    0x0, 0x0, 0x0, 0x0, 0x0, 0x9f, 0xa0, 0x0,
    0x0, 0x0, 0x0, 0x9, 0xfa, 0x0, 0x0, 0x0,
    0x0, 0x0, 0x9f, 0xa0, 0x0, 0x0, 0x0, 0x0,
    0x9, 0xfa, 0x0, 0x0, 0x0, 0x0, 0x0, 0x9f,
    0xa0, 0x0, 0x0,

    /* U+0055 "U" */
    0x6f, 0xd0, 0x0, 0x0, 0x0, 0xff, 0x36, 0xfd,
    0x0, 0x0, 0x0, 0xf, 0xf3, 0x6f, 0xd0, 0x0,
    0x0, 0x0, 0xff, 0x36, 0xfd, 0x0, 0x0, 0x0,
    0xf, 0xf3, 0x6f, 0xd0, 0x0, 0x0, 0x0, 0xff,
    0x36, 0xfd, 0x0, 0x0, 0x0, 0xf, 0xf3, 0x6f,
    0xd0, 0x0, 0x0, 0x0, 0xff, 0x36, 0xfd, 0x0,
    0x0, 0x0, 0xf, 0xf3, 0x6f, 0xd0, 0x0, 0x0,
    0x0, 0xff, 0x35, 0xff, 0x0, 0x0, 0x0, 0x2f,
    0xf2, 0x2f, 0xf5, 0x0, 0x0, 0x9, 0xfe, 0x0,
    0xbf, 0xf7, 0x20, 0x29, 0xff, 0x70, 0x1, 0xcf,
    0xff, 0xff, 0xff, 0xa0, 0x0, 0x0, 0x6c, 0xef,
    0xeb, 0x40, 0x0,

    /* U+0056 "V" */
    0x5f, 0xf1, 0x0, 0x0, 0x0, 0xe, 0xf7, 0xe,
    0xf7, 0x0, 0x0, 0x0, 0x4f, 0xf2, 0x9, 0xfc,
    0x0, 0x0, 0x0, 0x9f, 0xc0, 0x2, 0xff, 0x20,
    0x0, 0x0, 0xff, 0x60, 0x0, 0xcf, 0x80, 0x0,
    0x5, 0xff, 0x0, 0x0, 0x6f, 0xe0, 0x0, 0xa,
    0xfa, 0x0, 0x0, 0x1f, 0xf4, 0x0, 0xf, 0xf4,
    0x0, 0x0, 0xa, 0xfa, 0x0, 0x6f, 0xe0, 0x0,
    0x0, 0x4, 0xff, 0x0, 0xbf, 0x80, 0x0, 0x0,
    0x0, 0xef, 0x40, 0xff, 0x20, 0x0, 0x0, 0x0,
    0x8f, 0x95, 0xfc, 0x0, 0x0, 0x0, 0x0, 0x2f,
    0xea, 0xf6, 0x0, 0x0, 0x0, 0x0, 0xc, 0xff,
    0xf1, 0x0, 0x0, 0x0, 0x0, 0x6, 0xff, 0xa0,
    0x0, 0x0,

    /* U+0057 "W" */
    0x5f, 0xf0, 0x0, 0x0, 0x5f, 0xf6, 0x0, 0x0,
    0xe, 0xf6, 0x1f, 0xf3, 0x0, 0x0, 0x9f, 0xfa,
    0x0, 0x0, 0x3f, 0xf2, 0xc, 0xf7, 0x0, 0x0,
    0xdf, 0xfe, 0x0, 0x0, 0x7f, 0xd0, 0x8, 0xfc,
    0x0, 0x2, 0xfd, 0xcf, 0x20, 0x0, 0xbf, 0x90,
    0x3, 0xff, 0x0, 0x6, 0xf9, 0x9f, 0x70, 0x0,
    0xff, 0x40, 0x0, 0xff, 0x40, 0xa, 0xf5, 0x5f,
    0xb0, 0x3, 0xff, 0x0, 0x0, 0xaf, 0x80, 0xe,
    0xf1, 0x1f, 0xf0, 0x8, 0xfb, 0x0, 0x0, 0x6f,
    0xc0, 0x3f, 0xd0, 0xc, 0xf3, 0xc, 0xf6, 0x0,
    0x0, 0x1f, 0xf0, 0x7f, 0x80, 0x8, 0xf8, 0xf,
    0xf2, 0x0, 0x0, 0xd, 0xf4, 0xbf, 0x40, 0x3,
    0xfb, 0x3f, 0xd0, 0x0, 0x0, 0x8, 0xf7, 0xef,
    0x0, 0x0, 0xef, 0x7f, 0x90, 0x0, 0x0, 0x4,
    0xfc, 0xfb, 0x0, 0x0, 0xaf, 0xdf, 0x40, 0x0,
    0x0, 0x0, 0xff, 0xf6, 0x0, 0x0, 0x6f, 0xff,
    0x0, 0x0, 0x0, 0x0, 0xbf, 0xf2, 0x0, 0x0,
    0x1f, 0xfb, 0x0, 0x0,

    /* U+0058 "X" */
    0xb, 0xfd, 0x0, 0x0, 0x0, 0xbf, 0xc0, 0x1,
    0xef, 0x80, 0x0, 0x7, 0xff, 0x20, 0x0, 0x5f,
    0xf3, 0x0, 0x2f, 0xf5, 0x0, 0x0, 0x9, 0xfd,
    0x0, 0xdf, 0xa0, 0x0, 0x0, 0x0, 0xdf, 0x87,
    0xfe, 0x10, 0x0, 0x0, 0x0, 0x3f, 0xff, 0xf3,
    0x0, 0x0, 0x0, 0x0, 0x8, 0xff, 0x80, 0x0,
    0x0, 0x0, 0x0, 0xb, 0xff, 0xd0, 0x0, 0x0,
    0x0, 0x0, 0x7f, 0xdd, 0xf9, 0x0, 0x0, 0x0,
    0x3, 0xff, 0x44, 0xff, 0x40, 0x0, 0x0, 0xd,
    0xf9, 0x0, 0x9f, 0xe1, 0x0, 0x0, 0xaf, 0xd0,
    0x0, 0xd, 0xfb, 0x0, 0x6, 0xff, 0x30, 0x0,
    0x3, 0xff, 0x60, 0x2f, 0xf7, 0x0, 0x0, 0x0,
    0x7f, 0xf2,

    /* U+0059 "Y" */
    0x3f, 0xf6, 0x0, 0x0, 0x0, 0x7f, 0xf2, 0x8,
    0xfe, 0x10, 0x0, 0x1, 0xff, 0x70, 0x0, 0xdf,
    0x90, 0x0, 0xa, 0xfd, 0x0, 0x0, 0x4f, 0xf3,
    0x0, 0x4f, 0xf3, 0x0, 0x0, 0xa, 0xfd, 0x0,
    0xdf, 0x90, 0x0, 0x0, 0x1, 0xef, 0x67, 0xfe,
    0x0, 0x0, 0x0, 0x0, 0x5f, 0xee, 0xf4, 0x0,
    0x0, 0x0, 0x0, 0xb, 0xff, 0xa0, 0x0, 0x0,
    0x0, 0x0, 0x3, 0xff, 0x20, 0x0, 0x0, 0x0,
    0x0, 0x2, 0xff, 0x10, 0x0, 0x0, 0x0, 0x0,
    0x2, 0xff, 0x10, 0x0, 0x0, 0x0, 0x0, 0x2,
    0xff, 0x10, 0x0, 0x0, 0x0, 0x0, 0x2, 0xff,
    0x10, 0x0, 0x0, 0x0, 0x0, 0x2, 0xff, 0x10,
    0x0, 0x0,

    /* U+005A "Z" */
    0xdf, 0xff, 0xff, 0xff, 0xff, 0x9c, 0xee, 0xee,
    0xee, 0xef, 0xf7, 0x0, 0x0, 0x0, 0x7, 0xfd,
    0x0, 0x0, 0x0, 0x4, 0xff, 0x20, 0x0, 0x0,
    0x1, 0xef, 0x60, 0x0, 0x0, 0x0, 0xbf, 0xb0,
    0x0, 0x0, 0x0, 0x7f, 0xe1, 0x0, 0x0, 0x0,
    0x3f, 0xf4, 0x0, 0x0, 0x0, 0xd, 0xf8, 0x0,
    0x0, 0x0, 0x9, 0xfc, 0x0, 0x0, 0x0, 0x5,
    0xff, 0x20, 0x0, 0x0, 0x1, 0xef, 0x40, 0x0,
    0x0, 0x0, 0xaf, 0xfe, 0xee, 0xee, 0xee, 0x9c,
    0xff, 0xff, 0xff, 0xff, 0xfa,

    /* U+005B "[" */
    0xff, 0xff, 0x3f, 0xfc, 0xb2, 0xff, 0x20, 0xf,
    0xf2, 0x0, 0xff, 0x20, 0xf, 0xf2, 0x0, 0xff,
    0x20, 0xf, 0xf2, 0x0, 0xff, 0x20, 0xf, 0xf2,
    0x0, 0xff, 0x20, 0xf, 0xf2, 0x0, 0xff, 0x20,
    0xf, 0xf2, 0x0, 0xff, 0x20, 0xf, 0xf2, 0x0,
    0xff, 0xcb, 0x2f, 0xff, 0xf3,

    /* U+005C "\\" */
    0x48, 0x30, 0x0, 0x5, 0xf9, 0x0, 0x0, 0x1f,
    0xd0, 0x0, 0x0, 0xcf, 0x10, 0x0, 0x8, 0xf6,
    0x0, 0x0, 0x4f, 0xa0, 0x0, 0x0, 0xfe, 0x0,
    0x0, 0xb, 0xf2, 0x0, 0x0, 0x7f, 0x70, 0x0,
    0x3, 0xfb, 0x0, 0x0, 0xe, 0xf0, 0x0, 0x0,
    0xaf, 0x40, 0x0, 0x6, 0xf8, 0x0, 0x0, 0x2f,
    0xc0, 0x0, 0x0, 0xdf, 0x10, 0x0, 0x9, 0xf5,
    0x0, 0x0, 0x5f, 0x90, 0x0, 0x1, 0xfd,

    /* U+005D "]" */
    0xdf, 0xff, 0x5a, 0xbe, 0xf5, 0x0, 0xcf, 0x50,
    0xc, 0xf5, 0x0, 0xcf, 0x50, 0xc, 0xf5, 0x0,
    0xcf, 0x50, 0xc, 0xf5, 0x0, 0xcf, 0x50, 0xc,
    0xf5, 0x0, 0xcf, 0x50, 0xc, 0xf5, 0x0, 0xcf,
    0x50, 0xc, 0xf5, 0x0, 0xcf, 0x50, 0xc, 0xf5,
    0x9b, 0xef, 0x5d, 0xff, 0xf5,

    /* U+005E "^" */
    0x0, 0x8, 0xff, 0x10, 0x0, 0x1, 0xfe, 0xf8,
    0x0, 0x0, 0x8f, 0x4c, 0xf1, 0x0, 0x1f, 0xd0,
    0x4f, 0x80, 0x8, 0xf5, 0x0, 0xdf, 0x10, 0xee,
    0x0, 0x6, 0xf8,

    /* U+005F "_" */
    0xdd, 0xdd, 0xdd, 0xdd, 0xd3, 0xff, 0xff, 0xff,
    0xff, 0xf4,

    /* U+0060 "`" */
    0x3e, 0xd0, 0x0, 0x9f, 0x60, 0x0, 0xdd, 0x0,

    /* U+0061 "a" */
    0x0, 0x29, 0xef, 0xea, 0x30, 0x2, 0xff, 0xec,
    0xef, 0xf3, 0x9, 0xfa, 0x0, 0x9, 0xfb, 0x0,
    0x0, 0x0, 0x4, 0xfe, 0x0, 0x1, 0x47, 0x9d,
    0xfe, 0x2, 0xcf, 0xff, 0xfc, 0xfe, 0xe, 0xfb,
    0x51, 0x3, 0xfe, 0x2f, 0xf0, 0x0, 0x5, 0xfe,
    0x1f, 0xf3, 0x0, 0x2d, 0xfe, 0xa, 0xff, 0xcc,
    0xfb, 0xfe, 0x0, 0x8e, 0xfd, 0x72, 0xfe,

    /* U+0062 "b" */
    0x8f, 0x90, 0x0, 0x0, 0x0, 0x8, 0xf9, 0x0,
    0x0, 0x0, 0x0, 0x8f, 0x90, 0x0, 0x0, 0x0,
    0x8, 0xf9, 0x2b, 0xfe, 0xa2, 0x0, 0x8f, 0xbe,
    0xfd, 0xff, 0xe2, 0x8, 0xff, 0xa0, 0x1, 0xcf,
    0xc0, 0x8f, 0xe0, 0x0, 0x2, 0xff, 0x28, 0xfa,
    0x0, 0x0, 0xd, 0xf5, 0x8f, 0x90, 0x0, 0x0,
    0xcf, 0x68, 0xfa, 0x0, 0x0, 0xe, 0xf5, 0x8f,
    0xe0, 0x0, 0x2, 0xff, 0x28, 0xff, 0x90, 0x1,
    0xcf, 0xc0, 0x8f, 0xae, 0xfd, 0xff, 0xe2, 0x8,
    0xf8, 0x2b, 0xfe, 0xa2, 0x0,

    /* U+0063 "c" */
    0x0, 0x5, 0xce, 0xec, 0x60, 0x0, 0x9, 0xff,
    0xee, 0xff, 0xa0, 0x5, 0xff, 0x40, 0x4, 0xff,
    0x40, 0xbf, 0x80, 0x0, 0x5, 0x62, 0xf, 0xf3,
    0x0, 0x0, 0x0, 0x0, 0xff, 0x20, 0x0, 0x0,
    0x0, 0xf, 0xf3, 0x0, 0x0, 0x0, 0x0, 0xcf,
    0x80, 0x0, 0x5, 0x72, 0x5, 0xff, 0x40, 0x3,
    0xef, 0x40, 0x9, 0xff, 0xed, 0xff, 0x90, 0x0,
    0x5, 0xcf, 0xfc, 0x50, 0x0,

    /* U+0064 "d" */
    0x0, 0x0, 0x0, 0x0, 0x3f, 0xe0, 0x0, 0x0,
    0x0, 0x3, 0xfe, 0x0, 0x0, 0x0, 0x0, 0x3f,
    0xe0, 0x0, 0x7d, 0xfd, 0x63, 0xfe, 0x0, 0xbf,
    0xfe, 0xef, 0x9f, 0xe0, 0x6f, 0xf4, 0x0, 0x5f,
    0xfe, 0xc, 0xf8, 0x0, 0x0, 0x9f, 0xe0, 0xff,
    0x30, 0x0, 0x4, 0xfe, 0xf, 0xf2, 0x0, 0x0,
    0x3f, 0xe0, 0xff, 0x30, 0x0, 0x5, 0xfe, 0xc,
    0xf8, 0x0, 0x0, 0x9f, 0xe0, 0x6f, 0xf4, 0x0,
    0x5f, 0xfe, 0x0, 0xbf, 0xfe, 0xef, 0x8f, 0xe0,
    0x0, 0x7d, 0xfd, 0x62, 0xfe,

    /* U+0065 "e" */
    0x0, 0x5, 0xcf, 0xfb, 0x40, 0x0, 0x9, 0xff,
    0xdd, 0xff, 0x80, 0x5, 0xfe, 0x30, 0x3, 0xff,
    0x30, 0xbf, 0x50, 0x0, 0x8, 0xf9, 0xf, 0xfa,
    0x99, 0x99, 0xbf, 0xc0, 0xff, 0xff, 0xff, 0xff,
    0xfd, 0xf, 0xf2, 0x0, 0x0, 0x0, 0x0, 0xcf,
    0x70, 0x0, 0x1, 0x10, 0x5, 0xff, 0x40, 0x1,
    0xdf, 0x60, 0x9, 0xff, 0xec, 0xff, 0xc0, 0x0,
    0x5, 0xce, 0xfd, 0x70, 0x0,

    /* U+0066 "f" */
    0x0, 0x1, 0x57, 0x61, 0x0, 0x2e, 0xff, 0xf1,
    0x0, 0xaf, 0xd6, 0x60, 0x0, 0xbf, 0x60, 0x0,
    0xcf, 0xff, 0xff, 0xd0, 0x9b, 0xef, 0xdb, 0xa0,
    0x0, 0xbf, 0x60, 0x0, 0x0, 0xbf, 0x60, 0x0,
    0x0, 0xbf, 0x60, 0x0, 0x0, 0xbf, 0x60, 0x0,
    0x0, 0xbf, 0x60, 0x0, 0x0, 0xbf, 0x60, 0x0,
    0x0, 0xbf, 0x60, 0x0, 0x0, 0xbf, 0x60, 0x0,
    0x0, 0xbf, 0x60, 0x0,

    /* U+0067 "g" */
    0x0, 0x7, 0xdf, 0xd6, 0x2f, 0xf0, 0xb, 0xff,
    0xee, 0xf8, 0xff, 0x6, 0xff, 0x50, 0x4, 0xff,
    0xf0, 0xcf, 0x80, 0x0, 0xa, 0xff, 0xf, 0xf4,
    0x0, 0x0, 0x5f, 0xf0, 0xff, 0x20, 0x0, 0x3,
    0xff, 0xf, 0xf3, 0x0, 0x0, 0x4f, 0xf0, 0xdf,
    0x80, 0x0, 0x8, 0xff, 0x7, 0xff, 0x40, 0x4,
    0xff, 0xf0, 0xc, 0xff, 0xdd, 0xfa, 0xff, 0x0,
    0x8, 0xdf, 0xe7, 0x3f, 0xf0, 0x0, 0x0, 0x0,
    0x4, 0xfe, 0x3, 0xb9, 0x0, 0x1, 0xbf, 0xa0,
    0x2e, 0xff, 0xcc, 0xff, 0xe1, 0x0, 0x18, 0xdf,
    0xfd, 0x81, 0x0,

    /* U+0068 "h" */
    0x8f, 0x90, 0x0, 0x0, 0x0, 0x8f, 0x90, 0x0,
    0x0, 0x0, 0x8f, 0x90, 0x0, 0x0, 0x0, 0x8f,
    0x92, 0xbf, 0xea, 0x10, 0x8f, 0xae, 0xff, 0xff,
    0xd0, 0x8f, 0xf8, 0x0, 0x5f, 0xf5, 0x8f, 0xc0,
    0x0, 0xb, 0xf8, 0x8f, 0x90, 0x0, 0x9, 0xf9,
    0x8f, 0x90, 0x0, 0x9, 0xf9, 0x8f, 0x90, 0x0,
    0x9, 0xf9, 0x8f, 0x90, 0x0, 0x9, 0xf9, 0x8f,
    0x90, 0x0, 0x9, 0xf9, 0x8f, 0x90, 0x0, 0x9,
    0xf9, 0x8f, 0x90, 0x0, 0x9, 0xf9,

    /* U+0069 "i" */
    0x17, 0x2b, 0xfc, 0x7f, 0x80, 0x0, 0x8f, 0x98,
    0xf9, 0x8f, 0x98, 0xf9, 0x8f, 0x98, 0xf9, 0x8f,
    0x98, 0xf9, 0x8f, 0x98, 0xf9, 0x8f, 0x90,

    /* U+006A "j" */
    0x0, 0x17, 0x20, 0xb, 0xfc, 0x0, 0x7f, 0x80,
    0x0, 0x0, 0x0, 0x9f, 0x90, 0x9, 0xf9, 0x0,
    0x9f, 0x90, 0x9, 0xf9, 0x0, 0x9f, 0x90, 0x9,
    0xf9, 0x0, 0x9f, 0x90, 0x9, 0xf9, 0x0, 0x9f,
    0x90, 0x9, 0xf9, 0x0, 0x9f, 0x90, 0x9, 0xf9,
    0x0, 0xcf, 0x74, 0xef, 0xf2, 0x5f, 0xc3, 0x0,

    /* U+006B "k" */
    0x8f, 0x90, 0x0, 0x0, 0x0, 0x8f, 0x90, 0x0,
    0x0, 0x0, 0x8f, 0x90, 0x0, 0x0, 0x0, 0x8f,
    0x90, 0x0, 0x5f, 0xf3, 0x8f, 0x90, 0x4, 0xff,
    0x40, 0x8f, 0x90, 0x3f, 0xf5, 0x0, 0x8f, 0x93,
    0xff, 0x60, 0x0, 0x8f, 0xce, 0xf9, 0x0, 0x0,
    0x8f, 0xff, 0xfc, 0x0, 0x0, 0x8f, 0xf5, 0xef,
    0x90, 0x0, 0x8f, 0x90, 0x4f, 0xf5, 0x0, 0x8f,
    0x90, 0x8, 0xff, 0x20, 0x8f, 0x90, 0x0, 0xcf,
    0xd0, 0x8f, 0x90, 0x0, 0x1e, 0xf9,

    /* U+006C "l" */
    0x8f, 0x98, 0xf9, 0x8f, 0x98, 0xf9, 0x8f, 0x98,
    0xf9, 0x8f, 0x98, 0xf9, 0x8f, 0x98, 0xf9, 0x8f,
    0x98, 0xf9, 0x8f, 0x98, 0xf9,

    /* U+006D "m" */
    0x8f, 0x74, 0xcf, 0xd4, 0x4, 0xcf, 0xe9, 0x0,
    0x8f, 0xbf, 0xcd, 0xff, 0x5f, 0xcc, 0xff, 0xb0,
    0x8f, 0xf3, 0x0, 0x9f, 0xf7, 0x0, 0x3f, 0xf2,
    0x8f, 0xb0, 0x0, 0x3f, 0xf0, 0x0, 0xe, 0xf4,
    0x8f, 0x90, 0x0, 0x2f, 0xf0, 0x0, 0xd, 0xf5,
    0x8f, 0x90, 0x0, 0x2f, 0xf0, 0x0, 0xd, 0xf5,
    0x8f, 0x90, 0x0, 0x2f, 0xf0, 0x0, 0xd, 0xf5,
    0x8f, 0x90, 0x0, 0x2f, 0xf0, 0x0, 0xd, 0xf5,
    0x8f, 0x90, 0x0, 0x2f, 0xf0, 0x0, 0xd, 0xf5,
    0x8f, 0x90, 0x0, 0x2f, 0xf0, 0x0, 0xd, 0xf5,
    0x8f, 0x90, 0x0, 0x2f, 0xf0, 0x0, 0xd, 0xf5,

    /* U+006E "n" */
    0x8f, 0x83, 0xbf, 0xea, 0x10, 0x8f, 0xaf, 0xdc,
    0xff, 0xd0, 0x8f, 0xf6, 0x0, 0x3f, 0xf5, 0x8f,
    0xc0, 0x0, 0xa, 0xf8, 0x8f, 0x90, 0x0, 0x9,
    0xf9, 0x8f, 0x90, 0x0, 0x9, 0xf9, 0x8f, 0x90,
    0x0, 0x9, 0xf9, 0x8f, 0x90, 0x0, 0x9, 0xf9,
    0x8f, 0x90, 0x0, 0x9, 0xf9, 0x8f, 0x90, 0x0,
    0x9, 0xf9, 0x8f, 0x90, 0x0, 0x9, 0xf9,

    /* U+006F "o" */
    0x0, 0x5, 0xce, 0xfc, 0x60, 0x0, 0x0, 0x9f,
    0xfe, 0xef, 0xfa, 0x0, 0x5, 0xff, 0x50, 0x4,
    0xff, 0x60, 0xb, 0xf8, 0x0, 0x0, 0x7f, 0xd0,
    0xf, 0xf3, 0x0, 0x0, 0x2f, 0xf0, 0xf, 0xf2,
    0x0, 0x0, 0xf, 0xf1, 0xf, 0xf3, 0x0, 0x0,
    0x2f, 0xf0, 0xc, 0xf8, 0x0, 0x0, 0x7f, 0xd0,
    0x5, 0xff, 0x40, 0x3, 0xff, 0x60, 0x0, 0x9f,
    0xfd, 0xdf, 0xfa, 0x0, 0x0, 0x5, 0xcf, 0xfc,
    0x60, 0x0,

    /* U+0070 "p" */
    0x8f, 0x83, 0xcf, 0xea, 0x20, 0x8, 0xfb, 0xfd,
    0xbe, 0xfe, 0x20, 0x8f, 0xf8, 0x0, 0xb, 0xfc,
    0x8, 0xfe, 0x0, 0x0, 0x2f, 0xf2, 0x8f, 0xa0,
    0x0, 0x0, 0xdf, 0x58, 0xf9, 0x0, 0x0, 0xc,
    0xf6, 0x8f, 0xb0, 0x0, 0x0, 0xef, 0x58, 0xff,
    0x0, 0x0, 0x3f, 0xf2, 0x8f, 0xfa, 0x0, 0x1c,
    0xfc, 0x8, 0xfa, 0xef, 0xdf, 0xfe, 0x20, 0x8f,
    0x92, 0xbf, 0xea, 0x20, 0x8, 0xf9, 0x0, 0x0,
    0x0, 0x0, 0x8f, 0x90, 0x0, 0x0, 0x0, 0x8,
    0xf9, 0x0, 0x0, 0x0, 0x0, 0x8f, 0x90, 0x0,
    0x0, 0x0, 0x0,

    /* U+0071 "q" */
    0x0, 0x7, 0xdf, 0xd6, 0x2f, 0xe0, 0xb, 0xff,
    0xee, 0xf9, 0xfe, 0x6, 0xff, 0x40, 0x5, 0xff,
    0xe0, 0xcf, 0x80, 0x0, 0x9, 0xfe, 0xf, 0xf3,
    0x0, 0x0, 0x4f, 0xe0, 0xff, 0x20, 0x0, 0x3,
    0xfe, 0xf, 0xf3, 0x0, 0x0, 0x5f, 0xe0, 0xcf,
    0x80, 0x0, 0x9, 0xfe, 0x6, 0xff, 0x40, 0x5,
    0xff, 0xe0, 0xb, 0xff, 0xee, 0xf9, 0xfe, 0x0,
    0x7, 0xdf, 0xd6, 0x3f, 0xe0, 0x0, 0x0, 0x0,
    0x3, 0xfe, 0x0, 0x0, 0x0, 0x0, 0x3f, 0xe0,
    0x0, 0x0, 0x0, 0x3, 0xfe, 0x0, 0x0, 0x0,
    0x0, 0x3f, 0xe0,

    /* U+0072 "r" */
    0x8f, 0x85, 0xdf, 0x48, 0xfc, 0xff, 0xd4, 0x8f,
    0xf7, 0x0, 0x8, 0xfc, 0x0, 0x0, 0x8f, 0x90,
    0x0, 0x8, 0xf9, 0x0, 0x0, 0x8f, 0x90, 0x0,
    0x8, 0xf9, 0x0, 0x0, 0x8f, 0x90, 0x0, 0x8,
    0xf9, 0x0, 0x0, 0x8f, 0x90, 0x0, 0x0,

    /* U+0073 "s" */
    0x0, 0x2a, 0xef, 0xe9, 0x10, 0x2, 0xff, 0xeb,
    0xef, 0xe1, 0x9, 0xfb, 0x0, 0xa, 0xe5, 0xa,
    0xf9, 0x0, 0x0, 0x0, 0x5, 0xff, 0xb7, 0x40,
    0x0, 0x0, 0x5d, 0xff, 0xff, 0x80, 0x0, 0x0,
    0x25, 0xaf, 0xf8, 0x0, 0x30, 0x0, 0x7, 0xfc,
    0xd, 0xf7, 0x0, 0xa, 0xfb, 0x5, 0xff, 0xdb,
    0xef, 0xf3, 0x0, 0x4b, 0xef, 0xea, 0x20,

    /* U+0074 "t" */
    0x1, 0x87, 0x0, 0x0, 0x3f, 0xf0, 0x0, 0x3,
    0xff, 0x0, 0xc, 0xff, 0xff, 0xf1, 0x9c, 0xff,
    0xbb, 0x10, 0x3f, 0xf0, 0x0, 0x3, 0xff, 0x0,
    0x0, 0x3f, 0xf0, 0x0, 0x3, 0xff, 0x0, 0x0,
    0x3f, 0xf0, 0x0, 0x3, 0xff, 0x0, 0x0, 0x2f,
    0xf1, 0x0, 0x0, 0xdf, 0xed, 0x20, 0x2, 0xbf,
    0xf4,

    /* U+0075 "u" */
    0x8f, 0x90, 0x0, 0x9, 0xf9, 0x8f, 0x90, 0x0,
    0x9, 0xf9, 0x8f, 0x90, 0x0, 0x9, 0xf9, 0x8f,
    0x90, 0x0, 0x9, 0xf9, 0x8f, 0x90, 0x0, 0x9,
    0xf9, 0x8f, 0x90, 0x0, 0x9, 0xf9, 0x8f, 0x90,
    0x0, 0x9, 0xf9, 0x8f, 0xb0, 0x0, 0xc, 0xf9,
    0x5f, 0xf5, 0x0, 0x7f, 0xf9, 0xd, 0xff, 0xff,
    0xf9, 0xf9, 0x1, 0xae, 0xfb, 0x37, 0xf9,

    /* U+0076 "v" */
    0x5f, 0xe0, 0x0, 0x0, 0x7f, 0xd0, 0xf, 0xf4,
    0x0, 0x0, 0xcf, 0x70, 0x9, 0xfa, 0x0, 0x2,
    0xff, 0x10, 0x3, 0xff, 0x0, 0x7, 0xfb, 0x0,
    0x0, 0xdf, 0x50, 0xd, 0xf5, 0x0, 0x0, 0x7f,
    0xa0, 0x2f, 0xf0, 0x0, 0x0, 0x1f, 0xf0, 0x7f,
    0x90, 0x0, 0x0, 0xb, 0xf4, 0xcf, 0x30, 0x0,
    0x0, 0x5, 0xfa, 0xfd, 0x0, 0x0, 0x0, 0x0,
    0xff, 0xf7, 0x0, 0x0, 0x0, 0x0, 0x9f, 0xf1,
    0x0, 0x0,

    /* U+0077 "w" */
    0x4f, 0xf0, 0x0, 0xe, 0xf8, 0x0, 0x6, 0xfe,
    0x0, 0xff, 0x30, 0x2, 0xff, 0xc0, 0x0, 0xaf,
    0x90, 0xb, 0xf7, 0x0, 0x6f, 0xef, 0x0, 0xe,
    0xf4, 0x0, 0x6f, 0xc0, 0xb, 0xf8, 0xf4, 0x2,
    0xff, 0x0, 0x1, 0xff, 0x0, 0xfc, 0x3f, 0x80,
    0x6f, 0xa0, 0x0, 0xc, 0xf4, 0x3f, 0x80, 0xfc,
    0xb, 0xf6, 0x0, 0x0, 0x8f, 0x77, 0xf4, 0xb,
    0xf0, 0xef, 0x10, 0x0, 0x3, 0xfb, 0xaf, 0x0,
    0x6f, 0x6f, 0xc0, 0x0, 0x0, 0xe, 0xee, 0xb0,
    0x2, 0xfd, 0xf7, 0x0, 0x0, 0x0, 0x9f, 0xf6,
    0x0, 0xd, 0xff, 0x20, 0x0, 0x0, 0x4, 0xff,
    0x20, 0x0, 0x9f, 0xe0, 0x0, 0x0,

    /* U+0078 "x" */
    0xd, 0xf8, 0x0, 0x4, 0xff, 0x20, 0x3f, 0xf2,
    0x0, 0xdf, 0x70, 0x0, 0x9f, 0xb0, 0x8f, 0xc0,
    0x0, 0x0, 0xef, 0x5f, 0xf2, 0x0, 0x0, 0x4,
    0xff, 0xf7, 0x0, 0x0, 0x0, 0xe, 0xff, 0x0,
    0x0, 0x0, 0x7, 0xfe, 0xf9, 0x0, 0x0, 0x2,
    0xff, 0x2e, 0xf3, 0x0, 0x0, 0xcf, 0x80, 0x6f,
    0xd0, 0x0, 0x7f, 0xd0, 0x0, 0xcf, 0x90, 0x2f,
    0xf4, 0x0, 0x2, 0xff, 0x40,

    /* U+0079 "y" */
    0x5f, 0xe0, 0x0, 0x0, 0x6f, 0xd0, 0xf, 0xf4,
    0x0, 0x0, 0xcf, 0x70, 0x9, 0xfa, 0x0, 0x2,
    0xff, 0x10, 0x3, 0xff, 0x0, 0x8, 0xfb, 0x0,
    0x0, 0xdf, 0x50, 0xd, 0xf5, 0x0, 0x0, 0x7f,
    0xb0, 0x3f, 0xe0, 0x0, 0x0, 0x1f, 0xf0, 0x8f,
    0x90, 0x0, 0x0, 0xb, 0xf5, 0xef, 0x20, 0x0,
    0x0, 0x5, 0xfb, 0xfc, 0x0, 0x0, 0x0, 0x0,
    0xef, 0xf6, 0x0, 0x0, 0x0, 0x0, 0x9f, 0xf1,
    0x0, 0x0, 0x0, 0x0, 0x9f, 0xa0, 0x0, 0x0,
    0x0, 0x1, 0xef, 0x30, 0x0, 0x0, 0x4, 0xdf,
    0xfa, 0x0, 0x0, 0x0, 0x8, 0xfe, 0x90, 0x0,
    0x0, 0x0,

    /* U+007A "z" */
    0x9f, 0xff, 0xff, 0xff, 0xc8, 0xee, 0xee, 0xef,
    0xfb, 0x0, 0x0, 0x5, 0xff, 0x20, 0x0, 0x2,
    0xff, 0x50, 0x0, 0x0, 0xdf, 0x90, 0x0, 0x0,
    0xaf, 0xc0, 0x0, 0x0, 0x6f, 0xf2, 0x0, 0x0,
    0x3f, 0xf5, 0x0, 0x0, 0x1e, 0xf9, 0x0, 0x0,
    0xa, 0xff, 0xee, 0xee, 0xee, 0xcf, 0xff, 0xff,
    0xff, 0xf0,

    /* U+007B "{" */
    0x0, 0x0, 0x26, 0x50, 0x0, 0x8f, 0xfa, 0x0,
    0x2f, 0xf7, 0x20, 0x6, 0xfb, 0x0, 0x0, 0x7f,
    0x80, 0x0, 0x7, 0xf8, 0x0, 0x0, 0x7f, 0x80,
    0x0, 0x9, 0xf7, 0x0, 0x14, 0xef, 0x40, 0x9,
    0xfd, 0x60, 0x0, 0x9f, 0xe8, 0x0, 0x0, 0x2d,
    0xf5, 0x0, 0x0, 0x8f, 0x80, 0x0, 0x7, 0xf8,
    0x0, 0x0, 0x7f, 0x80, 0x0, 0x6, 0xf9, 0x0,
    0x0, 0x4f, 0xe3, 0x0, 0x0, 0xcf, 0xfa, 0x0,
    0x0, 0x59, 0x70,

    /* U+007C "|" */
    0x8f, 0x68, 0xf6, 0x8f, 0x68, 0xf6, 0x8f, 0x68,
    0xf6, 0x8f, 0x68, 0xf6, 0x8f, 0x68, 0xf6, 0x8f,
    0x68, 0xf6, 0x8f, 0x68, 0xf6, 0x8f, 0x68, 0xf6,
    0x8f, 0x68, 0xf6, 0x8f, 0x68, 0xf6, 0x8f, 0x68,
    0xf6, 0x8f, 0x68, 0xf6,

    /* U+007D "}" */
    0x65, 0x10, 0x0, 0xd, 0xff, 0x50, 0x0, 0x39,
    0xfe, 0x0, 0x0, 0xd, 0xf2, 0x0, 0x0, 0xbf,
    0x40, 0x0, 0xb, 0xf4, 0x0, 0x0, 0xbf, 0x40,
    0x0, 0xa, 0xf5, 0x0, 0x0, 0x7f, 0xc2, 0x0,
    0x0, 0x8e, 0xf6, 0x0, 0x9, 0xff, 0x60, 0x8,
    0xfc, 0x20, 0x0, 0xbf, 0x50, 0x0, 0xb, 0xf4,
    0x0, 0x0, 0xbf, 0x40, 0x0, 0xc, 0xf3, 0x0,
    0x5, 0xff, 0x10, 0xd, 0xff, 0x90, 0x0, 0x99,
    0x40, 0x0, 0x0,

    /* U+007E "~" */
    0x3, 0xcf, 0xc4, 0x0, 0x1a, 0x70, 0xef, 0xef,
    0xf7, 0x6, 0xfa, 0x4f, 0xb0, 0x3e, 0xff, 0xff,
    0x43, 0xa4, 0x0, 0x1a, 0xfe, 0x60,

    /* U+00A0 "?" */

    /* U+00A1 "?" */
    0x1d, 0xe2, 0x5f, 0xf7, 0x1b, 0xb1, 0x0, 0x0,
    0x0, 0x0, 0xf, 0xf1, 0xf, 0xf1, 0xf, 0xf2,
    0xf, 0xf2, 0xf, 0xf2, 0x1f, 0xf2, 0x1f, 0xf2,
    0x1f, 0xf3, 0x1f, 0xf3, 0x1d, 0xd3,

    /* U+00A2 "?" */
    0x0, 0x0, 0xa, 0x80, 0x0, 0x0, 0x0, 0x3,
    0xcb, 0x30, 0x0, 0x0, 0x2c, 0xff, 0xff, 0xc2,
    0x0, 0x1e, 0xfc, 0xcb, 0xbf, 0xe1, 0x8, 0xfc,
    0xa, 0x80, 0xce, 0x50, 0xef, 0x50, 0xa8, 0x0,
    0x0, 0xf, 0xf2, 0xa, 0x80, 0x0, 0x0, 0xff,
    0x20, 0xa8, 0x0, 0x0, 0xe, 0xf5, 0xa, 0x80,
    0x10, 0x0, 0x9f, 0xc0, 0xa8, 0xb, 0xf6, 0x1,
    0xef, 0xcc, 0xbb, 0xfe, 0x10, 0x2, 0xcf, 0xff,
    0xfc, 0x20, 0x0, 0x0, 0x3c, 0xb3, 0x0, 0x0,
    0x0, 0x0, 0xa8, 0x0, 0x0,

    /* U+00A3 "?" */
    0x0, 0x6, 0xcf, 0xeb, 0x30, 0x0, 0xa, 0xff,
    0xff, 0xff, 0x50, 0x4, 0xff, 0x40, 0x7, 0xff,
    0x0, 0x8f, 0x90, 0x0, 0x9, 0x92, 0x9, 0xf8,
    0x0, 0x0, 0x0, 0x0, 0x8f, 0x80, 0x0, 0x0,
    0x0, 0xff, 0xff, 0xff, 0xff, 0x0, 0x9, 0xcf,
    0xd9, 0x99, 0x90, 0x0, 0x7, 0xfa, 0x0, 0x0,
    0x0, 0x0, 0x6f, 0xa0, 0x0, 0x0, 0x0, 0x6,
    0xfa, 0x0, 0x0, 0x13, 0x10, 0xbe, 0x30, 0x0,
    0xa, 0xf5, 0xff, 0xfe, 0xee, 0xee, 0xff, 0x2f,
    0xff, 0xff, 0xff, 0xfe, 0x60,

    /* U+00A4 "?" */
    0x0, 0x0, 0x0, 0x0, 0x0, 0x0, 0x4, 0xe3,
    0x3a, 0xef, 0xd9, 0x16, 0xe2, 0x5f, 0xff, 0xfc,
    0xad, 0xff, 0xfe, 0x20, 0x8f, 0xc2, 0x0, 0x4,
    0xef, 0x40, 0xe, 0xd0, 0x0, 0x0, 0x4, 0xfa,
    0x5, 0xf6, 0x0, 0x0, 0x0, 0xb, 0xf0, 0x7f,
    0x30, 0x0, 0x0, 0x0, 0x8f, 0x27, 0xf3, 0x0,
    0x0, 0x0, 0x8, 0xf2, 0x5f, 0x60, 0x0, 0x0,
    0x0, 0xcf, 0x0, 0xee, 0x0, 0x0, 0x0, 0x4f,
    0x90, 0xb, 0xfc, 0x20, 0x0, 0x4e, 0xf6, 0x7,
    0xfe, 0xff, 0xcb, 0xdf, 0xef, 0xf4, 0x2b, 0x13,
    0xbe, 0xfd, 0x81, 0x3b, 0x0,

    /* U+00A5 "?" */
    0x7f, 0xe0, 0x0, 0x0, 0xcf, 0x90, 0xef, 0x50,
    0x0, 0x3f, 0xf1, 0x7, 0xfd, 0x0, 0xb, 0xf9,
    0x0, 0xe, 0xf4, 0x2, 0xff, 0x10, 0x0, 0x6f,
    0xc0, 0xaf, 0x90, 0x0, 0x0, 0xef, 0x5f, 0xf1,
    0x0, 0x1, 0x28, 0xff, 0xfa, 0x21, 0x0, 0xbf,
    0xff, 0xff, 0xff, 0xb0, 0x3, 0x55, 0xbf, 0xc5,
    0x53, 0x0, 0x12, 0x29, 0xfb, 0x22, 0x10, 0xb,
    0xff, 0xff, 0xff, 0xfb, 0x0, 0x35, 0x5b, 0xfc,
    0x55, 0x30, 0x0, 0x0, 0x8f, 0xa0, 0x0, 0x0,
    0x0, 0x8, 0xfa, 0x0, 0x0,

    /* U+00A6 "?" */
    0x1f, 0xe1, 0xfe, 0x1f, 0xe1, 0xfe, 0x1f, 0xe1,
    0xfe, 0xa, 0x90, 0x0, 0x0, 0x0, 0x0, 0xa,
    0x91, 0xfe, 0x1f, 0xe1, 0xfe, 0x1f, 0xe1, 0xfe,
    0x1f, 0xe0,

    /* U+00A7 "?" */
    0x0, 0x6d, 0xfe, 0x91, 0x0, 0x9, 0xff, 0xce,
    0xfc, 0x0, 0xf, 0xf2, 0x0, 0xbf, 0x50, 0xf,
    0xf0, 0x0, 0x26, 0x10, 0xb, 0xf9, 0x0, 0x0,
    0x0, 0x1, 0xdd, 0xe5, 0x0, 0x0, 0x3e, 0x20,
    0x5d, 0xd3, 0x0, 0xbf, 0x0, 0x0, 0x7f, 0x50,
    0xdf, 0x70, 0x0, 0xa, 0xf1, 0x8f, 0xfc, 0x40,
    0xa, 0xf3, 0xc, 0xff, 0xfb, 0xaf, 0xf1, 0x0,
    0x6e, 0xff, 0xfc, 0x40, 0x0, 0x0, 0x7f, 0xf9,
    0x0, 0x0, 0x0, 0x2, 0xef, 0x30, 0x39, 0x60,
    0x0, 0x9f, 0x70, 0x2f, 0xe4, 0x3, 0xef, 0x50,
    0x8, 0xff, 0xff, 0xfb, 0x0, 0x0, 0x4a, 0xba,
    0x50, 0x0,

    /* U+00A8 "?" */
    0x5, 0x40, 0x4, 0x50, 0x4f, 0xf1, 0x1f, 0xf4,
    0x1d, 0xc0, 0xc, 0xe1,

    /* U+00A9 "?" */
    0x0, 0x0, 0x6, 0xbd, 0xdb, 0x71, 0x0, 0x0,
    0x0, 0x4, 0xef, 0xff, 0xff, 0xff, 0x70, 0x0,
    0x0, 0x5f, 0xfa, 0x41, 0x3, 0x8f, 0xf9, 0x0,
    0x2, 0xff, 0x60, 0x5a, 0xb8, 0x12, 0xef, 0x60,
    0xa, 0xf8, 0xa, 0xff, 0xff, 0xe2, 0x3f, 0xe0,
    0xf, 0xe0, 0x6f, 0xc2, 0x7, 0xfc, 0xb, 0xf5,
    0x4f, 0xa0, 0xcf, 0x10, 0x0, 0x79, 0x6, 0xf8,
    0x5f, 0x90, 0xed, 0x0, 0x0, 0x0, 0x4, 0xf9,
    0x4f, 0xa0, 0xcf, 0x10, 0x0, 0x88, 0x5, 0xf8,
    0x1f, 0xe0, 0x6f, 0xc2, 0x8, 0xfa, 0xa, 0xf5,
    0xb, 0xf6, 0xa, 0xff, 0xff, 0xe1, 0x2f, 0xf1,
    0x3, 0xff, 0x40, 0x5a, 0xb8, 0x11, 0xdf, 0x70,
    0x0, 0x7f, 0xf9, 0x20, 0x1, 0x6e, 0xfb, 0x0,
    0x0, 0x5, 0xff, 0xff, 0xef, 0xff, 0x90, 0x0,
    0x0, 0x0, 0x17, 0xcf, 0xfd, 0x92, 0x0, 0x0,

    /* U+00AA "?" */
    0x0, 0x8d, 0xfe, 0x80, 0x0, 0xcf, 0xa7, 0xbf,
    0xa0, 0x3, 0x40, 0x0, 0xef, 0x0, 0x5, 0x8a,
    0xdf, 0xf0, 0x1d, 0xfb, 0x74, 0xdf, 0x5, 0xf8,
    0x0, 0xf, 0xf0, 0x3f, 0xe8, 0x7d, 0xff, 0x0,
    0x5d, 0xfd, 0x5c, 0xf0,

    /* U+00AB "?" */
    0x0, 0x0, 0x9f, 0xc0, 0x6f, 0xe1, 0x0, 0x6,
    0xfe, 0x14, 0xff, 0x30, 0x0, 0x4f, 0xf2, 0x2f,
    0xf5, 0x0, 0x3, 0xff, 0x41, 0xef, 0x70, 0x0,
    0xd, 0xf9, 0xa, 0xfc, 0x0, 0x0, 0x4, 0xff,
    0x32, 0xff, 0x50, 0x0, 0x0, 0x6f, 0xe1, 0x4f,
    0xf3, 0x0, 0x0, 0x9, 0xfc, 0x6, 0xfe, 0x10,
    0x0, 0x0, 0xbf, 0xa0, 0x8f, 0xc0, 0x0, 0x0,
    0x2, 0x20, 0x2, 0x20,

    /* U+00AC "?" */
    0xac, 0xcc, 0xcc, 0xcc, 0x6d, 0xff, 0xff, 0xff,
    0xf8, 0x0, 0x0, 0x0, 0x6f, 0x80, 0x0, 0x0,
    0x6, 0xf8, 0x0, 0x0, 0x0, 0x38, 0x40,

    /* U+00AE "?" */
    0x0, 0x0, 0x0, 0x10, 0x0, 0x0, 0x0, 0x0,
    0x2a, 0xff, 0xfc, 0x40, 0x0, 0x0, 0x4f, 0xd7,
    0x56, 0xcf, 0x80, 0x0, 0x2f, 0xb0, 0x0, 0x0,
    0x7f, 0x60, 0x9, 0xe0, 0x5f, 0xee, 0x40, 0xae,
    0x0, 0xe8, 0x6, 0xd0, 0x8d, 0x3, 0xf3, 0xf,
    0x60, 0x6d, 0x8, 0xd0, 0x1f, 0x40, 0xe8, 0x6,
    0xfd, 0xf5, 0x3, 0xf3, 0xa, 0xd0, 0x6d, 0xc,
    0x90, 0x9f, 0x0, 0x3f, 0x82, 0x60, 0x27, 0x4f,
    0x80, 0x0, 0x7f, 0xb4, 0x23, 0x9f, 0xb0, 0x0,
    0x0, 0x4d, 0xff, 0xfe, 0x70, 0x0, 0x0, 0x0,
    0x2, 0x43, 0x0, 0x0, 0x0,

    /* U+00AF "?" */
    0x8, 0x88, 0x88, 0x31, 0xff, 0xff, 0xf6,

    /* U+00B0 "?" */
    0x0, 0x69, 0x71, 0x0, 0xdf, 0xff, 0xe2, 0x8f,
    0x70, 0x5f, 0xab, 0xe0, 0x0, 0xce, 0xaf, 0x20,
    0x1e, 0xc3, 0xfe, 0xae, 0xf5, 0x4, 0xcf, 0xd5,
    0x0,

    /* U+00B1 "?" */
    0x0, 0x0, 0x4f, 0xa0, 0x0, 0x0, 0x0, 0x4,
    0xfa, 0x0, 0x0, 0x0, 0x0, 0x4f, 0xa0, 0x0,
    0x1, 0xff, 0xff, 0xff, 0xff, 0xf6, 0xd, 0xdd,
    0xef, 0xfd, 0xdd, 0x50, 0x0, 0x4, 0xfa, 0x0,
    0x0, 0x0, 0x0, 0x4f, 0xa0, 0x0, 0x0, 0x0,
    0x1, 0x53, 0x0, 0x0, 0xe, 0xee, 0xee, 0xee,
    0xee, 0x51, 0xff, 0xff, 0xff, 0xff, 0xf6,

    /* U+00B2 "?" */
    0x9, 0xef, 0xd7, 0xa, 0xfa, 0x7d, 0xf6, 0x67,
    0x0, 0x3f, 0xa0, 0x0, 0xb, 0xf5, 0x0, 0x2d,
    0xf7, 0x0, 0x5f, 0xe4, 0x0, 0x9f, 0xf9, 0x88,
    0x7d, 0xff, 0xff, 0xff,

    /* U+00B3 "?" */
    0x0, 0x8d, 0xfe, 0x90, 0x0, 0x9f, 0xb8, 0xbf,
    0xa0, 0x2, 0x20, 0x15, 0xfa, 0x0, 0x0, 0x7f,
    0xfa, 0x0, 0x0, 0x1, 0x37, 0xfc, 0x0, 0x77,
    0x0, 0xe, 0xf2, 0xb, 0xfc, 0x8c, 0xfd, 0x0,
    0x8, 0xef, 0xe9, 0x10,

    /* U+00B4 "?" */
    0x2, 0xec, 0x0, 0xaf, 0x40, 0x2f, 0x90, 0x0,

    /* U+00B5 "?" */
    0x8f, 0x90, 0x0, 0x8, 0xf9, 0x8, 0xf9, 0x0,
    0x0, 0x8f, 0x90, 0x8f, 0x90, 0x0, 0x8, 0xf9,
    0x8, 0xf9, 0x0, 0x0, 0x8f, 0x90, 0x8f, 0x90,
    0x0, 0x8, 0xf9, 0x8, 0xf9, 0x0, 0x0, 0x8f,
    0x90, 0x8f, 0x90, 0x0, 0x8, 0xf9, 0x8, 0xfb,
    0x0, 0x0, 0xaf, 0x90, 0x8f, 0xf3, 0x0, 0x2f,
    0xf9, 0x8, 0xfe, 0xfb, 0xbf, 0xcf, 0xf9, 0x8f,
    0x98, 0xee, 0x90, 0x8e, 0xe8, 0xf9, 0x0, 0x0,
    0x0, 0x0, 0x8f, 0x90, 0x0, 0x0, 0x0, 0x8,
    0xf9, 0x0, 0x0, 0x0, 0x0, 0x8f, 0x90, 0x0,
    0x0, 0x0, 0x0,

    /* U+00B6 "?" */
    0x0, 0x8, 0xdf, 0xff, 0xff, 0x60, 0x1d, 0xff,
    0xff, 0xde, 0xf6, 0x9, 0xff, 0xff, 0xa0, 0x9f,
    0x60, 0xef, 0xff, 0xfa, 0x9, 0xf6, 0xf, 0xff,
    0xff, 0xa0, 0x9f, 0x60, 0xdf, 0xff, 0xfa, 0x9,
    0xf6, 0x8, 0xff, 0xff, 0xa0, 0x9f, 0x60, 0xc,
    0xff, 0xfa, 0x9, 0xf6, 0x0, 0x6, 0xbc, 0x80,
    0x9f, 0x60, 0x0, 0x0, 0x0, 0x9, 0xf6, 0x0,
    0x0, 0x0, 0x0, 0x9f, 0x60, 0x0, 0x0, 0x0,
    0x9, 0xf6, 0x0, 0x0, 0x0, 0x0, 0x9f, 0x60,
    0x0, 0x0, 0x0, 0x9, 0xf6,

    /* U+00B7 "?" */
    0xb, 0xb1, 0x5f, 0xf6, 0x1d, 0xd2,

    /* U+00B8 "?" */
    0x1, 0x10, 0x0, 0xa6, 0x0, 0xc, 0xea, 0x0,
    0x4, 0xf3, 0x3f, 0xfd, 0x10, 0x21, 0x0,

    /* U+00B9 "?" */
    0x1a, 0xff, 0x1f, 0xee, 0xf1, 0x80, 0xcf, 0x10,
    0xc, 0xf1, 0x0, 0xcf, 0x10, 0xc, 0xf1, 0x0,
    0xcf, 0x10, 0xc, 0xf1,

    /* U+00BA "?" */
    0x0, 0x5c, 0xfe, 0xb2, 0x0, 0x7f, 0xe9, 0xaf,
    0xf2, 0xf, 0xf2, 0x0, 0x5f, 0xa3, 0xfb, 0x0,
    0x0, 0xfe, 0x3f, 0xb0, 0x0, 0xf, 0xe0, 0xff,
    0x10, 0x5, 0xfb, 0x7, 0xfe, 0x9a, 0xff, 0x20,
    0x5, 0xcf, 0xeb, 0x20,

    /* U+00BB "?" */
    0xc, 0xf9, 0xa, 0xfb, 0x0, 0x0, 0x1, 0xef,
    0x60, 0xcf, 0x90, 0x0, 0x0, 0x2f, 0xf4, 0x1e,
    0xf7, 0x0, 0x0, 0x4, 0xff, 0x22, 0xff, 0x50,
    0x0, 0x0, 0x9f, 0xd0, 0x6f, 0xf1, 0x0, 0x3,
    0xff, 0x41, 0xef, 0x70, 0x0, 0x1e, 0xf6, 0xc,
    0xf9, 0x0, 0x0, 0xcf, 0x90, 0xaf, 0xb0, 0x0,
    0xa, 0xfb, 0x8, 0xfd, 0x0, 0x0, 0x2, 0x20,
    0x2, 0x21, 0x0, 0x0,

    /* U+00BC "?" */
    0x5, 0xff, 0x60, 0x0, 0x0, 0x6, 0xf5, 0x0,
    0x3f, 0xbf, 0x60, 0x0, 0x0, 0x2f, 0xa0, 0x0,
    0x24, 0x4f, 0x60, 0x0, 0x0, 0xce, 0x10, 0x0,
    0x0, 0x4f, 0x60, 0x0, 0x8, 0xf4, 0x0, 0x0,
    0x0, 0x4f, 0x60, 0x0, 0x3f, 0x80, 0x0, 0x0,
    0x0, 0x4f, 0x60, 0x0, 0xdd, 0x0, 0x0, 0x0,
    0x0, 0x4f, 0x60, 0xa, 0xf2, 0x0, 0x57, 0x40,
    0x0, 0x4f, 0x60, 0x5f, 0x70, 0x2, 0xff, 0x90,
    0x0, 0x0, 0x1, 0xeb, 0x0, 0xb, 0xef, 0x90,
    0x0, 0x0, 0xb, 0xe1, 0x0, 0x4f, 0x5f, 0x90,
    0x0, 0x0, 0x6f, 0x50, 0x0, 0xdc, 0xf, 0x90,
    0x0, 0x2, 0xfa, 0x0, 0x7, 0xf5, 0x1f, 0xa0,
    0x0, 0xc, 0xe1, 0x0, 0xb, 0xff, 0xff, 0xf9,
    0x0, 0x8f, 0x40, 0x0, 0x3, 0x44, 0x5f, 0xb2,
    0x0, 0x43, 0x0, 0x0, 0x0, 0x0, 0x4, 0x20,

    /* U+00BD "?" */
    0x1, 0x89, 0x30, 0x0, 0x0, 0x2, 0x94, 0x0,
    0x1, 0xef, 0xf6, 0x0, 0x0, 0x0, 0xce, 0x10,
    0x0, 0x4a, 0x5f, 0x60, 0x0, 0x0, 0x7f, 0x40,
    0x0, 0x0, 0x4, 0xf6, 0x0, 0x0, 0x2f, 0x90,
    0x0, 0x0, 0x0, 0x4f, 0x60, 0x0, 0xc, 0xe0,
    0x0, 0x0, 0x0, 0x4, 0xf6, 0x0, 0x8, 0xf4,
    0x0, 0x0, 0x0, 0x0, 0x4f, 0x60, 0x3, 0xf9,
    0x0, 0x1, 0x0, 0x0, 0x4, 0xf6, 0x0, 0xde,
    0x0, 0x7f, 0xfe, 0x50, 0x0, 0x15, 0x20, 0x8f,
    0x40, 0x2f, 0xb6, 0xdf, 0x0, 0x0, 0x0, 0x3f,
    0x90, 0x1, 0x31, 0x8, 0xf2, 0x0, 0x0, 0xd,
    0xe0, 0x0, 0x0, 0x1, 0xec, 0x0, 0x0, 0x8,
    0xf4, 0x0, 0x0, 0x0, 0xcf, 0x20, 0x0, 0x3,
    0xf9, 0x0, 0x0, 0x0, 0xbf, 0x50, 0x0, 0x0,
    0xdd, 0x0, 0x0, 0x0, 0xaf, 0x92, 0x20, 0x0,
    0x8f, 0x40, 0x0, 0x0, 0x3f, 0xff, 0xff, 0x40,
    0x4, 0x40, 0x0, 0x0, 0x1, 0x55, 0x55, 0x51,

    /* U+00BE "?" */
    0x0, 0x0, 0x0, 0x0, 0x0, 0x0, 0x0, 0x10,
    0x0, 0x2, 0xcf, 0xfb, 0x0, 0x0, 0x0, 0xd,
    0xd0, 0x0, 0xb, 0xc5, 0x8f, 0x70, 0x0, 0x0,
    0xaf, 0x20, 0x0, 0x0, 0x0, 0x5f, 0x70, 0x0,
    0x5, 0xf7, 0x0, 0x0, 0x0, 0x1f, 0xfb, 0x0,
    0x0, 0x1e, 0xb0, 0x0, 0x0, 0x0, 0x3, 0x7f,
    0x90, 0x0, 0xbf, 0x10, 0x0, 0x0, 0x0, 0x0,
    0xe, 0xe0, 0x6, 0xf5, 0x0, 0x0, 0x0, 0xc,
    0xb3, 0x5f, 0xb0, 0x2f, 0xa0, 0x0, 0x11, 0x0,
    0x6, 0xff, 0xfd, 0x20, 0xce, 0x10, 0x5, 0xff,
    0x20, 0x0, 0x13, 0x30, 0x7, 0xf4, 0x0, 0x1e,
    0xff, 0x20, 0x0, 0x0, 0x0, 0x3f, 0x90, 0x0,
    0x9e, 0x8f, 0x20, 0x0, 0x0, 0x0, 0xdd, 0x0,
    0x3, 0xf6, 0x7f, 0x20, 0x0, 0x0, 0x9, 0xf3,
    0x0, 0xd, 0xd1, 0x7f, 0x30, 0x0, 0x0, 0x4f,
    0x70, 0x0, 0x2f, 0xff, 0xff, 0xf2, 0x0, 0x1,
    0xec, 0x0, 0x0, 0x4, 0x44, 0xaf, 0x60, 0x0,
    0x1, 0x41, 0x0, 0x0, 0x0, 0x0, 0x24, 0x0,

    /* U+00BF "?" */
    0x0, 0x0, 0x5e, 0xb0, 0x0, 0x0, 0x0, 0xaf,
    0xf2, 0x0, 0x0, 0x0, 0x3c, 0x90, 0x0, 0x0,
    0x0, 0x0, 0x0, 0x0, 0x0, 0x0, 0x17, 0x50,
    0x0, 0x0, 0x0, 0x5f, 0xb0, 0x0, 0x0, 0x0,
    0xbf, 0x90, 0x0, 0x0, 0x1b, 0xff, 0x20, 0x0,
    0x2, 0xef, 0xd3, 0x0, 0x0, 0xa, 0xfd, 0x10,
    0x0, 0x0, 0xf, 0xf4, 0x0, 0x0, 0x0, 0xf,
    0xf4, 0x0, 0x8, 0xfa, 0xb, 0xfb, 0x0, 0x2e,
    0xf6, 0x3, 0xff, 0xfd, 0xff, 0xc0, 0x0, 0x2a,
    0xef, 0xd8, 0x0,

    /* U+00C0 "?" */
    0x0, 0x0, 0x4e, 0xb0, 0x0, 0x0, 0x0, 0x0,
    0x0, 0xb, 0xf3, 0x0, 0x0, 0x0, 0x0, 0x0,
    0x1, 0xfb, 0x0, 0x0, 0x0, 0x0, 0x0, 0x0,
    0x0, 0x0, 0x0, 0x0, 0x0, 0x0, 0x0, 0x0,
    0x0, 0x0, 0x0, 0x0, 0x0, 0x8, 0xff, 0x90,
    0x0, 0x0, 0x0, 0x0, 0xe, 0xff, 0xe0, 0x0,
    0x0, 0x0, 0x0, 0x4f, 0xcb, 0xf5, 0x0, 0x0,
    0x0, 0x0, 0x9f, 0x76, 0xfb, 0x0, 0x0, 0x0,
    0x0, 0xff, 0x21, 0xff, 0x10, 0x0, 0x0, 0x5,
    0xfc, 0x0, 0xbf, 0x70, 0x0, 0x0, 0xb, 0xf7,
    0x0, 0x5f, 0xd0, 0x0, 0x0, 0x1f, 0xf1, 0x0,
    0xe, 0xf3, 0x0, 0x0, 0x7f, 0xfd, 0xdd, 0xdf,
    0xf9, 0x0, 0x0, 0xdf, 0xff, 0xff, 0xff, 0xff,
    0x0, 0x3, 0xff, 0x10, 0x0, 0x0, 0xef, 0x50,
    0x9, 0xfb, 0x0, 0x0, 0x0, 0x9f, 0xb0, 0xe,
    0xf6, 0x0, 0x0, 0x0, 0x3f, 0xf2, 0x5f, 0xf1,
    0x0, 0x0, 0x0, 0xe, 0xf7,

    /* U+00C1 "?" */
    0x0, 0x0, 0x0, 0x9, 0xe6, 0x0, 0x0, 0x0,
    0x0, 0x0, 0x1f, 0xd0, 0x0, 0x0, 0x0, 0x0,
    0x0, 0x9f, 0x30, 0x0, 0x0, 0x0, 0x0, 0x0,
    0x0, 0x0, 0x0, 0x0, 0x0, 0x0, 0x0, 0x0,
    0x0, 0x0, 0x0, 0x0, 0x0, 0x8, 0xff, 0x90,
    0x0, 0x0, 0x0, 0x0, 0xe, 0xff, 0xe0, 0x0,
    0x0, 0x0, 0x0, 0x4f, 0xcb, 0xf5, 0x0, 0x0,
    0x0, 0x0, 0x9f, 0x76, 0xfb, 0x0, 0x0, 0x0,
    0x0, 0xff, 0x21, 0xff, 0x10, 0x0, 0x0, 0x5,
    0xfc, 0x0, 0xbf, 0x70, 0x0, 0x0, 0xb, 0xf7,
    0x0, 0x5f, 0xd0, 0x0, 0x0, 0x1f, 0xf1, 0x0,
    0xe, 0xf3, 0x0, 0x0, 0x7f, 0xfd, 0xdd, 0xdf,
    0xf9, 0x0, 0x0, 0xdf, 0xff, 0xff, 0xff, 0xff,
    0x0, 0x3, 0xff, 0x10, 0x0, 0x0, 0xef, 0x50,
    0x9, 0xfb, 0x0, 0x0, 0x0, 0x9f, 0xb0, 0xe,
    0xf6, 0x0, 0x0, 0x0, 0x3f, 0xf2, 0x5f, 0xf1,
    0x0, 0x0, 0x0, 0xe, 0xf7,

    /* U+00C2 "?" */
    0x0, 0x0, 0x4, 0xff, 0x60, 0x0, 0x0, 0x0,
    0x0, 0x2f, 0xca, 0xf4, 0x0, 0x0, 0x0, 0x1,
    0xee, 0x20, 0xde, 0x20, 0x0, 0x0, 0x0, 0x0,
    0x0, 0x0, 0x0, 0x0, 0x0, 0x0, 0x0, 0x0,
    0x0, 0x0, 0x0, 0x0, 0x0, 0x8, 0xff, 0x90,
    0x0, 0x0, 0x0, 0x0, 0xe, 0xff, 0xe0, 0x0,
    0x0, 0x0, 0x0, 0x4f, 0xcb, 0xf5, 0x0, 0x0,
    0x0, 0x0, 0x9f, 0x76, 0xfb, 0x0, 0x0, 0x0,
    0x0, 0xff, 0x21, 0xff, 0x10, 0x0, 0x0, 0x5,
    0xfc, 0x0, 0xbf, 0x70, 0x0, 0x0, 0xb, 0xf7,
    0x0, 0x5f, 0xd0, 0x0, 0x0, 0x1f, 0xf1, 0x0,
    0xe, 0xf3, 0x0, 0x0, 0x7f, 0xfd, 0xdd, 0xdf,
    0xf9, 0x0, 0x0, 0xdf, 0xff, 0xff, 0xff, 0xff,
    0x0, 0x3, 0xff, 0x10, 0x0, 0x0, 0xef, 0x50,
    0x9, 0xfb, 0x0, 0x0, 0x0, 0x9f, 0xb0, 0xe,
    0xf6, 0x0, 0x0, 0x0, 0x3f, 0xf2, 0x5f, 0xf1,
    0x0, 0x0, 0x0, 0xe, 0xf7,

    /* U+00C3 "?" */
    0x0, 0x0, 0x0, 0x11, 0x11, 0x0, 0x0, 0x0,
    0x0, 0x9f, 0xff, 0xfd, 0x0, 0x0, 0x0, 0x0,
    0x34, 0x44, 0x30, 0x0, 0x0, 0x0, 0x0, 0x0,
    0x0, 0x0, 0x0, 0x0, 0x0, 0x0, 0x0, 0x0,
    0x0, 0x0, 0x0, 0x0, 0x0, 0x8, 0xff, 0x90,
    0x0, 0x0, 0x0, 0x0, 0xe, 0xff, 0xe0, 0x0,
    0x0, 0x0, 0x0, 0x4f, 0xcb, 0xf5, 0x0, 0x0,
    0x0, 0x0, 0x9f, 0x76, 0xfb, 0x0, 0x0, 0x0,
    0x0, 0xff, 0x21, 0xff, 0x10, 0x0, 0x0, 0x5,
    0xfc, 0x0, 0xbf, 0x70, 0x0, 0x0, 0xb, 0xf7,
    0x0, 0x5f, 0xd0, 0x0, 0x0, 0x1f, 0xf1, 0x0,
    0xe, 0xf3, 0x0, 0x0, 0x7f, 0xfd, 0xdd, 0xdf,
    0xf9, 0x0, 0x0, 0xdf, 0xff, 0xff, 0xff, 0xff,
    0x0, 0x3, 0xff, 0x10, 0x0, 0x0, 0xef, 0x50,
    0x9, 0xfb, 0x0, 0x0, 0x0, 0x9f, 0xb0, 0xe,
    0xf6, 0x0, 0x0, 0x0, 0x3f, 0xf2, 0x5f, 0xf1,
    0x0, 0x0, 0x0, 0xe, 0xf7,

    /* U+00C4 "?" */
    0x0, 0x0, 0x54, 0x0, 0x35, 0x0, 0x0, 0x0,
    0x2, 0xff, 0x20, 0xff, 0x50, 0x0, 0x0, 0x1,
    0xdd, 0x0, 0xbe, 0x20, 0x0, 0x0, 0x0, 0x0,
    0x0, 0x0, 0x0, 0x0, 0x0, 0x0, 0x0, 0x0,
    0x0, 0x0, 0x0, 0x0, 0x0, 0x8, 0xff, 0x90,
    0x0, 0x0, 0x0, 0x0, 0xe, 0xff, 0xe0, 0x0,
    0x0, 0x0, 0x0, 0x4f, 0xcb, 0xf5, 0x0, 0x0,
    0x0, 0x0, 0x9f, 0x76, 0xfb, 0x0, 0x0, 0x0,
    0x0, 0xff, 0x21, 0xff, 0x10, 0x0, 0x0, 0x5,
    0xfc, 0x0, 0xbf, 0x70, 0x0, 0x0, 0xb, 0xf7,
    0x0, 0x5f, 0xd0, 0x0, 0x0, 0x1f, 0xf1, 0x0,
    0xe, 0xf3, 0x0, 0x0, 0x7f, 0xfd, 0xdd, 0xdf,
    0xf9, 0x0, 0x0, 0xdf, 0xff, 0xff, 0xff, 0xff,
    0x0, 0x3, 0xff, 0x10, 0x0, 0x0, 0xef, 0x50,
    0x9, 0xfb, 0x0, 0x0, 0x0, 0x9f, 0xb0, 0xe,
    0xf6, 0x0, 0x0, 0x0, 0x3f, 0xf2, 0x5f, 0xf1,
    0x0, 0x0, 0x0, 0xe, 0xf7,

    /* U+00C5 "?" */
    0x0, 0x0, 0x0, 0x0, 0x0, 0x0, 0x0, 0x0,
    0x0, 0x6, 0xef, 0x80, 0x0, 0x0, 0x0, 0x0,
    0x4f, 0x75, 0xf6, 0x0, 0x0, 0x0, 0x0, 0x8e,
    0x0, 0xca, 0x0, 0x0, 0x0, 0x0, 0x5f, 0x42,
    0xf8, 0x0, 0x0, 0x0, 0x0, 0x9, 0xff, 0xb0,
    0x0, 0x0, 0x0, 0x0, 0x0, 0x22, 0x0, 0x0,
    0x0, 0x0, 0x0, 0x8, 0xff, 0x90, 0x0, 0x0,
    0x0, 0x0, 0xe, 0xff, 0xe0, 0x0, 0x0, 0x0,
    0x0, 0x4f, 0xcb, 0xf5, 0x0, 0x0, 0x0, 0x0,
    0x9f, 0x76, 0xfb, 0x0, 0x0, 0x0, 0x0, 0xff,
    0x21, 0xff, 0x10, 0x0, 0x0, 0x5, 0xfc, 0x0,
    0xbf, 0x70, 0x0, 0x0, 0xb, 0xf7, 0x0, 0x5f,
    0xd0, 0x0, 0x0, 0x1f, 0xf1, 0x0, 0xe, 0xf3,
    0x0, 0x0, 0x7f, 0xfd, 0xdd, 0xdf, 0xf9, 0x0,
    0x0, 0xdf, 0xff, 0xff, 0xff, 0xff, 0x0, 0x3,
    0xff, 0x10, 0x0, 0x0, 0xef, 0x50, 0x9, 0xfb,
    0x0, 0x0, 0x0, 0x9f, 0xb0, 0xe, 0xf6, 0x0,
    0x0, 0x0, 0x3f, 0xf2, 0x5f, 0xf1, 0x0, 0x0,
    0x0, 0xe, 0xf7,

    /* U+00C6 "?" */
    0x0, 0x0, 0x0, 0xe, 0xff, 0xff, 0xff, 0xff,
    0xff, 0xc0, 0x0, 0x0, 0x7, 0xfd, 0x9f, 0xfe,
    0xee, 0xee, 0xeb, 0x0, 0x0, 0x0, 0xef, 0x54,
    0xfd, 0x0, 0x0, 0x0, 0x0, 0x0, 0x0, 0x7f,
    0xd0, 0x4f, 0xd0, 0x0, 0x0, 0x0, 0x0, 0x0,
    0xe, 0xf5, 0x4, 0xfd, 0x0, 0x0, 0x0, 0x0,
    0x0, 0x6, 0xfd, 0x0, 0x4f, 0xd0, 0x0, 0x0,
    0x0, 0x0, 0x0, 0xdf, 0x50, 0x4, 0xff, 0xff,
    0xff, 0xff, 0x40, 0x0, 0x5f, 0xd0, 0x0, 0x4f,
    0xfe, 0xee, 0xee, 0xe4, 0x0, 0xd, 0xfe, 0xcc,
    0xcd, 0xfd, 0x0, 0x0, 0x0, 0x0, 0x5, 0xff,
    0xff, 0xff, 0xff, 0xd0, 0x0, 0x0, 0x0, 0x0,
    0xcf, 0x70, 0x0, 0x4, 0xfd, 0x0, 0x0, 0x0,
    0x0, 0x4f, 0xf1, 0x0, 0x0, 0x4f, 0xd0, 0x0,
    0x0, 0x0, 0xc, 0xf9, 0x0, 0x0, 0x4, 0xff,
    0xee, 0xee, 0xee, 0xc4, 0xff, 0x20, 0x0, 0x0,
    0x4f, 0xff, 0xff, 0xff, 0xfd,

    /* U+00C7 "?" */
    0x0, 0x3, 0xad, 0xfe, 0xb6, 0x0, 0x0, 0x8,
    0xff, 0xff, 0xff, 0xfc, 0x10, 0x8, 0xff, 0x93,
    0x2, 0x6e, 0xfc, 0x2, 0xff, 0x70, 0x0, 0x0,
    0x2f, 0xf4, 0x8f, 0xd0, 0x0, 0x0, 0x0, 0x7a,
    0x5b, 0xf7, 0x0, 0x0, 0x0, 0x0, 0x0, 0xdf,
    0x50, 0x0, 0x0, 0x0, 0x0, 0xd, 0xf5, 0x0,
    0x0, 0x0, 0x0, 0x0, 0xbf, 0x70, 0x0, 0x0,
    0x0, 0x0, 0x8, 0xfc, 0x0, 0x0, 0x0, 0x7,
    0xa5, 0x2f, 0xf6, 0x0, 0x0, 0x2, 0xff, 0x40,
    0x8f, 0xf9, 0x30, 0x26, 0xef, 0xc0, 0x0, 0x8f,
    0xff, 0xff, 0xff, 0xc1, 0x0, 0x0, 0x3a, 0xdf,
    0xfb, 0x60, 0x0, 0x0, 0x0, 0x0, 0xf4, 0x0,
    0x0, 0x0, 0x0, 0x0, 0x1a, 0xeb, 0x0, 0x0,
    0x0, 0x0, 0x0, 0x19, 0xf0, 0x0, 0x0, 0x0,
    0x0, 0x8f, 0xe7, 0x0, 0x0,

    /* U+00C8 "?" */
    0x0, 0x3e, 0xd0, 0x0, 0x0, 0x0, 0x9, 0xf6,
    0x0, 0x0, 0x0, 0x0, 0xdd, 0x0, 0x0, 0x0,
    0x0, 0x0, 0x0, 0x0, 0x0, 0x0, 0x0, 0x0,
    0x0, 0x6f, 0xff, 0xff, 0xff, 0xfc, 0x6f, 0xfe,
    0xee, 0xee, 0xeb, 0x6f, 0xd0, 0x0, 0x0, 0x0,
    0x6f, 0xd0, 0x0, 0x0, 0x0, 0x6f, 0xd0, 0x0,
    0x0, 0x0, 0x6f, 0xd0, 0x0, 0x0, 0x0, 0x6f,
    0xff, 0xff, 0xff, 0xf4, 0x6f, 0xfe, 0xee, 0xee,
    0xe4, 0x6f, 0xd0, 0x0, 0x0, 0x0, 0x6f, 0xd0,
    0x0, 0x0, 0x0, 0x6f, 0xd0, 0x0, 0x0, 0x0,
    0x6f, 0xd0, 0x0, 0x0, 0x0, 0x6f, 0xfe, 0xee,
    0xee, 0xec, 0x6f, 0xff, 0xff, 0xff, 0xfd,

    /* U+00C9 "?" */
    0x0, 0x0, 0x6, 0xe9, 0x0, 0x0, 0x0, 0xe,
    0xe1, 0x0, 0x0, 0x0, 0x6f, 0x50, 0x0, 0x0,
    0x0, 0x0, 0x0, 0x0, 0x0, 0x0, 0x0, 0x0,
    0x0, 0x6f, 0xff, 0xff, 0xff, 0xfc, 0x6f, 0xfe,
    0xee, 0xee, 0xeb, 0x6f, 0xd0, 0x0, 0x0, 0x0,
    0x6f, 0xd0, 0x0, 0x0, 0x0, 0x6f, 0xd0, 0x0,
    0x0, 0x0, 0x6f, 0xd0, 0x0, 0x0, 0x0, 0x6f,
    0xff, 0xff, 0xff, 0xf4, 0x6f, 0xfe, 0xee, 0xee,
    0xe4, 0x6f, 0xd0, 0x0, 0x0, 0x0, 0x6f, 0xd0,
    0x0, 0x0, 0x0, 0x6f, 0xd0, 0x0, 0x0, 0x0,
    0x6f, 0xd0, 0x0, 0x0, 0x0, 0x6f, 0xfe, 0xee,
    0xee, 0xec, 0x6f, 0xff, 0xff, 0xff, 0xfd,

    /* U+00CA "?" */
    0x0, 0x2, 0xff, 0x90, 0x0, 0x0, 0x1e, 0xe9,
    0xf6, 0x0, 0x0, 0xcf, 0x30, 0xbf, 0x30, 0x0,
    0x0, 0x0, 0x0, 0x0, 0x0, 0x0, 0x0, 0x0,
    0x0, 0x6f, 0xff, 0xff, 0xff, 0xfc, 0x6f, 0xfe,
    0xee, 0xee, 0xeb, 0x6f, 0xd0, 0x0, 0x0, 0x0,
    0x6f, 0xd0, 0x0, 0x0, 0x0, 0x6f, 0xd0, 0x0,
    0x0, 0x0, 0x6f, 0xd0, 0x0, 0x0, 0x0, 0x6f,
    0xff, 0xff, 0xff, 0xf4, 0x6f, 0xfe, 0xee, 0xee,
    0xe4, 0x6f, 0xd0, 0x0, 0x0, 0x0, 0x6f, 0xd0,
    0x0, 0x0, 0x0, 0x6f, 0xd0, 0x0, 0x0, 0x0,
    0x6f, 0xd0, 0x0, 0x0, 0x0, 0x6f, 0xfe, 0xee,
    0xee, 0xec, 0x6f, 0xff, 0xff, 0xff, 0xfd,

    /* U+00CB "?" */
    0x0, 0x35, 0x0, 0x26, 0x0, 0x1, 0xff, 0x40,
    0xdf, 0x70, 0x0, 0xce, 0x20, 0x9f, 0x40, 0x0,
    0x0, 0x0, 0x0, 0x0, 0x0, 0x0, 0x0, 0x0,
    0x0, 0x6f, 0xff, 0xff, 0xff, 0xfc, 0x6f, 0xfe,
    0xee, 0xee, 0xeb, 0x6f, 0xd0, 0x0, 0x0, 0x0,
    0x6f, 0xd0, 0x0, 0x0, 0x0, 0x6f, 0xd0, 0x0,
    0x0, 0x0, 0x6f, 0xd0, 0x0, 0x0, 0x0, 0x6f,
    0xff, 0xff, 0xff, 0xf4, 0x6f, 0xfe, 0xee, 0xee,
    0xe4, 0x6f, 0xd0, 0x0, 0x0, 0x0, 0x6f, 0xd0,
    0x0, 0x0, 0x0, 0x6f, 0xd0, 0x0, 0x0, 0x0,
    0x6f, 0xd0, 0x0, 0x0, 0x0, 0x6f, 0xfe, 0xee,
    0xee, 0xec, 0x6f, 0xff, 0xff, 0xff, 0xfd,

    /* U+00CC "?" */
    0x9e, 0x60, 0x1f, 0xd0, 0x6, 0xf5, 0x0, 0x0,
    0x0, 0x0, 0x6, 0xfd, 0x6, 0xfd, 0x6, 0xfd,
    0x6, 0xfd, 0x6, 0xfd, 0x6, 0xfd, 0x6, 0xfd,
    0x6, 0xfd, 0x6, 0xfd, 0x6, 0xfd, 0x6, 0xfd,
    0x6, 0xfd, 0x6, 0xfd, 0x6, 0xfd,

    /* U+00CD "?" */
    0x0, 0xde, 0x20, 0x7f, 0x70, 0xe, 0xd0, 0x0,
    0x0, 0x0, 0x0, 0x0, 0x6, 0xfd, 0x0, 0x6f,
    0xd0, 0x6, 0xfd, 0x0, 0x6f, 0xd0, 0x6, 0xfd,
    0x0, 0x6f, 0xd0, 0x6, 0xfd, 0x0, 0x6f, 0xd0,
    0x6, 0xfd, 0x0, 0x6f, 0xd0, 0x6, 0xfd, 0x0,
    0x6f, 0xd0, 0x6, 0xfd, 0x0, 0x6f, 0xd0, 0x0,

    /* U+00CE "?" */
    0x0, 0xaf, 0xe2, 0x0, 0x7, 0xf8, 0xed, 0x0,
    0x5f, 0xb0, 0x4f, 0xb0, 0x0, 0x0, 0x0, 0x0,
    0x0, 0x0, 0x0, 0x0, 0x0, 0x6f, 0xd0, 0x0,
    0x0, 0x6f, 0xd0, 0x0, 0x0, 0x6f, 0xd0, 0x0,
    0x0, 0x6f, 0xd0, 0x0, 0x0, 0x6f, 0xd0, 0x0,
    0x0, 0x6f, 0xd0, 0x0, 0x0, 0x6f, 0xd0, 0x0,
    0x0, 0x6f, 0xd0, 0x0, 0x0, 0x6f, 0xd0, 0x0,
    0x0, 0x6f, 0xd0, 0x0, 0x0, 0x6f, 0xd0, 0x0,
    0x0, 0x6f, 0xd0, 0x0, 0x0, 0x6f, 0xd0, 0x0,
    0x0, 0x6f, 0xd0, 0x0,

    /* U+00CF "?" */
    0x6, 0x20, 0x5, 0x30, 0x8f, 0xc0, 0x5f, 0xf0,
    0x4f, 0x80, 0x2e, 0xb0, 0x0, 0x0, 0x0, 0x0,
    0x0, 0x0, 0x0, 0x0, 0x0, 0x6f, 0xd0, 0x0,
    0x0, 0x6f, 0xd0, 0x0, 0x0, 0x6f, 0xd0, 0x0,
    0x0, 0x6f, 0xd0, 0x0, 0x0, 0x6f, 0xd0, 0x0,
    0x0, 0x6f, 0xd0, 0x0, 0x0, 0x6f, 0xd0, 0x0,
    0x0, 0x6f, 0xd0, 0x0, 0x0, 0x6f, 0xd0, 0x0,
    0x0, 0x6f, 0xd0, 0x0, 0x0, 0x6f, 0xd0, 0x0,
    0x0, 0x6f, 0xd0, 0x0, 0x0, 0x6f, 0xd0, 0x0,
    0x0, 0x6f, 0xd0, 0x0,

    /* U+00D0 "?" */
    0x0, 0xff, 0xff, 0xfe, 0xd9, 0x20, 0x0, 0x0,
    0xff, 0xff, 0xff, 0xff, 0xf7, 0x0, 0x0, 0xff,
    0x40, 0x0, 0x29, 0xff, 0x60, 0x0, 0xff, 0x40,
    0x0, 0x0, 0x7f, 0xf0, 0x0, 0xff, 0x40, 0x0,
    0x0, 0xd, 0xf6, 0x0, 0xff, 0x40, 0x0, 0x0,
    0x9, 0xf9, 0xcf, 0xff, 0xff, 0xfe, 0x0, 0x7,
    0xfb, 0x8a, 0xff, 0xea, 0xa9, 0x0, 0x7, 0xfb,
    0x0, 0xff, 0x40, 0x0, 0x0, 0x9, 0xf9, 0x0,
    0xff, 0x40, 0x0, 0x0, 0xd, 0xf6, 0x0, 0xff,
    0x40, 0x0, 0x0, 0x7f, 0xf0, 0x0, 0xff, 0x40,
    0x0, 0x39, 0xff, 0x60, 0x0, 0xff, 0xff, 0xff,
    0xff, 0xf7, 0x0, 0x0, 0xff, 0xff, 0xfe, 0xd8,
    0x20, 0x0,

    /* U+00D1 "?" */
    0x0, 0x0, 0x1, 0x11, 0x10, 0x0, 0x0, 0x0,
    0x2e, 0xff, 0xff, 0x50, 0x0, 0x0, 0x1, 0x44,
    0x44, 0x20, 0x0, 0x0, 0x0, 0x0, 0x0, 0x0,
    0x0, 0x0, 0x0, 0x0, 0x0, 0x0, 0x0, 0x0,
    0x6, 0xff, 0x80, 0x0, 0x0, 0xb, 0xf8, 0x6f,
    0xff, 0x30, 0x0, 0x0, 0xbf, 0x86, 0xff, 0xfc,
    0x0, 0x0, 0xb, 0xf8, 0x6f, 0xbc, 0xf7, 0x0,
    0x0, 0xbf, 0x86, 0xfc, 0x3f, 0xf2, 0x0, 0xb,
    0xf8, 0x6f, 0xd0, 0xaf, 0xc0, 0x0, 0xbf, 0x86,
    0xfd, 0x1, 0xef, 0x70, 0xb, 0xf8, 0x6f, 0xe0,
    0x5, 0xff, 0x20, 0xbf, 0x86, 0xfe, 0x0, 0xa,
    0xfb, 0xb, 0xf8, 0x6f, 0xe0, 0x0, 0x1e, 0xf5,
    0xbf, 0x86, 0xfe, 0x0, 0x0, 0x5f, 0xea, 0xf8,
    0x6f, 0xe0, 0x0, 0x0, 0xbf, 0xff, 0x86, 0xfe,
    0x0, 0x0, 0x1, 0xff, 0xf8, 0x6f, 0xe0, 0x0,
    0x0, 0x6, 0xff, 0x80,

    /* U+00D2 "?" */
    0x0, 0x0, 0xbf, 0x60, 0x0, 0x0, 0x0, 0x0,
    0x0, 0x1f, 0xd0, 0x0, 0x0, 0x0, 0x0, 0x0,
    0x6, 0xe4, 0x0, 0x0, 0x0, 0x0, 0x0, 0x0,
    0x0, 0x0, 0x0, 0x0, 0x0, 0x0, 0x0, 0x0,
    0x0, 0x0, 0x0, 0x0, 0x3, 0xad, 0xfe, 0xb5,
    0x0, 0x0, 0x0, 0x8f, 0xff, 0xff, 0xff, 0xc1,
    0x0, 0x7, 0xff, 0x93, 0x1, 0x6f, 0xfc, 0x0,
    0x2f, 0xf7, 0x0, 0x0, 0x2, 0xff, 0x70, 0x8f,
    0xc0, 0x0, 0x0, 0x0, 0x7f, 0xd0, 0xbf, 0x70,
    0x0, 0x0, 0x0, 0x2f, 0xf1, 0xdf, 0x50, 0x0,
    0x0, 0x0, 0xf, 0xf2, 0xdf, 0x50, 0x0, 0x0,
    0x0, 0xf, 0xf2, 0xbf, 0x70, 0x0, 0x0, 0x0,
    0x2f, 0xf1, 0x8f, 0xc0, 0x0, 0x0, 0x0, 0x7f,
    0xd0, 0x2f, 0xf6, 0x0, 0x0, 0x2, 0xff, 0x70,
    0x8, 0xff, 0x93, 0x1, 0x6e, 0xfc, 0x0, 0x0,
    0x8f, 0xff, 0xff, 0xff, 0xc1, 0x0, 0x0, 0x3,
    0xad, 0xfe, 0xb6, 0x0, 0x0,

    /* U+00D3 "?" */
    0x0, 0x0, 0x0, 0x1f, 0xf1, 0x0, 0x0, 0x0,
    0x0, 0x0, 0x8f, 0x60, 0x0, 0x0, 0x0, 0x0,
    0x0, 0xda, 0x0, 0x0, 0x0, 0x0, 0x0, 0x0,
    0x0, 0x0, 0x0, 0x0, 0x0, 0x0, 0x0, 0x0,
    0x0, 0x0, 0x0, 0x0, 0x3, 0xad, 0xfe, 0xb5,
    0x0, 0x0, 0x0, 0x8f, 0xff, 0xff, 0xff, 0xc1,
    0x0, 0x7, 0xff, 0x93, 0x1, 0x6f, 0xfc, 0x0,
    0x2f, 0xf7, 0x0, 0x0, 0x2, 0xff, 0x70, 0x8f,
    0xc0, 0x0, 0x0, 0x0, 0x7f, 0xd0, 0xbf, 0x70,
    0x0, 0x0, 0x0, 0x2f, 0xf1, 0xdf, 0x50, 0x0,
    0x0, 0x0, 0xf, 0xf2, 0xdf, 0x50, 0x0, 0x0,
    0x0, 0xf, 0xf2, 0xbf, 0x70, 0x0, 0x0, 0x0,
    0x2f, 0xf1, 0x8f, 0xc0, 0x0, 0x0, 0x0, 0x7f,
    0xd0, 0x2f, 0xf6, 0x0, 0x0, 0x2, 0xff, 0x70,
    0x8, 0xff, 0x93, 0x1, 0x6e, 0xfc, 0x0, 0x0,
    0x8f, 0xff, 0xff, 0xff, 0xc1, 0x0, 0x0, 0x3,
    0xad, 0xfe, 0xb6, 0x0, 0x0,

    /* U+00D4 "?" */
    0x0, 0x0, 0xa, 0xfe, 0x10, 0x0, 0x0, 0x0,
    0x0, 0x8f, 0x8f, 0xc0, 0x0, 0x0, 0x0, 0x6,
    0xfa, 0x5, 0xfa, 0x0, 0x0, 0x0, 0x0, 0x0,
    0x0, 0x0, 0x0, 0x0, 0x0, 0x0, 0x0, 0x0,
    0x0, 0x0, 0x0, 0x0, 0x3, 0xad, 0xfe, 0xb5,
    0x0, 0x0, 0x0, 0x8f, 0xff, 0xff, 0xff, 0xc1,
    0x0, 0x7, 0xff, 0x93, 0x1, 0x6f, 0xfc, 0x0,
    0x2f, 0xf7, 0x0, 0x0, 0x2, 0xff, 0x70, 0x8f,
    0xc0, 0x0, 0x0, 0x0, 0x7f, 0xd0, 0xbf, 0x70,
    0x0, 0x0, 0x0, 0x2f, 0xf1, 0xdf, 0x50, 0x0,
    0x0, 0x0, 0xf, 0xf2, 0xdf, 0x50, 0x0, 0x0,
    0x0, 0xf, 0xf2, 0xbf, 0x70, 0x0, 0x0, 0x0,
    0x2f, 0xf1, 0x8f, 0xc0, 0x0, 0x0, 0x0, 0x7f,
    0xd0, 0x2f, 0xf6, 0x0, 0x0, 0x2, 0xff, 0x70,
    0x8, 0xff, 0x93, 0x1, 0x6e, 0xfc, 0x0, 0x0,
    0x8f, 0xff, 0xff, 0xff, 0xc1, 0x0, 0x0, 0x3,
    0xad, 0xfe, 0xb6, 0x0, 0x0,

    /* U+00D5 "?" */
    0x0, 0x0, 0x0, 0x0, 0x1, 0x0, 0x0, 0x0,
    0x0, 0xbf, 0xb3, 0xc9, 0x0, 0x0, 0x0, 0x3,
    0xf7, 0xbf, 0xf3, 0x0, 0x0, 0x0, 0x1, 0x40,
    0x2, 0x20, 0x0, 0x0, 0x0, 0x0, 0x0, 0x0,
    0x0, 0x0, 0x0, 0x0, 0x0, 0x0, 0x0, 0x0,
    0x0, 0x0, 0x0, 0x3, 0xad, 0xfe, 0xb5, 0x0,
    0x0, 0x0, 0x8f, 0xff, 0xff, 0xff, 0xc1, 0x0,
    0x7, 0xff, 0x93, 0x1, 0x6f, 0xfc, 0x0, 0x2f,
    0xf7, 0x0, 0x0, 0x2, 0xff, 0x70, 0x8f, 0xc0,
    0x0, 0x0, 0x0, 0x7f, 0xd0, 0xbf, 0x70, 0x0,
    0x0, 0x0, 0x2f, 0xf1, 0xdf, 0x50, 0x0, 0x0,
    0x0, 0xf, 0xf2, 0xdf, 0x50, 0x0, 0x0, 0x0,
    0xf, 0xf2, 0xbf, 0x70, 0x0, 0x0, 0x0, 0x2f,
    0xf1, 0x8f, 0xc0, 0x0, 0x0, 0x0, 0x7f, 0xd0,
    0x2f, 0xf6, 0x0, 0x0, 0x2, 0xff, 0x70, 0x8,
    0xff, 0x93, 0x1, 0x6e, 0xfc, 0x0, 0x0, 0x8f,
    0xff, 0xff, 0xff, 0xc1, 0x0, 0x0, 0x3, 0xad,
    0xfe, 0xb6, 0x0, 0x0,

    /* U+00D6 "?" */
    0x0, 0x5, 0xf8, 0x3, 0xea, 0x0, 0x0, 0x0,
    0x9, 0xfc, 0x6, 0xff, 0x0, 0x0, 0x0, 0x1,
    0x62, 0x0, 0x63, 0x0, 0x0, 0x0, 0x0, 0x0,
    0x0, 0x0, 0x0, 0x0, 0x0, 0x0, 0x0, 0x0,
    0x0, 0x0, 0x0, 0x0, 0x3, 0xad, 0xfe, 0xb5,
    0x0, 0x0, 0x0, 0x8f, 0xff, 0xff, 0xff, 0xc1,
    0x0, 0x7, 0xff, 0x93, 0x1, 0x6f, 0xfc, 0x0,
    0x2f, 0xf7, 0x0, 0x0, 0x2, 0xff, 0x70, 0x8f,
    0xc0, 0x0, 0x0, 0x0, 0x7f, 0xd0, 0xbf, 0x70,
    0x0, 0x0, 0x0, 0x2f, 0xf1, 0xdf, 0x50, 0x0,
    0x0, 0x0, 0xf, 0xf2, 0xdf, 0x50, 0x0, 0x0,
    0x0, 0xf, 0xf2, 0xbf, 0x70, 0x0, 0x0, 0x0,
    0x2f, 0xf1, 0x8f, 0xc0, 0x0, 0x0, 0x0, 0x7f,
    0xd0, 0x2f, 0xf6, 0x0, 0x0, 0x2, 0xff, 0x70,
    0x8, 0xff, 0x93, 0x1, 0x6e, 0xfc, 0x0, 0x0,
    0x8f, 0xff, 0xff, 0xff, 0xc1, 0x0, 0x0, 0x3,
    0xad, 0xfe, 0xb6, 0x0, 0x0,

    /* U+00D7 "?" */
    0x0, 0x30, 0x0, 0x0, 0x2, 0x0, 0xaf, 0x40,
    0x0, 0xc, 0xe2, 0x7, 0xff, 0x40, 0xc, 0xfc,
    0x10, 0x7, 0xff, 0x5c, 0xfc, 0x10, 0x0, 0x7,
    0xff, 0xfc, 0x10, 0x0, 0x0, 0x1e, 0xff, 0x50,
    0x0, 0x0, 0x1c, 0xfe, 0xff, 0x40, 0x0, 0x1c,
    0xfc, 0x17, 0xff, 0x40, 0xc, 0xfc, 0x0, 0x7,
    0xff, 0x30, 0x4c, 0x0, 0x0, 0x7, 0xa0, 0x0,
    0x0, 0x0, 0x0, 0x0, 0x0,

    /* U+00D8 "?" */
    0x0, 0x0, 0x0, 0x0, 0x0, 0x1, 0x0, 0x0,
    0x3, 0xad, 0xfe, 0xb5, 0x8e, 0x30, 0x0, 0x8f,
    0xff, 0xff, 0xff, 0xfd, 0x0, 0x7, 0xff, 0x93,
    0x1, 0x8f, 0xfe, 0x0, 0x2f, 0xf7, 0x0, 0x0,
    0xbf, 0xff, 0x70, 0x8f, 0xc0, 0x0, 0x7, 0xf8,
    0x7f, 0xd0, 0xbf, 0x70, 0x0, 0x3f, 0xc0, 0x2f,
    0xf1, 0xdf, 0x50, 0x1, 0xee, 0x10, 0xf, 0xf2,
    0xdf, 0x50, 0xb, 0xf4, 0x0, 0xf, 0xf2, 0xbf,
    0x70, 0x7f, 0x80, 0x0, 0x2f, 0xf1, 0x8f, 0xc3,
    0xfc, 0x0, 0x0, 0x7f, 0xd0, 0x2f, 0xff, 0xe2,
    0x0, 0x2, 0xff, 0x70, 0x8, 0xff, 0xe3, 0x1,
    0x6e, 0xfc, 0x0, 0x7, 0xff, 0xff, 0xff, 0xff,
    0xc1, 0x0, 0xc, 0xc4, 0xad, 0xfe, 0xb6, 0x0,
    0x0, 0x0, 0x10, 0x0, 0x0, 0x0, 0x0, 0x0,

    /* U+00D9 "?" */
    0x0, 0x1, 0xef, 0x20, 0x0, 0x0, 0x0, 0x0,
    0x5, 0xf9, 0x0, 0x0, 0x0, 0x0, 0x0, 0xa,
    0xe1, 0x0, 0x0, 0x0, 0x0, 0x0, 0x0, 0x0,
    0x0, 0x0, 0x0, 0x0, 0x0, 0x0, 0x0, 0x0,
    0x6, 0xfd, 0x0, 0x0, 0x0, 0xf, 0xf3, 0x6f,
    0xd0, 0x0, 0x0, 0x0, 0xff, 0x36, 0xfd, 0x0,
    0x0, 0x0, 0xf, 0xf3, 0x6f, 0xd0, 0x0, 0x0,
    0x0, 0xff, 0x36, 0xfd, 0x0, 0x0, 0x0, 0xf,
    0xf3, 0x6f, 0xd0, 0x0, 0x0, 0x0, 0xff, 0x36,
    0xfd, 0x0, 0x0, 0x0, 0xf, 0xf3, 0x6f, 0xd0,
    0x0, 0x0, 0x0, 0xff, 0x36, 0xfd, 0x0, 0x0,
    0x0, 0xf, 0xf3, 0x5f, 0xf0, 0x0, 0x0, 0x2,
    0xff, 0x22, 0xff, 0x50, 0x0, 0x0, 0x9f, 0xe0,
    0xb, 0xff, 0x72, 0x2, 0x9f, 0xf7, 0x0, 0x1c,
    0xff, 0xff, 0xff, 0xfa, 0x0, 0x0, 0x6, 0xce,
    0xfe, 0xb4, 0x0, 0x0,

    /* U+00DA "?" */
    0x0, 0x0, 0x0, 0x5f, 0xc0, 0x0, 0x0, 0x0,
    0x0, 0xc, 0xf2, 0x0, 0x0, 0x0, 0x0, 0x3,
    0xe6, 0x0, 0x0, 0x0, 0x0, 0x0, 0x0, 0x0,
    0x0, 0x0, 0x0, 0x0, 0x0, 0x0, 0x0, 0x0,
    0x6, 0xfd, 0x0, 0x0, 0x0, 0xf, 0xf3, 0x6f,
    0xd0, 0x0, 0x0, 0x0, 0xff, 0x36, 0xfd, 0x0,
    0x0, 0x0, 0xf, 0xf3, 0x6f, 0xd0, 0x0, 0x0,
    0x0, 0xff, 0x36, 0xfd, 0x0, 0x0, 0x0, 0xf,
    0xf3, 0x6f, 0xd0, 0x0, 0x0, 0x0, 0xff, 0x36,
    0xfd, 0x0, 0x0, 0x0, 0xf, 0xf3, 0x6f, 0xd0,
    0x0, 0x0, 0x0, 0xff, 0x36, 0xfd, 0x0, 0x0,
    0x0, 0xf, 0xf3, 0x5f, 0xf0, 0x0, 0x0, 0x2,
    0xff, 0x22, 0xff, 0x50, 0x0, 0x0, 0x9f, 0xe0,
    0xb, 0xff, 0x72, 0x2, 0x9f, 0xf7, 0x0, 0x1c,
    0xff, 0xff, 0xff, 0xfa, 0x0, 0x0, 0x6, 0xce,
    0xfe, 0xb4, 0x0, 0x0,

    /* U+00DB "?" */
    0x0, 0x0, 0x1d, 0xfb, 0x0, 0x0, 0x0, 0x0,
    0xc, 0xf8, 0xf9, 0x0, 0x0, 0x0, 0xa, 0xf6,
    0x9, 0xf6, 0x0, 0x0, 0x0, 0x0, 0x0, 0x0,
    0x0, 0x0, 0x0, 0x0, 0x0, 0x0, 0x0, 0x0,
    0x6, 0xfd, 0x0, 0x0, 0x0, 0xf, 0xf3, 0x6f,
    0xd0, 0x0, 0x0, 0x0, 0xff, 0x36, 0xfd, 0x0,
    0x0, 0x0, 0xf, 0xf3, 0x6f, 0xd0, 0x0, 0x0,
    0x0, 0xff, 0x36, 0xfd, 0x0, 0x0, 0x0, 0xf,
    0xf3, 0x6f, 0xd0, 0x0, 0x0, 0x0, 0xff, 0x36,
    0xfd, 0x0, 0x0, 0x0, 0xf, 0xf3, 0x6f, 0xd0,
    0x0, 0x0, 0x0, 0xff, 0x36, 0xfd, 0x0, 0x0,
    0x0, 0xf, 0xf3, 0x5f, 0xf0, 0x0, 0x0, 0x2,
    0xff, 0x22, 0xff, 0x50, 0x0, 0x0, 0x9f, 0xe0,
    0xb, 0xff, 0x72, 0x2, 0x9f, 0xf7, 0x0, 0x1c,
    0xff, 0xff, 0xff, 0xfa, 0x0, 0x0, 0x6, 0xce,
    0xfe, 0xb4, 0x0, 0x0,

    /* U+00DC "?" */
    0x0, 0x9, 0xf4, 0x6, 0xf6, 0x0, 0x0, 0x0,
    0xdf, 0x70, 0xaf, 0xa0, 0x0, 0x0, 0x2, 0x60,
    0x1, 0x61, 0x0, 0x0, 0x0, 0x0, 0x0, 0x0,
    0x0, 0x0, 0x0, 0x0, 0x0, 0x0, 0x0, 0x0,
    0x6, 0xfd, 0x0, 0x0, 0x0, 0xf, 0xf3, 0x6f,
    0xd0, 0x0, 0x0, 0x0, 0xff, 0x36, 0xfd, 0x0,
    0x0, 0x0, 0xf, 0xf3, 0x6f, 0xd0, 0x0, 0x0,
    0x0, 0xff, 0x36, 0xfd, 0x0, 0x0, 0x0, 0xf,
    0xf3, 0x6f, 0xd0, 0x0, 0x0, 0x0, 0xff, 0x36,
    0xfd, 0x0, 0x0, 0x0, 0xf, 0xf3, 0x6f, 0xd0,
    0x0, 0x0, 0x0, 0xff, 0x36, 0xfd, 0x0, 0x0,
    0x0, 0xf, 0xf3, 0x5f, 0xf0, 0x0, 0x0, 0x2,
    0xff, 0x22, 0xff, 0x50, 0x0, 0x0, 0x9f, 0xe0,
    0xb, 0xff, 0x72, 0x2, 0x9f, 0xf7, 0x0, 0x1c,
    0xff, 0xff, 0xff, 0xfa, 0x0, 0x0, 0x6, 0xce,
    0xfe, 0xb4, 0x0, 0x0,

    /* U+00DD "?" */
    0x0, 0x0, 0x0, 0xa, 0xe5, 0x0, 0x0, 0x0,
    0x0, 0x0, 0x3f, 0xb0, 0x0, 0x0, 0x0, 0x0,
    0x0, 0xaf, 0x10, 0x0, 0x0, 0x0, 0x0, 0x0,
    0x0, 0x0, 0x0, 0x0, 0x0, 0x0, 0x0, 0x0,
    0x0, 0x0, 0x0, 0x3f, 0xf6, 0x0, 0x0, 0x0,
    0x7f, 0xf2, 0x8, 0xfe, 0x10, 0x0, 0x1, 0xff,
    0x70, 0x0, 0xdf, 0x90, 0x0, 0xa, 0xfd, 0x0,
    0x0, 0x4f, 0xf3, 0x0, 0x4f, 0xf3, 0x0, 0x0,
    0xa, 0xfd, 0x0, 0xdf, 0x90, 0x0, 0x0, 0x1,
    0xef, 0x67, 0xfe, 0x0, 0x0, 0x0, 0x0, 0x5f,
    0xee, 0xf4, 0x0, 0x0, 0x0, 0x0, 0xb, 0xff,
    0xa0, 0x0, 0x0, 0x0, 0x0, 0x3, 0xff, 0x20,
    0x0, 0x0, 0x0, 0x0, 0x2, 0xff, 0x10, 0x0,
    0x0, 0x0, 0x0, 0x2, 0xff, 0x10, 0x0, 0x0,
    0x0, 0x0, 0x2, 0xff, 0x10, 0x0, 0x0, 0x0,
    0x0, 0x2, 0xff, 0x10, 0x0, 0x0, 0x0, 0x0,
    0x2, 0xff, 0x10, 0x0, 0x0,

    /* U+00DE "?" */
    0x7f, 0xc0, 0x0, 0x0, 0x0, 0x7, 0xfc, 0x0,
    0x0, 0x0, 0x0, 0x7f, 0xfd, 0xdd, 0xb7, 0x10,
    0x7, 0xff, 0xff, 0xff, 0xfe, 0x20, 0x7f, 0xc0,
    0x0, 0x3b, 0xfd, 0x7, 0xfc, 0x0, 0x0, 0x1f,
    0xf3, 0x7f, 0xc0, 0x0, 0x0, 0xcf, 0x47, 0xfc,
    0x0, 0x0, 0xf, 0xf3, 0x7f, 0xc0, 0x0, 0x3b,
    0xfd, 0x7, 0xff, 0xff, 0xff, 0xfe, 0x20, 0x7f,
    0xfd, 0xdd, 0xb7, 0x10, 0x7, 0xfc, 0x0, 0x0,
    0x0, 0x0, 0x7f, 0xc0, 0x0, 0x0, 0x0, 0x7,
    0xfc, 0x0, 0x0, 0x0, 0x0,

    /* U+00DF "?" */
    0x0, 0x6c, 0xff, 0xd8, 0x0, 0x0, 0x9f, 0xff,
    0xff, 0xfd, 0x0, 0x2f, 0xf8, 0x0, 0x4f, 0xf7,
    0x5, 0xfd, 0x0, 0x0, 0x9f, 0xa0, 0x6f, 0xc0,
    0x0, 0xa, 0xf8, 0x6, 0xfc, 0x0, 0x5, 0xfe,
    0x10, 0x6f, 0xc0, 0x7f, 0xfd, 0x20, 0x6, 0xfc,
    0x6, 0xdf, 0xff, 0x50, 0x6f, 0xc0, 0x0, 0x6,
    0xff, 0x26, 0xfc, 0x0, 0x0, 0xb, 0xf7, 0x6f,
    0xc0, 0x0, 0x0, 0xaf, 0x86, 0xfc, 0x0, 0x0,
    0x5f, 0xf5, 0x6f, 0xc0, 0x7e, 0xff, 0xfb, 0x6,
    0xfc, 0x8, 0xff, 0xd7, 0x0,

    /* U+00E0 "?" */
    0x0, 0xd, 0xf4, 0x0, 0x0, 0x0, 0x3, 0xfb,
    0x0, 0x0, 0x0, 0x0, 0x7e, 0x20, 0x0, 0x0,
    0x0, 0x0, 0x0, 0x0, 0x0, 0x29, 0xef, 0xea,
    0x30, 0x2, 0xff, 0xec, 0xef, 0xf3, 0x9, 0xfa,
    0x0, 0x9, 0xfb, 0x0, 0x0, 0x0, 0x4, 0xfe,
    0x0, 0x1, 0x47, 0x9d, 0xfe, 0x2, 0xcf, 0xff,
    0xfc, 0xfe, 0xe, 0xfb, 0x51, 0x3, 0xfe, 0x2f,
    0xf0, 0x0, 0x5, 0xfe, 0x1f, 0xf3, 0x0, 0x2d,
    0xfe, 0xa, 0xff, 0xcc, 0xfb, 0xfe, 0x0, 0x8e,
    0xfd, 0x72, 0xfe,

    /* U+00E1 "?" */
    0x0, 0x0, 0x3, 0xfe, 0x0, 0x0, 0x0, 0xa,
    0xf4, 0x0, 0x0, 0x0, 0x1e, 0x80, 0x0, 0x0,
    0x0, 0x0, 0x0, 0x0, 0x0, 0x29, 0xef, 0xea,
    0x30, 0x2, 0xff, 0xec, 0xef, 0xf3, 0x9, 0xfa,
    0x0, 0x9, 0xfb, 0x0, 0x0, 0x0, 0x4, 0xfe,
    0x0, 0x1, 0x47, 0x9d, 0xfe, 0x2, 0xcf, 0xff,
    0xfc, 0xfe, 0xe, 0xfb, 0x51, 0x3, 0xfe, 0x2f,
    0xf0, 0x0, 0x5, 0xfe, 0x1f, 0xf3, 0x0, 0x2d,
    0xfe, 0xa, 0xff, 0xcc, 0xfb, 0xfe, 0x0, 0x8e,
    0xfd, 0x72, 0xfe,

    /* U+00E2 "?" */
    0x0, 0x0, 0x48, 0x50, 0x0, 0x0, 0x4, 0xfe,
    0xf4, 0x0, 0x0, 0x2e, 0xd1, 0xcf, 0x20, 0x0,
    0x58, 0x20, 0x28, 0x50, 0x0, 0x0, 0x0, 0x0,
    0x0, 0x0, 0x29, 0xef, 0xea, 0x30, 0x2, 0xff,
    0xec, 0xef, 0xf3, 0x9, 0xfa, 0x0, 0x9, 0xfb,
    0x0, 0x0, 0x0, 0x4, 0xfe, 0x0, 0x1, 0x47,
    0x9d, 0xfe, 0x2, 0xcf, 0xff, 0xfc, 0xfe, 0xe,
    0xfb, 0x51, 0x3, 0xfe, 0x2f, 0xf0, 0x0, 0x5,
    0xfe, 0x1f, 0xf3, 0x0, 0x2d, 0xfe, 0xa, 0xff,
    0xcc, 0xfb, 0xfe, 0x0, 0x8e, 0xfd, 0x72, 0xfe,

    /* U+00E3 "?" */
    0x0, 0x4, 0x74, 0x7, 0x40, 0x0, 0x4f, 0xff,
    0xff, 0x40, 0x0, 0x25, 0x2, 0x43, 0x0, 0x0,
    0x0, 0x0, 0x0, 0x0, 0x0, 0x29, 0xef, 0xea,
    0x30, 0x2, 0xff, 0xec, 0xef, 0xf3, 0x9, 0xfa,
    0x0, 0x9, 0xfb, 0x0, 0x0, 0x0, 0x4, 0xfe,
    0x0, 0x1, 0x47, 0x9d, 0xfe, 0x2, 0xcf, 0xff,
    0xfc, 0xfe, 0xe, 0xfb, 0x51, 0x3, 0xfe, 0x2f,
    0xf0, 0x0, 0x5, 0xfe, 0x1f, 0xf3, 0x0, 0x2d,
    0xfe, 0xa, 0xff, 0xcc, 0xfb, 0xfe, 0x0, 0x8e,
    0xfd, 0x72, 0xfe,

    /* U+00E4 "?" */
    0x0, 0x27, 0x10, 0x17, 0x20, 0x0, 0xbf, 0xa0,
    0x8f, 0xd0, 0x0, 0x7e, 0x50, 0x4e, 0x80, 0x0,
    0x0, 0x0, 0x0, 0x0, 0x0, 0x29, 0xef, 0xea,
    0x30, 0x2, 0xff, 0xec, 0xef, 0xf3, 0x9, 0xfa,
    0x0, 0x9, 0xfb, 0x0, 0x0, 0x0, 0x4, 0xfe,
    0x0, 0x1, 0x47, 0x9d, 0xfe, 0x2, 0xcf, 0xff,
    0xfc, 0xfe, 0xe, 0xfb, 0x51, 0x3, 0xfe, 0x2f,
    0xf0, 0x0, 0x5, 0xfe, 0x1f, 0xf3, 0x0, 0x2d,
    0xfe, 0xa, 0xff, 0xcc, 0xfb, 0xfe, 0x0, 0x8e,
    0xfd, 0x72, 0xfe,

    /* U+00E5 "?" */
    0x0, 0x0, 0x0, 0x0, 0x0, 0x0, 0x1, 0xcf,
    0xd3, 0x0, 0x0, 0xc, 0xc4, 0xbe, 0x0, 0x0,
    0xf, 0x60, 0x4f, 0x20, 0x0, 0xd, 0xb1, 0x9f,
    0x0, 0x0, 0x3, 0xef, 0xf5, 0x0, 0x0, 0x0,
    0x3, 0x0, 0x0, 0x0, 0x29, 0xef, 0xea, 0x30,
    0x2, 0xff, 0xec, 0xef, 0xf3, 0x9, 0xfa, 0x0,
    0x9, 0xfb, 0x0, 0x0, 0x0, 0x4, 0xfe, 0x0,
    0x1, 0x47, 0x9d, 0xfe, 0x2, 0xcf, 0xff, 0xfc,
    0xfe, 0xe, 0xfb, 0x51, 0x3, 0xfe, 0x2f, 0xf0,
    0x0, 0x5, 0xfe, 0x1f, 0xf3, 0x0, 0x2d, 0xfe,
    0xa, 0xff, 0xcc, 0xfb, 0xfe, 0x0, 0x8e, 0xfd,
    0x72, 0xfe,

    /* U+00E6 "?" */
    0x0, 0x29, 0xef, 0xea, 0x10, 0x8d, 0xfe, 0x91,
    0x0, 0x3, 0xff, 0xec, 0xef, 0xdc, 0xfe, 0xce,
    0xfe, 0x20, 0x8, 0xfa, 0x0, 0x9, 0xff, 0x90,
    0x0, 0x9f, 0xc0, 0x0, 0x0, 0x0, 0x4, 0xfe,
    0x0, 0x0, 0xe, 0xf2, 0x0, 0x4, 0x79, 0x9b,
    0xfe, 0x99, 0x99, 0x9e, 0xf5, 0x3, 0xef, 0xff,
    0xff, 0xff, 0xff, 0xff, 0xff, 0xf6, 0xe, 0xfa,
    0x20, 0x4, 0xfb, 0x0, 0x0, 0x0, 0x0, 0x2f,
    0xf0, 0x0, 0x6, 0xff, 0x10, 0x0, 0x3, 0x10,
    0x1f, 0xf4, 0x0, 0x3e, 0xff, 0xb1, 0x0, 0x6f,
    0xf1, 0xa, 0xff, 0xdd, 0xff, 0x5d, 0xff, 0xde,
    0xff, 0x60, 0x0, 0x8d, 0xfd, 0xa2, 0x1, 0x8d,
    0xfe, 0xb4, 0x0,

    /* U+00E7 "?" */
    0x0, 0x5, 0xce, 0xec, 0x60, 0x0, 0x9, 0xff,
    0xee, 0xff, 0xa0, 0x5, 0xff, 0x40, 0x4, 0xff,
    0x40, 0xbf, 0x80, 0x0, 0x5, 0x62, 0xf, 0xf3,
    0x0, 0x0, 0x0, 0x0, 0xff, 0x20, 0x0, 0x0,
    0x0, 0xf, 0xf3, 0x0, 0x0, 0x0, 0x0, 0xcf,
    0x80, 0x0, 0x5, 0x72, 0x5, 0xff, 0x40, 0x3,
    0xef, 0x40, 0x9, 0xff, 0xed, 0xff, 0x90, 0x0,
    0x5, 0xcf, 0xfc, 0x50, 0x0, 0x0, 0x0, 0x9a,
    0x20, 0x0, 0x0, 0x0, 0x7, 0xbf, 0x30, 0x0,
    0x0, 0x0, 0x13, 0xf5, 0x0, 0x0, 0x0, 0x1f,
    0xfb, 0x10, 0x0,

    /* U+00E8 "?" */
    0x0, 0x7, 0xfa, 0x0, 0x0, 0x0, 0x0, 0xc,
    0xf2, 0x0, 0x0, 0x0, 0x0, 0x2e, 0x80, 0x0,
    0x0, 0x0, 0x0, 0x0, 0x0, 0x0, 0x0, 0x5,
    0xcf, 0xfb, 0x40, 0x0, 0x9, 0xff, 0xdd, 0xff,
    0x80, 0x5, 0xfe, 0x30, 0x3, 0xff, 0x30, 0xbf,
    0x50, 0x0, 0x8, 0xf9, 0xf, 0xfa, 0x99, 0x99,
    0xbf, 0xc0, 0xff, 0xff, 0xff, 0xff, 0xfd, 0xf,
    0xf2, 0x0, 0x0, 0x0, 0x0, 0xcf, 0x70, 0x0,
    0x1, 0x10, 0x5, 0xff, 0x40, 0x1, 0xdf, 0x60,
    0x9, 0xff, 0xec, 0xff, 0xc0, 0x0, 0x5, 0xce,
    0xfd, 0x70, 0x0,

    /* U+00E9 "?" */
    0x0, 0x0, 0x0, 0xdf, 0x40, 0x0, 0x0, 0x0,
    0x4f, 0xa0, 0x0, 0x0, 0x0, 0xa, 0xd1, 0x0,
    0x0, 0x0, 0x0, 0x0, 0x0, 0x0, 0x0, 0x5,
    0xcf, 0xfb, 0x40, 0x0, 0x9, 0xff, 0xdd, 0xff,
    0x80, 0x5, 0xfe, 0x30, 0x3, 0xff, 0x30, 0xbf,
    0x50, 0x0, 0x8, 0xf9, 0xf, 0xfa, 0x99, 0x99,
    0xbf, 0xc0, 0xff, 0xff, 0xff, 0xff, 0xfd, 0xf,
    0xf2, 0x0, 0x0, 0x0, 0x0, 0xcf, 0x70, 0x0,
    0x1, 0x10, 0x5, 0xff, 0x40, 0x1, 0xdf, 0x60,
    0x9, 0xff, 0xec, 0xff, 0xc0, 0x0, 0x5, 0xce,
    0xfd, 0x70, 0x0,

    /* U+00EA "?" */
    0x0, 0x0, 0x18, 0x70, 0x0, 0x0, 0x0, 0xd,
    0xef, 0xa0, 0x0, 0x0, 0xb, 0xf4, 0x7f, 0x70,
    0x0, 0x2, 0x85, 0x0, 0x67, 0x10, 0x0, 0x0,
    0x0, 0x0, 0x0, 0x0, 0x0, 0x5c, 0xff, 0xb4,
    0x0, 0x0, 0x9f, 0xfd, 0xdf, 0xf8, 0x0, 0x5f,
    0xe3, 0x0, 0x3f, 0xf3, 0xb, 0xf5, 0x0, 0x0,
    0x8f, 0x90, 0xff, 0xa9, 0x99, 0x9b, 0xfc, 0xf,
    0xff, 0xff, 0xff, 0xff, 0xd0, 0xff, 0x20, 0x0,
    0x0, 0x0, 0xc, 0xf7, 0x0, 0x0, 0x11, 0x0,
    0x5f, 0xf4, 0x0, 0x1d, 0xf6, 0x0, 0x9f, 0xfe,
    0xcf, 0xfc, 0x0, 0x0, 0x5c, 0xef, 0xd7, 0x0,

    /* U+00EB "?" */
    0x0, 0x6, 0x40, 0x5, 0x50, 0x0, 0x5, 0xff,
    0x2, 0xff, 0x30, 0x0, 0x2e, 0xb0, 0xc, 0xd1,
    0x0, 0x0, 0x0, 0x0, 0x0, 0x0, 0x0, 0x5,
    0xcf, 0xfb, 0x40, 0x0, 0x9, 0xff, 0xdd, 0xff,
    0x80, 0x5, 0xfe, 0x30, 0x3, 0xff, 0x30, 0xbf,
    0x50, 0x0, 0x8, 0xf9, 0xf, 0xfa, 0x99, 0x99,
    0xbf, 0xc0, 0xff, 0xff, 0xff, 0xff, 0xfd, 0xf,
    0xf2, 0x0, 0x0, 0x0, 0x0, 0xcf, 0x70, 0x0,
    0x1, 0x10, 0x5, 0xff, 0x40, 0x1, 0xdf, 0x60,
    0x9, 0xff, 0xec, 0xff, 0xc0, 0x0, 0x5, 0xce,
    0xfd, 0x70, 0x0,

    /* U+00EC "?" */
    0xd, 0xf3, 0x0, 0x3f, 0xb0, 0x0, 0x8e, 0x20,
    0x0, 0x0, 0x0, 0x8f, 0x90, 0x8, 0xf9, 0x0,
    0x8f, 0x90, 0x8, 0xf9, 0x0, 0x8f, 0x90, 0x8,
    0xf9, 0x0, 0x8f, 0x90, 0x8, 0xf9, 0x0, 0x8f,
    0x90, 0x8, 0xf9, 0x0, 0x8f, 0x90,

    /* U+00ED "?" */
    0x3, 0xfd, 0x0, 0xbf, 0x30, 0x2e, 0x80, 0x0,
    0x0, 0x0, 0x8f, 0x90, 0x8, 0xf9, 0x0, 0x8f,
    0x90, 0x8, 0xf9, 0x0, 0x8f, 0x90, 0x8, 0xf9,
    0x0, 0x8f, 0x90, 0x8, 0xf9, 0x0, 0x8f, 0x90,
    0x8, 0xf9, 0x0, 0x8f, 0x90, 0x0,

    /* U+00EE "?" */
    0x1, 0xdf, 0xd1, 0x1, 0xde, 0x3e, 0xd1, 0x58,
    0x20, 0x28, 0x50, 0x0, 0x0, 0x0, 0x0, 0x8f,
    0x90, 0x0, 0x8, 0xf9, 0x0, 0x0, 0x8f, 0x90,
    0x0, 0x8, 0xf9, 0x0, 0x0, 0x8f, 0x90, 0x0,
    0x8, 0xf9, 0x0, 0x0, 0x8f, 0x90, 0x0, 0x8,
    0xf9, 0x0, 0x0, 0x8f, 0x90, 0x0, 0x8, 0xf9,
    0x0, 0x0, 0x8f, 0x90, 0x0,

    /* U+00EF "?" */
    0x27, 0x10, 0x17, 0x2c, 0xf9, 0x9, 0xfc, 0x7e,
    0x50, 0x4e, 0x80, 0x0, 0x0, 0x0, 0x0, 0x8f,
    0x90, 0x0, 0x8, 0xf9, 0x0, 0x0, 0x8f, 0x90,
    0x0, 0x8, 0xf9, 0x0, 0x0, 0x8f, 0x90, 0x0,
    0x8, 0xf9, 0x0, 0x0, 0x8f, 0x90, 0x0, 0x8,
    0xf9, 0x0, 0x0, 0x8f, 0x90, 0x0, 0x8, 0xf9,
    0x0, 0x0, 0x8f, 0x90, 0x0,

    /* U+00F0 "?" */
    0x0, 0x6, 0x50, 0x0, 0x10, 0x0, 0x0, 0xcf,
    0xb3, 0x8f, 0x40, 0x0, 0x0, 0x8f, 0xfd, 0x40,
    0x0, 0x0, 0x9f, 0xce, 0xf3, 0x0, 0x0, 0x9,
    0x40, 0x2f, 0xe0, 0x0, 0x0, 0x17, 0x85, 0x6f,
    0x90, 0x0, 0x5f, 0xff, 0xfc, 0xdf, 0x10, 0x3f,
    0xf6, 0x1, 0x9f, 0xf6, 0xa, 0xf8, 0x0, 0x0,
    0xcf, 0xa0, 0xef, 0x30, 0x0, 0x6, 0xfb, 0xf,
    0xf1, 0x0, 0x0, 0x4f, 0xc0, 0xff, 0x20, 0x0,
    0x5, 0xfb, 0xc, 0xf6, 0x0, 0x0, 0x9f, 0x70,
    0x6f, 0xe3, 0x0, 0x5f, 0xf2, 0x0, 0xaf, 0xfd,
    0xef, 0xf6, 0x0, 0x0, 0x6c, 0xfe, 0xb4, 0x0,

    /* U+00F1 "?" */
    0x0, 0x17, 0x62, 0x37, 0x0, 0x0, 0xcf, 0xff,
    0xfb, 0x0, 0x0, 0x52, 0x3, 0x40, 0x0, 0x0,
    0x0, 0x0, 0x0, 0x0, 0x8f, 0x83, 0xbf, 0xea,
    0x10, 0x8f, 0xaf, 0xdc, 0xff, 0xd0, 0x8f, 0xf6,
    0x0, 0x3f, 0xf5, 0x8f, 0xc0, 0x0, 0xa, 0xf8,
    0x8f, 0x90, 0x0, 0x9, 0xf9, 0x8f, 0x90, 0x0,
    0x9, 0xf9, 0x8f, 0x90, 0x0, 0x9, 0xf9, 0x8f,
    0x90, 0x0, 0x9, 0xf9, 0x8f, 0x90, 0x0, 0x9,
    0xf9, 0x8f, 0x90, 0x0, 0x9, 0xf9, 0x8f, 0x90,
    0x0, 0x9, 0xf9,

    /* U+00F2 "?" */
    0x0, 0x5, 0xfc, 0x0, 0x0, 0x0, 0x0, 0x0,
    0xbf, 0x30, 0x0, 0x0, 0x0, 0x0, 0x1d, 0x90,
    0x0, 0x0, 0x0, 0x0, 0x0, 0x0, 0x0, 0x0,
    0x0, 0x5, 0xce, 0xfc, 0x60, 0x0, 0x0, 0x9f,
    0xfe, 0xef, 0xfa, 0x0, 0x5, 0xff, 0x50, 0x4,
    0xff, 0x60, 0xb, 0xf8, 0x0, 0x0, 0x7f, 0xd0,
    0xf, 0xf3, 0x0, 0x0, 0x2f, 0xf0, 0xf, 0xf2,
    0x0, 0x0, 0xf, 0xf1, 0xf, 0xf3, 0x0, 0x0,
    0x2f, 0xf0, 0xc, 0xf8, 0x0, 0x0, 0x7f, 0xd0,
    0x5, 0xff, 0x40, 0x3, 0xff, 0x60, 0x0, 0x9f,
    0xfd, 0xdf, 0xfa, 0x0, 0x0, 0x5, 0xcf, 0xfc,
    0x60, 0x0,

    /* U+00F3 "?" */
    0x0, 0x0, 0x0, 0xbf, 0x60, 0x0, 0x0, 0x0,
    0x2, 0xfb, 0x0, 0x0, 0x0, 0x0, 0x8, 0xe2,
    0x0, 0x0, 0x0, 0x0, 0x0, 0x0, 0x0, 0x0,
    0x0, 0x5, 0xce, 0xfc, 0x60, 0x0, 0x0, 0x9f,
    0xfe, 0xef, 0xfa, 0x0, 0x5, 0xff, 0x50, 0x4,
    0xff, 0x60, 0xb, 0xf8, 0x0, 0x0, 0x7f, 0xd0,
    0xf, 0xf3, 0x0, 0x0, 0x2f, 0xf0, 0xf, 0xf2,
    0x0, 0x0, 0xf, 0xf1, 0xf, 0xf3, 0x0, 0x0,
    0x2f, 0xf0, 0xc, 0xf8, 0x0, 0x0, 0x7f, 0xd0,
    0x5, 0xff, 0x40, 0x3, 0xff, 0x60, 0x0, 0x9f,
    0xfd, 0xdf, 0xfa, 0x0, 0x0, 0x5, 0xcf, 0xfc,
    0x60, 0x0,

    /* U+00F4 "?" */
    0x0, 0x0, 0x17, 0x71, 0x0, 0x0, 0x0, 0x0,
    0xbf, 0xfc, 0x0, 0x0, 0x0, 0x9, 0xf6, 0x5f,
    0x90, 0x0, 0x0, 0x18, 0x60, 0x6, 0x81, 0x0,
    0x0, 0x0, 0x0, 0x0, 0x0, 0x0, 0x0, 0x5,
    0xce, 0xfc, 0x60, 0x0, 0x0, 0x9f, 0xfe, 0xef,
    0xfa, 0x0, 0x5, 0xff, 0x50, 0x4, 0xff, 0x60,
    0xb, 0xf8, 0x0, 0x0, 0x7f, 0xd0, 0xf, 0xf3,
    0x0, 0x0, 0x2f, 0xf0, 0xf, 0xf2, 0x0, 0x0,
    0xf, 0xf1, 0xf, 0xf3, 0x0, 0x0, 0x2f, 0xf0,
    0xc, 0xf8, 0x0, 0x0, 0x7f, 0xd0, 0x5, 0xff,
    0x40, 0x3, 0xff, 0x60, 0x0, 0x9f, 0xfd, 0xdf,
    0xfa, 0x0, 0x0, 0x5, 0xcf, 0xfc, 0x60, 0x0,

    /* U+00F5 "?" */
    0x0, 0x1, 0x76, 0x23, 0x70, 0x0, 0x0, 0xc,
    0xff, 0xff, 0xc0, 0x0, 0x0, 0x5, 0x20, 0x35,
    0x0, 0x0, 0x0, 0x0, 0x0, 0x0, 0x0, 0x0,
    0x0, 0x5, 0xce, 0xfc, 0x60, 0x0, 0x0, 0x9f,
    0xfe, 0xef, 0xfa, 0x0, 0x5, 0xff, 0x50, 0x4,
    0xff, 0x60, 0xb, 0xf8, 0x0, 0x0, 0x7f, 0xd0,
    0xf, 0xf3, 0x0, 0x0, 0x2f, 0xf0, 0xf, 0xf2,
    0x0, 0x0, 0xf, 0xf1, 0xf, 0xf3, 0x0, 0x0,
    0x2f, 0xf0, 0xc, 0xf8, 0x0, 0x0, 0x7f, 0xd0,
    0x5, 0xff, 0x40, 0x3, 0xff, 0x60, 0x0, 0x9f,
    0xfd, 0xdf, 0xfa, 0x0, 0x0, 0x5, 0xcf, 0xfc,
    0x60, 0x0,

    /* U+00F6 "?" */
    0x0, 0x5, 0x40, 0x4, 0x60, 0x0, 0x0, 0x3f,
    0xf2, 0x1f, 0xf5, 0x0, 0x0, 0x1d, 0xc0, 0xb,
    0xd2, 0x0, 0x0, 0x0, 0x0, 0x0, 0x0, 0x0,
    0x0, 0x5, 0xce, 0xfc, 0x60, 0x0, 0x0, 0x9f,
    0xfe, 0xef, 0xfa, 0x0, 0x5, 0xff, 0x50, 0x4,
    0xff, 0x60, 0xb, 0xf8, 0x0, 0x0, 0x7f, 0xd0,
    0xf, 0xf3, 0x0, 0x0, 0x2f, 0xf0, 0xf, 0xf2,
    0x0, 0x0, 0xf, 0xf1, 0xf, 0xf3, 0x0, 0x0,
    0x2f, 0xf0, 0xc, 0xf8, 0x0, 0x0, 0x7f, 0xd0,
    0x5, 0xff, 0x40, 0x3, 0xff, 0x60, 0x0, 0x9f,
    0xfd, 0xdf, 0xfa, 0x0, 0x0, 0x5, 0xcf, 0xfc,
    0x60, 0x0,

    /* U+00F7 "?" */
    0x0, 0x0, 0x5f, 0xa0, 0x0, 0x0, 0x0, 0xb,
    0xff, 0x0, 0x0, 0x0, 0x0, 0x3c, 0x70, 0x0,
    0x0, 0x0, 0x0, 0x0, 0x0, 0x0, 0xe, 0xee,
    0xee, 0xee, 0xee, 0x50, 0xff, 0xff, 0xff, 0xff,
    0xf6, 0x0, 0x0, 0x0, 0x0, 0x0, 0x0, 0x0,
    0x3, 0xc7, 0x0, 0x0, 0x0, 0x0, 0xbf, 0xf0,
    0x0, 0x0, 0x0, 0x5, 0xfa, 0x0, 0x0,

    /* U+00F8 "?" */
    0x0, 0x0, 0x0, 0x0, 0x0, 0x10, 0x0, 0x5,
    0xce, 0xfc, 0x67, 0xe1, 0x0, 0x9f, 0xfe, 0xef,
    0xff, 0x70, 0x5, 0xff, 0x50, 0x7, 0xff, 0x60,
    0xb, 0xf8, 0x0, 0x2e, 0xff, 0xd0, 0xf, 0xf3,
    0x1, 0xdc, 0x3f, 0xf0, 0xf, 0xf2, 0xc, 0xe1,
    0xf, 0xf1, 0xf, 0xf3, 0xaf, 0x20, 0x2f, 0xf0,
    0xc, 0xff, 0xf4, 0x0, 0x7f, 0xd0, 0x5, 0xff,
    0xa0, 0x3, 0xff, 0x60, 0x4, 0xff, 0xfd, 0xdf,
    0xfa, 0x0, 0xe, 0xa5, 0xcf, 0xfc, 0x60, 0x0,
    0x2, 0x0, 0x0, 0x0, 0x0, 0x0,

    /* U+00F9 "?" */
    0x0, 0x6f, 0xb0, 0x0, 0x0, 0x0, 0xb, 0xf3,
    0x0, 0x0, 0x0, 0x1, 0xd9, 0x0, 0x0, 0x0,
    0x0, 0x0, 0x0, 0x0, 0x8f, 0x90, 0x0, 0x9,
    0xf9, 0x8f, 0x90, 0x0, 0x9, 0xf9, 0x8f, 0x90,
    0x0, 0x9, 0xf9, 0x8f, 0x90, 0x0, 0x9, 0xf9,
    0x8f, 0x90, 0x0, 0x9, 0xf9, 0x8f, 0x90, 0x0,
    0x9, 0xf9, 0x8f, 0x90, 0x0, 0x9, 0xf9, 0x8f,
    0xb0, 0x0, 0xc, 0xf9, 0x5f, 0xf5, 0x0, 0x7f,
    0xf9, 0xd, 0xff, 0xff, 0xf9, 0xf9, 0x1, 0xae,
    0xfb, 0x37, 0xf9,

    /* U+00FA "?" */
    0x0, 0x0, 0xb, 0xf6, 0x0, 0x0, 0x0, 0x3f,
    0xb0, 0x0, 0x0, 0x0, 0x9d, 0x10, 0x0, 0x0,
    0x0, 0x0, 0x0, 0x0, 0x8f, 0x90, 0x0, 0x9,
    0xf9, 0x8f, 0x90, 0x0, 0x9, 0xf9, 0x8f, 0x90,
    0x0, 0x9, 0xf9, 0x8f, 0x90, 0x0, 0x9, 0xf9,
    0x8f, 0x90, 0x0, 0x9, 0xf9, 0x8f, 0x90, 0x0,
    0x9, 0xf9, 0x8f, 0x90, 0x0, 0x9, 0xf9, 0x8f,
    0xb0, 0x0, 0xc, 0xf9, 0x5f, 0xf5, 0x0, 0x7f,
    0xf9, 0xd, 0xff, 0xff, 0xf9, 0xf9, 0x1, 0xae,
    0xfb, 0x37, 0xf9,

    /* U+00FB "?" */
    0x0, 0x1, 0x77, 0x10, 0x0, 0x0, 0xb, 0xff,
    0xb0, 0x0, 0x0, 0x9f, 0x65, 0xf9, 0x0, 0x1,
    0x86, 0x0, 0x68, 0x10, 0x0, 0x0, 0x0, 0x0,
    0x0, 0x8f, 0x90, 0x0, 0x9, 0xf9, 0x8f, 0x90,
    0x0, 0x9, 0xf9, 0x8f, 0x90, 0x0, 0x9, 0xf9,
    0x8f, 0x90, 0x0, 0x9, 0xf9, 0x8f, 0x90, 0x0,
    0x9, 0xf9, 0x8f, 0x90, 0x0, 0x9, 0xf9, 0x8f,
    0x90, 0x0, 0x9, 0xf9, 0x8f, 0xb0, 0x0, 0xc,
    0xf9, 0x5f, 0xf5, 0x0, 0x7f, 0xf9, 0xd, 0xff,
    0xff, 0xf9, 0xf9, 0x1, 0xae, 0xfb, 0x37, 0xf9,

    /* U+00FC "?" */
    0x0, 0x54, 0x0, 0x46, 0x0, 0x4, 0xff, 0x11,
    0xff, 0x40, 0x1, 0xdc, 0x0, 0xcd, 0x10, 0x0,
    0x0, 0x0, 0x0, 0x0, 0x8f, 0x90, 0x0, 0x9,
    0xf9, 0x8f, 0x90, 0x0, 0x9, 0xf9, 0x8f, 0x90,
    0x0, 0x9, 0xf9, 0x8f, 0x90, 0x0, 0x9, 0xf9,
    0x8f, 0x90, 0x0, 0x9, 0xf9, 0x8f, 0x90, 0x0,
    0x9, 0xf9, 0x8f, 0x90, 0x0, 0x9, 0xf9, 0x8f,
    0xb0, 0x0, 0xc, 0xf9, 0x5f, 0xf5, 0x0, 0x7f,
    0xf9, 0xd, 0xff, 0xff, 0xf9, 0xf9, 0x1, 0xae,
    0xfb, 0x37, 0xf9,

    /* U+00FD "?" */
    0x0, 0x0, 0x0, 0xef, 0x20, 0x0, 0x0, 0x0,
    0x7, 0xf7, 0x0, 0x0, 0x0, 0x0, 0xc, 0xb0,
    0x0, 0x0, 0x0, 0x0, 0x0, 0x0, 0x0, 0x0,
    0x5f, 0xe0, 0x0, 0x0, 0x6f, 0xd0, 0xf, 0xf4,
    0x0, 0x0, 0xcf, 0x70, 0x9, 0xfa, 0x0, 0x2,
    0xff, 0x10, 0x3, 0xff, 0x0, 0x8, 0xfb, 0x0,
    0x0, 0xdf, 0x50, 0xd, 0xf5, 0x0, 0x0, 0x7f,
    0xb0, 0x3f, 0xe0, 0x0, 0x0, 0x1f, 0xf0, 0x8f,
    0x90, 0x0, 0x0, 0xb, 0xf5, 0xef, 0x20, 0x0,
    0x0, 0x5, 0xfb, 0xfc, 0x0, 0x0, 0x0, 0x0,
    0xef, 0xf6, 0x0, 0x0, 0x0, 0x0, 0x9f, 0xf1,
    0x0, 0x0, 0x0, 0x0, 0x9f, 0xa0, 0x0, 0x0,
    0x0, 0x1, 0xef, 0x30, 0x0, 0x0, 0x4, 0xdf,
    0xfa, 0x0, 0x0, 0x0, 0x8, 0xfe, 0x90, 0x0,
    0x0, 0x0,

    /* U+00FE "?" */
    0x8f, 0x90, 0x0, 0x0, 0x0, 0x8, 0xf9, 0x0,
    0x0, 0x0, 0x0, 0x8f, 0x90, 0x0, 0x0, 0x0,
    0x8, 0xf9, 0x2b, 0xfe, 0xa2, 0x0, 0x8f, 0xbe,
    0xfd, 0xff, 0xe2, 0x8, 0xff, 0xa0, 0x1, 0xcf,
    0xc0, 0x8f, 0xe0, 0x0, 0x2, 0xff, 0x28, 0xfa,
    0x0, 0x0, 0xd, 0xf5, 0x8f, 0x90, 0x0, 0x0,
    0xcf, 0x68, 0xfa, 0x0, 0x0, 0xe, 0xf5, 0x8f,
    0xe0, 0x0, 0x2, 0xff, 0x28, 0xff, 0x90, 0x1,
    0xcf, 0xc0, 0x8f, 0xae, 0xfd, 0xff, 0xe2, 0x8,
    0xf9, 0x2b, 0xfe, 0xa2, 0x0, 0x8f, 0x90, 0x0,
    0x0, 0x0, 0x8, 0xf9, 0x0, 0x0, 0x0, 0x0,
    0x8f, 0x90, 0x0, 0x0, 0x0, 0x8, 0xf9, 0x0,
    0x0, 0x0, 0x0,

    /* U+00FF "?" */
    0x0, 0x7, 0x20, 0x6, 0x40, 0x0, 0x0, 0x8f,
    0xd0, 0x5f, 0xf0, 0x0, 0x0, 0x4e, 0x80, 0x2e,
    0xb0, 0x0, 0x0, 0x0, 0x0, 0x0, 0x0, 0x0,
    0x5f, 0xe0, 0x0, 0x0, 0x6f, 0xd0, 0xf, 0xf4,
    0x0, 0x0, 0xcf, 0x70, 0x9, 0xfa, 0x0, 0x2,
    0xff, 0x10, 0x3, 0xff, 0x0, 0x8, 0xfb, 0x0,
    0x0, 0xdf, 0x50, 0xd, 0xf5, 0x0, 0x0, 0x7f,
    0xb0, 0x3f, 0xe0, 0x0, 0x0, 0x1f, 0xf0, 0x8f,
    0x90, 0x0, 0x0, 0xb, 0xf5, 0xef, 0x20, 0x0,
    0x0, 0x5, 0xfb, 0xfc, 0x0, 0x0, 0x0, 0x0,
    0xef, 0xf6, 0x0, 0x0, 0x0, 0x0, 0x9f, 0xf1,
    0x0, 0x0, 0x0, 0x0, 0x9f, 0xa0, 0x0, 0x0,
    0x0, 0x1, 0xef, 0x30, 0x0, 0x0, 0x4, 0xdf,
    0xfa, 0x0, 0x0, 0x0, 0x8, 0xfe, 0x90, 0x0,
    0x0, 0x0,

    /* U+0100 "?" */
    0x0, 0x0, 0xaf, 0xff, 0xfd, 0x0, 0x0, 0x0,
    0x0, 0x58, 0x88, 0x87, 0x0, 0x0, 0x0, 0x0,
    0x0, 0x0, 0x0, 0x0, 0x0, 0x0, 0x0, 0x0,
    0x0, 0x0, 0x0, 0x0, 0x0, 0x0, 0x8, 0xff,
    0x90, 0x0, 0x0, 0x0, 0x0, 0xe, 0xff, 0xe0,
    0x0, 0x0, 0x0, 0x0, 0x4f, 0xcb, 0xf5, 0x0,
    0x0, 0x0, 0x0, 0x9f, 0x76, 0xfb, 0x0, 0x0,
    0x0, 0x0, 0xff, 0x21, 0xff, 0x10, 0x0, 0x0,
    0x5, 0xfc, 0x0, 0xbf, 0x70, 0x0, 0x0, 0xb,
    0xf7, 0x0, 0x5f, 0xd0, 0x0, 0x0, 0x1f, 0xf1,
    0x0, 0xe, 0xf3, 0x0, 0x0, 0x7f, 0xfd, 0xdd,
    0xdf, 0xf9, 0x0, 0x0, 0xdf, 0xff, 0xff, 0xff,
    0xff, 0x0, 0x3, 0xff, 0x10, 0x0, 0x0, 0xef,
    0x50, 0x9, 0xfb, 0x0, 0x0, 0x0, 0x9f, 0xb0,
    0xe, 0xf6, 0x0, 0x0, 0x0, 0x3f, 0xf2, 0x5f,
    0xf1, 0x0, 0x0, 0x0, 0xe, 0xf7,

    /* U+0101 "?" */
    0x0, 0x3f, 0xff, 0xff, 0x40, 0x0, 0x18, 0x88,
    0x88, 0x20, 0x0, 0x0, 0x0, 0x0, 0x0, 0x0,
    0x29, 0xef, 0xea, 0x30, 0x2, 0xff, 0xec, 0xef,
    0xf3, 0x9, 0xfa, 0x0, 0x9, 0xfb, 0x0, 0x0,
    0x0, 0x4, 0xfe, 0x0, 0x1, 0x47, 0x9d, 0xfe,
    0x2, 0xcf, 0xff, 0xfc, 0xfe, 0xe, 0xfb, 0x51,
    0x3, 0xfe, 0x2f, 0xf0, 0x0, 0x5, 0xfe, 0x1f,
    0xf3, 0x0, 0x2d, 0xfe, 0xa, 0xff, 0xcc, 0xfb,
    0xfe, 0x0, 0x8e, 0xfd, 0x72, 0xfe,

    /* U+0102 "?" */
    0x0, 0x0, 0xe9, 0x0, 0x6f, 0x0, 0x0, 0x0,
    0x0, 0x9e, 0x43, 0xdb, 0x0, 0x0, 0x0, 0x0,
    0x1c, 0xff, 0xd2, 0x0, 0x0, 0x0, 0x0, 0x0,
    0x23, 0x0, 0x0, 0x0, 0x0, 0x0, 0x0, 0x0,
    0x0, 0x0, 0x0, 0x0, 0x0, 0x8, 0xff, 0x90,
    0x0, 0x0, 0x0, 0x0, 0xe, 0xff, 0xe0, 0x0,
    0x0, 0x0, 0x0, 0x4f, 0xcb, 0xf5, 0x0, 0x0,
    0x0, 0x0, 0x9f, 0x76, 0xfb, 0x0, 0x0, 0x0,
    0x0, 0xff, 0x21, 0xff, 0x10, 0x0, 0x0, 0x5,
    0xfc, 0x0, 0xbf, 0x70, 0x0, 0x0, 0xb, 0xf7,
    0x0, 0x5f, 0xd0, 0x0, 0x0, 0x1f, 0xf1, 0x0,
    0xe, 0xf3, 0x0, 0x0, 0x7f, 0xfd, 0xdd, 0xdf,
    0xf9, 0x0, 0x0, 0xdf, 0xff, 0xff, 0xff, 0xff,
    0x0, 0x3, 0xff, 0x10, 0x0, 0x0, 0xef, 0x50,
    0x9, 0xfb, 0x0, 0x0, 0x0, 0x9f, 0xb0, 0xe,
    0xf6, 0x0, 0x0, 0x0, 0x3f, 0xf2, 0x5f, 0xf1,
    0x0, 0x0, 0x0, 0xe, 0xf7,

    /* U+0103 "?" */
    0x0, 0x26, 0x0, 0x5, 0x30, 0x0, 0x4f, 0x71,
    0x6f, 0x50, 0x0, 0x8, 0xff, 0xf9, 0x0, 0x0,
    0x0, 0x13, 0x10, 0x0, 0x0, 0x0, 0x0, 0x0,
    0x0, 0x0, 0x29, 0xef, 0xea, 0x30, 0x2, 0xff,
    0xec, 0xef, 0xf3, 0x9, 0xfa, 0x0, 0x9, 0xfb,
    0x0, 0x0, 0x0, 0x4, 0xfe, 0x0, 0x1, 0x47,
    0x9d, 0xfe, 0x2, 0xcf, 0xff, 0xfc, 0xfe, 0xe,
    0xfb, 0x51, 0x3, 0xfe, 0x2f, 0xf0, 0x0, 0x5,
    0xfe, 0x1f, 0xf3, 0x0, 0x2d, 0xfe, 0xa, 0xff,
    0xcc, 0xfb, 0xfe, 0x0, 0x8e, 0xfd, 0x72, 0xfe,

    /* U+0104 "?" */
    0x0, 0x0, 0x8, 0xff, 0x90, 0x0, 0x0, 0x0,
    0x0, 0x0, 0xef, 0xfe, 0x0, 0x0, 0x0, 0x0,
    0x0, 0x4f, 0xcb, 0xf5, 0x0, 0x0, 0x0, 0x0,
    0x9, 0xf7, 0x6f, 0xb0, 0x0, 0x0, 0x0, 0x0,
    0xff, 0x21, 0xff, 0x10, 0x0, 0x0, 0x0, 0x5f,
    0xc0, 0xb, 0xf7, 0x0, 0x0, 0x0, 0xb, 0xf7,
    0x0, 0x5f, 0xd0, 0x0, 0x0, 0x1, 0xff, 0x10,
    0x0, 0xef, 0x30, 0x0, 0x0, 0x7f, 0xfd, 0xdd,
    0xdf, 0xf9, 0x0, 0x0, 0xd, 0xff, 0xff, 0xff,
    0xff, 0xf0, 0x0, 0x3, 0xff, 0x10, 0x0, 0x0,
    0xef, 0x50, 0x0, 0x9f, 0xb0, 0x0, 0x0, 0x9,
    0xfb, 0x0, 0xe, 0xf6, 0x0, 0x0, 0x0, 0x3f,
    0xf2, 0x5, 0xff, 0x10, 0x0, 0x0, 0x0, 0xff,
    0x80, 0x0, 0x0, 0x0, 0x0, 0x0, 0x4f, 0xd2,
    0x0, 0x0, 0x0, 0x0, 0x0, 0xe, 0xf2, 0x0,
    0x0, 0x0, 0x0, 0x0, 0x0, 0xff, 0xb9, 0x0,
    0x0, 0x0, 0x0, 0x0, 0x5, 0xdf, 0xc1,

    /* U+0105 "?" */
    0x0, 0x29, 0xef, 0xea, 0x30, 0x0, 0x2f, 0xfe,
    0xce, 0xff, 0x30, 0x9, 0xfa, 0x0, 0x9, 0xfb,
    0x0, 0x0, 0x0, 0x0, 0x4f, 0xe0, 0x0, 0x1,
    0x47, 0x9d, 0xfe, 0x0, 0x2c, 0xff, 0xff, 0xcf,
    0xe0, 0xe, 0xfb, 0x51, 0x3, 0xfe, 0x2, 0xff,
    0x0, 0x0, 0x5f, 0xe0, 0x1f, 0xf3, 0x0, 0x2d,
    0xfe, 0x0, 0xaf, 0xfc, 0xcf, 0xbf, 0xe0, 0x0,
    0x8e, 0xfd, 0x75, 0xff, 0x0, 0x0, 0x0, 0x2,
    0xfd, 0x10, 0x0, 0x0, 0x0, 0xaf, 0x50, 0x0,
    0x0, 0x0, 0xa, 0xfd, 0xa1, 0x0, 0x0, 0x0,
    0x2c, 0xfd, 0x40,

    /* U+0106 "?" */
    0x0, 0x0, 0x0, 0x1f, 0xe1, 0x0, 0x0, 0x0,
    0x0, 0x8, 0xf5, 0x0, 0x0, 0x0, 0x0, 0x0,
    0xda, 0x0, 0x0, 0x0, 0x0, 0x0, 0x0, 0x0,
    0x0, 0x0, 0x0, 0x0, 0x0, 0x0, 0x0, 0x0,
    0x0, 0x0, 0x3a, 0xdf, 0xeb, 0x60, 0x0, 0x0,
    0x8f, 0xff, 0xff, 0xff, 0xc1, 0x0, 0x8f, 0xf9,
    0x30, 0x26, 0xef, 0xc0, 0x2f, 0xf7, 0x0, 0x0,
    0x2, 0xff, 0x48, 0xfd, 0x0, 0x0, 0x0, 0x7,
    0xa5, 0xbf, 0x70, 0x0, 0x0, 0x0, 0x0, 0xd,
    0xf5, 0x0, 0x0, 0x0, 0x0, 0x0, 0xdf, 0x50,
    0x0, 0x0, 0x0, 0x0, 0xb, 0xf7, 0x0, 0x0,
    0x0, 0x0, 0x0, 0x8f, 0xc0, 0x0, 0x0, 0x0,
    0x7a, 0x52, 0xff, 0x60, 0x0, 0x0, 0x2f, 0xf4,
    0x8, 0xff, 0x93, 0x2, 0x6e, 0xfc, 0x0, 0x8,
    0xff, 0xff, 0xff, 0xfc, 0x10, 0x0, 0x3, 0xad,
    0xfe, 0xb6, 0x0, 0x0,

    /* U+0107 "?" */
    0x0, 0x0, 0x0, 0xbf, 0x60, 0x0, 0x0, 0x0,
    0x2f, 0xb0, 0x0, 0x0, 0x0, 0x8, 0xe2, 0x0,
    0x0, 0x0, 0x0, 0x0, 0x0, 0x0, 0x0, 0x5,
    0xce, 0xec, 0x60, 0x0, 0x9, 0xff, 0xee, 0xff,
    0xa0, 0x5, 0xff, 0x40, 0x4, 0xff, 0x40, 0xbf,
    0x80, 0x0, 0x5, 0x62, 0xf, 0xf3, 0x0, 0x0,
    0x0, 0x0, 0xff, 0x20, 0x0, 0x0, 0x0, 0xf,
    0xf3, 0x0, 0x0, 0x0, 0x0, 0xcf, 0x80, 0x0,
    0x5, 0x72, 0x5, 0xff, 0x40, 0x3, 0xef, 0x40,
    0x9, 0xff, 0xed, 0xff, 0x90, 0x0, 0x5, 0xcf,
    0xfc, 0x50, 0x0,

    /* U+0108 "?" */
    0x0, 0x0, 0xb, 0xfe, 0x10, 0x0, 0x0, 0x0,
    0x8, 0xf8, 0xfc, 0x0, 0x0, 0x0, 0x6, 0xfa,
    0x5, 0xfa, 0x0, 0x0, 0x0, 0x0, 0x0, 0x0,
    0x0, 0x0, 0x0, 0x0, 0x0, 0x0, 0x0, 0x0,
    0x0, 0x0, 0x3a, 0xdf, 0xeb, 0x60, 0x0, 0x0,
    0x8f, 0xff, 0xff, 0xff, 0xc1, 0x0, 0x8f, 0xf9,
    0x30, 0x26, 0xef, 0xc0, 0x2f, 0xf7, 0x0, 0x0,
    0x2, 0xff, 0x48, 0xfd, 0x0, 0x0, 0x0, 0x7,
    0xa5, 0xbf, 0x70, 0x0, 0x0, 0x0, 0x0, 0xd,
    0xf5, 0x0, 0x0, 0x0, 0x0, 0x0, 0xdf, 0x50,
    0x0, 0x0, 0x0, 0x0, 0xb, 0xf7, 0x0, 0x0,
    0x0, 0x0, 0x0, 0x8f, 0xc0, 0x0, 0x0, 0x0,
    0x7a, 0x52, 0xff, 0x60, 0x0, 0x0, 0x2f, 0xf4,
    0x8, 0xff, 0x93, 0x2, 0x6e, 0xfc, 0x0, 0x8,
    0xff, 0xff, 0xff, 0xfc, 0x10, 0x0, 0x3, 0xad,
    0xfe, 0xb6, 0x0, 0x0,

    /* U+0109 "?" */
    0x0, 0x0, 0x17, 0x71, 0x0, 0x0, 0x0, 0xb,
    0xff, 0xc0, 0x0, 0x0, 0x9, 0xf6, 0x5f, 0x90,
    0x0, 0x1, 0x86, 0x0, 0x68, 0x10, 0x0, 0x0,
    0x0, 0x0, 0x0, 0x0, 0x0, 0x5c, 0xee, 0xc6,
    0x0, 0x0, 0x9f, 0xfe, 0xef, 0xfa, 0x0, 0x5f,
    0xf4, 0x0, 0x4f, 0xf4, 0xb, 0xf8, 0x0, 0x0,
    0x56, 0x20, 0xff, 0x30, 0x0, 0x0, 0x0, 0xf,
    0xf2, 0x0, 0x0, 0x0, 0x0, 0xff, 0x30, 0x0,
    0x0, 0x0, 0xc, 0xf8, 0x0, 0x0, 0x57, 0x20,
    0x5f, 0xf4, 0x0, 0x3e, 0xf4, 0x0, 0x9f, 0xfe,
    0xdf, 0xf9, 0x0, 0x0, 0x5c, 0xff, 0xc5, 0x0,

    /* U+010A "?" */
    0x0, 0x0, 0x5, 0xfa, 0x0, 0x0, 0x0, 0x0,
    0x0, 0x9f, 0xe0, 0x0, 0x0, 0x0, 0x0, 0x1,
    0x73, 0x0, 0x0, 0x0, 0x0, 0x0, 0x0, 0x0,
    0x0, 0x0, 0x0, 0x0, 0x0, 0x0, 0x0, 0x0,
    0x0, 0x0, 0x3a, 0xdf, 0xeb, 0x60, 0x0, 0x0,
    0x8f, 0xff, 0xff, 0xff, 0xc1, 0x0, 0x8f, 0xf9,
    0x30, 0x26, 0xef, 0xc0, 0x2f, 0xf7, 0x0, 0x0,
    0x2, 0xff, 0x48, 0xfd, 0x0, 0x0, 0x0, 0x7,
    0xa5, 0xbf, 0x70, 0x0, 0x0, 0x0, 0x0, 0xd,
    0xf5, 0x0, 0x0, 0x0, 0x0, 0x0, 0xdf, 0x50,
    0x0, 0x0, 0x0, 0x0, 0xb, 0xf7, 0x0, 0x0,
    0x0, 0x0, 0x0, 0x8f, 0xc0, 0x0, 0x0, 0x0,
    0x7a, 0x52, 0xff, 0x60, 0x0, 0x0, 0x2f, 0xf4,
    0x8, 0xff, 0x93, 0x2, 0x6e, 0xfc, 0x0, 0x8,
    0xff, 0xff, 0xff, 0xfc, 0x10, 0x0, 0x3, 0xad,
    0xfe, 0xb6, 0x0, 0x0,

    /* U+010B "?" */
    0x0, 0x0, 0x5, 0x50, 0x0, 0x0, 0x0, 0x3,
    0xff, 0x40, 0x0, 0x0, 0x0, 0x1e, 0xe2, 0x0,
    0x0, 0x0, 0x0, 0x0, 0x0, 0x0, 0x0, 0x5,
    0xce, 0xec, 0x60, 0x0, 0x9, 0xff, 0xee, 0xff,
    0xa0, 0x5, 0xff, 0x40, 0x4, 0xff, 0x40, 0xbf,
    0x80, 0x0, 0x5, 0x62, 0xf, 0xf3, 0x0, 0x0,
    0x0, 0x0, 0xff, 0x20, 0x0, 0x0, 0x0, 0xf,
    0xf3, 0x0, 0x0, 0x0, 0x0, 0xcf, 0x80, 0x0,
    0x5, 0x72, 0x5, 0xff, 0x40, 0x3, 0xef, 0x40,
    0x9, 0xff, 0xed, 0xff, 0x90, 0x0, 0x5, 0xcf,
    0xfc, 0x50, 0x0,

    /* U+010C "?" */
    0x0, 0x5, 0xfa, 0x5, 0xfb, 0x0, 0x0, 0x0,
    0x8, 0xf8, 0xfc, 0x0, 0x0, 0x0, 0x0, 0xa,
    0xfe, 0x10, 0x0, 0x0, 0x0, 0x0, 0x0, 0x0,
    0x0, 0x0, 0x0, 0x0, 0x0, 0x0, 0x0, 0x0,
    0x0, 0x0, 0x3a, 0xdf, 0xeb, 0x60, 0x0, 0x0,
    0x8f, 0xff, 0xff, 0xff, 0xc1, 0x0, 0x8f, 0xf9,
    0x30, 0x26, 0xef, 0xc0, 0x2f, 0xf7, 0x0, 0x0,
    0x2, 0xff, 0x48, 0xfd, 0x0, 0x0, 0x0, 0x7,
    0xa5, 0xbf, 0x70, 0x0, 0x0, 0x0, 0x0, 0xd,
    0xf5, 0x0, 0x0, 0x0, 0x0, 0x0, 0xdf, 0x50,
    0x0, 0x0, 0x0, 0x0, 0xb, 0xf7, 0x0, 0x0,
    0x0, 0x0, 0x0, 0x8f, 0xc0, 0x0, 0x0, 0x0,
    0x7a, 0x52, 0xff, 0x60, 0x0, 0x0, 0x2f, 0xf4,
    0x8, 0xff, 0x93, 0x2, 0x6e, 0xfc, 0x0, 0x8,
    0xff, 0xff, 0xff, 0xfc, 0x10, 0x0, 0x3, 0xad,
    0xfe, 0xb6, 0x0, 0x0,

    /* U+010D "?" */
    0x0, 0x17, 0x60, 0x6, 0x82, 0x0, 0x0, 0x8f,
    0x65, 0xfa, 0x0, 0x0, 0x0, 0xbf, 0xfc, 0x0,
    0x0, 0x0, 0x0, 0x77, 0x10, 0x0, 0x0, 0x0,
    0x0, 0x0, 0x0, 0x0, 0x0, 0x5c, 0xee, 0xc6,
    0x0, 0x0, 0x9f, 0xfe, 0xef, 0xfa, 0x0, 0x5f,
    0xf4, 0x0, 0x4f, 0xf4, 0xb, 0xf8, 0x0, 0x0,
    0x56, 0x20, 0xff, 0x30, 0x0, 0x0, 0x0, 0xf,
    0xf2, 0x0, 0x0, 0x0, 0x0, 0xff, 0x30, 0x0,
    0x0, 0x0, 0xc, 0xf8, 0x0, 0x0, 0x57, 0x20,
    0x5f, 0xf4, 0x0, 0x3e, 0xf4, 0x0, 0x9f, 0xfe,
    0xdf, 0xf9, 0x0, 0x0, 0x5c, 0xff, 0xc5, 0x0,

    /* U+010E "?" */
    0x1, 0xee, 0x11, 0xee, 0x20, 0x0, 0x0, 0x3,
    0xfb, 0xbf, 0x30, 0x0, 0x0, 0x0, 0x5, 0xff,
    0x50, 0x0, 0x0, 0x0, 0x0, 0x0, 0x0, 0x0,
    0x0, 0x0, 0x0, 0x0, 0x0, 0x0, 0x0, 0x0,
    0x6, 0xff, 0xff, 0xfe, 0xc6, 0x0, 0x0, 0x6f,
    0xff, 0xff, 0xff, 0xfd, 0x20, 0x6, 0xfd, 0x0,
    0x0, 0x5d, 0xfe, 0x10, 0x6f, 0xd0, 0x0, 0x0,
    0xd, 0xf9, 0x6, 0xfd, 0x0, 0x0, 0x0, 0x4f,
    0xe0, 0x6f, 0xd0, 0x0, 0x0, 0x0, 0xff, 0x36,
    0xfd, 0x0, 0x0, 0x0, 0xe, 0xf4, 0x6f, 0xd0,
    0x0, 0x0, 0x0, 0xef, 0x46, 0xfd, 0x0, 0x0,
    0x0, 0xf, 0xf3, 0x6f, 0xd0, 0x0, 0x0, 0x4,
    0xfe, 0x6, 0xfd, 0x0, 0x0, 0x0, 0xdf, 0x90,
    0x6f, 0xd0, 0x0, 0x15, 0xdf, 0xe1, 0x6, 0xff,
    0xff, 0xff, 0xff, 0xd2, 0x0, 0x6f, 0xff, 0xff,
    0xeb, 0x60, 0x0, 0x0,

    /* U+010F "?" */
    0x0, 0x0, 0x0, 0x0, 0x0, 0x0, 0x8b, 0x10,
    0x0, 0x0, 0x0, 0x0, 0x0, 0xc, 0xf0, 0x0,
    0x0, 0x0, 0x0, 0x3f, 0xe0, 0xcd, 0x0, 0x0,
    0x0, 0x0, 0x3, 0xfe, 0xc, 0xb0, 0x0, 0x0,
    0x0, 0x0, 0x3f, 0xe0, 0x0, 0x0, 0x0, 0x7d,
    0xfd, 0x63, 0xfe, 0x0, 0x0, 0x0, 0xbf, 0xfe,
    0xef, 0x9f, 0xe0, 0x0, 0x0, 0x6f, 0xf4, 0x0,
    0x5f, 0xfe, 0x0, 0x0, 0xc, 0xf8, 0x0, 0x0,
    0x9f, 0xe0, 0x0, 0x0, 0xff, 0x30, 0x0, 0x4,
    0xfe, 0x0, 0x0, 0xf, 0xf2, 0x0, 0x0, 0x3f,
    0xe0, 0x0, 0x0, 0xff, 0x30, 0x0, 0x5, 0xfe,
    0x0, 0x0, 0xc, 0xf8, 0x0, 0x0, 0x9f, 0xe0,
    0x0, 0x0, 0x6f, 0xf4, 0x0, 0x5f, 0xfe, 0x0,
    0x0, 0x0, 0xbf, 0xfe, 0xef, 0x8f, 0xe0, 0x0,
    0x0, 0x0, 0x7d, 0xfd, 0x62, 0xfe, 0x0, 0x0,

    /* U+0110 "?" */
    0x0, 0xff, 0xff, 0xfe, 0xd9, 0x20, 0x0, 0x0,
    0xff, 0xff, 0xff, 0xff, 0xf7, 0x0, 0x0, 0xff,
    0x40, 0x0, 0x29, 0xff, 0x60, 0x0, 0xff, 0x40,
    0x0, 0x0, 0x7f, 0xf0, 0x0, 0xff, 0x40, 0x0,
    0x0, 0xd, 0xf6, 0x0, 0xff, 0x40, 0x0, 0x0,
    0x9, 0xf9, 0xcf, 0xff, 0xff, 0xfe, 0x0, 0x7,
    0xfb, 0x8a, 0xff, 0xea, 0xa9, 0x0, 0x7, 0xfb,
    0x0, 0xff, 0x40, 0x0, 0x0, 0x9, 0xf9, 0x0,
    0xff, 0x40, 0x0, 0x0, 0xd, 0xf6, 0x0, 0xff,
    0x40, 0x0, 0x0, 0x7f, 0xf0, 0x0, 0xff, 0x40,
    0x0, 0x39, 0xff, 0x60, 0x0, 0xff, 0xff, 0xff,
    0xff, 0xf7, 0x0, 0x0, 0xff, 0xff, 0xfe, 0xd8,
    0x20, 0x0,

    /* U+0111 "?" */
    0x0, 0x0, 0x0, 0x22, 0x6f, 0xf2, 0x0, 0x0,
    0x0, 0x4f, 0xff, 0xff, 0xf4, 0x0, 0x0, 0x1,
    0x55, 0x9f, 0xf5, 0x10, 0x0, 0x7d, 0xfd, 0x63,
    0xfe, 0x0, 0x0, 0xbf, 0xfe, 0xef, 0x9f, 0xe0,
    0x0, 0x6f, 0xf4, 0x0, 0x5f, 0xfe, 0x0, 0xc,
    0xf8, 0x0, 0x0, 0x9f, 0xe0, 0x0, 0xff, 0x30,
    0x0, 0x4, 0xfe, 0x0, 0xf, 0xf2, 0x0, 0x0,
    0x3f, 0xe0, 0x0, 0xff, 0x30, 0x0, 0x5, 0xfe,
    0x0, 0xc, 0xf8, 0x0, 0x0, 0x9f, 0xe0, 0x0,
    0x6f, 0xf4, 0x0, 0x5f, 0xfe, 0x0, 0x0, 0xbf,
    0xfe, 0xef, 0x8f, 0xe0, 0x0, 0x0, 0x7d, 0xfd,
    0x62, 0xfe, 0x0,

    /* U+0112 "?" */
    0x0, 0x8f, 0xff, 0xff, 0x0, 0x0, 0x48, 0x88,
    0x88, 0x0, 0x0, 0x0, 0x0, 0x0, 0x0, 0x0,
    0x0, 0x0, 0x0, 0x0, 0x6f, 0xff, 0xff, 0xff,
    0xfc, 0x6f, 0xfe, 0xee, 0xee, 0xeb, 0x6f, 0xd0,
    0x0, 0x0, 0x0, 0x6f, 0xd0, 0x0, 0x0, 0x0,
    0x6f, 0xd0, 0x0, 0x0, 0x0, 0x6f, 0xd0, 0x0,
    0x0, 0x0, 0x6f, 0xff, 0xff, 0xff, 0xf4, 0x6f,
    0xfe, 0xee, 0xee, 0xe4, 0x6f, 0xd0, 0x0, 0x0,
    0x0, 0x6f, 0xd0, 0x0, 0x0, 0x0, 0x6f, 0xd0,
    0x0, 0x0, 0x0, 0x6f, 0xd0, 0x0, 0x0, 0x0,
    0x6f, 0xfe, 0xee, 0xee, 0xec, 0x6f, 0xff, 0xff,
    0xff, 0xfd,

    /* U+0113 "?" */
    0x0, 0xd, 0xff, 0xff, 0xa0, 0x0, 0x0, 0x68,
    0x88, 0x85, 0x0, 0x0, 0x0, 0x0, 0x0, 0x0,
    0x0, 0x0, 0x5c, 0xff, 0xb4, 0x0, 0x0, 0x9f,
    0xfd, 0xdf, 0xf8, 0x0, 0x5f, 0xe3, 0x0, 0x3f,
    0xf3, 0xb, 0xf5, 0x0, 0x0, 0x8f, 0x90, 0xff,
    0xa9, 0x99, 0x9b, 0xfc, 0xf, 0xff, 0xff, 0xff,
    0xff, 0xd0, 0xff, 0x20, 0x0, 0x0, 0x0, 0xc,
    0xf7, 0x0, 0x0, 0x11, 0x0, 0x5f, 0xf4, 0x0,
    0x1d, 0xf6, 0x0, 0x9f, 0xfe, 0xcf, 0xfc, 0x0,
    0x0, 0x5c, 0xef, 0xd7, 0x0,

    /* U+0114 "?" */
    0x0, 0xbb, 0x0, 0x4f, 0x30, 0x0, 0x6f, 0x52,
    0xce, 0x0, 0x0, 0xa, 0xff, 0xe3, 0x0, 0x0,
    0x0, 0x23, 0x0, 0x0, 0x0, 0x0, 0x0, 0x0,
    0x0, 0x6f, 0xff, 0xff, 0xff, 0xfc, 0x6f, 0xfe,
    0xee, 0xee, 0xeb, 0x6f, 0xd0, 0x0, 0x0, 0x0,
    0x6f, 0xd0, 0x0, 0x0, 0x0, 0x6f, 0xd0, 0x0,
    0x0, 0x0, 0x6f, 0xd0, 0x0, 0x0, 0x0, 0x6f,
    0xff, 0xff, 0xff, 0xf4, 0x6f, 0xfe, 0xee, 0xee,
    0xe4, 0x6f, 0xd0, 0x0, 0x0, 0x0, 0x6f, 0xd0,
    0x0, 0x0, 0x0, 0x6f, 0xd0, 0x0, 0x0, 0x0,
    0x6f, 0xd0, 0x0, 0x0, 0x0, 0x6f, 0xfe, 0xee,
    0xee, 0xec, 0x6f, 0xff, 0xff, 0xff, 0xfd,

    /* U+0115 "?" */
    0x0, 0x8, 0x30, 0x4, 0x70, 0x0, 0x0, 0xdc,
    0x23, 0xdb, 0x0, 0x0, 0x3, 0xef, 0xfd, 0x10,
    0x0, 0x0, 0x0, 0x33, 0x0, 0x0, 0x0, 0x0,
    0x0, 0x0, 0x0, 0x0, 0x0, 0x5c, 0xff, 0xb4,
    0x0, 0x0, 0x9f, 0xfd, 0xdf, 0xf8, 0x0, 0x5f,
    0xe3, 0x0, 0x3f, 0xf3, 0xb, 0xf5, 0x0, 0x0,
    0x8f, 0x90, 0xff, 0xa9, 0x99, 0x9b, 0xfc, 0xf,
    0xff, 0xff, 0xff, 0xff, 0xd0, 0xff, 0x20, 0x0,
    0x0, 0x0, 0xc, 0xf7, 0x0, 0x0, 0x11, 0x0,
    0x5f, 0xf4, 0x0, 0x1d, 0xf6, 0x0, 0x9f, 0xfe,
    0xcf, 0xfc, 0x0, 0x0, 0x5c, 0xef, 0xd7, 0x0,

    /* U+0116 "?" */
    0x0, 0x0, 0x47, 0x0, 0x0, 0x0, 0x0, 0xff,
    0x80, 0x0, 0x0, 0x0, 0xbe, 0x40, 0x0, 0x0,
    0x0, 0x0, 0x0, 0x0, 0x0, 0x0, 0x0, 0x0,
    0x0, 0x6f, 0xff, 0xff, 0xff, 0xfc, 0x6f, 0xfe,
    0xee, 0xee, 0xeb, 0x6f, 0xd0, 0x0, 0x0, 0x0,
    0x6f, 0xd0, 0x0, 0x0, 0x0, 0x6f, 0xd0, 0x0,
    0x0, 0x0, 0x6f, 0xd0, 0x0, 0x0, 0x0, 0x6f,
    0xff, 0xff, 0xff, 0xf4, 0x6f, 0xfe, 0xee, 0xee,
    0xe4, 0x6f, 0xd0, 0x0, 0x0, 0x0, 0x6f, 0xd0,
    0x0, 0x0, 0x0, 0x6f, 0xd0, 0x0, 0x0, 0x0,
    0x6f, 0xd0, 0x0, 0x0, 0x0, 0x6f, 0xfe, 0xee,
    0xee, 0xec, 0x6f, 0xff, 0xff, 0xff, 0xfd,

    /* U+0117 "?" */
    0x0, 0x0, 0x6, 0x50, 0x0, 0x0, 0x0, 0x5,
    0xff, 0x30, 0x0, 0x0, 0x0, 0x2e, 0xd1, 0x0,
    0x0, 0x0, 0x0, 0x0, 0x0, 0x0, 0x0, 0x5,
    0xcf, 0xfb, 0x40, 0x0, 0x9, 0xff, 0xdd, 0xff,
    0x80, 0x5, 0xfe, 0x30, 0x3, 0xff, 0x30, 0xbf,
    0x50, 0x0, 0x8, 0xf9, 0xf, 0xfa, 0x99, 0x99,
    0xbf, 0xc0, 0xff, 0xff, 0xff, 0xff, 0xfd, 0xf,
    0xf2, 0x0, 0x0, 0x0, 0x0, 0xcf, 0x70, 0x0,
    0x1, 0x10, 0x5, 0xff, 0x40, 0x1, 0xdf, 0x60,
    0x9, 0xff, 0xec, 0xff, 0xc0, 0x0, 0x5, 0xce,
    0xfd, 0x70, 0x0,

    /* U+0118 "?" */
    0x6f, 0xff, 0xff, 0xff, 0xfc, 0x6, 0xff, 0xee,
    0xee, 0xee, 0xb0, 0x6f, 0xd0, 0x0, 0x0, 0x0,
    0x6, 0xfd, 0x0, 0x0, 0x0, 0x0, 0x6f, 0xd0,
    0x0, 0x0, 0x0, 0x6, 0xff, 0xee, 0xee, 0xee,
    0x40, 0x6f, 0xff, 0xff, 0xff, 0xf4, 0x6, 0xfd,
    0x0, 0x0, 0x0, 0x0, 0x6f, 0xd0, 0x0, 0x0,
    0x0, 0x6, 0xfd, 0x0, 0x0, 0x0, 0x0, 0x6f,
    0xd0, 0x0, 0x0, 0x0, 0x6, 0xfd, 0x0, 0x0,
    0x0, 0x0, 0x6f, 0xfe, 0xee, 0xee, 0xec, 0x6,
    0xff, 0xff, 0xff, 0xff, 0xd0, 0x0, 0x0, 0x0,
    0x2e, 0xe3, 0x0, 0x0, 0x0, 0xa, 0xf4, 0x0,
    0x0, 0x0, 0x0, 0xbf, 0xca, 0x0, 0x0, 0x0,
    0x3, 0xcf, 0xd3,

    /* U+0119 "?" */
    0x0, 0x5, 0xcf, 0xfb, 0x40, 0x0, 0x9, 0xff,
    0xdd, 0xff, 0x80, 0x5, 0xfe, 0x30, 0x3, 0xff,
    0x30, 0xbf, 0x50, 0x0, 0x8, 0xf9, 0xf, 0xfa,
    0x99, 0x99, 0xbf, 0xc0, 0xff, 0xff, 0xff, 0xff,
    0xfd, 0xf, 0xf2, 0x0, 0x0, 0x0, 0x0, 0xcf,
    0x70, 0x0, 0x1, 0x10, 0x5, 0xff, 0x40, 0x1,
    0xdf, 0xa0, 0x9, 0xff, 0xec, 0xff, 0xf2, 0x0,
    0x5, 0xce, 0xff, 0xf8, 0x0, 0x0, 0x0, 0x2,
    0xfd, 0x0, 0x0, 0x0, 0x0, 0x9f, 0x70, 0x0,
    0x0, 0x0, 0x8, 0xfd, 0xa2, 0x0, 0x0, 0x0,
    0x1b, 0xfe, 0x50,

    /* U+011A "?" */
    0x0, 0xbf, 0x30, 0xbf, 0x40, 0x0, 0x1d, 0xe9,
    0xf6, 0x0, 0x0, 0x2, 0xff, 0x90, 0x0, 0x0,
    0x0, 0x0, 0x0, 0x0, 0x0, 0x0, 0x0, 0x0,
    0x0, 0x6f, 0xff, 0xff, 0xff, 0xfc, 0x6f, 0xfe,
    0xee, 0xee, 0xeb, 0x6f, 0xd0, 0x0, 0x0, 0x0,
    0x6f, 0xd0, 0x0, 0x0, 0x0, 0x6f, 0xd0, 0x0,
    0x0, 0x0, 0x6f, 0xd0, 0x0, 0x0, 0x0, 0x6f,
    0xff, 0xff, 0xff, 0xf4, 0x6f, 0xfe, 0xee, 0xee,
    0xe4, 0x6f, 0xd0, 0x0, 0x0, 0x0, 0x6f, 0xd0,
    0x0, 0x0, 0x0, 0x6f, 0xd0, 0x0, 0x0, 0x0,
    0x6f, 0xd0, 0x0, 0x0, 0x0, 0x6f, 0xfe, 0xee,
    0xee, 0xec, 0x6f, 0xff, 0xff, 0xff, 0xfd,

    /* U+011B "?" */
    0x0, 0x28, 0x50, 0x6, 0x71, 0x0, 0x0, 0xaf,
    0x47, 0xf8, 0x0, 0x0, 0x0, 0xce, 0xfa, 0x0,
    0x0, 0x0, 0x1, 0x87, 0x0, 0x0, 0x0, 0x0,
    0x0, 0x0, 0x0, 0x0, 0x0, 0x5c, 0xff, 0xb4,
    0x0, 0x0, 0x9f, 0xfd, 0xdf, 0xf8, 0x0, 0x5f,
    0xe3, 0x0, 0x3f, 0xf3, 0xb, 0xf5, 0x0, 0x0,
    0x8f, 0x90, 0xff, 0xa9, 0x99, 0x9b, 0xfc, 0xf,
    0xff, 0xff, 0xff, 0xff, 0xd0, 0xff, 0x20, 0x0,
    0x0, 0x0, 0xc, 0xf7, 0x0, 0x0, 0x11, 0x0,
    0x5f, 0xf4, 0x0, 0x1d, 0xf6, 0x0, 0x9f, 0xfe,
    0xcf, 0xfc, 0x0, 0x0, 0x5c, 0xef, 0xd7, 0x0,

    /* U+011C "?" */
    0x0, 0x0, 0xb, 0xfd, 0x10, 0x0, 0x0, 0x0,
    0x9, 0xf8, 0xfb, 0x0, 0x0, 0x0, 0x7, 0xf9,
    0x6, 0xf9, 0x0, 0x0, 0x0, 0x0, 0x0, 0x0,
    0x0, 0x0, 0x0, 0x0, 0x0, 0x0, 0x0, 0x0,
    0x0, 0x0, 0x3a, 0xdf, 0xec, 0x60, 0x0, 0x0,
    0x8f, 0xff, 0xff, 0xff, 0xd2, 0x0, 0x8f, 0xf9,
    0x30, 0x16, 0xef, 0xd0, 0x2f, 0xf7, 0x0, 0x0,
    0x1, 0xff, 0x68, 0xfc, 0x0, 0x0, 0x0, 0x2,
    0x32, 0xbf, 0x70, 0x0, 0x0, 0x0, 0x0, 0xd,
    0xf5, 0x0, 0x0, 0xcd, 0xdd, 0xda, 0xdf, 0x50,
    0x0, 0xf, 0xff, 0xff, 0xcb, 0xf7, 0x0, 0x0,
    0x0, 0x6, 0xfb, 0x8f, 0xc0, 0x0, 0x0, 0x0,
    0xaf, 0x92, 0xff, 0x70, 0x0, 0x0, 0x3f, 0xf4,
    0x8, 0xff, 0x93, 0x1, 0x6e, 0xfb, 0x0, 0x9,
    0xff, 0xff, 0xff, 0xfc, 0x10, 0x0, 0x3, 0xad,
    0xfe, 0xc6, 0x0, 0x0,

    /* U+011D "?" */
    0x0, 0x0, 0x17, 0x71, 0x0, 0x0, 0x0, 0xc,
    0xff, 0xb0, 0x0, 0x0, 0xa, 0xf5, 0x6f, 0x90,
    0x0, 0x2, 0x86, 0x0, 0x67, 0x10, 0x0, 0x0,
    0x0, 0x0, 0x0, 0x0, 0x0, 0x7d, 0xfd, 0x62,
    0xff, 0x0, 0xbf, 0xfe, 0xef, 0x8f, 0xf0, 0x6f,
    0xf5, 0x0, 0x4f, 0xff, 0xc, 0xf8, 0x0, 0x0,
    0xaf, 0xf0, 0xff, 0x40, 0x0, 0x5, 0xff, 0xf,
    0xf2, 0x0, 0x0, 0x3f, 0xf0, 0xff, 0x30, 0x0,
    0x4, 0xff, 0xd, 0xf8, 0x0, 0x0, 0x8f, 0xf0,
    0x7f, 0xf4, 0x0, 0x4f, 0xff, 0x0, 0xcf, 0xfd,
    0xdf, 0xaf, 0xf0, 0x0, 0x8d, 0xfe, 0x73, 0xff,
    0x0, 0x0, 0x0, 0x0, 0x4f, 0xe0, 0x3b, 0x90,
    0x0, 0x1b, 0xfa, 0x2, 0xef, 0xfc, 0xcf, 0xfe,
    0x10, 0x1, 0x8d, 0xff, 0xd8, 0x10,

    /* U+011E "?" */
    0x0, 0x5, 0xf1, 0x0, 0xe8, 0x0, 0x0, 0x0,
    0x1f, 0xa2, 0x7f, 0x40, 0x0, 0x0, 0x0, 0x5f,
    0xff, 0x80, 0x0, 0x0, 0x0, 0x0, 0x13, 0x10,
    0x0, 0x0, 0x0, 0x0, 0x0, 0x0, 0x0, 0x0,
    0x0, 0x0, 0x3a, 0xdf, 0xec, 0x60, 0x0, 0x0,
    0x8f, 0xff, 0xff, 0xff, 0xd2, 0x0, 0x8f, 0xf9,
    0x30, 0x16, 0xef, 0xd0, 0x2f, 0xf7, 0x0, 0x0,
    0x1, 0xff, 0x68, 0xfc, 0x0, 0x0, 0x0, 0x2,
    0x32, 0xbf, 0x70, 0x0, 0x0, 0x0, 0x0, 0xd,
    0xf5, 0x0, 0x0, 0xcd, 0xdd, 0xda, 0xdf, 0x50,
    0x0, 0xf, 0xff, 0xff, 0xcb, 0xf7, 0x0, 0x0,
    0x0, 0x6, 0xfb, 0x8f, 0xc0, 0x0, 0x0, 0x0,
    0xaf, 0x92, 0xff, 0x70, 0x0, 0x0, 0x3f, 0xf4,
    0x8, 0xff, 0x93, 0x1, 0x6e, 0xfb, 0x0, 0x9,
    0xff, 0xff, 0xff, 0xfc, 0x10, 0x0, 0x3, 0xad,
    0xfe, 0xc6, 0x0, 0x0,

    /* U+011F "?" */
    0x0, 0x7, 0x30, 0x3, 0x70, 0x0, 0x0, 0xcc,
    0x23, 0xdc, 0x0, 0x0, 0x2, 0xdf, 0xfd, 0x20,
    0x0, 0x0, 0x0, 0x33, 0x0, 0x0, 0x0, 0x0,
    0x0, 0x0, 0x0, 0x0, 0x0, 0x7d, 0xfd, 0x62,
    0xff, 0x0, 0xbf, 0xfe, 0xef, 0x8f, 0xf0, 0x6f,
    0xf5, 0x0, 0x4f, 0xff, 0xc, 0xf8, 0x0, 0x0,
    0xaf, 0xf0, 0xff, 0x40, 0x0, 0x5, 0xff, 0xf,
    0xf2, 0x0, 0x0, 0x3f, 0xf0, 0xff, 0x30, 0x0,
    0x4, 0xff, 0xd, 0xf8, 0x0, 0x0, 0x8f, 0xf0,
    0x7f, 0xf4, 0x0, 0x4f, 0xff, 0x0, 0xcf, 0xfd,
    0xdf, 0xaf, 0xf0, 0x0, 0x8d, 0xfe, 0x73, 0xff,
    0x0, 0x0, 0x0, 0x0, 0x4f, 0xe0, 0x3b, 0x90,
    0x0, 0x1b, 0xfa, 0x2, 0xef, 0xfc, 0xcf, 0xfe,
    0x10, 0x1, 0x8d, 0xff, 0xd8, 0x10,

    /* U+0120 "?" */
    0x0, 0x0, 0x6, 0xf9, 0x0, 0x0, 0x0, 0x0,
    0x0, 0xaf, 0xe0, 0x0, 0x0, 0x0, 0x0, 0x1,
    0x73, 0x0, 0x0, 0x0, 0x0, 0x0, 0x0, 0x0,
    0x0, 0x0, 0x0, 0x0, 0x0, 0x0, 0x0, 0x0,
    0x0, 0x0, 0x3a, 0xdf, 0xec, 0x60, 0x0, 0x0,
    0x8f, 0xff, 0xff, 0xff, 0xd2, 0x0, 0x8f, 0xf9,
    0x30, 0x16, 0xef, 0xd0, 0x2f, 0xf7, 0x0, 0x0,
    0x1, 0xff, 0x68, 0xfc, 0x0, 0x0, 0x0, 0x2,
    0x32, 0xbf, 0x70, 0x0, 0x0, 0x0, 0x0, 0xd,
    0xf5, 0x0, 0x0, 0xcd, 0xdd, 0xda, 0xdf, 0x50,
    0x0, 0xf, 0xff, 0xff, 0xcb, 0xf7, 0x0, 0x0,
    0x0, 0x6, 0xfb, 0x8f, 0xc0, 0x0, 0x0, 0x0,
    0xaf, 0x92, 0xff, 0x70, 0x0, 0x0, 0x3f, 0xf4,
    0x8, 0xff, 0x93, 0x1, 0x6e, 0xfb, 0x0, 0x9,
    0xff, 0xff, 0xff, 0xfc, 0x10, 0x0, 0x3, 0xad,
    0xfe, 0xc6, 0x0, 0x0,

    /* U+0121 "?" */
    0x0, 0x0, 0x5, 0x50, 0x0, 0x0, 0x0, 0x4,
    0xff, 0x40, 0x0, 0x0, 0x0, 0x1e, 0xe1, 0x0,
    0x0, 0x0, 0x0, 0x0, 0x0, 0x0, 0x0, 0x7,
    0xdf, 0xd6, 0x2f, 0xf0, 0xb, 0xff, 0xee, 0xf8,
    0xff, 0x6, 0xff, 0x50, 0x4, 0xff, 0xf0, 0xcf,
    0x80, 0x0, 0xa, 0xff, 0xf, 0xf4, 0x0, 0x0,
    0x5f, 0xf0, 0xff, 0x20, 0x0, 0x3, 0xff, 0xf,
    0xf3, 0x0, 0x0, 0x4f, 0xf0, 0xdf, 0x80, 0x0,
    0x8, 0xff, 0x7, 0xff, 0x40, 0x4, 0xff, 0xf0,
    0xc, 0xff, 0xdd, 0xfa, 0xff, 0x0, 0x8, 0xdf,
    0xe7, 0x3f, 0xf0, 0x0, 0x0, 0x0, 0x4, 0xfe,
    0x3, 0xb9, 0x0, 0x1, 0xbf, 0xa0, 0x2e, 0xff,
    0xcc, 0xff, 0xe1, 0x0, 0x18, 0xdf, 0xfd, 0x81,
    0x0,

    /* U+0122 "?" */
    0x0, 0x3, 0xad, 0xfe, 0xc6, 0x0, 0x0, 0x8,
    0xff, 0xff, 0xff, 0xfd, 0x20, 0x8, 0xff, 0x93,
    0x1, 0x6e, 0xfd, 0x2, 0xff, 0x70, 0x0, 0x0,
    0x1f, 0xf6, 0x8f, 0xc0, 0x0, 0x0, 0x0, 0x23,
    0x2b, 0xf7, 0x0, 0x0, 0x0, 0x0, 0x0, 0xdf,
    0x50, 0x0, 0xc, 0xdd, 0xdd, 0xad, 0xf5, 0x0,
    0x0, 0xff, 0xff, 0xfc, 0xbf, 0x70, 0x0, 0x0,
    0x0, 0x6f, 0xb8, 0xfc, 0x0, 0x0, 0x0, 0xa,
    0xf9, 0x2f, 0xf7, 0x0, 0x0, 0x3, 0xff, 0x40,
    0x8f, 0xf9, 0x30, 0x16, 0xef, 0xb0, 0x0, 0x9f,
    0xff, 0xff, 0xff, 0xc1, 0x0, 0x0, 0x3a, 0xdf,
    0xec, 0x60, 0x0, 0x0, 0x0, 0x0, 0x0, 0x0,
    0x0, 0x0, 0x0, 0x0, 0x9f, 0x60, 0x0, 0x0,
    0x0, 0x0, 0xd, 0xf1, 0x0, 0x0, 0x0, 0x0,
    0x1, 0xfa, 0x0, 0x0, 0x0, 0x0, 0x0, 0x29,
    0x30, 0x0, 0x0, 0x0,

    /* U+0123 "?" */
    0x0, 0x0, 0x0, 0x82, 0x0, 0x0, 0x0, 0x0,
    0x6f, 0x50, 0x0, 0x0, 0x0, 0xc, 0xf0, 0x0,
    0x0, 0x0, 0x0, 0xdd, 0x0, 0x0, 0x0, 0x0,
    0x7, 0x60, 0x0, 0x0, 0x0, 0x0, 0x0, 0x0,
    0x0, 0x0, 0x7, 0xdf, 0xd6, 0x2f, 0xf0, 0xb,
    0xff, 0xee, 0xf8, 0xff, 0x6, 0xff, 0x50, 0x4,
    0xff, 0xf0, 0xcf, 0x80, 0x0, 0xa, 0xff, 0xf,
    0xf4, 0x0, 0x0, 0x5f, 0xf0, 0xff, 0x20, 0x0,
    0x3, 0xff, 0xf, 0xf3, 0x0, 0x0, 0x4f, 0xf0,
    0xdf, 0x80, 0x0, 0x8, 0xff, 0x7, 0xff, 0x40,
    0x4, 0xff, 0xf0, 0xc, 0xff, 0xdd, 0xfa, 0xff,
    0x0, 0x8, 0xdf, 0xe7, 0x3f, 0xf0, 0x0, 0x0,
    0x0, 0x4, 0xfe, 0x3, 0xb9, 0x0, 0x1, 0xbf,
    0xa0, 0x2e, 0xff, 0xcc, 0xff, 0xe1, 0x0, 0x18,
    0xdf, 0xfd, 0x81, 0x0,

    /* U+0124 "?" */
    0x0, 0x0, 0x1d, 0xfb, 0x0, 0x0, 0x0, 0x0,
    0xb, 0xf8, 0xf9, 0x0, 0x0, 0x0, 0x9, 0xf6,
    0x9, 0xf6, 0x0, 0x0, 0x0, 0x0, 0x0, 0x0,
    0x0, 0x0, 0x0, 0x0, 0x0, 0x0, 0x0, 0x0,
    0x6, 0xfd, 0x0, 0x0, 0x0, 0xf, 0xf4, 0x6f,
    0xd0, 0x0, 0x0, 0x0, 0xff, 0x46, 0xfd, 0x0,
    0x0, 0x0, 0xf, 0xf4, 0x6f, 0xd0, 0x0, 0x0,
    0x0, 0xff, 0x46, 0xfd, 0x0, 0x0, 0x0, 0xf,
    0xf4, 0x6f, 0xd0, 0x0, 0x0, 0x0, 0xff, 0x46,
    0xff, 0xff, 0xff, 0xff, 0xff, 0xf4, 0x6f, 0xfe,
    0xee, 0xee, 0xee, 0xff, 0x46, 0xfd, 0x0, 0x0,
    0x0, 0xf, 0xf4, 0x6f, 0xd0, 0x0, 0x0, 0x0,
    0xff, 0x46, 0xfd, 0x0, 0x0, 0x0, 0xf, 0xf4,
    0x6f, 0xd0, 0x0, 0x0, 0x0, 0xff, 0x46, 0xfd,
    0x0, 0x0, 0x0, 0xf, 0xf4, 0x6f, 0xd0, 0x0,
    0x0, 0x0, 0xff, 0x40,

    /* U+0125 "?" */
    0x0, 0xdf, 0xc0, 0x0, 0x0, 0x0, 0xb, 0xf8,
    0xfa, 0x0, 0x0, 0x0, 0x8f, 0x70, 0x7f, 0x70,
    0x0, 0x0, 0x0, 0x0, 0x0, 0x0, 0x0, 0x0,
    0x0, 0x0, 0x0, 0x0, 0x0, 0x0, 0x0, 0x8f,
    0x90, 0x0, 0x0, 0x0, 0x0, 0x8f, 0x90, 0x0,
    0x0, 0x0, 0x0, 0x8f, 0x90, 0x0, 0x0, 0x0,
    0x0, 0x8f, 0x92, 0xbf, 0xea, 0x10, 0x0, 0x8f,
    0xae, 0xff, 0xff, 0xd0, 0x0, 0x8f, 0xf8, 0x0,
    0x5f, 0xf5, 0x0, 0x8f, 0xc0, 0x0, 0xb, 0xf8,
    0x0, 0x8f, 0x90, 0x0, 0x9, 0xf9, 0x0, 0x8f,
    0x90, 0x0, 0x9, 0xf9, 0x0, 0x8f, 0x90, 0x0,
    0x9, 0xf9, 0x0, 0x8f, 0x90, 0x0, 0x9, 0xf9,
    0x0, 0x8f, 0x90, 0x0, 0x9, 0xf9, 0x0, 0x8f,
    0x90, 0x0, 0x9, 0xf9, 0x0, 0x8f, 0x90, 0x0,
    0x9, 0xf9,

    /* U+0126 "?" */
    0x0, 0xff, 0x40, 0x0, 0x0, 0x8, 0xfb, 0x0,
    0xf, 0xf4, 0x0, 0x0, 0x0, 0x8f, 0xb0, 0x18,
    0xff, 0xa8, 0x88, 0x88, 0x8c, 0xfe, 0x72, 0xff,
    0xff, 0xff, 0xff, 0xff, 0xff, 0xfd, 0x0, 0xff,
    0x40, 0x0, 0x0, 0x8, 0xfb, 0x0, 0xf, 0xf4,
    0x0, 0x0, 0x0, 0x8f, 0xb0, 0x0, 0xff, 0xff,
    0xff, 0xff, 0xff, 0xfb, 0x0, 0xf, 0xfe, 0xee,
    0xee, 0xee, 0xff, 0xb0, 0x0, 0xff, 0x40, 0x0,
    0x0, 0x8, 0xfb, 0x0, 0xf, 0xf4, 0x0, 0x0,
    0x0, 0x8f, 0xb0, 0x0, 0xff, 0x40, 0x0, 0x0,
    0x8, 0xfb, 0x0, 0xf, 0xf4, 0x0, 0x0, 0x0,
    0x8f, 0xb0, 0x0, 0xff, 0x40, 0x0, 0x0, 0x8,
    0xfb, 0x0, 0xf, 0xf4, 0x0, 0x0, 0x0, 0x8f,
    0xb0,

    /* U+0127 "?" */
    0x2b, 0xfb, 0x22, 0x10, 0x0, 0xf, 0xff, 0xff,
    0xf9, 0x0, 0x0, 0x5e, 0xfe, 0x55, 0x30, 0x0,
    0x0, 0x8f, 0x92, 0xbf, 0xea, 0x10, 0x8, 0xfa,
    0xef, 0xff, 0xfd, 0x0, 0x8f, 0xf8, 0x0, 0x5f,
    0xf5, 0x8, 0xfc, 0x0, 0x0, 0xbf, 0x80, 0x8f,
    0x90, 0x0, 0x9, 0xf9, 0x8, 0xf9, 0x0, 0x0,
    0x9f, 0x90, 0x8f, 0x90, 0x0, 0x9, 0xf9, 0x8,
    0xf9, 0x0, 0x0, 0x9f, 0x90, 0x8f, 0x90, 0x0,
    0x9, 0xf9, 0x8, 0xf9, 0x0, 0x0, 0x9f, 0x90,
    0x8f, 0x90, 0x0, 0x9, 0xf9,

    /* U+0128 "?" */
    0x0, 0x11, 0x11, 0x11, 0xdf, 0xff, 0xf8, 0x14,
    0x44, 0x43, 0x0, 0x0, 0x0, 0x0, 0x0, 0x0,
    0x0, 0x0, 0x6, 0xfd, 0x0, 0x0, 0x6f, 0xd0,
    0x0, 0x6, 0xfd, 0x0, 0x0, 0x6f, 0xd0, 0x0,
    0x6, 0xfd, 0x0, 0x0, 0x6f, 0xd0, 0x0, 0x6,
    0xfd, 0x0, 0x0, 0x6f, 0xd0, 0x0, 0x6, 0xfd,
    0x0, 0x0, 0x6f, 0xd0, 0x0, 0x6, 0xfd, 0x0,
    0x0, 0x6f, 0xd0, 0x0, 0x6, 0xfd, 0x0, 0x0,
    0x6f, 0xd0, 0x0,

    /* U+0129 "?" */
    0x4, 0x74, 0x7, 0x44, 0xff, 0xff, 0xf4, 0x25,
    0x2, 0x52, 0x0, 0x0, 0x0, 0x0, 0x0, 0x8f,
    0x90, 0x0, 0x8, 0xf9, 0x0, 0x0, 0x8f, 0x90,
    0x0, 0x8, 0xf9, 0x0, 0x0, 0x8f, 0x90, 0x0,
    0x8, 0xf9, 0x0, 0x0, 0x8f, 0x90, 0x0, 0x8,
    0xf9, 0x0, 0x0, 0x8f, 0x90, 0x0, 0x8, 0xf9,
    0x0, 0x0, 0x8f, 0x90, 0x0,

    /* U+012A "?" */
    0xf, 0xff, 0xff, 0x70, 0x88, 0x88, 0x84, 0x0,
    0x0, 0x0, 0x0, 0x0, 0x0, 0x0, 0x0, 0x6f,
    0xd0, 0x0, 0x6, 0xfd, 0x0, 0x0, 0x6f, 0xd0,
    0x0, 0x6, 0xfd, 0x0, 0x0, 0x6f, 0xd0, 0x0,
    0x6, 0xfd, 0x0, 0x0, 0x6f, 0xd0, 0x0, 0x6,
    0xfd, 0x0, 0x0, 0x6f, 0xd0, 0x0, 0x6, 0xfd,
    0x0, 0x0, 0x6f, 0xd0, 0x0, 0x6, 0xfd, 0x0,
    0x0, 0x6f, 0xd0, 0x0, 0x6, 0xfd, 0x0,

    /* U+012B "?" */
    0x3f, 0xff, 0xff, 0x41, 0x88, 0x88, 0x82, 0x0,
    0x0, 0x0, 0x0, 0x8, 0xf9, 0x0, 0x0, 0x8f,
    0x90, 0x0, 0x8, 0xf9, 0x0, 0x0, 0x8f, 0x90,
    0x0, 0x8, 0xf9, 0x0, 0x0, 0x8f, 0x90, 0x0,
    0x8, 0xf9, 0x0, 0x0, 0x8f, 0x90, 0x0, 0x8,
    0xf9, 0x0, 0x0, 0x8f, 0x90, 0x0, 0x8, 0xf9,
    0x0,

    /* U+012C "?" */
    0x3f, 0x30, 0xc, 0xb0, 0xeb, 0x25, 0xf6, 0x3,
    0xef, 0xf9, 0x0, 0x0, 0x32, 0x0, 0x0, 0x0,
    0x0, 0x0, 0x6, 0xfd, 0x0, 0x0, 0x6f, 0xd0,
    0x0, 0x6, 0xfd, 0x0, 0x0, 0x6f, 0xd0, 0x0,
    0x6, 0xfd, 0x0, 0x0, 0x6f, 0xd0, 0x0, 0x6,
    0xfd, 0x0, 0x0, 0x6f, 0xd0, 0x0, 0x6, 0xfd,
    0x0, 0x0, 0x6f, 0xd0, 0x0, 0x6, 0xfd, 0x0,
    0x0, 0x6f, 0xd0, 0x0, 0x6, 0xfd, 0x0, 0x0,
    0x6f, 0xd0, 0x0,

    /* U+012D "?" */
    0x6f, 0x52, 0x5f, 0x60, 0xaf, 0xff, 0xa0, 0x0,
    0x13, 0x20, 0x0, 0x0, 0x0, 0x0, 0x0, 0x8f,
    0x90, 0x0, 0x8, 0xf9, 0x0, 0x0, 0x8f, 0x90,
    0x0, 0x8, 0xf9, 0x0, 0x0, 0x8f, 0x90, 0x0,
    0x8, 0xf9, 0x0, 0x0, 0x8f, 0x90, 0x0, 0x8,
    0xf9, 0x0, 0x0, 0x8f, 0x90, 0x0, 0x8, 0xf9,
    0x0, 0x0, 0x8f, 0x90, 0x0,

    /* U+012E "?" */
    0x6, 0xfd, 0x0, 0x6f, 0xd0, 0x6, 0xfd, 0x0,
    0x6f, 0xd0, 0x6, 0xfd, 0x0, 0x6f, 0xd0, 0x6,
    0xfd, 0x0, 0x6f, 0xd0, 0x6, 0xfd, 0x0, 0x6f,
    0xd0, 0x6, 0xfd, 0x0, 0x6f, 0xd0, 0x6, 0xfd,
    0x0, 0x7f, 0xd0, 0x2e, 0xe3, 0xa, 0xf4, 0x0,
    0xbf, 0xca, 0x2, 0xcf, 0xd3,

    /* U+012F "?" */
    0x0, 0x17, 0x20, 0x0, 0xbf, 0xc0, 0x0, 0x7f,
    0x80, 0x0, 0x0, 0x0, 0x0, 0x8f, 0x90, 0x0,
    0x8f, 0x90, 0x0, 0x8f, 0x90, 0x0, 0x8f, 0x90,
    0x0, 0x8f, 0x90, 0x0, 0x8f, 0x90, 0x0, 0x8f,
    0x90, 0x0, 0x8f, 0x90, 0x0, 0x8f, 0x90, 0x0,
    0x8f, 0x90, 0x0, 0xaf, 0x90, 0x4, 0xfc, 0x10,
    0xe, 0xf1, 0x0, 0xf, 0xfb, 0x80, 0x5, 0xdf,
    0xc0,

    /* U+0130 "?" */
    0x7, 0x40, 0x8f, 0xf0, 0x4e, 0xb0, 0x0, 0x0,
    0x0, 0x0, 0x6f, 0xd0, 0x6f, 0xd0, 0x6f, 0xd0,
    0x6f, 0xd0, 0x6f, 0xd0, 0x6f, 0xd0, 0x6f, 0xd0,
    0x6f, 0xd0, 0x6f, 0xd0, 0x6f, 0xd0, 0x6f, 0xd0,
    0x6f, 0xd0, 0x6f, 0xd0, 0x6f, 0xd0,

    /* U+0131 "?" */
    0x8f, 0x98, 0xf9, 0x8f, 0x98, 0xf9, 0x8f, 0x98,
    0xf9, 0x8f, 0x98, 0xf9, 0x8f, 0x98, 0xf9, 0x8f,
    0x90,

    /* U+0132 "?" */
    0x6f, 0xd0, 0x0, 0x0, 0x0, 0x0, 0xef, 0x56,
    0xfd, 0x0, 0x0, 0x0, 0x0, 0xe, 0xf5, 0x6f,
    0xd0, 0x0, 0x0, 0x0, 0x0, 0xef, 0x56, 0xfd,
    0x0, 0x0, 0x0, 0x0, 0xe, 0xf5, 0x6f, 0xd0,
    0x0, 0x0, 0x0, 0x0, 0xef, 0x56, 0xfd, 0x0,
    0x0, 0x0, 0x0, 0xe, 0xf5, 0x6f, 0xd0, 0x0,
    0x0, 0x0, 0x0, 0xef, 0x56, 0xfd, 0x0, 0x0,
    0x0, 0x0, 0xe, 0xf5, 0x6f, 0xd0, 0x0, 0x0,
    0x0, 0x0, 0xef, 0x56, 0xfd, 0x0, 0x9e, 0x80,
    0x0, 0xe, 0xf5, 0x6f, 0xd0, 0xa, 0xfa, 0x0,
    0x0, 0xff, 0x46, 0xfd, 0x0, 0x6f, 0xf2, 0x0,
    0x6f, 0xf1, 0x6f, 0xd0, 0x0, 0xcf, 0xfb, 0xcf,
    0xf7, 0x6, 0xfd, 0x0, 0x0, 0x8d, 0xff, 0xc5,
    0x0,

    /* U+0133 "?" */
    0x17, 0x20, 0x1, 0x72, 0xbf, 0xc0, 0xb, 0xfd,
    0x7f, 0x80, 0x7, 0xf9, 0x0, 0x0, 0x0, 0x0,
    0x8f, 0x90, 0x8, 0xfa, 0x8f, 0x90, 0x8, 0xfa,
    0x8f, 0x90, 0x8, 0xfa, 0x8f, 0x90, 0x8, 0xfa,
    0x8f, 0x90, 0x8, 0xfa, 0x8f, 0x90, 0x8, 0xfa,
    0x8f, 0x90, 0x8, 0xfa, 0x8f, 0x90, 0x8, 0xfa,
    0x8f, 0x90, 0x8, 0xfa, 0x8f, 0x90, 0x8, 0xfa,
    0x8f, 0x90, 0x8, 0xfa, 0x0, 0x0, 0x8, 0xfa,
    0x0, 0x0, 0xc, 0xf8, 0x0, 0x4, 0xef, 0xf2,
    0x0, 0x4, 0xfc, 0x40,

    /* U+0134 "?" */
    0x0, 0x0, 0x0, 0x9, 0xff, 0x20, 0x0, 0x0,
    0x0, 0x6, 0xf9, 0xed, 0x10, 0x0, 0x0, 0x4,
    0xfb, 0x3, 0xfb, 0x0, 0x0, 0x0, 0x0, 0x0,
    0x0, 0x0, 0x0, 0x0, 0x0, 0x0, 0x0, 0x0,
    0x0, 0x0, 0x0, 0x0, 0x5f, 0xe0, 0x0, 0x0,
    0x0, 0x0, 0x5, 0xfe, 0x0, 0x0, 0x0, 0x0,
    0x0, 0x5f, 0xe0, 0x0, 0x0, 0x0, 0x0, 0x5,
    0xfe, 0x0, 0x0, 0x0, 0x0, 0x0, 0x5f, 0xe0,
    0x0, 0x0, 0x0, 0x0, 0x5, 0xfe, 0x0, 0x0,
    0x0, 0x0, 0x0, 0x5f, 0xe0, 0x0, 0x0, 0x0,
    0x0, 0x5, 0xfe, 0x0, 0x0, 0x0, 0x0, 0x0,
    0x5f, 0xe0, 0x0, 0x1f, 0xf1, 0x0, 0x5, 0xfe,
    0x0, 0x0, 0xff, 0x30, 0x0, 0x7f, 0xd0, 0x0,
    0xc, 0xfc, 0x10, 0x2e, 0xf9, 0x0, 0x0, 0x4f,
    0xff, 0xef, 0xfe, 0x10, 0x0, 0x0, 0x3a, 0xef,
    0xe9, 0x10, 0x0, 0x0,

    /* U+0135 "?" */
    0x1, 0xdf, 0xd1, 0x1, 0xde, 0x3e, 0xd1, 0x58,
    0x20, 0x28, 0x50, 0x0, 0x0, 0x0, 0x0, 0x9f,
    0x90, 0x0, 0x9, 0xf9, 0x0, 0x0, 0x9f, 0x90,
    0x0, 0x9, 0xf9, 0x0, 0x0, 0x9f, 0x90, 0x0,
    0x9, 0xf9, 0x0, 0x0, 0x9f, 0x90, 0x0, 0x9,
    0xf9, 0x0, 0x0, 0x9f, 0x90, 0x0, 0x9, 0xf9,
    0x0, 0x0, 0x9f, 0x90, 0x0, 0x9, 0xf9, 0x0,
    0x0, 0xcf, 0x70, 0x4, 0xef, 0xf2, 0x0, 0x5f,
    0xc3, 0x0, 0x0,

    /* U+0136 "?" */
    0x6f, 0xd0, 0x0, 0x0, 0x3f, 0xfa, 0x6, 0xfd,
    0x0, 0x0, 0x2e, 0xfb, 0x0, 0x6f, 0xd0, 0x0,
    0x2e, 0xfc, 0x0, 0x6, 0xfd, 0x0, 0x1d, 0xfc,
    0x0, 0x0, 0x6f, 0xd0, 0xd, 0xfd, 0x10, 0x0,
    0x6, 0xfd, 0xb, 0xfd, 0x10, 0x0, 0x0, 0x6f,
    0xd9, 0xff, 0xb0, 0x0, 0x0, 0x6, 0xff, 0xfd,
    0xff, 0x70, 0x0, 0x0, 0x6f, 0xfd, 0x16, 0xff,
    0x30, 0x0, 0x6, 0xfe, 0x10, 0xa, 0xfe, 0x10,
    0x0, 0x6f, 0xd0, 0x0, 0x1e, 0xfa, 0x0, 0x6,
    0xfd, 0x0, 0x0, 0x3f, 0xf6, 0x0, 0x6f, 0xd0,
    0x0, 0x0, 0x8f, 0xf2, 0x6, 0xfd, 0x0, 0x0,
    0x0, 0xcf, 0xd0, 0x0, 0x0, 0x0, 0x0, 0x0,
    0x0, 0x0, 0x0, 0x3, 0xfc, 0x0, 0x0, 0x0,
    0x0, 0x0, 0x7f, 0x70, 0x0, 0x0, 0x0, 0x0,
    0xa, 0xf1, 0x0, 0x0, 0x0, 0x0, 0x0, 0x87,
    0x0, 0x0, 0x0, 0x0,

    /* U+0137 "?" */
    0x8f, 0x90, 0x0, 0x0, 0x0, 0x8f, 0x90, 0x0,
    0x0, 0x0, 0x8f, 0x90, 0x0, 0x0, 0x0, 0x8f,
    0x90, 0x0, 0x5f, 0xf3, 0x8f, 0x90, 0x4, 0xff,
    0x40, 0x8f, 0x90, 0x3f, 0xf5, 0x0, 0x8f, 0x93,
    0xff, 0x60, 0x0, 0x8f, 0xce, 0xf9, 0x0, 0x0,
    0x8f, 0xff, 0xfc, 0x0, 0x0, 0x8f, 0xf5, 0xef,
    0x90, 0x0, 0x8f, 0x90, 0x4f, 0xf5, 0x0, 0x8f,
    0x90, 0x8, 0xff, 0x20, 0x8f, 0x90, 0x0, 0xcf,
    0xd0, 0x8f, 0x90, 0x0, 0x1e, 0xf9, 0x0, 0x0,
    0x0, 0x0, 0x0, 0x0, 0x6, 0xf9, 0x0, 0x0,
    0x0, 0xa, 0xf3, 0x0, 0x0, 0x0, 0xe, 0xd0,
    0x0, 0x0, 0x0, 0x9, 0x50, 0x0, 0x0,

    /* U+0138 "?" */
    0x8f, 0x90, 0x0, 0x4f, 0xf5, 0x8f, 0x90, 0x1,
    0xef, 0x80, 0x8f, 0x90, 0xb, 0xfb, 0x0, 0x8f,
    0x90, 0x6f, 0xe1, 0x0, 0x8f, 0x92, 0xff, 0x30,
    0x0, 0x8f, 0xff, 0xf7, 0x0, 0x0, 0x8f, 0xcb,
    0xfc, 0x0, 0x0, 0x8f, 0x90, 0xcf, 0xa0, 0x0,
    0x8f, 0x90, 0x1e, 0xf8, 0x0, 0x8f, 0x90, 0x3,
    0xff, 0x50, 0x8f, 0x90, 0x0, 0x6f, 0xf3,

    /* U+0139 "?" */
    0x0, 0xde, 0x20, 0x0, 0x0, 0x7, 0xf7, 0x0,
    0x0, 0x0, 0xe, 0xc0, 0x0, 0x0, 0x0, 0x0,
    0x0, 0x0, 0x0, 0x0, 0x0, 0x0, 0x0, 0x0,
    0x0, 0x6f, 0xd0, 0x0, 0x0, 0x0, 0x6f, 0xd0,
    0x0, 0x0, 0x0, 0x6f, 0xd0, 0x0, 0x0, 0x0,
    0x6f, 0xd0, 0x0, 0x0, 0x0, 0x6f, 0xd0, 0x0,
    0x0, 0x0, 0x6f, 0xd0, 0x0, 0x0, 0x0, 0x6f,
    0xd0, 0x0, 0x0, 0x0, 0x6f, 0xd0, 0x0, 0x0,
    0x0, 0x6f, 0xd0, 0x0, 0x0, 0x0, 0x6f, 0xd0,
    0x0, 0x0, 0x0, 0x6f, 0xd0, 0x0, 0x0, 0x0,
    0x6f, 0xd0, 0x0, 0x0, 0x0, 0x6f, 0xfe, 0xee,
    0xee, 0xe6, 0x6f, 0xff, 0xff, 0xff, 0xf7,

    /* U+013A "?" */
    0x2, 0xec, 0x0, 0xaf, 0x40, 0x2f, 0xa0, 0x0,
    0x0, 0x0, 0x0, 0x0, 0x8, 0xf9, 0x0, 0x8f,
    0x90, 0x8, 0xf9, 0x0, 0x8f, 0x90, 0x8, 0xf9,
    0x0, 0x8f, 0x90, 0x8, 0xf9, 0x0, 0x8f, 0x90,
    0x8, 0xf9, 0x0, 0x8f, 0x90, 0x8, 0xf9, 0x0,
    0x8f, 0x90, 0x8, 0xf9, 0x0, 0x8f, 0x90, 0x0,

    /* U+013B "?" */
    0x6f, 0xd0, 0x0, 0x0, 0x0, 0x6f, 0xd0, 0x0,
    0x0, 0x0, 0x6f, 0xd0, 0x0, 0x0, 0x0, 0x6f,
    0xd0, 0x0, 0x0, 0x0, 0x6f, 0xd0, 0x0, 0x0,
    0x0, 0x6f, 0xd0, 0x0, 0x0, 0x0, 0x6f, 0xd0,
    0x0, 0x0, 0x0, 0x6f, 0xd0, 0x0, 0x0, 0x0,
    0x6f, 0xd0, 0x0, 0x0, 0x0, 0x6f, 0xd0, 0x0,
    0x0, 0x0, 0x6f, 0xd0, 0x0, 0x0, 0x0, 0x6f,
    0xd0, 0x0, 0x0, 0x0, 0x6f, 0xfe, 0xee, 0xee,
    0xe6, 0x6f, 0xff, 0xff, 0xff, 0xf7, 0x0, 0x0,
    0x0, 0x0, 0x0, 0x0, 0x2, 0xfd, 0x0, 0x0,
    0x0, 0x6, 0xf7, 0x0, 0x0, 0x0, 0xa, 0xf2,
    0x0, 0x0, 0x0, 0x7, 0x70, 0x0, 0x0,

    /* U+013C "?" */
    0x8, 0xf9, 0x8, 0xf9, 0x8, 0xf9, 0x8, 0xf9,
    0x8, 0xf9, 0x8, 0xf9, 0x8, 0xf9, 0x8, 0xf9,
    0x8, 0xf9, 0x8, 0xf9, 0x8, 0xf9, 0x8, 0xf9,
    0x8, 0xf9, 0x8, 0xf9, 0x0, 0x0, 0xa, 0xf5,
    0xe, 0xf0, 0x1f, 0xa0, 0x29, 0x30,

    /* U+013D "?" */
    0x0, 0x0, 0xc, 0xf1, 0x0, 0x6f, 0xd0, 0xc,
    0xe0, 0x0, 0x6f, 0xd0, 0xc, 0xc0, 0x0, 0x6f,
    0xd0, 0x8, 0x70, 0x0, 0x6f, 0xd0, 0x0, 0x0,
    0x0, 0x6f, 0xd0, 0x0, 0x0, 0x0, 0x6f, 0xd0,
    0x0, 0x0, 0x0, 0x6f, 0xd0, 0x0, 0x0, 0x0,
    0x6f, 0xd0, 0x0, 0x0, 0x0, 0x6f, 0xd0, 0x0,
    0x0, 0x0, 0x6f, 0xd0, 0x0, 0x0, 0x0, 0x6f,
    0xd0, 0x0, 0x0, 0x0, 0x6f, 0xd0, 0x0, 0x0,
    0x0, 0x6f, 0xfe, 0xee, 0xee, 0xe6, 0x6f, 0xff,
    0xff, 0xff, 0xf7,

    /* U+013E "?" */
    0x0, 0x1, 0xfc, 0x8f, 0x91, 0xfa, 0x8f, 0x91,
    0xf8, 0x8f, 0x90, 0xb4, 0x8f, 0x90, 0x0, 0x8f,
    0x90, 0x0, 0x8f, 0x90, 0x0, 0x8f, 0x90, 0x0,
    0x8f, 0x90, 0x0, 0x8f, 0x90, 0x0, 0x8f, 0x90,
    0x0, 0x8f, 0x90, 0x0, 0x8f, 0x90, 0x0, 0x8f,
    0x90, 0x0, 0x8f, 0x90, 0x0,

    /* U+013F "?" */
    0x6f, 0xd0, 0x0, 0x0, 0x0, 0x6f, 0xd0, 0x0,
    0x0, 0x0, 0x6f, 0xd0, 0x0, 0x0, 0x0, 0x6f,
    0xd0, 0x0, 0x0, 0x0, 0x6f, 0xd0, 0x5, 0x60,
    0x0, 0x6f, 0xd0, 0x3f, 0xf5, 0x0, 0x6f, 0xd0,
    0x1d, 0xe2, 0x0, 0x6f, 0xd0, 0x0, 0x0, 0x0,
    0x6f, 0xd0, 0x0, 0x0, 0x0, 0x6f, 0xd0, 0x0,
    0x0, 0x0, 0x6f, 0xd0, 0x0, 0x0, 0x0, 0x6f,
    0xd0, 0x0, 0x0, 0x0, 0x6f, 0xfe, 0xee, 0xee,
    0xe6, 0x6f, 0xff, 0xff, 0xff, 0xf7,

    /* U+0140 "?" */
    0x8f, 0x90, 0x0, 0x8, 0xf9, 0x0, 0x0, 0x8f,
    0x90, 0x0, 0x8, 0xf9, 0x0, 0x0, 0x8f, 0x90,
    0x0, 0x8, 0xf9, 0x8, 0xc3, 0x8f, 0x91, 0xff,
    0xa8, 0xf9, 0xb, 0xf5, 0x8f, 0x90, 0x0, 0x8,
    0xf9, 0x0, 0x0, 0x8f, 0x90, 0x0, 0x8, 0xf9,
    0x0, 0x0, 0x8f, 0x90, 0x0, 0x8, 0xf9, 0x0,
    0x0,

    /* U+0141 "?" */
    0x0, 0xbf, 0x80, 0x0, 0x0, 0x0, 0x0, 0xbf,
    0x80, 0x0, 0x0, 0x0, 0x0, 0xbf, 0x80, 0x0,
    0x0, 0x0, 0x0, 0xbf, 0x80, 0x7, 0x0, 0x0,
    0x0, 0xbf, 0x85, 0xef, 0x0, 0x0, 0x0, 0xbf,
    0xff, 0xf8, 0x0, 0x0, 0x2, 0xff, 0xfa, 0x10,
    0x0, 0x0, 0x6f, 0xff, 0xa0, 0x0, 0x0, 0x0,
    0x9d, 0xff, 0x80, 0x0, 0x0, 0x0, 0x20, 0xbf,
    0x80, 0x0, 0x0, 0x0, 0x0, 0xbf, 0x80, 0x0,
    0x0, 0x0, 0x0, 0xbf, 0x80, 0x0, 0x0, 0x0,
    0x0, 0xbf, 0xfe, 0xee, 0xee, 0xe1, 0x0, 0xbf,
    0xff, 0xff, 0xff, 0xf1,

    /* U+0142 "?" */
    0x0, 0x8f, 0x90, 0x0, 0x8, 0xf9, 0x0, 0x0,
    0x8f, 0x90, 0x0, 0x8, 0xf9, 0x31, 0x0, 0x8f,
    0xff, 0x20, 0x1f, 0xff, 0x80, 0x1e, 0xff, 0xb0,
    0x2, 0xbb, 0xf9, 0x0, 0x0, 0x8f, 0x90, 0x0,
    0x8, 0xf9, 0x0, 0x0, 0x8f, 0x90, 0x0, 0x8,
    0xf9, 0x0, 0x0, 0x8f, 0x90, 0x0, 0x8, 0xf9,
    0x0,

    /* U+0143 "?" */
    0x0, 0x0, 0x0, 0x2e, 0xd0, 0x0, 0x0, 0x0,
    0x0, 0x9, 0xf5, 0x0, 0x0, 0x0, 0x0, 0x1,
    0xfa, 0x0, 0x0, 0x0, 0x0, 0x0, 0x0, 0x0,
    0x0, 0x0, 0x0, 0x0, 0x0, 0x0, 0x0, 0x0,
    0x6, 0xff, 0x80, 0x0, 0x0, 0xb, 0xf8, 0x6f,
    0xff, 0x30, 0x0, 0x0, 0xbf, 0x86, 0xff, 0xfc,
    0x0, 0x0, 0xb, 0xf8, 0x6f, 0xbc, 0xf7, 0x0,
    0x0, 0xbf, 0x86, 0xfc, 0x3f, 0xf2, 0x0, 0xb,
    0xf8, 0x6f, 0xd0, 0xaf, 0xc0, 0x0, 0xbf, 0x86,
    0xfd, 0x1, 0xef, 0x70, 0xb, 0xf8, 0x6f, 0xe0,
    0x5, 0xff, 0x20, 0xbf, 0x86, 0xfe, 0x0, 0xa,
    0xfb, 0xb, 0xf8, 0x6f, 0xe0, 0x0, 0x1e, 0xf5,
    0xbf, 0x86, 0xfe, 0x0, 0x0, 0x5f, 0xea, 0xf8,
    0x6f, 0xe0, 0x0, 0x0, 0xbf, 0xff, 0x86, 0xfe,
    0x0, 0x0, 0x1, 0xff, 0xf8, 0x6f, 0xe0, 0x0,
    0x0, 0x6, 0xff, 0x80,

    /* U+0144 "?" */
    0x0, 0x0, 0xb, 0xf6, 0x0, 0x0, 0x0, 0x3f,
    0xb0, 0x0, 0x0, 0x0, 0x9d, 0x10, 0x0, 0x0,
    0x0, 0x0, 0x0, 0x0, 0x8f, 0x83, 0xbf, 0xea,
    0x10, 0x8f, 0xaf, 0xdc, 0xff, 0xd0, 0x8f, 0xf6,
    0x0, 0x3f, 0xf5, 0x8f, 0xc0, 0x0, 0xa, 0xf8,
    0x8f, 0x90, 0x0, 0x9, 0xf9, 0x8f, 0x90, 0x0,
    0x9, 0xf9, 0x8f, 0x90, 0x0, 0x9, 0xf9, 0x8f,
    0x90, 0x0, 0x9, 0xf9, 0x8f, 0x90, 0x0, 0x9,
    0xf9, 0x8f, 0x90, 0x0, 0x9, 0xf9, 0x8f, 0x90,
    0x0, 0x9, 0xf9,

    /* U+0145 "?" */
    0x6f, 0xf8, 0x0, 0x0, 0x0, 0xbf, 0x86, 0xff,
    0xf3, 0x0, 0x0, 0xb, 0xf8, 0x6f, 0xff, 0xc0,
    0x0, 0x0, 0xbf, 0x86, 0xfb, 0xcf, 0x70, 0x0,
    0xb, 0xf8, 0x6f, 0xc3, 0xff, 0x20, 0x0, 0xbf,
    0x86, 0xfd, 0xa, 0xfc, 0x0, 0xb, 0xf8, 0x6f,
    0xd0, 0x1e, 0xf7, 0x0, 0xbf, 0x86, 0xfe, 0x0,
    0x5f, 0xf2, 0xb, 0xf8, 0x6f, 0xe0, 0x0, 0xaf,
    0xb0, 0xbf, 0x86, 0xfe, 0x0, 0x1, 0xef, 0x5b,
    0xf8, 0x6f, 0xe0, 0x0, 0x5, 0xfe, 0xaf, 0x86,
    0xfe, 0x0, 0x0, 0xb, 0xff, 0xf8, 0x6f, 0xe0,
    0x0, 0x0, 0x1f, 0xff, 0x86, 0xfe, 0x0, 0x0,
    0x0, 0x6f, 0xf8, 0x0, 0x0, 0x0, 0x0, 0x0,
    0x0, 0x0, 0x0, 0x0, 0x9f, 0x60, 0x0, 0x0,
    0x0, 0x0, 0xd, 0xf1, 0x0, 0x0, 0x0, 0x0,
    0x1, 0xfa, 0x0, 0x0, 0x0, 0x0, 0x0, 0x29,
    0x30, 0x0, 0x0, 0x0,

    /* U+0146 "?" */
    0x8f, 0x83, 0xbf, 0xea, 0x10, 0x8f, 0xaf, 0xdc,
    0xff, 0xd0, 0x8f, 0xf6, 0x0, 0x3f, 0xf5, 0x8f,
    0xc0, 0x0, 0xa, 0xf8, 0x8f, 0x90, 0x0, 0x9,
    0xf9, 0x8f, 0x90, 0x0, 0x9, 0xf9, 0x8f, 0x90,
    0x0, 0x9, 0xf9, 0x8f, 0x90, 0x0, 0x9, 0xf9,
    0x8f, 0x90, 0x0, 0x9, 0xf9, 0x8f, 0x90, 0x0,
    0x9, 0xf9, 0x8f, 0x90, 0x0, 0x9, 0xf9, 0x0,
    0x0, 0x0, 0x0, 0x0, 0x0, 0x2, 0xfd, 0x0,
    0x0, 0x0, 0x6, 0xf8, 0x0, 0x0, 0x0, 0x9,
    0xf2, 0x0, 0x0, 0x0, 0x7, 0x70, 0x0, 0x0,

    /* U+0147 "?" */
    0x0, 0x6, 0xf8, 0x6, 0xf9, 0x0, 0x0, 0x0,
    0x9, 0xf8, 0xfc, 0x0, 0x0, 0x0, 0x0, 0xc,
    0xfd, 0x10, 0x0, 0x0, 0x0, 0x0, 0x0, 0x0,
    0x0, 0x0, 0x0, 0x0, 0x0, 0x0, 0x0, 0x0,
    0x6, 0xff, 0x80, 0x0, 0x0, 0xb, 0xf8, 0x6f,
    0xff, 0x30, 0x0, 0x0, 0xbf, 0x86, 0xff, 0xfc,
    0x0, 0x0, 0xb, 0xf8, 0x6f, 0xbc, 0xf7, 0x0,
    0x0, 0xbf, 0x86, 0xfc, 0x3f, 0xf2, 0x0, 0xb,
    0xf8, 0x6f, 0xd0, 0xaf, 0xc0, 0x0, 0xbf, 0x86,
    0xfd, 0x1, 0xef, 0x70, 0xb, 0xf8, 0x6f, 0xe0,
    0x5, 0xff, 0x20, 0xbf, 0x86, 0xfe, 0x0, 0xa,
    0xfb, 0xb, 0xf8, 0x6f, 0xe0, 0x0, 0x1e, 0xf5,
    0xbf, 0x86, 0xfe, 0x0, 0x0, 0x5f, 0xea, 0xf8,
    0x6f, 0xe0, 0x0, 0x0, 0xbf, 0xff, 0x86, 0xfe,
    0x0, 0x0, 0x1, 0xff, 0xf8, 0x6f, 0xe0, 0x0,
    0x0, 0x6, 0xff, 0x80,

    /* U+0148 "?" */
    0x1, 0xde, 0x22, 0xed, 0x10, 0x0, 0x1d, 0xed,
    0xd1, 0x0, 0x0, 0x1, 0x77, 0x10, 0x0, 0x0,
    0x0, 0x0, 0x0, 0x0, 0x8f, 0x83, 0xbf, 0xea,
    0x10, 0x8f, 0xaf, 0xdc, 0xff, 0xd0, 0x8f, 0xf6,
    0x0, 0x3f, 0xf5, 0x8f, 0xc0, 0x0, 0xa, 0xf8,
    0x8f, 0x90, 0x0, 0x9, 0xf9, 0x8f, 0x90, 0x0,
    0x9, 0xf9, 0x8f, 0x90, 0x0, 0x9, 0xf9, 0x8f,
    0x90, 0x0, 0x9, 0xf9, 0x8f, 0x90, 0x0, 0x9,
    0xf9, 0x8f, 0x90, 0x0, 0x9, 0xf9, 0x8f, 0x90,
    0x0, 0x9, 0xf9,

    /* U+014A "?" */
    0x6f, 0xf8, 0x0, 0x0, 0x0, 0xbf, 0x86, 0xff,
    0xf3, 0x0, 0x0, 0xb, 0xf8, 0x6f, 0xff, 0xc0,
    0x0, 0x0, 0xbf, 0x86, 0xfb, 0xcf, 0x70, 0x0,
    0xb, 0xf8, 0x6f, 0xc3, 0xff, 0x20, 0x0, 0xbf,
    0x86, 0xfd, 0xa, 0xfc, 0x0, 0xb, 0xf8, 0x6f,
    0xd0, 0x1e, 0xf7, 0x0, 0xbf, 0x86, 0xfe, 0x0,
    0x5f, 0xf2, 0xb, 0xf8, 0x6f, 0xe0, 0x0, 0xaf,
    0xb0, 0xbf, 0x86, 0xfe, 0x0, 0x1, 0xef, 0x5b,
    0xf8, 0x6f, 0xe0, 0x0, 0x5, 0xfe, 0xaf, 0x86,
    0xfe, 0x0, 0x0, 0xb, 0xff, 0xf8, 0x6f, 0xe0,
    0x0, 0x0, 0x1f, 0xff, 0x86, 0xfe, 0x0, 0x0,
    0x0, 0x6f, 0xf9, 0x0, 0x0, 0x0, 0x0, 0x0,
    0xaf, 0x90, 0x0, 0x0, 0x0, 0x0, 0xb, 0xf9,
    0x0, 0x0, 0x0, 0x0, 0x9e, 0xff, 0x50, 0x0,
    0x0, 0x0, 0x9, 0xfe, 0x80,

    /* U+014B "?" */
    0x8f, 0x83, 0xbf, 0xea, 0x10, 0x8f, 0xaf, 0xdc,
    0xff, 0xd0, 0x8f, 0xf6, 0x0, 0x3f, 0xf5, 0x8f,
    0xc0, 0x0, 0xa, 0xf8, 0x8f, 0x90, 0x0, 0x9,
    0xf9, 0x8f, 0x90, 0x0, 0x9, 0xf9, 0x8f, 0x90,
    0x0, 0x9, 0xf9, 0x8f, 0x90, 0x0, 0x9, 0xf9,
    0x8f, 0x90, 0x0, 0x9, 0xf9, 0x8f, 0x90, 0x0,
    0x9, 0xf9, 0x8f, 0x90, 0x0, 0x9, 0xf9, 0x0,
    0x0, 0x0, 0x9, 0xf9, 0x0, 0x0, 0x0, 0xa,
    0xf8, 0x0, 0x0, 0x9, 0xef, 0xf5, 0x0, 0x0,
    0x9, 0xfe, 0x70,

    /* U+014C "?" */
    0x0, 0x0, 0x88, 0x88, 0x83, 0x0, 0x0, 0x0,
    0x1, 0xff, 0xff, 0xf6, 0x0, 0x0, 0x0, 0x0,
    0x0, 0x0, 0x0, 0x0, 0x0, 0x0, 0x0, 0x0,
    0x0, 0x0, 0x0, 0x0, 0x0, 0x0, 0x0, 0x0,
    0x0, 0x0, 0x0, 0x0, 0x3, 0xad, 0xfe, 0xb5,
    0x0, 0x0, 0x0, 0x8f, 0xff, 0xff, 0xff, 0xc1,
    0x0, 0x7, 0xff, 0x93, 0x1, 0x6f, 0xfc, 0x0,
    0x2f, 0xf7, 0x0, 0x0, 0x2, 0xff, 0x70, 0x8f,
    0xc0, 0x0, 0x0, 0x0, 0x7f, 0xd0, 0xbf, 0x70,
    0x0, 0x0, 0x0, 0x2f, 0xf1, 0xdf, 0x50, 0x0,
    0x0, 0x0, 0xf, 0xf2, 0xdf, 0x50, 0x0, 0x0,
    0x0, 0xf, 0xf2, 0xbf, 0x70, 0x0, 0x0, 0x0,
    0x2f, 0xf1, 0x8f, 0xc0, 0x0, 0x0, 0x0, 0x7f,
    0xd0, 0x2f, 0xf6, 0x0, 0x0, 0x2, 0xff, 0x70,
    0x8, 0xff, 0x93, 0x1, 0x6e, 0xfc, 0x0, 0x0,
    0x8f, 0xff, 0xff, 0xff, 0xc1, 0x0, 0x0, 0x3,
    0xad, 0xfe, 0xb6, 0x0, 0x0,

    /* U+014D "?" */
    0x0, 0xb, 0xff, 0xff, 0xc0, 0x0, 0x0, 0x5,
    0x88, 0x88, 0x60, 0x0, 0x0, 0x0, 0x0, 0x0,
    0x0, 0x0, 0x0, 0x5, 0xce, 0xfc, 0x60, 0x0,
    0x0, 0x9f, 0xfe, 0xef, 0xfa, 0x0, 0x5, 0xff,
    0x50, 0x4, 0xff, 0x60, 0xb, 0xf8, 0x0, 0x0,
    0x7f, 0xd0, 0xf, 0xf3, 0x0, 0x0, 0x2f, 0xf0,
    0xf, 0xf2, 0x0, 0x0, 0xf, 0xf1, 0xf, 0xf3,
    0x0, 0x0, 0x2f, 0xf0, 0xc, 0xf8, 0x0, 0x0,
    0x7f, 0xd0, 0x5, 0xff, 0x40, 0x3, 0xff, 0x60,
    0x0, 0x9f, 0xfd, 0xdf, 0xfa, 0x0, 0x0, 0x5,
    0xcf, 0xfc, 0x60, 0x0,

    /* U+014E "?" */
    0x0, 0x4, 0xf2, 0x0, 0xda, 0x0, 0x0, 0x0,
    0x0, 0xfb, 0x26, 0xf5, 0x0, 0x0, 0x0, 0x0,
    0x4f, 0xff, 0x90, 0x0, 0x0, 0x0, 0x0, 0x0,
    0x31, 0x0, 0x0, 0x0, 0x0, 0x0, 0x0, 0x0,
    0x0, 0x0, 0x0, 0x0, 0x3, 0xad, 0xfe, 0xb5,
    0x0, 0x0, 0x0, 0x8f, 0xff, 0xff, 0xff, 0xc1,
    0x0, 0x7, 0xff, 0x93, 0x1, 0x6f, 0xfc, 0x0,
    0x2f, 0xf7, 0x0, 0x0, 0x2, 0xff, 0x70, 0x8f,
    0xc0, 0x0, 0x0, 0x0, 0x7f, 0xd0, 0xbf, 0x70,
    0x0, 0x0, 0x0, 0x2f, 0xf1, 0xdf, 0x50, 0x0,
    0x0, 0x0, 0xf, 0xf2, 0xdf, 0x50, 0x0, 0x0,
    0x0, 0xf, 0xf2, 0xbf, 0x70, 0x0, 0x0, 0x0,
    0x2f, 0xf1, 0x8f, 0xc0, 0x0, 0x0, 0x0, 0x7f,
    0xd0, 0x2f, 0xf6, 0x0, 0x0, 0x2, 0xff, 0x70,
    0x8, 0xff, 0x93, 0x1, 0x6e, 0xfc, 0x0, 0x0,
    0x8f, 0xff, 0xff, 0xff, 0xc1, 0x0, 0x0, 0x3,
    0xad, 0xfe, 0xb6, 0x0, 0x0,

    /* U+014F "?" */
    0x0, 0x7, 0x30, 0x3, 0x70, 0x0, 0x0, 0xc,
    0xd3, 0x2c, 0xd0, 0x0, 0x0, 0x2, 0xdf, 0xfe,
    0x20, 0x0, 0x0, 0x0, 0x3, 0x30, 0x0, 0x0,
    0x0, 0x0, 0x0, 0x0, 0x0, 0x0, 0x0, 0x5,
    0xce, 0xfc, 0x60, 0x0, 0x0, 0x9f, 0xfe, 0xef,
    0xfa, 0x0, 0x5, 0xff, 0x50, 0x4, 0xff, 0x60,
    0xb, 0xf8, 0x0, 0x0, 0x7f, 0xd0, 0xf, 0xf3,
    0x0, 0x0, 0x2f, 0xf0, 0xf, 0xf2, 0x0, 0x0,
    0xf, 0xf1, 0xf, 0xf3, 0x0, 0x0, 0x2f, 0xf0,
    0xc, 0xf8, 0x0, 0x0, 0x7f, 0xd0, 0x5, 0xff,
    0x40, 0x3, 0xff, 0x60, 0x0, 0x9f, 0xfd, 0xdf,
    0xfa, 0x0, 0x0, 0x5, 0xcf, 0xfc, 0x60, 0x0,

    /* U+0150 "?" */
    0x0, 0x0, 0xaf, 0x60, 0xef, 0x30, 0x0, 0x0,
    0x0, 0xfd, 0x8, 0xf6, 0x0, 0x0, 0x0, 0x5,
    0xe4, 0x1d, 0xa0, 0x0, 0x0, 0x0, 0x0, 0x0,
    0x0, 0x0, 0x0, 0x0, 0x0, 0x0, 0x0, 0x0,
    0x0, 0x0, 0x0, 0x0, 0x3, 0xad, 0xfe, 0xb5,
    0x0, 0x0, 0x0, 0x8f, 0xff, 0xff, 0xff, 0xc1,
    0x0, 0x7, 0xff, 0x93, 0x1, 0x6f, 0xfc, 0x0,
    0x2f, 0xf7, 0x0, 0x0, 0x2, 0xff, 0x70, 0x8f,
    0xc0, 0x0, 0x0, 0x0, 0x7f, 0xd0, 0xbf, 0x70,
    0x0, 0x0, 0x0, 0x2f, 0xf1, 0xdf, 0x50, 0x0,
    0x0, 0x0, 0xf, 0xf2, 0xdf, 0x50, 0x0, 0x0,
    0x0, 0xf, 0xf2, 0xbf, 0x70, 0x0, 0x0, 0x0,
    0x2f, 0xf1, 0x8f, 0xc0, 0x0, 0x0, 0x0, 0x7f,
    0xd0, 0x2f, 0xf6, 0x0, 0x0, 0x2, 0xff, 0x70,
    0x8, 0xff, 0x93, 0x1, 0x6e, 0xfc, 0x0, 0x0,
    0x8f, 0xff, 0xff, 0xff, 0xc1, 0x0, 0x0, 0x3,
    0xad, 0xfe, 0xb6, 0x0, 0x0,

    /* U+0151 "?" */
    0x0, 0x4, 0xfc, 0x9, 0xf8, 0x0, 0x0, 0xa,
    0xf3, 0x2f, 0xc0, 0x0, 0x0, 0xe, 0xa0, 0x9d,
    0x10, 0x0, 0x0, 0x0, 0x0, 0x0, 0x0, 0x0,
    0x0, 0x5, 0xce, 0xfc, 0x60, 0x0, 0x0, 0x9f,
    0xfe, 0xef, 0xfa, 0x0, 0x5, 0xff, 0x50, 0x4,
    0xff, 0x60, 0xb, 0xf8, 0x0, 0x0, 0x7f, 0xd0,
    0xf, 0xf3, 0x0, 0x0, 0x2f, 0xf0, 0xf, 0xf2,
    0x0, 0x0, 0xf, 0xf1, 0xf, 0xf3, 0x0, 0x0,
    0x2f, 0xf0, 0xc, 0xf8, 0x0, 0x0, 0x7f, 0xd0,
    0x5, 0xff, 0x40, 0x3, 0xff, 0x60, 0x0, 0x9f,
    0xfd, 0xdf, 0xfa, 0x0, 0x0, 0x5, 0xcf, 0xfc,
    0x60, 0x0,

    /* U+0152 "?" */
    0x0, 0x3, 0x9d, 0xff, 0xff, 0xff, 0xff, 0xff,
    0xfe, 0x0, 0x8f, 0xff, 0xee, 0xef, 0xfe, 0xee,
    0xee, 0xec, 0x7, 0xff, 0x81, 0x0, 0x4f, 0xf0,
    0x0, 0x0, 0x0, 0x2f, 0xf5, 0x0, 0x0, 0x4f,
    0xf0, 0x0, 0x0, 0x0, 0x7f, 0xc0, 0x0, 0x0,
    0x4f, 0xf0, 0x0, 0x0, 0x0, 0xbf, 0x70, 0x0,
    0x0, 0x4f, 0xf0, 0x0, 0x0, 0x0, 0xdf, 0x50,
    0x0, 0x0, 0x4f, 0xff, 0xff, 0xff, 0xf6, 0xdf,
    0x50, 0x0, 0x0, 0x4f, 0xfe, 0xee, 0xee, 0xe5,
    0xbf, 0x70, 0x0, 0x0, 0x4f, 0xf0, 0x0, 0x0,
    0x0, 0x7f, 0xc0, 0x0, 0x0, 0x4f, 0xf0, 0x0,
    0x0, 0x0, 0x2f, 0xf6, 0x0, 0x0, 0x4f, 0xf0,
    0x0, 0x0, 0x0, 0x7, 0xff, 0x81, 0x0, 0x4f,
    0xf0, 0x0, 0x0, 0x0, 0x0, 0x8f, 0xff, 0xfe,
    0xef, 0xfe, 0xee, 0xee, 0xed, 0x0, 0x3, 0x9d,
    0xff, 0xff, 0xff, 0xff, 0xff, 0xff,

    /* U+0153 "?" */
    0x0, 0x5, 0xce, 0xfc, 0x60, 0x4, 0xbe, 0xfc,
    0x60, 0x0, 0x9, 0xff, 0xee, 0xff, 0xa6, 0xff,
    0xee, 0xff, 0xa0, 0x5, 0xff, 0x50, 0x4, 0xff,
    0xff, 0x50, 0x2, 0xef, 0x60, 0xbf, 0x80, 0x0,
    0x7, 0xff, 0x80, 0x0, 0x5, 0xfc, 0xf, 0xf3,
    0x0, 0x0, 0x2f, 0xfc, 0x99, 0x99, 0xaf, 0xe0,
    0xff, 0x20, 0x0, 0x0, 0xff, 0xff, 0xff, 0xff,
    0xff, 0xf, 0xf3, 0x0, 0x0, 0x2f, 0xf6, 0x0,
    0x0, 0x0, 0x0, 0xcf, 0x80, 0x0, 0x7, 0xff,
    0x90, 0x0, 0x1, 0x20, 0x5, 0xff, 0x40, 0x3,
    0xff, 0xff, 0x60, 0x1, 0xbf, 0x90, 0x9, 0xff,
    0xdd, 0xff, 0xa7, 0xff, 0xed, 0xff, 0xe2, 0x0,
    0x5, 0xcf, 0xfc, 0x60, 0x4, 0xbe, 0xfd, 0x81,
    0x0,

    /* U+0154 "?" */
    0x0, 0x0, 0x4, 0xeb, 0x0, 0x0, 0x0, 0x0,
    0xc, 0xf3, 0x0, 0x0, 0x0, 0x0, 0x3f, 0x80,
    0x0, 0x0, 0x0, 0x0, 0x0, 0x0, 0x0, 0x0,
    0x0, 0x0, 0x0, 0x0, 0x0, 0x0, 0x6f, 0xff,
    0xff, 0xec, 0x70, 0x0, 0x6f, 0xfe, 0xee, 0xff,
    0xfb, 0x0, 0x6f, 0xd0, 0x0, 0x6, 0xff, 0x60,
    0x6f, 0xd0, 0x0, 0x0, 0x9f, 0xb0, 0x6f, 0xd0,
    0x0, 0x0, 0x6f, 0xd0, 0x6f, 0xd0, 0x0, 0x0,
    0x9f, 0xb0, 0x6f, 0xd0, 0x0, 0x17, 0xff, 0x60,
    0x6f, 0xff, 0xff, 0xff, 0xfa, 0x0, 0x6f, 0xfe,
    0xee, 0xff, 0x80, 0x0, 0x6f, 0xd0, 0x0, 0xbf,
    0xc0, 0x0, 0x6f, 0xd0, 0x0, 0x2f, 0xf5, 0x0,
    0x6f, 0xd0, 0x0, 0x8, 0xfe, 0x0, 0x6f, 0xd0,
    0x0, 0x0, 0xef, 0x80, 0x6f, 0xd0, 0x0, 0x0,
    0x6f, 0xf2,

    /* U+0155 "?" */
    0x0, 0x7, 0xfa, 0x0, 0x0, 0xee, 0x10, 0x0,
    0x5e, 0x50, 0x0, 0x0, 0x0, 0x0, 0x8f, 0x85,
    0xdf, 0x48, 0xfc, 0xff, 0xd4, 0x8f, 0xf7, 0x0,
    0x8, 0xfc, 0x0, 0x0, 0x8f, 0x90, 0x0, 0x8,
    0xf9, 0x0, 0x0, 0x8f, 0x90, 0x0, 0x8, 0xf9,
    0x0, 0x0, 0x8f, 0x90, 0x0, 0x8, 0xf9, 0x0,
    0x0, 0x8f, 0x90, 0x0, 0x0,

    /* U+0156 "?" */
    0x6f, 0xff, 0xff, 0xec, 0x70, 0x0, 0x6f, 0xfe,
    0xee, 0xff, 0xfb, 0x0, 0x6f, 0xd0, 0x0, 0x6,
    0xff, 0x60, 0x6f, 0xd0, 0x0, 0x0, 0x9f, 0xb0,
    0x6f, 0xd0, 0x0, 0x0, 0x6f, 0xd0, 0x6f, 0xd0,
    0x0, 0x0, 0x9f, 0xb0, 0x6f, 0xd0, 0x0, 0x17,
    0xff, 0x60, 0x6f, 0xff, 0xff, 0xff, 0xfa, 0x0,
    0x6f, 0xfe, 0xee, 0xff, 0x80, 0x0, 0x6f, 0xd0,
    0x0, 0xbf, 0xc0, 0x0, 0x6f, 0xd0, 0x0, 0x2f,
    0xf5, 0x0, 0x6f, 0xd0, 0x0, 0x8, 0xfe, 0x0,
    0x6f, 0xd0, 0x0, 0x0, 0xef, 0x80, 0x6f, 0xd0,
    0x0, 0x0, 0x6f, 0xf2, 0x0, 0x0, 0x0, 0x0,
    0x0, 0x0, 0x0, 0x0, 0x8f, 0x80, 0x0, 0x0,
    0x0, 0x0, 0xbf, 0x20, 0x0, 0x0, 0x0, 0x0,
    0xfc, 0x0, 0x0, 0x0, 0x0, 0x1, 0x94, 0x0,
    0x0, 0x0,

    /* U+0157 "?" */
    0x8, 0xf8, 0x5d, 0xf4, 0x8, 0xfc, 0xff, 0xd4,
    0x8, 0xff, 0x70, 0x0, 0x8, 0xfc, 0x0, 0x0,
    0x8, 0xf9, 0x0, 0x0, 0x8, 0xf9, 0x0, 0x0,
    0x8, 0xf9, 0x0, 0x0, 0x8, 0xf9, 0x0, 0x0,
    0x8, 0xf9, 0x0, 0x0, 0x8, 0xf9, 0x0, 0x0,
    0x8, 0xf9, 0x0, 0x0, 0x0, 0x0, 0x0, 0x0,
    0xa, 0xf6, 0x0, 0x0, 0xe, 0xf0, 0x0, 0x0,
    0x1f, 0xa0, 0x0, 0x0, 0x29, 0x30, 0x0, 0x0,

    /* U+0158 "?" */
    0x0, 0x9f, 0x50, 0x9f, 0x70, 0x0, 0x0, 0xc,
    0xf8, 0xf9, 0x0, 0x0, 0x0, 0x1, 0xef, 0xb0,
    0x0, 0x0, 0x0, 0x0, 0x0, 0x0, 0x0, 0x0,
    0x0, 0x0, 0x0, 0x0, 0x0, 0x0, 0x6f, 0xff,
    0xff, 0xec, 0x70, 0x0, 0x6f, 0xfe, 0xee, 0xff,
    0xfb, 0x0, 0x6f, 0xd0, 0x0, 0x6, 0xff, 0x60,
    0x6f, 0xd0, 0x0, 0x0, 0x9f, 0xb0, 0x6f, 0xd0,
    0x0, 0x0, 0x6f, 0xd0, 0x6f, 0xd0, 0x0, 0x0,
    0x9f, 0xb0, 0x6f, 0xd0, 0x0, 0x17, 0xff, 0x60,
    0x6f, 0xff, 0xff, 0xff, 0xfa, 0x0, 0x6f, 0xfe,
    0xee, 0xff, 0x80, 0x0, 0x6f, 0xd0, 0x0, 0xbf,
    0xc0, 0x0, 0x6f, 0xd0, 0x0, 0x2f, 0xf5, 0x0,
    0x6f, 0xd0, 0x0, 0x8, 0xfe, 0x0, 0x6f, 0xd0,
    0x0, 0x0, 0xef, 0x80, 0x6f, 0xd0, 0x0, 0x0,
    0x6f, 0xf2,

    /* U+0159 "?" */
    0xa, 0xf5, 0xc, 0xf4, 0x0, 0xaf, 0xcf, 0x40,
    0x0, 0x7, 0x83, 0x0, 0x0, 0x0, 0x0, 0x0,
    0x8, 0xf8, 0x5d, 0xf4, 0x8, 0xfc, 0xff, 0xd4,
    0x8, 0xff, 0x70, 0x0, 0x8, 0xfc, 0x0, 0x0,
    0x8, 0xf9, 0x0, 0x0, 0x8, 0xf9, 0x0, 0x0,
    0x8, 0xf9, 0x0, 0x0, 0x8, 0xf9, 0x0, 0x0,
    0x8, 0xf9, 0x0, 0x0, 0x8, 0xf9, 0x0, 0x0,
    0x8, 0xf9, 0x0, 0x0,

    /* U+015A "?" */
    0x0, 0x0, 0x4, 0xfd, 0x0, 0x0, 0x0, 0x0,
    0xcf, 0x30, 0x0, 0x0, 0x0, 0x2e, 0x70, 0x0,
    0x0, 0x0, 0x0, 0x0, 0x0, 0x0, 0x0, 0x0,
    0x0, 0x0, 0x0, 0x0, 0x4, 0xae, 0xfe, 0xb5,
    0x0, 0x8, 0xff, 0xff, 0xff, 0xfa, 0x3, 0xff,
    0x81, 0x0, 0x6f, 0xf5, 0x8f, 0xc0, 0x0, 0x0,
    0x8d, 0x87, 0xfd, 0x0, 0x0, 0x0, 0x0, 0x1e,
    0xfc, 0x50, 0x0, 0x0, 0x0, 0x2c, 0xff, 0xfc,
    0x82, 0x0, 0x0, 0x2, 0x7c, 0xff, 0xf8, 0x0,
    0x0, 0x0, 0x0, 0x6f, 0xf7, 0x11, 0x0, 0x0,
    0x0, 0x6f, 0xde, 0xf7, 0x0, 0x0, 0x7, 0xfd,
    0x8f, 0xf6, 0x10, 0x17, 0xff, 0x80, 0xcf, 0xff,
    0xff, 0xff, 0xc0, 0x0, 0x6c, 0xef, 0xeb, 0x60,
    0x0,

    /* U+015B "?" */
    0x0, 0x0, 0x4, 0xfd, 0x0, 0x0, 0x0, 0xb,
    0xf3, 0x0, 0x0, 0x0, 0x2e, 0x70, 0x0, 0x0,
    0x0, 0x0, 0x0, 0x0, 0x0, 0x2a, 0xef, 0xe9,
    0x10, 0x2, 0xff, 0xeb, 0xef, 0xe1, 0x9, 0xfb,
    0x0, 0xa, 0xe5, 0xa, 0xf9, 0x0, 0x0, 0x0,
    0x5, 0xff, 0xb7, 0x40, 0x0, 0x0, 0x5d, 0xff,
    0xff, 0x80, 0x0, 0x0, 0x25, 0xaf, 0xf8, 0x0,
    0x30, 0x0, 0x7, 0xfc, 0xd, 0xf7, 0x0, 0xa,
    0xfb, 0x5, 0xff, 0xdb, 0xef, 0xf3, 0x0, 0x4b,
    0xef, 0xea, 0x20,

    /* U+015C "?" */
    0x0, 0x1, 0xdf, 0xc1, 0x0, 0x0, 0x2, 0xed,
    0x3e, 0xc1, 0x0, 0x0, 0x68, 0x20, 0x38, 0x40,
    0x0, 0x0, 0x0, 0x0, 0x0, 0x0, 0x0, 0x0,
    0x0, 0x0, 0x0, 0x0, 0x4, 0xae, 0xfe, 0xb5,
    0x0, 0x8, 0xff, 0xff, 0xff, 0xfa, 0x3, 0xff,
    0x81, 0x0, 0x6f, 0xf5, 0x8f, 0xc0, 0x0, 0x0,
    0x8d, 0x87, 0xfd, 0x0, 0x0, 0x0, 0x0, 0x1e,
    0xfc, 0x50, 0x0, 0x0, 0x0, 0x2c, 0xff, 0xfc,
    0x82, 0x0, 0x0, 0x2, 0x7c, 0xff, 0xf8, 0x0,
    0x0, 0x0, 0x0, 0x6f, 0xf7, 0x11, 0x0, 0x0,
    0x0, 0x6f, 0xde, 0xf7, 0x0, 0x0, 0x7, 0xfd,
    0x8f, 0xf6, 0x10, 0x17, 0xff, 0x80, 0xcf, 0xff,
    0xff, 0xff, 0xc0, 0x0, 0x6c, 0xef, 0xeb, 0x60,
    0x0,

    /* U+015D "?" */
    0x0, 0x0, 0x58, 0x40, 0x0, 0x0, 0x4, 0xfe,
    0xf4, 0x0, 0x0, 0x3f, 0xd1, 0xde, 0x20, 0x0,
    0x68, 0x20, 0x28, 0x50, 0x0, 0x0, 0x0, 0x0,
    0x0, 0x0, 0x2a, 0xef, 0xe9, 0x10, 0x2, 0xff,
    0xeb, 0xef, 0xe1, 0x9, 0xfb, 0x0, 0xa, 0xe5,
    0xa, 0xf9, 0x0, 0x0, 0x0, 0x5, 0xff, 0xb7,
    0x40, 0x0, 0x0, 0x5d, 0xff, 0xff, 0x80, 0x0,
    0x0, 0x25, 0xaf, 0xf8, 0x0, 0x30, 0x0, 0x7,
    0xfc, 0xd, 0xf7, 0x0, 0xa, 0xfb, 0x5, 0xff,
    0xdb, 0xef, 0xf3, 0x0, 0x4b, 0xef, 0xea, 0x20,

    /* U+015E "?" */
    0x0, 0x4a, 0xef, 0xeb, 0x50, 0x0, 0x8f, 0xff,
    0xff, 0xff, 0xa0, 0x3f, 0xf8, 0x10, 0x6, 0xff,
    0x58, 0xfc, 0x0, 0x0, 0x8, 0xd8, 0x7f, 0xd0,
    0x0, 0x0, 0x0, 0x1, 0xef, 0xc5, 0x0, 0x0,
    0x0, 0x2, 0xcf, 0xff, 0xc8, 0x20, 0x0, 0x0,
    0x27, 0xcf, 0xff, 0x80, 0x0, 0x0, 0x0, 0x6,
    0xff, 0x71, 0x10, 0x0, 0x0, 0x6, 0xfd, 0xef,
    0x70, 0x0, 0x0, 0x7f, 0xd8, 0xff, 0x61, 0x1,
    0x7f, 0xf8, 0xc, 0xff, 0xff, 0xff, 0xfc, 0x0,
    0x6, 0xcf, 0xfe, 0xb6, 0x0, 0x0, 0x0, 0x2f,
    0x40, 0x0, 0x0, 0x0, 0x2, 0x9e, 0xa0, 0x0,
    0x0, 0x0, 0x1, 0xbc, 0x0, 0x0, 0x0, 0xa,
    0xfe, 0x50, 0x0,

    /* U+015F "?" */
    0x0, 0x2a, 0xef, 0xe9, 0x10, 0x2, 0xff, 0xeb,
    0xef, 0xe1, 0x9, 0xfb, 0x0, 0xa, 0xe5, 0xa,
    0xf9, 0x0, 0x0, 0x0, 0x5, 0xff, 0xb7, 0x40,
    0x0, 0x0, 0x5d, 0xff, 0xff, 0x80, 0x0, 0x0,
    0x25, 0xaf, 0xf8, 0x0, 0x30, 0x0, 0x7, 0xfc,
    0xd, 0xf7, 0x0, 0xa, 0xfb, 0x5, 0xff, 0xdb,
    0xef, 0xf3, 0x0, 0x4b, 0xef, 0xea, 0x20, 0x0,
    0x0, 0x2f, 0x30, 0x0, 0x0, 0x0, 0x2a, 0xea,
    0x0, 0x0, 0x0, 0x1, 0xbc, 0x0, 0x0, 0x0,
    0xaf, 0xe5, 0x0,

    /* U+0160 "?" */
    0x0, 0x9f, 0x60, 0x7f, 0x80, 0x0, 0x0, 0xdf,
    0x5f, 0xc0, 0x0, 0x0, 0x2, 0xff, 0xe1, 0x0,
    0x0, 0x0, 0x3, 0x53, 0x0, 0x0, 0x0, 0x0,
    0x0, 0x0, 0x0, 0x0, 0x4, 0xae, 0xfe, 0xc7,
    0x0, 0x8, 0xff, 0xff, 0xff, 0xfd, 0x13, 0xff,
    0x81, 0x0, 0x3d, 0xf8, 0x8f, 0xc0, 0x0, 0x0,
    0x12, 0x17, 0xfd, 0x0, 0x0, 0x0, 0x0, 0x1e,
    0xfc, 0x50, 0x0, 0x0, 0x0, 0x2c, 0xff, 0xfc,
    0x82, 0x0, 0x0, 0x2, 0x7c, 0xff, 0xf8, 0x0,
    0x0, 0x0, 0x0, 0x6f, 0xf7, 0x34, 0x10, 0x0,
    0x0, 0x6f, 0xdd, 0xf8, 0x0, 0x0, 0x7, 0xfd,
    0x7f, 0xf7, 0x10, 0x17, 0xff, 0x80, 0xbf, 0xff,
    0xff, 0xff, 0xc0, 0x0, 0x6c, 0xef, 0xeb, 0x60,
    0x0,

    /* U+0161 "?" */
    0x0, 0x58, 0x20, 0x28, 0x50, 0x0, 0x2f, 0xc1,
    0xdf, 0x20, 0x0, 0x4, 0xfe, 0xf4, 0x0, 0x0,
    0x0, 0x58, 0x40, 0x0, 0x0, 0x0, 0x0, 0x0,
    0x0, 0x0, 0x2a, 0xef, 0xe9, 0x10, 0x2, 0xff,
    0xeb, 0xef, 0xe1, 0x9, 0xfb, 0x0, 0xa, 0xe5,
    0xa, 0xf9, 0x0, 0x0, 0x0, 0x5, 0xff, 0xb7,
    0x40, 0x0, 0x0, 0x5d, 0xff, 0xff, 0x80, 0x0,
    0x0, 0x25, 0xaf, 0xf8, 0x0, 0x30, 0x0, 0x7,
    0xfc, 0xd, 0xf7, 0x0, 0xa, 0xfb, 0x5, 0xff,
    0xdb, 0xef, 0xf3, 0x0, 0x4b, 0xef, 0xea, 0x20,

    /* U+0162 "?" */
    0x2f, 0xff, 0xff, 0xff, 0xff, 0xff, 0x21, 0xee,
    0xee, 0xff, 0xfe, 0xee, 0xe2, 0x0, 0x0, 0x9,
    0xfa, 0x0, 0x0, 0x0, 0x0, 0x0, 0x9f, 0xa0,
    0x0, 0x0, 0x0, 0x0, 0x9, 0xfa, 0x0, 0x0,
    0x0, 0x0, 0x0, 0x9f, 0xa0, 0x0, 0x0, 0x0,
    0x0, 0x9, 0xfa, 0x0, 0x0, 0x0, 0x0, 0x0,
    0x9f, 0xa0, 0x0, 0x0, 0x0, 0x0, 0x9, 0xfa,
    0x0, 0x0, 0x0, 0x0, 0x0, 0x9f, 0xa0, 0x0,
    0x0, 0x0, 0x0, 0x9, 0xfa, 0x0, 0x0, 0x0,
    0x0, 0x0, 0x9f, 0xa0, 0x0, 0x0, 0x0, 0x0,
    0x9, 0xfa, 0x0, 0x0, 0x0, 0x0, 0x0, 0x9f,
    0xb0, 0x0, 0x0, 0x0, 0x0, 0x0, 0xf2, 0x0,
    0x0, 0x0, 0x0, 0x0, 0x2b, 0xe9, 0x0, 0x0,
    0x0, 0x0, 0x0, 0x1a, 0xd0, 0x0, 0x0, 0x0,
    0x0, 0x9f, 0xe6, 0x0, 0x0,

    /* U+0163 "?" */
    0x1, 0x87, 0x0, 0x0, 0x3f, 0xf0, 0x0, 0x3,
    0xff, 0x0, 0xc, 0xff, 0xff, 0xf1, 0x9c, 0xff,
    0xbb, 0x10, 0x3f, 0xf0, 0x0, 0x3, 0xff, 0x0,
    0x0, 0x3f, 0xf0, 0x0, 0x3, 0xff, 0x0, 0x0,
    0x3f, 0xf0, 0x0, 0x3, 0xff, 0x0, 0x0, 0x2f,
    0xf1, 0x0, 0x0, 0xdf, 0xed, 0x20, 0x2, 0xdf,
    0xf4, 0x0, 0x4, 0xe2, 0x0, 0x0, 0x4a, 0xf7,
    0x0, 0x1, 0x1d, 0xa0, 0x0, 0xdf, 0xd3,

    /* U+0164 "?" */
    0x0, 0x7, 0xf8, 0x7, 0xf9, 0x0, 0x0, 0x0,
    0xa, 0xf7, 0xfb, 0x0, 0x0, 0x0, 0x0, 0xc,
    0xfd, 0x0, 0x0, 0x0, 0x0, 0x0, 0x0, 0x0,
    0x0, 0x0, 0x0, 0x0, 0x0, 0x0, 0x0, 0x0,
    0x2, 0xff, 0xff, 0xff, 0xff, 0xff, 0xf2, 0x1e,
    0xee, 0xef, 0xff, 0xee, 0xee, 0x20, 0x0, 0x0,
    0x9f, 0xa0, 0x0, 0x0, 0x0, 0x0, 0x9, 0xfa,
    0x0, 0x0, 0x0, 0x0, 0x0, 0x9f, 0xa0, 0x0,
    0x0, 0x0, 0x0, 0x9, 0xfa, 0x0, 0x0, 0x0,
    0x0, 0x0, 0x9f, 0xa0, 0x0, 0x0, 0x0, 0x0,
    0x9, 0xfa, 0x0, 0x0, 0x0, 0x0, 0x0, 0x9f,
    0xa0, 0x0, 0x0, 0x0, 0x0, 0x9, 0xfa, 0x0,
    0x0, 0x0, 0x0, 0x0, 0x9f, 0xa0, 0x0, 0x0,
    0x0, 0x0, 0x9, 0xfa, 0x0, 0x0, 0x0, 0x0,
    0x0, 0x9f, 0xa0, 0x0, 0x0, 0x0, 0x0, 0x9,
    0xfa, 0x0, 0x0, 0x0,

    /* U+0165 "?" */
    0x0, 0x0, 0xe, 0xf0, 0x0, 0x0, 0xe, 0xc0,
    0x2, 0x98, 0xe, 0xa0, 0x3, 0xff, 0x9, 0x60,
    0x3, 0xff, 0x0, 0x0, 0xcf, 0xff, 0xff, 0x10,
    0x9c, 0xff, 0xbb, 0x10, 0x3, 0xff, 0x0, 0x0,
    0x3, 0xff, 0x0, 0x0, 0x3, 0xff, 0x0, 0x0,
    0x3, 0xff, 0x0, 0x0, 0x3, 0xff, 0x0, 0x0,
    0x3, 0xff, 0x0, 0x0, 0x2, 0xff, 0x10, 0x0,
    0x0, 0xdf, 0xed, 0x20, 0x0, 0x2b, 0xff, 0x40,

    /* U+0166 "?" */
    0x2f, 0xff, 0xff, 0xff, 0xff, 0xff, 0x21, 0xee,
    0xee, 0xff, 0xfe, 0xee, 0xe2, 0x0, 0x0, 0x9,
    0xfa, 0x0, 0x0, 0x0, 0x0, 0x0, 0x9f, 0xa0,
    0x0, 0x0, 0x0, 0x0, 0x9, 0xfa, 0x0, 0x0,
    0x0, 0x0, 0x0, 0x9f, 0xa0, 0x0, 0x0, 0x0,
    0x8f, 0xff, 0xff, 0xff, 0x90, 0x0, 0x5, 0xaa,
    0xff, 0xfa, 0xa6, 0x0, 0x0, 0x0, 0x9, 0xfa,
    0x0, 0x0, 0x0, 0x0, 0x0, 0x9f, 0xa0, 0x0,
    0x0, 0x0, 0x0, 0x9, 0xfa, 0x0, 0x0, 0x0,
    0x0, 0x0, 0x9f, 0xa0, 0x0, 0x0, 0x0, 0x0,
    0x9, 0xfa, 0x0, 0x0, 0x0, 0x0, 0x0, 0x9f,
    0xa0, 0x0, 0x0,

    /* U+0167 "?" */
    0x1, 0x87, 0x0, 0x0, 0x3f, 0xf0, 0x0, 0x3,
    0xff, 0x0, 0xc, 0xff, 0xff, 0xf1, 0x9c, 0xff,
    0xbb, 0x10, 0x3f, 0xf0, 0x0, 0x7b, 0xff, 0x99,
    0x1c, 0xff, 0xff, 0xf1, 0x3, 0xff, 0x0, 0x0,
    0x3f, 0xf0, 0x0, 0x3, 0xff, 0x0, 0x0, 0x2f,
    0xf1, 0x0, 0x0, 0xdf, 0xed, 0x20, 0x2, 0xbf,
    0xf4,

    /* U+0168 "?" */
    0x0, 0x0, 0x0, 0x0, 0x10, 0x0, 0x0, 0x0,
    0x1e, 0xf8, 0x3f, 0x50, 0x0, 0x0, 0x8, 0xe6,
    0xdf, 0xe0, 0x0, 0x0, 0x0, 0x23, 0x0, 0x31,
    0x0, 0x0, 0x0, 0x0, 0x0, 0x0, 0x0, 0x0,
    0x0, 0x0, 0x0, 0x0, 0x0, 0x0, 0x0, 0x6f,
    0xd0, 0x0, 0x0, 0x0, 0xff, 0x36, 0xfd, 0x0,
    0x0, 0x0, 0xf, 0xf3, 0x6f, 0xd0, 0x0, 0x0,
    0x0, 0xff, 0x36, 0xfd, 0x0, 0x0, 0x0, 0xf,
    0xf3, 0x6f, 0xd0, 0x0, 0x0, 0x0, 0xff, 0x36,
    0xfd, 0x0, 0x0, 0x0, 0xf, 0xf3, 0x6f, 0xd0,
    0x0, 0x0, 0x0, 0xff, 0x36, 0xfd, 0x0, 0x0,
    0x0, 0xf, 0xf3, 0x6f, 0xd0, 0x0, 0x0, 0x0,
    0xff, 0x35, 0xff, 0x0, 0x0, 0x0, 0x2f, 0xf2,
    0x2f, 0xf5, 0x0, 0x0, 0x9, 0xfe, 0x0, 0xbf,
    0xf7, 0x20, 0x29, 0xff, 0x70, 0x1, 0xcf, 0xff,
    0xff, 0xff, 0xa0, 0x0, 0x0, 0x6c, 0xef, 0xeb,
    0x40, 0x0,

    /* U+0169 "?" */
    0x0, 0x17, 0x62, 0x37, 0x0, 0x0, 0xcf, 0xff,
    0xfb, 0x0, 0x0, 0x52, 0x3, 0x40, 0x0, 0x0,
    0x0, 0x0, 0x0, 0x0, 0x8f, 0x90, 0x0, 0x9,
    0xf9, 0x8f, 0x90, 0x0, 0x9, 0xf9, 0x8f, 0x90,
    0x0, 0x9, 0xf9, 0x8f, 0x90, 0x0, 0x9, 0xf9,
    0x8f, 0x90, 0x0, 0x9, 0xf9, 0x8f, 0x90, 0x0,
    0x9, 0xf9, 0x8f, 0x90, 0x0, 0x9, 0xf9, 0x8f,
    0xb0, 0x0, 0xc, 0xf9, 0x5f, 0xf5, 0x0, 0x7f,
    0xf9, 0xd, 0xff, 0xff, 0xf9, 0xf9, 0x1, 0xae,
    0xfb, 0x37, 0xf9,

    /* U+016A "?" */
    0x0, 0x2, 0x88, 0x88, 0x81, 0x0, 0x0, 0x0,
    0x5f, 0xff, 0xff, 0x20, 0x0, 0x0, 0x0, 0x0,
    0x0, 0x0, 0x0, 0x0, 0x0, 0x0, 0x0, 0x0,
    0x0, 0x0, 0x0, 0x0, 0x0, 0x0, 0x0, 0x0,
    0x6, 0xfd, 0x0, 0x0, 0x0, 0xf, 0xf3, 0x6f,
    0xd0, 0x0, 0x0, 0x0, 0xff, 0x36, 0xfd, 0x0,
    0x0, 0x0, 0xf, 0xf3, 0x6f, 0xd0, 0x0, 0x0,
    0x0, 0xff, 0x36, 0xfd, 0x0, 0x0, 0x0, 0xf,
    0xf3, 0x6f, 0xd0, 0x0, 0x0, 0x0, 0xff, 0x36,
    0xfd, 0x0, 0x0, 0x0, 0xf, 0xf3, 0x6f, 0xd0,
    0x0, 0x0, 0x0, 0xff, 0x36, 0xfd, 0x0, 0x0,
    0x0, 0xf, 0xf3, 0x5f, 0xf0, 0x0, 0x0, 0x2,
    0xff, 0x22, 0xff, 0x50, 0x0, 0x0, 0x9f, 0xe0,
    0xb, 0xff, 0x72, 0x2, 0x9f, 0xf7, 0x0, 0x1c,
    0xff, 0xff, 0xff, 0xfa, 0x0, 0x0, 0x6, 0xce,
    0xfe, 0xb4, 0x0, 0x0,

    /* U+016B "?" */
    0x0, 0xbf, 0xff, 0xfc, 0x0, 0x0, 0x68, 0x88,
    0x86, 0x0, 0x0, 0x0, 0x0, 0x0, 0x0, 0x8f,
    0x90, 0x0, 0x9, 0xf9, 0x8f, 0x90, 0x0, 0x9,
    0xf9, 0x8f, 0x90, 0x0, 0x9, 0xf9, 0x8f, 0x90,
    0x0, 0x9, 0xf9, 0x8f, 0x90, 0x0, 0x9, 0xf9,
    0x8f, 0x90, 0x0, 0x9, 0xf9, 0x8f, 0x90, 0x0,
    0x9, 0xf9, 0x8f, 0xb0, 0x0, 0xc, 0xf9, 0x5f,
    0xf5, 0x0, 0x7f, 0xf9, 0xd, 0xff, 0xff, 0xf9,
    0xf9, 0x1, 0xae, 0xfb, 0x37, 0xf9,

    /* U+016C "?" */
    0x0, 0x8, 0xe0, 0x1, 0xf5, 0x0, 0x0, 0x0,
    0x4f, 0x72, 0xaf, 0x10, 0x0, 0x0, 0x0, 0x8f,
    0xff, 0x50, 0x0, 0x0, 0x0, 0x0, 0x13, 0x10,
    0x0, 0x0, 0x0, 0x0, 0x0, 0x0, 0x0, 0x0,
    0x6, 0xfd, 0x0, 0x0, 0x0, 0xf, 0xf3, 0x6f,
    0xd0, 0x0, 0x0, 0x0, 0xff, 0x36, 0xfd, 0x0,
    0x0, 0x0, 0xf, 0xf3, 0x6f, 0xd0, 0x0, 0x0,
    0x0, 0xff, 0x36, 0xfd, 0x0, 0x0, 0x0, 0xf,
    0xf3, 0x6f, 0xd0, 0x0, 0x0, 0x0, 0xff, 0x36,
    0xfd, 0x0, 0x0, 0x0, 0xf, 0xf3, 0x6f, 0xd0,
    0x0, 0x0, 0x0, 0xff, 0x36, 0xfd, 0x0, 0x0,
    0x0, 0xf, 0xf3, 0x5f, 0xf0, 0x0, 0x0, 0x2,
    0xff, 0x22, 0xff, 0x50, 0x0, 0x0, 0x9f, 0xe0,
    0xb, 0xff, 0x72, 0x2, 0x9f, 0xf7, 0x0, 0x1c,
    0xff, 0xff, 0xff, 0xfa, 0x0, 0x0, 0x6, 0xce,
    0xfe, 0xb4, 0x0, 0x0,

    /* U+016D "?" */
    0x0, 0x73, 0x0, 0x37, 0x0, 0x0, 0xcd, 0x32,
    0xdc, 0x0, 0x0, 0x2d, 0xff, 0xd2, 0x0, 0x0,
    0x0, 0x33, 0x0, 0x0, 0x0, 0x0, 0x0, 0x0,
    0x0, 0x8f, 0x90, 0x0, 0x9, 0xf9, 0x8f, 0x90,
    0x0, 0x9, 0xf9, 0x8f, 0x90, 0x0, 0x9, 0xf9,
    0x8f, 0x90, 0x0, 0x9, 0xf9, 0x8f, 0x90, 0x0,
    0x9, 0xf9, 0x8f, 0x90, 0x0, 0x9, 0xf9, 0x8f,
    0x90, 0x0, 0x9, 0xf9, 0x8f, 0xb0, 0x0, 0xc,
    0xf9, 0x5f, 0xf5, 0x0, 0x7f, 0xf9, 0xd, 0xff,
    0xff, 0xf9, 0xf9, 0x1, 0xae, 0xfb, 0x37, 0xf9,

    /* U+016E "?" */
    0x0, 0x0, 0x0, 0x0, 0x0, 0x0, 0x0, 0x0,
    0x2, 0xdf, 0xb1, 0x0, 0x0, 0x0, 0x0, 0xeb,
    0x4d, 0xb0, 0x0, 0x0, 0x0, 0x2f, 0x40, 0x6f,
    0x0, 0x0, 0x0, 0x0, 0xf9, 0x1b, 0xd0, 0x0,
    0x0, 0x0, 0x4, 0xff, 0xe2, 0x0, 0x0, 0x0,
    0x0, 0x1, 0x20, 0x0, 0x0, 0x6, 0xfd, 0x0,
    0x0, 0x0, 0xf, 0xf3, 0x6f, 0xd0, 0x0, 0x0,
    0x0, 0xff, 0x36, 0xfd, 0x0, 0x0, 0x0, 0xf,
    0xf3, 0x6f, 0xd0, 0x0, 0x0, 0x0, 0xff, 0x36,
    0xfd, 0x0, 0x0, 0x0, 0xf, 0xf3, 0x6f, 0xd0,
    0x0, 0x0, 0x0, 0xff, 0x36, 0xfd, 0x0, 0x0,
    0x0, 0xf, 0xf3, 0x6f, 0xd0, 0x0, 0x0, 0x0,
    0xff, 0x36, 0xfd, 0x0, 0x0, 0x0, 0xf, 0xf3,
    0x5f, 0xf0, 0x0, 0x0, 0x2, 0xff, 0x22, 0xff,
    0x50, 0x0, 0x0, 0x9f, 0xe0, 0xb, 0xff, 0x72,
    0x2, 0x9f, 0xf7, 0x0, 0x1c, 0xff, 0xff, 0xff,
    0xfa, 0x0, 0x0, 0x6, 0xce, 0xfe, 0xb4, 0x0,
    0x0,

    /* U+016F "?" */
    0x0, 0x0, 0x0, 0x0, 0x0, 0x0, 0x7, 0xff,
    0x70, 0x0, 0x0, 0x5f, 0x66, 0xf5, 0x0, 0x0,
    0x9d, 0x0, 0xc9, 0x0, 0x0, 0x6f, 0x33, 0xf6,
    0x0, 0x0, 0xa, 0xff, 0xa0, 0x0, 0x0, 0x0,
    0x22, 0x0, 0x0, 0x8f, 0x90, 0x0, 0x9, 0xf9,
    0x8f, 0x90, 0x0, 0x9, 0xf9, 0x8f, 0x90, 0x0,
    0x9, 0xf9, 0x8f, 0x90, 0x0, 0x9, 0xf9, 0x8f,
    0x90, 0x0, 0x9, 0xf9, 0x8f, 0x90, 0x0, 0x9,
    0xf9, 0x8f, 0x90, 0x0, 0x9, 0xf9, 0x8f, 0xb0,
    0x0, 0xc, 0xf9, 0x5f, 0xf5, 0x0, 0x7f, 0xf9,
    0xd, 0xff, 0xff, 0xf9, 0xf9, 0x1, 0xae, 0xfb,
    0x37, 0xf9,

    /* U+0170 "?" */
    0x0, 0x0, 0xef, 0x33, 0xfd, 0x10, 0x0, 0x0,
    0x4f, 0x90, 0xcf, 0x30, 0x0, 0x0, 0x9, 0xe1,
    0x4e, 0x60, 0x0, 0x0, 0x0, 0x0, 0x0, 0x0,
    0x0, 0x0, 0x0, 0x0, 0x0, 0x0, 0x0, 0x0,
    0x6, 0xfd, 0x0, 0x0, 0x0, 0xf, 0xf3, 0x6f,
    0xd0, 0x0, 0x0, 0x0, 0xff, 0x36, 0xfd, 0x0,
    0x0, 0x0, 0xf, 0xf3, 0x6f, 0xd0, 0x0, 0x0,
    0x0, 0xff, 0x36, 0xfd, 0x0, 0x0, 0x0, 0xf,
    0xf3, 0x6f, 0xd0, 0x0, 0x0, 0x0, 0xff, 0x36,
    0xfd, 0x0, 0x0, 0x0, 0xf, 0xf3, 0x6f, 0xd0,
    0x0, 0x0, 0x0, 0xff, 0x36, 0xfd, 0x0, 0x0,
    0x0, 0xf, 0xf3, 0x5f, 0xf0, 0x0, 0x0, 0x2,
    0xff, 0x22, 0xff, 0x50, 0x0, 0x0, 0x9f, 0xe0,
    0xb, 0xff, 0x72, 0x2, 0x9f, 0xf7, 0x0, 0x1c,
    0xff, 0xff, 0xff, 0xfa, 0x0, 0x0, 0x6, 0xce,
    0xfe, 0xb4, 0x0, 0x0,

    /* U+0171 "?" */
    0x0, 0x4f, 0xc0, 0x9f, 0x80, 0x0, 0xaf, 0x32,
    0xfc, 0x0, 0x0, 0xe9, 0xa, 0xd1, 0x0, 0x0,
    0x0, 0x0, 0x0, 0x0, 0x8f, 0x90, 0x0, 0x9,
    0xf9, 0x8f, 0x90, 0x0, 0x9, 0xf9, 0x8f, 0x90,
    0x0, 0x9, 0xf9, 0x8f, 0x90, 0x0, 0x9, 0xf9,
    0x8f, 0x90, 0x0, 0x9, 0xf9, 0x8f, 0x90, 0x0,
    0x9, 0xf9, 0x8f, 0x90, 0x0, 0x9, 0xf9, 0x8f,
    0xb0, 0x0, 0xc, 0xf9, 0x5f, 0xf5, 0x0, 0x7f,
    0xf9, 0xd, 0xff, 0xff, 0xf9, 0xf9, 0x1, 0xae,
    0xfb, 0x37, 0xf9,

    /* U+0172 "?" */
    0x6f, 0xd0, 0x0, 0x0, 0x0, 0xff, 0x36, 0xfd,
    0x0, 0x0, 0x0, 0xf, 0xf3, 0x6f, 0xd0, 0x0,
    0x0, 0x0, 0xff, 0x36, 0xfd, 0x0, 0x0, 0x0,
    0xf, 0xf3, 0x6f, 0xd0, 0x0, 0x0, 0x0, 0xff,
    0x36, 0xfd, 0x0, 0x0, 0x0, 0xf, 0xf3, 0x6f,
    0xd0, 0x0, 0x0, 0x0, 0xff, 0x36, 0xfd, 0x0,
    0x0, 0x0, 0xf, 0xf3, 0x6f, 0xd0, 0x0, 0x0,
    0x0, 0xff, 0x35, 0xff, 0x0, 0x0, 0x0, 0x2f,
    0xf4, 0x2f, 0xf5, 0x0, 0x0, 0x9, 0xff, 0x0,
    0xbf, 0xf7, 0x20, 0x29, 0xff, 0xf0, 0x1, 0xcf,
    0xff, 0xff, 0xff, 0xf0, 0x0, 0x0, 0x6c, 0xef,
    0xff, 0xb0, 0x0, 0x0, 0x0, 0x7, 0xf9, 0x0,
    0x0, 0x0, 0x0, 0x3, 0xfc, 0x0, 0x0, 0x0,
    0x0, 0x0, 0x4f, 0xfa, 0x60, 0x0, 0x0, 0x0,
    0x0, 0x8e, 0xe9, 0x0, 0x0,

    /* U+0173 "?" */
    0x8f, 0x90, 0x0, 0x9, 0xf9, 0x8, 0xf9, 0x0,
    0x0, 0x9f, 0x90, 0x8f, 0x90, 0x0, 0x9, 0xf9,
    0x8, 0xf9, 0x0, 0x0, 0x9f, 0x90, 0x8f, 0x90,
    0x0, 0x9, 0xf9, 0x8, 0xf9, 0x0, 0x0, 0x9f,
    0x90, 0x8f, 0x90, 0x0, 0x9, 0xf9, 0x8, 0xfb,
    0x0, 0x0, 0xcf, 0x90, 0x5f, 0xf5, 0x0, 0x7f,
    0xf9, 0x0, 0xdf, 0xff, 0xff, 0x9f, 0x90, 0x1,
    0xae, 0xfb, 0x3a, 0xfa, 0x0, 0x0, 0x0, 0x6,
    0xfa, 0x0, 0x0, 0x0, 0x0, 0xef, 0x0, 0x0,
    0x0, 0x0, 0xf, 0xfb, 0x90, 0x0, 0x0, 0x0,
    0x5d, 0xfc, 0x0,

    /* U+0174 "?" */
    0x0, 0x0, 0x0, 0x0, 0x5f, 0xf5, 0x0, 0x0,
    0x0, 0x0, 0x0, 0x0, 0x0, 0x3, 0xfc, 0xbf,
    0x30, 0x0, 0x0, 0x0, 0x0, 0x0, 0x0, 0x1e,
    0xe1, 0x1e, 0xe1, 0x0, 0x0, 0x0, 0x0, 0x0,
    0x0, 0x0, 0x0, 0x0, 0x0, 0x0, 0x0, 0x0,
    0x0, 0x0, 0x0, 0x0, 0x0, 0x0, 0x0, 0x0,
    0x0, 0x0, 0x5f, 0xf0, 0x0, 0x0, 0x5f, 0xf6,
    0x0, 0x0, 0xe, 0xf6, 0x1f, 0xf3, 0x0, 0x0,
    0x9f, 0xfa, 0x0, 0x0, 0x3f, 0xf2, 0xc, 0xf7,
    0x0, 0x0, 0xdf, 0xfe, 0x0, 0x0, 0x7f, 0xd0,
    0x8, 0xfc, 0x0, 0x2, 0xfd, 0xcf, 0x20, 0x0,
    0xbf, 0x90, 0x3, 0xff, 0x0, 0x6, 0xf9, 0x9f,
    0x70, 0x0, 0xff, 0x40, 0x0, 0xff, 0x40, 0xa,
    0xf5, 0x5f, 0xb0, 0x3, 0xff, 0x0, 0x0, 0xaf,
    0x80, 0xe, 0xf1, 0x1f, 0xf0, 0x8, 0xfb, 0x0,
    0x0, 0x6f, 0xc0, 0x3f, 0xd0, 0xc, 0xf3, 0xc,
    0xf6, 0x0, 0x0, 0x1f, 0xf0, 0x7f, 0x80, 0x8,
    0xf8, 0xf, 0xf2, 0x0, 0x0, 0xd, 0xf4, 0xbf,
    0x40, 0x3, 0xfb, 0x3f, 0xd0, 0x0, 0x0, 0x8,
    0xf7, 0xef, 0x0, 0x0, 0xef, 0x7f, 0x90, 0x0,
    0x0, 0x4, 0xfc, 0xfb, 0x0, 0x0, 0xaf, 0xdf,
    0x40, 0x0, 0x0, 0x0, 0xff, 0xf6, 0x0, 0x0,
    0x6f, 0xff, 0x0, 0x0, 0x0, 0x0, 0xbf, 0xf2,
    0x0, 0x0, 0x1f, 0xfb, 0x0, 0x0,

    /* U+0175 "?" */
    0x0, 0x0, 0x0, 0x3f, 0xfa, 0x0, 0x0, 0x0,
    0x0, 0x0, 0x0, 0x3f, 0xc4, 0xfa, 0x0, 0x0,
    0x0, 0x0, 0x0, 0x7, 0x70, 0x4, 0x83, 0x0,
    0x0, 0x0, 0x0, 0x0, 0x0, 0x0, 0x0, 0x0,
    0x0, 0x0, 0x4f, 0xf0, 0x0, 0xe, 0xf8, 0x0,
    0x6, 0xfe, 0x0, 0xff, 0x30, 0x2, 0xff, 0xc0,
    0x0, 0xaf, 0x90, 0xb, 0xf7, 0x0, 0x6f, 0xef,
    0x0, 0xe, 0xf4, 0x0, 0x6f, 0xc0, 0xb, 0xf8,
    0xf4, 0x2, 0xff, 0x0, 0x1, 0xff, 0x0, 0xfc,
    0x3f, 0x80, 0x6f, 0xa0, 0x0, 0xc, 0xf4, 0x3f,
    0x80, 0xfc, 0xb, 0xf6, 0x0, 0x0, 0x8f, 0x77,
    0xf4, 0xb, 0xf0, 0xef, 0x10, 0x0, 0x3, 0xfb,
    0xaf, 0x0, 0x6f, 0x6f, 0xc0, 0x0, 0x0, 0xe,
    0xee, 0xb0, 0x2, 0xfd, 0xf7, 0x0, 0x0, 0x0,
    0x9f, 0xf6, 0x0, 0xd, 0xff, 0x20, 0x0, 0x0,
    0x4, 0xff, 0x20, 0x0, 0x9f, 0xe0, 0x0, 0x0,

    /* U+0176 "?" */
    0x0, 0x0, 0x3, 0xcc, 0x20, 0x0, 0x0, 0x0,
    0x0, 0x1e, 0xde, 0xd1, 0x0, 0x0, 0x0, 0x0,
    0xdf, 0x23, 0xfb, 0x0, 0x0, 0x0, 0x1, 0x42,
    0x0, 0x34, 0x10, 0x0, 0x0, 0x0, 0x0, 0x0,
    0x0, 0x0, 0x0, 0x3f, 0xf6, 0x0, 0x0, 0x0,
    0x7f, 0xf2, 0x8, 0xfe, 0x10, 0x0, 0x1, 0xff,
    0x70, 0x0, 0xdf, 0x90, 0x0, 0xa, 0xfd, 0x0,
    0x0, 0x4f, 0xf3, 0x0, 0x4f, 0xf3, 0x0, 0x0,
    0xa, 0xfd, 0x0, 0xdf, 0x90, 0x0, 0x0, 0x1,
    0xef, 0x67, 0xfe, 0x0, 0x0, 0x0, 0x0, 0x5f,
    0xee, 0xf4, 0x0, 0x0, 0x0, 0x0, 0xb, 0xff,
    0xa0, 0x0, 0x0, 0x0, 0x0, 0x3, 0xff, 0x20,
    0x0, 0x0, 0x0, 0x0, 0x2, 0xff, 0x10, 0x0,
    0x0, 0x0, 0x0, 0x2, 0xff, 0x10, 0x0, 0x0,
    0x0, 0x0, 0x2, 0xff, 0x10, 0x0, 0x0, 0x0,
    0x0, 0x2, 0xff, 0x10, 0x0, 0x0, 0x0, 0x0,
    0x2, 0xff, 0x10, 0x0, 0x0,

    /* U+0177 "?" */
    0x0, 0x0, 0x38, 0x70, 0x0, 0x0, 0x0, 0x1,
    0xee, 0xf8, 0x0, 0x0, 0x0, 0xd, 0xf2, 0x9f,
    0x50, 0x0, 0x0, 0x38, 0x40, 0x7, 0x70, 0x0,
    0x0, 0x0, 0x0, 0x0, 0x0, 0x0, 0x5f, 0xe0,
    0x0, 0x0, 0x6f, 0xd0, 0xf, 0xf4, 0x0, 0x0,
    0xcf, 0x70, 0x9, 0xfa, 0x0, 0x2, 0xff, 0x10,
    0x3, 0xff, 0x0, 0x8, 0xfb, 0x0, 0x0, 0xdf,
    0x50, 0xd, 0xf5, 0x0, 0x0, 0x7f, 0xb0, 0x3f,
    0xe0, 0x0, 0x0, 0x1f, 0xf0, 0x8f, 0x90, 0x0,
    0x0, 0xb, 0xf5, 0xef, 0x20, 0x0, 0x0, 0x5,
    0xfb, 0xfc, 0x0, 0x0, 0x0, 0x0, 0xef, 0xf6,
    0x0, 0x0, 0x0, 0x0, 0x9f, 0xf1, 0x0, 0x0,
    0x0, 0x0, 0x9f, 0xa0, 0x0, 0x0, 0x0, 0x1,
    0xef, 0x30, 0x0, 0x0, 0x4, 0xdf, 0xfa, 0x0,
    0x0, 0x0, 0x8, 0xfe, 0x90, 0x0, 0x0, 0x0,

    /* U+0178 "?" */
    0x0, 0x0, 0x53, 0x0, 0x45, 0x0, 0x0, 0x0,
    0x4, 0xff, 0x2, 0xff, 0x30, 0x0, 0x0, 0x2,
    0xec, 0x0, 0xcd, 0x10, 0x0, 0x0, 0x0, 0x0,
    0x0, 0x0, 0x0, 0x0, 0x0, 0x0, 0x0, 0x0,
    0x0, 0x0, 0x0, 0x3f, 0xf6, 0x0, 0x0, 0x0,
    0x7f, 0xf2, 0x8, 0xfe, 0x10, 0x0, 0x1, 0xff,
    0x70, 0x0, 0xdf, 0x90, 0x0, 0xa, 0xfd, 0x0,
    0x0, 0x4f, 0xf3, 0x0, 0x4f, 0xf3, 0x0, 0x0,
    0xa, 0xfd, 0x0, 0xdf, 0x90, 0x0, 0x0, 0x1,
    0xef, 0x67, 0xfe, 0x0, 0x0, 0x0, 0x0, 0x5f,
    0xee, 0xf4, 0x0, 0x0, 0x0, 0x0, 0xb, 0xff,
    0xa0, 0x0, 0x0, 0x0, 0x0, 0x3, 0xff, 0x20,
    0x0, 0x0, 0x0, 0x0, 0x2, 0xff, 0x10, 0x0,
    0x0, 0x0, 0x0, 0x2, 0xff, 0x10, 0x0, 0x0,
    0x0, 0x0, 0x2, 0xff, 0x10, 0x0, 0x0, 0x0,
    0x0, 0x2, 0xff, 0x10, 0x0, 0x0, 0x0, 0x0,
    0x2, 0xff, 0x10, 0x0, 0x0,

    /* U+0179 "?" */
    0x0, 0x0, 0x4, 0xeb, 0x0, 0x0, 0x0, 0x0,
    0xbf, 0x30, 0x0, 0x0, 0x0, 0x3f, 0x80, 0x0,
    0x0, 0x0, 0x0, 0x0, 0x0, 0x0, 0x0, 0x0,
    0x0, 0x0, 0x0, 0xd, 0xff, 0xff, 0xff, 0xff,
    0xf9, 0xce, 0xee, 0xee, 0xee, 0xff, 0x70, 0x0,
    0x0, 0x0, 0x7f, 0xd0, 0x0, 0x0, 0x0, 0x4f,
    0xf2, 0x0, 0x0, 0x0, 0x1e, 0xf6, 0x0, 0x0,
    0x0, 0xb, 0xfb, 0x0, 0x0, 0x0, 0x7, 0xfe,
    0x10, 0x0, 0x0, 0x3, 0xff, 0x40, 0x0, 0x0,
    0x0, 0xdf, 0x80, 0x0, 0x0, 0x0, 0x9f, 0xc0,
    0x0, 0x0, 0x0, 0x5f, 0xf2, 0x0, 0x0, 0x0,
    0x1e, 0xf4, 0x0, 0x0, 0x0, 0xa, 0xff, 0xee,
    0xee, 0xee, 0xe9, 0xcf, 0xff, 0xff, 0xff, 0xff,
    0xa0,

    /* U+017A "?" */
    0x0, 0x0, 0x3f, 0xd0, 0x0, 0x0, 0xb, 0xf3,
    0x0, 0x0, 0x2, 0xe8, 0x0, 0x0, 0x0, 0x0,
    0x0, 0x0, 0x9f, 0xff, 0xff, 0xff, 0xc8, 0xee,
    0xee, 0xef, 0xfb, 0x0, 0x0, 0x5, 0xff, 0x20,
    0x0, 0x2, 0xff, 0x50, 0x0, 0x0, 0xdf, 0x90,
    0x0, 0x0, 0xaf, 0xc0, 0x0, 0x0, 0x6f, 0xf2,
    0x0, 0x0, 0x3f, 0xf5, 0x0, 0x0, 0x1e, 0xf9,
    0x0, 0x0, 0xa, 0xff, 0xee, 0xee, 0xee, 0xcf,
    0xff, 0xff, 0xff, 0xf0,

    /* U+017B "?" */
    0x0, 0x0, 0x27, 0x10, 0x0, 0x0, 0x0, 0xd,
    0xfb, 0x0, 0x0, 0x0, 0x0, 0x8f, 0x60, 0x0,
    0x0, 0x0, 0x0, 0x0, 0x0, 0x0, 0x0, 0x0,
    0x0, 0x0, 0x0, 0xd, 0xff, 0xff, 0xff, 0xff,
    0xf9, 0xce, 0xee, 0xee, 0xee, 0xff, 0x70, 0x0,
    0x0, 0x0, 0x7f, 0xd0, 0x0, 0x0, 0x0, 0x4f,
    0xf2, 0x0, 0x0, 0x0, 0x1e, 0xf6, 0x0, 0x0,
    0x0, 0xb, 0xfb, 0x0, 0x0, 0x0, 0x7, 0xfe,
    0x10, 0x0, 0x0, 0x3, 0xff, 0x40, 0x0, 0x0,
    0x0, 0xdf, 0x80, 0x0, 0x0, 0x0, 0x9f, 0xc0,
    0x0, 0x0, 0x0, 0x5f, 0xf2, 0x0, 0x0, 0x0,
    0x1e, 0xf4, 0x0, 0x0, 0x0, 0xa, 0xff, 0xee,
    0xee, 0xee, 0xe9, 0xcf, 0xff, 0xff, 0xff, 0xff,
    0xa0,

    /* U+017C "?" */
    0x0, 0x1, 0x72, 0x0, 0x0, 0x0, 0xbf, 0xc0,
    0x0, 0x0, 0x7, 0xf8, 0x0, 0x0, 0x0, 0x0,
    0x0, 0x0, 0x9f, 0xff, 0xff, 0xff, 0xc8, 0xee,
    0xee, 0xef, 0xfb, 0x0, 0x0, 0x5, 0xff, 0x20,
    0x0, 0x2, 0xff, 0x50, 0x0, 0x0, 0xdf, 0x90,
    0x0, 0x0, 0xaf, 0xc0, 0x0, 0x0, 0x6f, 0xf2,
    0x0, 0x0, 0x3f, 0xf5, 0x0, 0x0, 0x1e, 0xf9,
    0x0, 0x0, 0xa, 0xff, 0xee, 0xee, 0xee, 0xcf,
    0xff, 0xff, 0xff, 0xf0,

    /* U+017D "?" */
    0x0, 0x9f, 0x60, 0x9f, 0x70, 0x0, 0x0, 0xbf,
    0x8f, 0x90, 0x0, 0x0, 0x1, 0xdf, 0xb0, 0x0,
    0x0, 0x0, 0x0, 0x0, 0x0, 0x0, 0x0, 0x0,
    0x0, 0x0, 0x0, 0xd, 0xff, 0xff, 0xff, 0xff,
    0xf9, 0xce, 0xee, 0xee, 0xee, 0xff, 0x70, 0x0,
    0x0, 0x0, 0x7f, 0xd0, 0x0, 0x0, 0x0, 0x4f,
    0xf2, 0x0, 0x0, 0x0, 0x1e, 0xf6, 0x0, 0x0,
    0x0, 0xb, 0xfb, 0x0, 0x0, 0x0, 0x7, 0xfe,
    0x10, 0x0, 0x0, 0x3, 0xff, 0x40, 0x0, 0x0,
    0x0, 0xdf, 0x80, 0x0, 0x0, 0x0, 0x9f, 0xc0,
    0x0, 0x0, 0x0, 0x5f, 0xf2, 0x0, 0x0, 0x0,
    0x1e, 0xf4, 0x0, 0x0, 0x0, 0xa, 0xff, 0xee,
    0xee, 0xee, 0xe9, 0xcf, 0xff, 0xff, 0xff, 0xff,
    0xa0,

    /* U+017E "?" */
    0x6, 0xf9, 0x9, 0xf7, 0x0, 0x6, 0xfc, 0xf7,
    0x0, 0x0, 0x5, 0x85, 0x0, 0x0, 0x0, 0x0,
    0x0, 0x0, 0x9f, 0xff, 0xff, 0xff, 0xc8, 0xee,
    0xee, 0xef, 0xfb, 0x0, 0x0, 0x5, 0xff, 0x20,
    0x0, 0x2, 0xff, 0x50, 0x0, 0x0, 0xdf, 0x90,
    0x0, 0x0, 0xaf, 0xc0, 0x0, 0x0, 0x6f, 0xf2,
    0x0, 0x0, 0x3f, 0xf5, 0x0, 0x0, 0x1e, 0xf9,
    0x0, 0x0, 0xa, 0xff, 0xee, 0xee, 0xee, 0xcf,
    0xff, 0xff, 0xff, 0xf0,

    /* U+017F "?" */
    0x0, 0x47, 0x62, 0xc, 0xff, 0xf4, 0x6f, 0xf7,
    0x60, 0x8f, 0xa0, 0x0, 0x8f, 0x90, 0x0, 0x8f,
    0x90, 0x0, 0x8f, 0x90, 0x0, 0x8f, 0x90, 0x0,
    0x8f, 0x90, 0x0, 0x8f, 0x90, 0x0, 0x8f, 0x90,
    0x0, 0x8f, 0x90, 0x0, 0x8f, 0x90, 0x0, 0x8f,
    0x90, 0x0, 0x8f, 0x90, 0x0,

    /* U+0374 "?" */
    0xf, 0xf2, 0xe, 0xf1, 0xd, 0xf0, 0xb, 0xe0,
    0x9, 0xc0, 0x5, 0x70,

    /* U+0375 "?" */
    0x0, 0x62, 0x6, 0xf2, 0xe, 0xc0, 0x8f, 0x70,

    /* U+0376 "?" */
    0x6f, 0xe0, 0x0, 0x0, 0x6, 0xff, 0x86, 0xfe,
    0x0, 0x0, 0x1, 0xef, 0xf8, 0x6f, 0xe0, 0x0,
    0x0, 0xbf, 0xff, 0x86, 0xfe, 0x0, 0x0, 0x5f,
    0xea, 0xf8, 0x6f, 0xe0, 0x0, 0x1e, 0xf5, 0xaf,
    0x86, 0xfe, 0x0, 0xa, 0xfc, 0xb, 0xf8, 0x6f,
    0xe0, 0x5, 0xff, 0x20, 0xbf, 0x86, 0xfd, 0x1,
    0xef, 0x70, 0xb, 0xf8, 0x6f, 0xd0, 0xaf, 0xc0,
    0x0, 0xbf, 0x86, 0xfd, 0x3f, 0xf2, 0x0, 0xb,
    0xf8, 0x6f, 0xcc, 0xf7, 0x0, 0x0, 0xbf, 0x86,
    0xff, 0xfd, 0x0, 0x0, 0xb, 0xf8, 0x6f, 0xff,
    0x30, 0x0, 0x0, 0xbf, 0x86, 0xff, 0x80, 0x0,
    0x0, 0xb, 0xf8,

    /* U+037A "?" */
    0x5a, 0x20, 0x8f, 0x40, 0x7f, 0x70, 0x2d, 0xf3,

    /* U+037B "?" */
    0x0, 0x29, 0xdf, 0xe9, 0x20, 0x0, 0x2e, 0xff,
    0xdf, 0xfe, 0x30, 0xc, 0xfa, 0x0, 0xa, 0xfd,
    0x0, 0x48, 0x10, 0x0, 0xf, 0xf4, 0x0, 0x0,
    0x0, 0x0, 0xbf, 0x70, 0x0, 0x0, 0x0, 0x9,
    0xf9, 0x0, 0x0, 0x0, 0x0, 0xbf, 0x70, 0x59,
    0x10, 0x0, 0xf, 0xf4, 0xc, 0xfa, 0x0, 0xa,
    0xfd, 0x0, 0x2e, 0xff, 0xdf, 0xfe, 0x30, 0x0,
    0x29, 0xdf, 0xe9, 0x20, 0x0,

    /* U+037C "?" */
    0x0, 0x5, 0xce, 0xfc, 0x60, 0x0, 0x9, 0xff,
    0xed, 0xff, 0xa0, 0x5, 0xff, 0x40, 0x3, 0xef,
    0x50, 0xbf, 0x80, 0x0, 0x3, 0x41, 0xf, 0xf3,
    0xd, 0xd1, 0x0, 0x0, 0xff, 0x23, 0xff, 0x30,
    0x0, 0xf, 0xf3, 0x6, 0x60, 0x0, 0x0, 0xcf,
    0x80, 0x0, 0x7, 0x93, 0x5, 0xff, 0x40, 0x4,
    0xff, 0x40, 0x9, 0xff, 0xed, 0xff, 0x90, 0x0,
    0x5, 0xcf, 0xec, 0x50, 0x0,

    /* U+037D "?" */
    0x0, 0x29, 0xdf, 0xe9, 0x20, 0x0, 0x3f, 0xff,
    0xdf, 0xfe, 0x30, 0xc, 0xf9, 0x0, 0xa, 0xfd,
    0x0, 0x25, 0x0, 0x0, 0xf, 0xf4, 0x0, 0x0,
    0x8f, 0x40, 0xbf, 0x70, 0x0, 0xd, 0xf9, 0x9,
    0xf9, 0x0, 0x0, 0x37, 0x10, 0xbf, 0x70, 0x7b,
    0x10, 0x0, 0xf, 0xf4, 0xb, 0xfb, 0x0, 0xa,
    0xfd, 0x0, 0x2e, 0xff, 0xdf, 0xfe, 0x30, 0x0,
    0x19, 0xdf, 0xe9, 0x20, 0x0,

    /* U+037E "?" */
    0xb, 0xe5, 0x1f, 0xfa, 0x9, 0xc3, 0x0, 0x0,
    0x0, 0x0, 0x0, 0x0, 0x0, 0x0, 0x0, 0x0,
    0xa, 0xb3, 0x1f, 0xf1, 0x4f, 0xc0, 0x6f, 0x70,
    0x8f, 0x30, 0xbe, 0x0,

    /* U+037F "?" */
    0x0, 0x0, 0x0, 0x5, 0xfe, 0x0, 0x0, 0x0,
    0x5, 0xfe, 0x0, 0x0, 0x0, 0x5, 0xfe, 0x0,
    0x0, 0x0, 0x5, 0xfe, 0x0, 0x0, 0x0, 0x5,
    0xfe, 0x0, 0x0, 0x0, 0x5, 0xfe, 0x0, 0x0,
    0x0, 0x5, 0xfe, 0x0, 0x0, 0x0, 0x5, 0xfe,
    0x0, 0x0, 0x0, 0x5, 0xfe, 0x1f, 0xf1, 0x0,
    0x5, 0xfe, 0xf, 0xf3, 0x0, 0x7, 0xfd, 0xc,
    0xfc, 0x10, 0x2e, 0xf9, 0x4, 0xff, 0xfe, 0xff,
    0xe1, 0x0, 0x3a, 0xef, 0xe9, 0x10,

    /* U+0384 "?" */
    0xe, 0xe0, 0x1f, 0xb0, 0x3f, 0x50,

    /* U+0385 "?" */
    0x0, 0x0, 0x8e, 0x60, 0x0, 0x0, 0x0, 0xbf,
    0x10, 0x0, 0x5, 0x30, 0xcb, 0x5, 0x30, 0x3f,
    0xf1, 0x0, 0x4f, 0xf0, 0x1e, 0xc0, 0x0, 0x2e,
    0xc0,

    /* U+0386 "?" */
    0xb, 0xf4, 0x8, 0xff, 0x90, 0x0, 0x0, 0xd,
    0xe0, 0xe, 0xff, 0xe0, 0x0, 0x0, 0xd, 0x70,
    0x4f, 0xcb, 0xf5, 0x0, 0x0, 0x0, 0x0, 0x9f,
    0x76, 0xfb, 0x0, 0x0, 0x0, 0x0, 0xff, 0x21,
    0xff, 0x10, 0x0, 0x0, 0x5, 0xfd, 0x0, 0xbf,
    0x70, 0x0, 0x0, 0xb, 0xf7, 0x0, 0x5f, 0xd0,
    0x0, 0x0, 0x1f, 0xf1, 0x0, 0xf, 0xf3, 0x0,
    0x0, 0x7f, 0xfd, 0xdd, 0xdf, 0xf9, 0x0, 0x0,
    0xdf, 0xff, 0xff, 0xff, 0xff, 0x0, 0x3, 0xff,
    0x10, 0x0, 0x0, 0xef, 0x50, 0x9, 0xfb, 0x0,
    0x0, 0x0, 0x9f, 0xb0, 0xe, 0xf6, 0x0, 0x0,
    0x0, 0x3f, 0xf2, 0x5f, 0xf1, 0x0, 0x0, 0x0,
    0xe, 0xf7,

    /* U+0387 "?" */
    0x1d, 0xd2, 0x5f, 0xf6, 0x1b, 0xb1,

    /* U+0388 "?" */
    0xd, 0xf2, 0x5f, 0xff, 0xff, 0xff, 0xfd, 0xf,
    0xc0, 0x5f, 0xfe, 0xee, 0xee, 0xec, 0xe, 0x60,
    0x5f, 0xe0, 0x0, 0x0, 0x0, 0x0, 0x0, 0x5f,
    0xe0, 0x0, 0x0, 0x0, 0x0, 0x0, 0x5f, 0xe0,
    0x0, 0x0, 0x0, 0x0, 0x0, 0x5f, 0xe0, 0x0,
    0x0, 0x0, 0x0, 0x0, 0x5f, 0xff, 0xff, 0xff,
    0xf5, 0x0, 0x0, 0x5f, 0xfe, 0xee, 0xee, 0xe5,
    0x0, 0x0, 0x5f, 0xe0, 0x0, 0x0, 0x0, 0x0,
    0x0, 0x5f, 0xe0, 0x0, 0x0, 0x0, 0x0, 0x0,
    0x5f, 0xe0, 0x0, 0x0, 0x0, 0x0, 0x0, 0x5f,
    0xe0, 0x0, 0x0, 0x0, 0x0, 0x0, 0x5f, 0xfe,
    0xee, 0xee, 0xed, 0x0, 0x0, 0x5f, 0xff, 0xff,
    0xff, 0xfe,

    /* U+0389 "?" */
    0xd, 0xf2, 0x5f, 0xe0, 0x0, 0x0, 0x0, 0xef,
    0x50, 0xfc, 0x5, 0xfe, 0x0, 0x0, 0x0, 0xe,
    0xf5, 0xe, 0x60, 0x5f, 0xe0, 0x0, 0x0, 0x0,
    0xef, 0x50, 0x0, 0x5, 0xfe, 0x0, 0x0, 0x0,
    0xe, 0xf5, 0x0, 0x0, 0x5f, 0xe0, 0x0, 0x0,
    0x0, 0xef, 0x50, 0x0, 0x5, 0xfe, 0x0, 0x0,
    0x0, 0xe, 0xf5, 0x0, 0x0, 0x5f, 0xff, 0xff,
    0xff, 0xff, 0xff, 0x50, 0x0, 0x5, 0xff, 0xee,
    0xee, 0xee, 0xef, 0xf5, 0x0, 0x0, 0x5f, 0xe0,
    0x0, 0x0, 0x0, 0xef, 0x50, 0x0, 0x5, 0xfe,
    0x0, 0x0, 0x0, 0xe, 0xf5, 0x0, 0x0, 0x5f,
    0xe0, 0x0, 0x0, 0x0, 0xef, 0x50, 0x0, 0x5,
    0xfe, 0x0, 0x0, 0x0, 0xe, 0xf5, 0x0, 0x0,
    0x5f, 0xe0, 0x0, 0x0, 0x0, 0xef, 0x50, 0x0,
    0x5, 0xfe, 0x0, 0x0, 0x0, 0xe, 0xf5,

    /* U+038A "?" */
    0xd, 0xf2, 0x5f, 0xe0, 0xfc, 0x5, 0xfe, 0xe,
    0x60, 0x5f, 0xe0, 0x0, 0x5, 0xfe, 0x0, 0x0,
    0x5f, 0xe0, 0x0, 0x5, 0xfe, 0x0, 0x0, 0x5f,
    0xe0, 0x0, 0x5, 0xfe, 0x0, 0x0, 0x5f, 0xe0,
    0x0, 0x5, 0xfe, 0x0, 0x0, 0x5f, 0xe0, 0x0,
    0x5, 0xfe, 0x0, 0x0, 0x5f, 0xe0, 0x0, 0x5,
    0xfe,

    /* U+038C "?" */
    0xd, 0xf2, 0x0, 0x28, 0xdf, 0xec, 0x71, 0x0,
    0x0, 0xfd, 0x0, 0x5f, 0xff, 0xff, 0xff, 0xe3,
    0x0, 0xf, 0x70, 0x4f, 0xfb, 0x41, 0x15, 0xdf,
    0xe1, 0x0, 0x10, 0xe, 0xfa, 0x0, 0x0, 0x0,
    0xdf, 0xa0, 0x0, 0x4, 0xff, 0x10, 0x0, 0x0,
    0x4, 0xff, 0x10, 0x0, 0x8f, 0xb0, 0x0, 0x0,
    0x0, 0xe, 0xf4, 0x0, 0x9, 0xf9, 0x0, 0x0,
    0x0, 0x0, 0xcf, 0x60, 0x0, 0x9f, 0x90, 0x0,
    0x0, 0x0, 0xc, 0xf6, 0x0, 0x8, 0xfb, 0x0,
    0x0, 0x0, 0x0, 0xef, 0x40, 0x0, 0x4f, 0xf1,
    0x0, 0x0, 0x0, 0x4f, 0xf1, 0x0, 0x0, 0xef,
    0xa0, 0x0, 0x0, 0xd, 0xfa, 0x0, 0x0, 0x4,
    0xff, 0xb4, 0x11, 0x5d, 0xfe, 0x10, 0x0, 0x0,
    0x5, 0xff, 0xff, 0xff, 0xfe, 0x30, 0x0, 0x0,
    0x0, 0x2, 0x8d, 0xfe, 0xc7, 0x10, 0x0,

    /* U+038E "?" */
    0xd, 0xf2, 0x1e, 0xf9, 0x0, 0x0, 0x0, 0x4f,
    0xf4, 0xf, 0xc0, 0x5, 0xff, 0x30, 0x0, 0x0,
    0xdf, 0xa0, 0xe, 0x60, 0x0, 0xbf, 0xc0, 0x0,
    0x7, 0xff, 0x10, 0x0, 0x0, 0x0, 0x2f, 0xf6,
    0x0, 0x1f, 0xf6, 0x0, 0x0, 0x0, 0x0, 0x7,
    0xfe, 0x10, 0xaf, 0xc0, 0x0, 0x0, 0x0, 0x0,
    0x0, 0xdf, 0x93, 0xff, 0x20, 0x0, 0x0, 0x0,
    0x0, 0x0, 0x3f, 0xfc, 0xf8, 0x0, 0x0, 0x0,
    0x0, 0x0, 0x0, 0x9, 0xff, 0xd0, 0x0, 0x0,
    0x0, 0x0, 0x0, 0x0, 0x0, 0xff, 0x50, 0x0,
    0x0, 0x0, 0x0, 0x0, 0x0, 0x0, 0xff, 0x40,
    0x0, 0x0, 0x0, 0x0, 0x0, 0x0, 0x0, 0xff,
    0x40, 0x0, 0x0, 0x0, 0x0, 0x0, 0x0, 0x0,
    0xff, 0x40, 0x0, 0x0, 0x0, 0x0, 0x0, 0x0,
    0x0, 0xff, 0x40, 0x0, 0x0, 0x0, 0x0, 0x0,
    0x0, 0x0, 0xff, 0x40, 0x0, 0x0,

    /* U+038F "?" */
    0xd, 0xf2, 0x0, 0x28, 0xdf, 0xfd, 0x82, 0x0,
    0x0, 0xfd, 0x0, 0x7f, 0xff, 0xff, 0xff, 0xf6,
    0x0, 0xf, 0x70, 0x6f, 0xfb, 0x31, 0x14, 0xbf,
    0xf4, 0x0, 0x10, 0xf, 0xf9, 0x0, 0x0, 0x0,
    0xaf, 0xe0, 0x0, 0x6, 0xfe, 0x0, 0x0, 0x0,
    0x1, 0xff, 0x50, 0x0, 0x9f, 0xb0, 0x0, 0x0,
    0x0, 0xc, 0xf8, 0x0, 0xa, 0xf9, 0x0, 0x0,
    0x0, 0x0, 0xaf, 0x90, 0x0, 0x8f, 0xb0, 0x0,
    0x0, 0x0, 0xc, 0xf7, 0x0, 0x4, 0xff, 0x0,
    0x0, 0x0, 0x1, 0xff, 0x30, 0x0, 0xc, 0xf9,
    0x0, 0x0, 0x0, 0xaf, 0xb0, 0x0, 0x0, 0x1d,
    0xfb, 0x30, 0x4, 0xbf, 0xc0, 0x0, 0x0, 0x0,
    0x4, 0xfc, 0x0, 0xdf, 0x40, 0x0, 0x0, 0x8,
    0xee, 0xef, 0xc0, 0xd, 0xfe, 0xee, 0x70, 0x0,
    0xaf, 0xff, 0xfc, 0x0, 0xdf, 0xff, 0xf9,

    /* U+0390 "?" */
    0x0, 0xb, 0xc0, 0x0, 0x0, 0xfa, 0x0, 0x0,
    0x1f, 0x50, 0x0, 0x0, 0x0, 0x0, 0x0, 0x0,
    0x0, 0x4, 0xf8, 0x7, 0xf5, 0x8f, 0xc0, 0xbf,
    0x90, 0x61, 0x1, 0x60, 0x0, 0x8f, 0x90, 0x0,
    0x8, 0xf9, 0x0, 0x0, 0x8f, 0x90, 0x0, 0x8,
    0xf9, 0x0, 0x0, 0x8f, 0x90, 0x0, 0x8, 0xf9,
    0x0, 0x0, 0x8f, 0x90, 0x0, 0x8, 0xf9, 0x0,
    0x0, 0x8f, 0xa0, 0x0, 0x5, 0xff, 0xd3, 0x0,
    0x8, 0xef, 0x50,

    /* U+0391 "?" */
    0x0, 0x0, 0x8, 0xff, 0x90, 0x0, 0x0, 0x0,
    0x0, 0xe, 0xff, 0xe0, 0x0, 0x0, 0x0, 0x0,
    0x4f, 0xcb, 0xf5, 0x0, 0x0, 0x0, 0x0, 0x9f,
    0x76, 0xfb, 0x0, 0x0, 0x0, 0x0, 0xff, 0x21,
    0xff, 0x10, 0x0, 0x0, 0x5, 0xfc, 0x0, 0xbf,
    0x70, 0x0, 0x0, 0xb, 0xf7, 0x0, 0x5f, 0xd0,
    0x0, 0x0, 0x1f, 0xf1, 0x0, 0xe, 0xf3, 0x0,
    0x0, 0x7f, 0xfd, 0xdd, 0xdf, 0xf9, 0x0, 0x0,
    0xdf, 0xff, 0xff, 0xff, 0xff, 0x0, 0x3, 0xff,
    0x10, 0x0, 0x0, 0xef, 0x50, 0x9, 0xfb, 0x0,
    0x0, 0x0, 0x9f, 0xb0, 0xe, 0xf6, 0x0, 0x0,
    0x0, 0x3f, 0xf2, 0x5f, 0xf1, 0x0, 0x0, 0x0,
    0xe, 0xf7,

    /* U+0392 "?" */
    0x6f, 0xff, 0xff, 0xfd, 0x70, 0x0, 0x6f, 0xfe,
    0xee, 0xff, 0xfc, 0x0, 0x6f, 0xd0, 0x0, 0x5,
    0xff, 0x50, 0x6f, 0xd0, 0x0, 0x0, 0xbf, 0x80,
    0x6f, 0xd0, 0x0, 0x0, 0xcf, 0x60, 0x6f, 0xd0,
    0x0, 0x19, 0xfd, 0x0, 0x6f, 0xff, 0xff, 0xff,
    0xa0, 0x0, 0x6f, 0xfb, 0xbb, 0xcf, 0xfc, 0x10,
    0x6f, 0xd0, 0x0, 0x1, 0xcf, 0xb0, 0x6f, 0xd0,
    0x0, 0x0, 0x3f, 0xf0, 0x6f, 0xd0, 0x0, 0x0,
    0x3f, 0xf1, 0x6f, 0xd0, 0x0, 0x2, 0xcf, 0xd0,
    0x6f, 0xfe, 0xee, 0xff, 0xff, 0x40, 0x6f, 0xff,
    0xff, 0xfe, 0xa3, 0x0,

    /* U+0393 "?" */
    0x6f, 0xff, 0xff, 0xff, 0xfb, 0x6f, 0xfe, 0xee,
    0xee, 0xea, 0x6f, 0xd0, 0x0, 0x0, 0x0, 0x6f,
    0xd0, 0x0, 0x0, 0x0, 0x6f, 0xd0, 0x0, 0x0,
    0x0, 0x6f, 0xd0, 0x0, 0x0, 0x0, 0x6f, 0xd0,
    0x0, 0x0, 0x0, 0x6f, 0xd0, 0x0, 0x0, 0x0,
    0x6f, 0xd0, 0x0, 0x0, 0x0, 0x6f, 0xd0, 0x0,
    0x0, 0x0, 0x6f, 0xd0, 0x0, 0x0, 0x0, 0x6f,
    0xd0, 0x0, 0x0, 0x0, 0x6f, 0xd0, 0x0, 0x0,
    0x0, 0x6f, 0xd0, 0x0, 0x0, 0x0,

    /* U+0394 "?" */
    0x0, 0x0, 0x7, 0xff, 0x80, 0x0, 0x0, 0x0,
    0x0, 0xd, 0xff, 0xe0, 0x0, 0x0, 0x0, 0x0,
    0x3f, 0xfe, 0xf4, 0x0, 0x0, 0x0, 0x0, 0x9f,
    0xa9, 0xfa, 0x0, 0x0, 0x0, 0x0, 0xef, 0x43,
    0xff, 0x0, 0x0, 0x0, 0x5, 0xfe, 0x0, 0xdf,
    0x50, 0x0, 0x0, 0xb, 0xf8, 0x0, 0x7f, 0xb0,
    0x0, 0x0, 0x1f, 0xf2, 0x0, 0x2f, 0xf1, 0x0,
    0x0, 0x7f, 0xd0, 0x0, 0xc, 0xf7, 0x0, 0x0,
    0xdf, 0x70, 0x0, 0x6, 0xfd, 0x0, 0x3, 0xff,
    0x10, 0x0, 0x1, 0xff, 0x30, 0x9, 0xfb, 0x0,
    0x0, 0x0, 0xaf, 0x90, 0xe, 0xff, 0xee, 0xee,
    0xee, 0xff, 0xf0, 0x5f, 0xff, 0xff, 0xff, 0xff,
    0xff, 0xf5,

    /* U+0395 "?" */
    0x6f, 0xff, 0xff, 0xff, 0xfc, 0x6f, 0xfe, 0xee,
    0xee, 0xeb, 0x6f, 0xd0, 0x0, 0x0, 0x0, 0x6f,
    0xd0, 0x0, 0x0, 0x0, 0x6f, 0xd0, 0x0, 0x0,
    0x0, 0x6f, 0xd0, 0x0, 0x0, 0x0, 0x6f, 0xff,
    0xff, 0xff, 0xf4, 0x6f, 0xfe, 0xee, 0xee, 0xe4,
    0x6f, 0xd0, 0x0, 0x0, 0x0, 0x6f, 0xd0, 0x0,
    0x0, 0x0, 0x6f, 0xd0, 0x0, 0x0, 0x0, 0x6f,
    0xd0, 0x0, 0x0, 0x0, 0x6f, 0xfe, 0xee, 0xee,
    0xec, 0x6f, 0xff, 0xff, 0xff, 0xfd,

    /* U+0396 "?" */
    0xdf, 0xff, 0xff, 0xff, 0xff, 0x9c, 0xee, 0xee,
    0xee, 0xef, 0xf7, 0x0, 0x0, 0x0, 0x7, 0xfd,
    0x0, 0x0, 0x0, 0x4, 0xff, 0x20, 0x0, 0x0,
    0x1, 0xef, 0x60, 0x0, 0x0, 0x0, 0xbf, 0xb0,
    0x0, 0x0, 0x0, 0x7f, 0xe1, 0x0, 0x0, 0x0,
    0x3f, 0xf4, 0x0, 0x0, 0x0, 0xd, 0xf8, 0x0,
    0x0, 0x0, 0x9, 0xfc, 0x0, 0x0, 0x0, 0x5,
    0xff, 0x20, 0x0, 0x0, 0x1, 0xef, 0x40, 0x0,
    0x0, 0x0, 0xaf, 0xfe, 0xee, 0xee, 0xee, 0x9c,
    0xff, 0xff, 0xff, 0xff, 0xfa,

    /* U+0397 "?" */
    0x6f, 0xd0, 0x0, 0x0, 0x0, 0xff, 0x46, 0xfd,
    0x0, 0x0, 0x0, 0xf, 0xf4, 0x6f, 0xd0, 0x0,
    0x0, 0x0, 0xff, 0x46, 0xfd, 0x0, 0x0, 0x0,
    0xf, 0xf4, 0x6f, 0xd0, 0x0, 0x0, 0x0, 0xff,
    0x46, 0xfd, 0x0, 0x0, 0x0, 0xf, 0xf4, 0x6f,
    0xff, 0xff, 0xff, 0xff, 0xff, 0x46, 0xff, 0xee,
    0xee, 0xee, 0xef, 0xf4, 0x6f, 0xd0, 0x0, 0x0,
    0x0, 0xff, 0x46, 0xfd, 0x0, 0x0, 0x0, 0xf,
    0xf4, 0x6f, 0xd0, 0x0, 0x0, 0x0, 0xff, 0x46,
    0xfd, 0x0, 0x0, 0x0, 0xf, 0xf4, 0x6f, 0xd0,
    0x0, 0x0, 0x0, 0xff, 0x46, 0xfd, 0x0, 0x0,
    0x0, 0xf, 0xf4,

    /* U+0398 "?" */
    0x0, 0x3, 0xad, 0xfe, 0xb5, 0x0, 0x0, 0x0,
    0x8f, 0xff, 0xff, 0xff, 0xc1, 0x0, 0x7, 0xff,
    0x93, 0x1, 0x6f, 0xfc, 0x0, 0x2f, 0xf7, 0x0,
    0x0, 0x2, 0xff, 0x70, 0x8f, 0xc0, 0x0, 0x0,
    0x0, 0x7f, 0xd0, 0xbf, 0x70, 0x0, 0x0, 0x0,
    0x2f, 0xf1, 0xdf, 0x53, 0xff, 0xff, 0xf9, 0xf,
    0xf2, 0xdf, 0x52, 0xbb, 0xbb, 0xb6, 0xf, 0xf2,
    0xbf, 0x70, 0x0, 0x0, 0x0, 0x2f, 0xf1, 0x8f,
    0xc0, 0x0, 0x0, 0x0, 0x7f, 0xd0, 0x2f, 0xf6,
    0x0, 0x0, 0x2, 0xff, 0x70, 0x8, 0xff, 0x93,
    0x1, 0x6e, 0xfc, 0x0, 0x0, 0x8f, 0xff, 0xff,
    0xff, 0xc1, 0x0, 0x0, 0x3, 0xad, 0xfe, 0xb6,
    0x0, 0x0,

    /* U+0399 "?" */
    0x6f, 0xd6, 0xfd, 0x6f, 0xd6, 0xfd, 0x6f, 0xd6,
    0xfd, 0x6f, 0xd6, 0xfd, 0x6f, 0xd6, 0xfd, 0x6f,
    0xd6, 0xfd, 0x6f, 0xd6, 0xfd,

    /* U+039A "?" */
    0x6f, 0xd0, 0x0, 0x0, 0x3f, 0xfa, 0x6, 0xfd,
    0x0, 0x0, 0x2e, 0xfb, 0x0, 0x6f, 0xd0, 0x0,
    0x2e, 0xfc, 0x0, 0x6, 0xfd, 0x0, 0x1d, 0xfc,
    0x0, 0x0, 0x6f, 0xd0, 0xd, 0xfd, 0x10, 0x0,
    0x6, 0xfd, 0xb, 0xfd, 0x10, 0x0, 0x0, 0x6f,
    0xd9, 0xff, 0xb0, 0x0, 0x0, 0x6, 0xff, 0xfd,
    0xff, 0x70, 0x0, 0x0, 0x6f, 0xfd, 0x16, 0xff,
    0x30, 0x0, 0x6, 0xfe, 0x10, 0xa, 0xfe, 0x10,
    0x0, 0x6f, 0xd0, 0x0, 0x1e, 0xfa, 0x0, 0x6,
    0xfd, 0x0, 0x0, 0x3f, 0xf6, 0x0, 0x6f, 0xd0,
    0x0, 0x0, 0x8f, 0xf2, 0x6, 0xfd, 0x0, 0x0,
    0x0, 0xcf, 0xd0,

    /* U+039B "?" */
    0x0, 0x0, 0x8, 0xff, 0x90, 0x0, 0x0, 0x0,
    0x0, 0xe, 0xff, 0xe0, 0x0, 0x0, 0x0, 0x0,
    0x4f, 0xcb, 0xf5, 0x0, 0x0, 0x0, 0x0, 0x9f,
    0x86, 0xfb, 0x0, 0x0, 0x0, 0x0, 0xff, 0x32,
    0xff, 0x10, 0x0, 0x0, 0x5, 0xfe, 0x0, 0xcf,
    0x70, 0x0, 0x0, 0xb, 0xf8, 0x0, 0x7f, 0xd0,
    0x0, 0x0, 0x1f, 0xf3, 0x0, 0x1f, 0xf3, 0x0,
    0x0, 0x7f, 0xd0, 0x0, 0xb, 0xf9, 0x0, 0x0,
    0xdf, 0x70, 0x0, 0x5, 0xff, 0x0, 0x3, 0xff,
    0x20, 0x0, 0x0, 0xff, 0x50, 0x9, 0xfc, 0x0,
    0x0, 0x0, 0xaf, 0xb0, 0xe, 0xf6, 0x0, 0x0,
    0x0, 0x4f, 0xf2, 0x5f, 0xf1, 0x0, 0x0, 0x0,
    0xe, 0xf7,

    /* U+039C "?" */
    0x6f, 0xff, 0x10, 0x0, 0x0, 0x0, 0xdf, 0xfa,
    0x6f, 0xff, 0x70, 0x0, 0x0, 0x3, 0xff, 0xfa,
    0x6f, 0xef, 0xd0, 0x0, 0x0, 0xa, 0xfe, 0xfa,
    0x6f, 0xbd, 0xf4, 0x0, 0x0, 0xf, 0xf9, 0xfa,
    0x6f, 0xc8, 0xfa, 0x0, 0x0, 0x6f, 0xb8, 0xfa,
    0x6f, 0xc3, 0xff, 0x10, 0x0, 0xcf, 0x68, 0xfa,
    0x6f, 0xc0, 0xdf, 0x70, 0x2, 0xff, 0x19, 0xfa,
    0x6f, 0xc0, 0x6f, 0xd0, 0x9, 0xfa, 0x9, 0xfa,
    0x6f, 0xc0, 0x1f, 0xf3, 0xe, 0xf4, 0x9, 0xfa,
    0x6f, 0xc0, 0xa, 0xf8, 0x4f, 0xd0, 0x9, 0xfa,
    0x6f, 0xc0, 0x3, 0xfd, 0x8f, 0x70, 0x9, 0xfa,
    0x6f, 0xc0, 0x0, 0xdf, 0xef, 0x10, 0x9, 0xfa,
    0x6f, 0xc0, 0x0, 0x6f, 0xfa, 0x0, 0x9, 0xfa,
    0x6f, 0xc0, 0x0, 0x1f, 0xf4, 0x0, 0x9, 0xfa,

    /* U+039D "?" */
    0x6f, 0xf8, 0x0, 0x0, 0x0, 0xbf, 0x86, 0xff,
    0xf3, 0x0, 0x0, 0xb, 0xf8, 0x6f, 0xff, 0xc0,
    0x0, 0x0, 0xbf, 0x86, 0xfb, 0xcf, 0x70, 0x0,
    0xb, 0xf8, 0x6f, 0xc3, 0xff, 0x20, 0x0, 0xbf,
    0x86, 0xfd, 0xa, 0xfc, 0x0, 0xb, 0xf8, 0x6f,
    0xd0, 0x1e, 0xf7, 0x0, 0xbf, 0x86, 0xfe, 0x0,
    0x5f, 0xf2, 0xb, 0xf8, 0x6f, 0xe0, 0x0, 0xaf,
    0xb0, 0xbf, 0x86, 0xfe, 0x0, 0x1, 0xef, 0x5b,
    0xf8, 0x6f, 0xe0, 0x0, 0x5, 0xfe, 0xaf, 0x86,
    0xfe, 0x0, 0x0, 0xb, 0xff, 0xf8, 0x6f, 0xe0,
    0x0, 0x0, 0x1f, 0xff, 0x86, 0xfe, 0x0, 0x0,
    0x0, 0x6f, 0xf8,

    /* U+039E "?" */
    0xaf, 0xff, 0xff, 0xff, 0xff, 0xf0, 0x9e, 0xee,
    0xee, 0xee, 0xee, 0xe0, 0x0, 0x0, 0x0, 0x0,
    0x0, 0x0, 0x0, 0x0, 0x0, 0x0, 0x0, 0x0,
    0x0, 0x0, 0x0, 0x0, 0x0, 0x0, 0x0, 0x0,
    0x0, 0x0, 0x0, 0x0, 0xe, 0xff, 0xff, 0xff,
    0xff, 0x30, 0xc, 0xee, 0xee, 0xee, 0xee, 0x30,
    0x0, 0x0, 0x0, 0x0, 0x0, 0x0, 0x0, 0x0,
    0x0, 0x0, 0x0, 0x0, 0x0, 0x0, 0x0, 0x0,
    0x0, 0x0, 0x0, 0x0, 0x0, 0x0, 0x0, 0x0,
    0xae, 0xee, 0xee, 0xee, 0xee, 0xe0, 0xbf, 0xff,
    0xff, 0xff, 0xff, 0xf0,

    /* U+039F "?" */
    0x0, 0x3, 0xad, 0xfe, 0xb5, 0x0, 0x0, 0x0,
    0x8f, 0xff, 0xff, 0xff, 0xc1, 0x0, 0x7, 0xff,
    0x93, 0x1, 0x6f, 0xfc, 0x0, 0x2f, 0xf7, 0x0,
    0x0, 0x2, 0xff, 0x70, 0x8f, 0xc0, 0x0, 0x0,
    0x0, 0x7f, 0xd0, 0xbf, 0x70, 0x0, 0x0, 0x0,
    0x2f, 0xf1, 0xdf, 0x50, 0x0, 0x0, 0x0, 0xf,
    0xf2, 0xdf, 0x50, 0x0, 0x0, 0x0, 0xf, 0xf2,
    0xbf, 0x70, 0x0, 0x0, 0x0, 0x2f, 0xf1, 0x8f,
    0xc0, 0x0, 0x0, 0x0, 0x7f, 0xd0, 0x2f, 0xf6,
    0x0, 0x0, 0x2, 0xff, 0x70, 0x8, 0xff, 0x93,
    0x1, 0x6e, 0xfc, 0x0, 0x0, 0x8f, 0xff, 0xff,
    0xff, 0xc1, 0x0, 0x0, 0x3, 0xad, 0xfe, 0xb6,
    0x0, 0x0,

    /* U+03A0 "?" */
    0x6f, 0xff, 0xff, 0xff, 0xff, 0xff, 0x46, 0xff,
    0xee, 0xee, 0xee, 0xef, 0xf4, 0x6f, 0xd0, 0x0,
    0x0, 0x0, 0xff, 0x46, 0xfd, 0x0, 0x0, 0x0,
    0xf, 0xf4, 0x6f, 0xd0, 0x0, 0x0, 0x0, 0xff,
    0x46, 0xfd, 0x0, 0x0, 0x0, 0xf, 0xf4, 0x6f,
    0xd0, 0x0, 0x0, 0x0, 0xff, 0x46, 0xfd, 0x0,
    0x0, 0x0, 0xf, 0xf4, 0x6f, 0xd0, 0x0, 0x0,
    0x0, 0xff, 0x46, 0xfd, 0x0, 0x0, 0x0, 0xf,
    0xf4, 0x6f, 0xd0, 0x0, 0x0, 0x0, 0xff, 0x46,
    0xfd, 0x0, 0x0, 0x0, 0xf, 0xf4, 0x6f, 0xd0,
    0x0, 0x0, 0x0, 0xff, 0x46, 0xfd, 0x0, 0x0,
    0x0, 0xf, 0xf4,

    /* U+03A1 "?" */
    0x6f, 0xff, 0xff, 0xec, 0x60, 0x6, 0xff, 0xee,
    0xef, 0xff, 0xb0, 0x6f, 0xd0, 0x0, 0x6, 0xff,
    0x66, 0xfd, 0x0, 0x0, 0x9, 0xfb, 0x6f, 0xd0,
    0x0, 0x0, 0x6f, 0xd6, 0xfd, 0x0, 0x0, 0xa,
    0xfb, 0x6f, 0xd0, 0x0, 0x17, 0xff, 0x56, 0xff,
    0xff, 0xff, 0xff, 0xa0, 0x6f, 0xfe, 0xed, 0xda,
    0x50, 0x6, 0xfd, 0x0, 0x0, 0x0, 0x0, 0x6f,
    0xd0, 0x0, 0x0, 0x0, 0x6, 0xfd, 0x0, 0x0,
    0x0, 0x0, 0x6f, 0xd0, 0x0, 0x0, 0x0, 0x6,
    0xfd, 0x0, 0x0, 0x0, 0x0,

    /* U+03A3 "?" */
    0x7f, 0xff, 0xff, 0xff, 0xff, 0xf7, 0x6f, 0xfe,
    0xee, 0xee, 0xee, 0xe6, 0x9, 0xfd, 0x20, 0x0,
    0x0, 0x0, 0x0, 0x9f, 0xe3, 0x0, 0x0, 0x0,
    0x0, 0x9, 0xff, 0x30, 0x0, 0x0, 0x0, 0x0,
    0x8f, 0xf4, 0x0, 0x0, 0x0, 0x0, 0x6, 0xff,
    0x10, 0x0, 0x0, 0x0, 0x1c, 0xfc, 0x0, 0x0,
    0x0, 0x1, 0xdf, 0xc0, 0x0, 0x0, 0x0, 0x1d,
    0xfc, 0x0, 0x0, 0x0, 0x1, 0xdf, 0xb0, 0x0,
    0x0, 0x0, 0x1d, 0xf9, 0x0, 0x0, 0x0, 0x0,
    0xbf, 0xfe, 0xee, 0xee, 0xee, 0xe8, 0xcf, 0xff,
    0xff, 0xff, 0xff, 0xf9,

    /* U+03A4 "?" */
    0x2f, 0xff, 0xff, 0xff, 0xff, 0xff, 0x21, 0xee,
    0xee, 0xff, 0xfe, 0xee, 0xe2, 0x0, 0x0, 0x9,
    0xfa, 0x0, 0x0, 0x0, 0x0, 0x0, 0x9f, 0xa0,
    0x0, 0x0, 0x0, 0x0, 0x9, 0xfa, 0x0, 0x0,
    0x0, 0x0, 0x0, 0x9f, 0xa0, 0x0, 0x0, 0x0,
    0x0, 0x9, 0xfa, 0x0, 0x0, 0x0, 0x0, 0x0,
    0x9f, 0xa0, 0x0, 0x0, 0x0, 0x0, 0x9, 0xfa,
    0x0, 0x0, 0x0, 0x0, 0x0, 0x9f, 0xa0, 0x0,
    0x0, 0x0, 0x0, 0x9, 0xfa, 0x0, 0x0, 0x0,
    0x0, 0x0, 0x9f, 0xa0, 0x0, 0x0, 0x0, 0x0,
    0x9, 0xfa, 0x0, 0x0, 0x0, 0x0, 0x0, 0x9f,
    0xa0, 0x0, 0x0,

    /* U+03A5 "?" */
    0x3f, 0xf6, 0x0, 0x0, 0x0, 0x7f, 0xf2, 0x8,
    0xfe, 0x10, 0x0, 0x1, 0xff, 0x70, 0x0, 0xdf,
    0x90, 0x0, 0xa, 0xfd, 0x0, 0x0, 0x4f, 0xf3,
    0x0, 0x4f, 0xf3, 0x0, 0x0, 0xa, 0xfd, 0x0,
    0xdf, 0x90, 0x0, 0x0, 0x1, 0xef, 0x67, 0xfe,
    0x0, 0x0, 0x0, 0x0, 0x5f, 0xee, 0xf4, 0x0,
    0x0, 0x0, 0x0, 0xb, 0xff, 0xa0, 0x0, 0x0,
    0x0, 0x0, 0x3, 0xff, 0x20, 0x0, 0x0, 0x0,
    0x0, 0x2, 0xff, 0x10, 0x0, 0x0, 0x0, 0x0,
    0x2, 0xff, 0x10, 0x0, 0x0, 0x0, 0x0, 0x2,
    0xff, 0x10, 0x0, 0x0, 0x0, 0x0, 0x2, 0xff,
    0x10, 0x0, 0x0, 0x0, 0x0, 0x2, 0xff, 0x10,
    0x0, 0x0,

    /* U+03A6 "?" */
    0x0, 0x0, 0x0, 0x2c, 0xb0, 0x0, 0x0, 0x0,
    0x0, 0x1, 0x7b, 0xef, 0xfd, 0xb5, 0x0, 0x0,
    0x0, 0x5f, 0xff, 0xff, 0xff, 0xff, 0xd2, 0x0,
    0x5, 0xff, 0x92, 0x3f, 0xe0, 0x4c, 0xfe, 0x10,
    0x1f, 0xf7, 0x0, 0x3f, 0xe0, 0x0, 0xbf, 0xb0,
    0x7f, 0xd0, 0x0, 0x3f, 0xe0, 0x0, 0x2f, 0xf2,
    0xbf, 0x80, 0x0, 0x3f, 0xe0, 0x0, 0xd, 0xf6,
    0xdf, 0x60, 0x0, 0x3f, 0xe0, 0x0, 0xa, 0xf8,
    0xdf, 0x60, 0x0, 0x3f, 0xe0, 0x0, 0xa, 0xf8,
    0xbf, 0x80, 0x0, 0x3f, 0xe0, 0x0, 0xd, 0xf6,
    0x7f, 0xd0, 0x0, 0x3f, 0xe0, 0x0, 0x2f, 0xf2,
    0x1f, 0xf7, 0x0, 0x3f, 0xe0, 0x0, 0xbf, 0xb0,
    0x5, 0xff, 0x92, 0x3f, 0xe0, 0x4c, 0xfe, 0x10,
    0x0, 0x5f, 0xff, 0xff, 0xff, 0xff, 0xd2, 0x0,
    0x0, 0x1, 0x7c, 0xef, 0xfd, 0xb5, 0x0, 0x0,
    0x0, 0x0, 0x0, 0x3f, 0xe0, 0x0, 0x0, 0x0,

    /* U+03A7 "?" */
    0xb, 0xfd, 0x0, 0x0, 0x0, 0xbf, 0xc0, 0x1,
    0xef, 0x80, 0x0, 0x7, 0xff, 0x20, 0x0, 0x5f,
    0xf3, 0x0, 0x2f, 0xf5, 0x0, 0x0, 0x9, 0xfd,
    0x0, 0xdf, 0xa0, 0x0, 0x0, 0x0, 0xdf, 0x87,
    0xfe, 0x10, 0x0, 0x0, 0x0, 0x3f, 0xff, 0xf3,
    0x0, 0x0, 0x0, 0x0, 0x8, 0xff, 0x80, 0x0,
    0x0, 0x0, 0x0, 0xb, 0xff, 0xd0, 0x0, 0x0,
    0x0, 0x0, 0x7f, 0xdd, 0xf9, 0x0, 0x0, 0x0,
    0x3, 0xff, 0x44, 0xff, 0x40, 0x0, 0x0, 0xd,
    0xf9, 0x0, 0x9f, 0xe1, 0x0, 0x0, 0xaf, 0xd0,
    0x0, 0xd, 0xfb, 0x0, 0x6, 0xff, 0x30, 0x0,
    0x3, 0xff, 0x60, 0x2f, 0xf7, 0x0, 0x0, 0x0,
    0x7f, 0xf2,

    /* U+03A8 "?" */
    0x6f, 0xc0, 0x0, 0x3f, 0xe0, 0x0, 0x1f, 0xf1,
    0x6f, 0xc0, 0x0, 0x3f, 0xe0, 0x0, 0x1f, 0xf1,
    0x6f, 0xc0, 0x0, 0x3f, 0xe0, 0x0, 0x1f, 0xf1,
    0x6f, 0xc0, 0x0, 0x3f, 0xe0, 0x0, 0x1f, 0xf1,
    0x5f, 0xd0, 0x0, 0x3f, 0xe0, 0x0, 0x2f, 0xf0,
    0x3f, 0xf0, 0x0, 0x3f, 0xe0, 0x0, 0x4f, 0xe0,
    0xe, 0xf5, 0x0, 0x3f, 0xe0, 0x0, 0xaf, 0xa0,
    0x8, 0xfe, 0x40, 0x3f, 0xe0, 0x7, 0xff, 0x30,
    0x0, 0xaf, 0xff, 0xef, 0xfe, 0xff, 0xf6, 0x0,
    0x0, 0x5, 0xbe, 0xff, 0xff, 0xd9, 0x20, 0x0,
    0x0, 0x0, 0x0, 0x3f, 0xe0, 0x0, 0x0, 0x0,
    0x0, 0x0, 0x0, 0x3f, 0xe0, 0x0, 0x0, 0x0,
    0x0, 0x0, 0x0, 0x3f, 0xe0, 0x0, 0x0, 0x0,
    0x0, 0x0, 0x0, 0x3f, 0xe0, 0x0, 0x0, 0x0,

    /* U+03A9 "?" */
    0x0, 0x3, 0xad, 0xfe, 0xc7, 0x0, 0x0, 0x0,
    0x9f, 0xff, 0xff, 0xff, 0xe3, 0x0, 0x9, 0xff,
    0x83, 0x1, 0x5d, 0xfe, 0x20, 0x3f, 0xf5, 0x0,
    0x0, 0x0, 0xdf, 0xb0, 0x9f, 0xc0, 0x0, 0x0,
    0x0, 0x4f, 0xf1, 0xcf, 0x70, 0x0, 0x0, 0x0,
    0xf, 0xf4, 0xdf, 0x60, 0x0, 0x0, 0x0, 0xe,
    0xf5, 0xbf, 0x80, 0x0, 0x0, 0x0, 0xf, 0xf3,
    0x7f, 0xc0, 0x0, 0x0, 0x0, 0x4f, 0xe0, 0x1e,
    0xf6, 0x0, 0x0, 0x1, 0xdf, 0x70, 0x3, 0xef,
    0x92, 0x0, 0x5d, 0xf9, 0x0, 0x0, 0x7, 0xf8,
    0x1, 0xfd, 0x20, 0x0, 0xce, 0xee, 0xf8, 0x1,
    0xff, 0xee, 0xe4, 0xdf, 0xff, 0xf8, 0x1, 0xff,
    0xff, 0xf5,

    /* U+03AA "?" */
    0x6, 0x20, 0x5, 0x30, 0x8f, 0xc0, 0x5f, 0xf0,
    0x4f, 0x80, 0x2e, 0xb0, 0x0, 0x0, 0x0, 0x0,
    0x0, 0x0, 0x0, 0x0, 0x0, 0x6f, 0xd0, 0x0,
    0x0, 0x6f, 0xd0, 0x0, 0x0, 0x6f, 0xd0, 0x0,
    0x0, 0x6f, 0xd0, 0x0, 0x0, 0x6f, 0xd0, 0x0,
    0x0, 0x6f, 0xd0, 0x0, 0x0, 0x6f, 0xd0, 0x0,
    0x0, 0x6f, 0xd0, 0x0, 0x0, 0x6f, 0xd0, 0x0,
    0x0, 0x6f, 0xd0, 0x0, 0x0, 0x6f, 0xd0, 0x0,
    0x0, 0x6f, 0xd0, 0x0, 0x0, 0x6f, 0xd0, 0x0,
    0x0, 0x6f, 0xd0, 0x0,

    /* U+03AB "?" */
    0x0, 0x0, 0x53, 0x0, 0x45, 0x0, 0x0, 0x0,
    0x4, 0xff, 0x2, 0xff, 0x30, 0x0, 0x0, 0x2,
    0xec, 0x0, 0xcd, 0x10, 0x0, 0x0, 0x0, 0x0,
    0x0, 0x0, 0x0, 0x0, 0x0, 0x0, 0x0, 0x0,
    0x0, 0x0, 0x0, 0x3f, 0xf6, 0x0, 0x0, 0x0,
    0x7f, 0xf2, 0x8, 0xfe, 0x10, 0x0, 0x1, 0xff,
    0x70, 0x0, 0xdf, 0x90, 0x0, 0xa, 0xfd, 0x0,
    0x0, 0x4f, 0xf3, 0x0, 0x4f, 0xf3, 0x0, 0x0,
    0xa, 0xfd, 0x0, 0xdf, 0x90, 0x0, 0x0, 0x1,
    0xef, 0x67, 0xfe, 0x0, 0x0, 0x0, 0x0, 0x5f,
    0xee, 0xf4, 0x0, 0x0, 0x0, 0x0, 0xb, 0xff,
    0xa0, 0x0, 0x0, 0x0, 0x0, 0x3, 0xff, 0x20,
    0x0, 0x0, 0x0, 0x0, 0x2, 0xff, 0x10, 0x0,
    0x0, 0x0, 0x0, 0x2, 0xff, 0x10, 0x0, 0x0,
    0x0, 0x0, 0x2, 0xff, 0x10, 0x0, 0x0, 0x0,
    0x0, 0x2, 0xff, 0x10, 0x0, 0x0, 0x0, 0x0,
    0x2, 0xff, 0x10, 0x0, 0x0,

    /* U+03AC "?" */
    0x0, 0x0, 0x5, 0xfa, 0x0, 0x0, 0x0, 0x0,
    0x0, 0x7f, 0x40, 0x0, 0x0, 0x0, 0x0, 0x8,
    0xd0, 0x0, 0x0, 0x0, 0x0, 0x0, 0x0, 0x0,
    0x0, 0x0, 0x0, 0x5, 0xcf, 0xeb, 0x20, 0x8f,
    0x70, 0x9, 0xff, 0xfe, 0xfe, 0x2b, 0xf3, 0x5,
    0xff, 0x50, 0x4, 0xf9, 0xee, 0x0, 0xbf, 0x90,
    0x0, 0x5, 0xff, 0xa0, 0xf, 0xf4, 0x0, 0x0,
    0xd, 0xf6, 0x0, 0xff, 0x20, 0x0, 0x0, 0x9f,
    0x30, 0xf, 0xf4, 0x0, 0x0, 0xd, 0xf7, 0x0,
    0xbf, 0x80, 0x0, 0x5, 0xff, 0xb0, 0x5, 0xff,
    0x50, 0x5, 0xf9, 0xdf, 0x0, 0x9, 0xff, 0xfe,
    0xfe, 0x19, 0xf5, 0x0, 0x6, 0xcf, 0xea, 0x20,
    0x6f, 0x90,

    /* U+03AD "?" */
    0x0, 0x0, 0xd, 0xf2, 0x0, 0x0, 0x0, 0xf,
    0xc0, 0x0, 0x0, 0x0, 0x1e, 0x60, 0x0, 0x0,
    0x0, 0x0, 0x0, 0x0, 0x0, 0x3b, 0xef, 0xea,
    0x30, 0x4, 0xff, 0xec, 0xef, 0xf3, 0xc, 0xf9,
    0x0, 0x9, 0xf8, 0xc, 0xf6, 0x0, 0x0, 0x0,
    0x4, 0xff, 0xb9, 0x70, 0x0, 0x0, 0x7f, 0xff,
    0xd0, 0x0, 0x9, 0xfb, 0x20, 0x0, 0x0, 0xf,
    0xf3, 0x0, 0x1, 0x52, 0xe, 0xf8, 0x0, 0x8,
    0xfb, 0x6, 0xff, 0xec, 0xdf, 0xf3, 0x0, 0x4b,
    0xef, 0xea, 0x30,

    /* U+03AE "?" */
    0x0, 0x0, 0x4f, 0xb0, 0x0, 0x0, 0x0, 0x6f,
    0x50, 0x0, 0x0, 0x0, 0x7d, 0x0, 0x0, 0x0,
    0x0, 0x0, 0x0, 0x0, 0x8f, 0x83, 0xbf, 0xea,
    0x10, 0x8f, 0xaf, 0xdc, 0xff, 0xd0, 0x8f, 0xf6,
    0x0, 0x3f, 0xf5, 0x8f, 0xc0, 0x0, 0xa, 0xf8,
    0x8f, 0x90, 0x0, 0x9, 0xf9, 0x8f, 0x90, 0x0,
    0x9, 0xf9, 0x8f, 0x90, 0x0, 0x9, 0xf9, 0x8f,
    0x90, 0x0, 0x9, 0xf9, 0x8f, 0x90, 0x0, 0x9,
    0xf9, 0x8f, 0x90, 0x0, 0x9, 0xf9, 0x8f, 0x90,
    0x0, 0x9, 0xf9, 0x0, 0x0, 0x0, 0x9, 0xf9,
    0x0, 0x0, 0x0, 0x9, 0xf9, 0x0, 0x0, 0x0,
    0x9, 0xf9, 0x0, 0x0, 0x0, 0x9, 0xf9,

    /* U+03AF "?" */
    0xe, 0xf1, 0x0, 0xfb, 0x0, 0x1e, 0x50, 0x0,
    0x0, 0x0, 0x8f, 0x90, 0x8, 0xf9, 0x0, 0x8f,
    0x90, 0x8, 0xf9, 0x0, 0x8f, 0x90, 0x8, 0xf9,
    0x0, 0x8f, 0x90, 0x8, 0xf9, 0x0, 0x8f, 0xa0,
    0x5, 0xff, 0xd3, 0x8, 0xef, 0x50,

    /* U+03B0 "?" */
    0x0, 0x0, 0x6e, 0x80, 0x0, 0x0, 0x0, 0x9f,
    0x30, 0x0, 0x0, 0x0, 0xbd, 0x0, 0x0, 0x0,
    0x0, 0x0, 0x0, 0x0, 0xd, 0xd1, 0x0, 0xd,
    0xd0, 0x2f, 0xf2, 0x0, 0x2f, 0xf2, 0x4, 0x40,
    0x0, 0x4, 0x40, 0x8f, 0x90, 0x0, 0x9, 0xf9,
    0x8f, 0x90, 0x0, 0x9, 0xf9, 0x8f, 0x90, 0x0,
    0x9, 0xf9, 0x8f, 0x90, 0x0, 0x9, 0xf9, 0x8f,
    0x90, 0x0, 0x9, 0xf9, 0x8f, 0x90, 0x0, 0x9,
    0xf9, 0x8f, 0x90, 0x0, 0x9, 0xf9, 0x7f, 0xb0,
    0x0, 0xb, 0xf8, 0x3f, 0xf5, 0x0, 0x5f, 0xf4,
    0xa, 0xff, 0xff, 0xff, 0xb0, 0x0, 0x7d, 0xff,
    0xd7, 0x0,

    /* U+03B1 "?" */
    0x0, 0x5, 0xcf, 0xeb, 0x20, 0x8f, 0x70, 0x9,
    0xff, 0xfe, 0xfe, 0x2b, 0xf3, 0x5, 0xff, 0x50,
    0x4, 0xf9, 0xee, 0x0, 0xbf, 0x90, 0x0, 0x5,
    0xff, 0xa0, 0xf, 0xf4, 0x0, 0x0, 0xd, 0xf6,
    0x0, 0xff, 0x20, 0x0, 0x0, 0x9f, 0x30, 0xf,
    0xf4, 0x0, 0x0, 0xd, 0xf7, 0x0, 0xbf, 0x80,
    0x0, 0x5, 0xff, 0xb0, 0x5, 0xff, 0x50, 0x5,
    0xf9, 0xdf, 0x0, 0x9, 0xff, 0xfe, 0xfe, 0x19,
    0xf5, 0x0, 0x6, 0xcf, 0xea, 0x20, 0x6f, 0x90,

    /* U+03B2 "?" */
    0x0, 0x6c, 0xff, 0xc6, 0x0, 0xa, 0xff, 0xff,
    0xff, 0xa0, 0x3f, 0xf5, 0x0, 0x5f, 0xf3, 0x7f,
    0xa0, 0x0, 0xc, 0xf5, 0x8f, 0x90, 0x0, 0x2f,
    0xf2, 0x8f, 0x90, 0x8c, 0xfc, 0x40, 0x8f, 0x90,
    0xcf, 0xfc, 0x40, 0x8f, 0x90, 0x0, 0x3e, 0xf4,
    0x8f, 0x90, 0x0, 0x5, 0xfc, 0x8f, 0x90, 0x0,
    0x2, 0xff, 0x8f, 0xb0, 0x0, 0x5, 0xfe, 0x8f,
    0xf6, 0x0, 0x3e, 0xf9, 0x8f, 0xcf, 0xff, 0xff,
    0xd1, 0x8f, 0x95, 0xdf, 0xe9, 0x10, 0x8f, 0x90,
    0x0, 0x0, 0x0, 0x8f, 0x90, 0x0, 0x0, 0x0,
    0x8f, 0x90, 0x0, 0x0, 0x0, 0x8f, 0x90, 0x0,
    0x0, 0x0,

    /* U+03B3 "?" */
    0x5f, 0xe0, 0x0, 0x0, 0x7f, 0xd0, 0xf, 0xf4,
    0x0, 0x0, 0xcf, 0x70, 0x9, 0xfa, 0x0, 0x2,
    0xff, 0x10, 0x3, 0xff, 0x0, 0x7, 0xfb, 0x0,
    0x0, 0xdf, 0x50, 0xd, 0xf5, 0x0, 0x0, 0x7f,
    0xb0, 0x2f, 0xe0, 0x0, 0x0, 0x1f, 0xf0, 0x8f,
    0x90, 0x0, 0x0, 0xb, 0xf5, 0xdf, 0x30, 0x0,
    0x0, 0x5, 0xfb, 0xfd, 0x0, 0x0, 0x0, 0x0,
    0xef, 0xf7, 0x0, 0x0, 0x0, 0x0, 0x9f, 0xf1,
    0x0, 0x0, 0x0, 0x0, 0x5f, 0xd0, 0x0, 0x0,
    0x0, 0x0, 0x5f, 0xd0, 0x0, 0x0, 0x0, 0x0,
    0x5f, 0xd0, 0x0, 0x0, 0x0, 0x0, 0x5f, 0xd0,
    0x0, 0x0,

    /* U+03B4 "?" */
    0x0, 0x5, 0xad, 0xff, 0xf5, 0x0, 0x7, 0xff,
    0xfd, 0xdd, 0x40, 0x0, 0x8f, 0xb0, 0x0, 0x0,
    0x0, 0x0, 0x79, 0x10, 0x0, 0x0, 0x0, 0x2a,
    0xef, 0xc7, 0x10, 0x0, 0x1e, 0xfa, 0x45, 0xcf,
    0x40, 0xa, 0xfb, 0x0, 0x0, 0xdf, 0x20, 0xef,
    0x40, 0x0, 0x7, 0xf9, 0xf, 0xf2, 0x0, 0x0,
    0x5f, 0xd0, 0xff, 0x30, 0x0, 0x6, 0xfd, 0xd,
    0xf6, 0x0, 0x0, 0x9f, 0xb0, 0x7f, 0xe3, 0x0,
    0x5f, 0xf5, 0x0, 0xbf, 0xfe, 0xef, 0xfa, 0x0,
    0x0, 0x7c, 0xff, 0xc6, 0x0,

    /* U+03B5 "?" */
    0x0, 0x3b, 0xef, 0xea, 0x30, 0x4, 0xff, 0xec,
    0xef, 0xf3, 0xc, 0xf9, 0x0, 0x9, 0xf8, 0xc,
    0xf6, 0x0, 0x0, 0x0, 0x4, 0xff, 0xb9, 0x70,
    0x0, 0x0, 0x7f, 0xff, 0xd0, 0x0, 0x9, 0xfb,
    0x20, 0x0, 0x0, 0xf, 0xf3, 0x0, 0x1, 0x52,
    0xe, 0xf8, 0x0, 0x8, 0xfb, 0x6, 0xff, 0xec,
    0xdf, 0xf3, 0x0, 0x4b, 0xef, 0xea, 0x30,

    /* U+03B6 "?" */
    0x9, 0xff, 0xff, 0xff, 0xf4, 0x7, 0xcc, 0xcc,
    0xcf, 0xf3, 0x0, 0x0, 0x0, 0xbf, 0x70, 0x0,
    0x0, 0xb, 0xfa, 0x0, 0x0, 0x0, 0x9f, 0xc0,
    0x0, 0x0, 0x6, 0xfe, 0x10, 0x0, 0x0, 0x4f,
    0xf2, 0x0, 0x0, 0x1, 0xef, 0x40, 0x0, 0x0,
    0xa, 0xf9, 0x0, 0x0, 0x0, 0xf, 0xf2, 0x0,
    0x0, 0x0, 0xf, 0xf2, 0x0, 0x0, 0x0, 0xd,
    0xfa, 0x0, 0x0, 0x0, 0x5, 0xff, 0xfd, 0xca,
    0x30, 0x0, 0x2a, 0xdf, 0xff, 0xf2, 0x0, 0x0,
    0x0, 0xa, 0xf6, 0x0, 0x0, 0x0, 0x7, 0xf7,
    0x0, 0x0, 0x0, 0x7, 0xf7,

    /* U+03B7 "?" */
    0x8f, 0x83, 0xbf, 0xea, 0x10, 0x8f, 0xaf, 0xdc,
    0xff, 0xd0, 0x8f, 0xf6, 0x0, 0x3f, 0xf5, 0x8f,
    0xc0, 0x0, 0xa, 0xf8, 0x8f, 0x90, 0x0, 0x9,
    0xf9, 0x8f, 0x90, 0x0, 0x9, 0xf9, 0x8f, 0x90,
    0x0, 0x9, 0xf9, 0x8f, 0x90, 0x0, 0x9, 0xf9,
    0x8f, 0x90, 0x0, 0x9, 0xf9, 0x8f, 0x90, 0x0,
    0x9, 0xf9, 0x8f, 0x90, 0x0, 0x9, 0xf9, 0x0,
    0x0, 0x0, 0x9, 0xf9, 0x0, 0x0, 0x0, 0x9,
    0xf9, 0x0, 0x0, 0x0, 0x9, 0xf9, 0x0, 0x0,
    0x0, 0x9, 0xf9,

    /* U+03B8 "?" */
    0x0, 0x2a, 0xef, 0xc6, 0x0, 0x0, 0x3f, 0xfe,
    0xdf, 0xfa, 0x0, 0xe, 0xf7, 0x0, 0x2d, 0xf6,
    0x6, 0xfc, 0x0, 0x0, 0x4f, 0xd0, 0xaf, 0x60,
    0x0, 0x0, 0xff, 0x2c, 0xf4, 0x0, 0x0, 0xd,
    0xf4, 0xdf, 0xff, 0xff, 0xff, 0xff, 0x5d, 0xfb,
    0xaa, 0xaa, 0xae, 0xf5, 0xcf, 0x40, 0x0, 0x0,
    0xdf, 0x4a, 0xf6, 0x0, 0x0, 0xf, 0xf2, 0x6f,
    0xc0, 0x0, 0x4, 0xfd, 0x0, 0xef, 0x70, 0x2,
    0xef, 0x60, 0x3, 0xff, 0xed, 0xff, 0xa0, 0x0,
    0x2, 0xae, 0xfc, 0x60, 0x0,

    /* U+03B9 "?" */
    0x8f, 0x90, 0x8, 0xf9, 0x0, 0x8f, 0x90, 0x8,
    0xf9, 0x0, 0x8f, 0x90, 0x8, 0xf9, 0x0, 0x8f,
    0x90, 0x8, 0xf9, 0x0, 0x8f, 0xa0, 0x5, 0xff,
    0xd3, 0x8, 0xef, 0x50,

    /* U+03BA "?" */
    0x8f, 0x90, 0x0, 0x4f, 0xf5, 0x8f, 0x90, 0x1,
    0xef, 0x80, 0x8f, 0x90, 0xb, 0xfb, 0x0, 0x8f,
    0x90, 0x6f, 0xe1, 0x0, 0x8f, 0x92, 0xff, 0x30,
    0x0, 0x8f, 0xff, 0xf7, 0x0, 0x0, 0x8f, 0xcb,
    0xfc, 0x0, 0x0, 0x8f, 0x90, 0xcf, 0xa0, 0x0,
    0x8f, 0x90, 0x1e, 0xf8, 0x0, 0x8f, 0x90, 0x3,
    0xff, 0x50, 0x8f, 0x90, 0x0, 0x6f, 0xf3,

    /* U+03BB "?" */
    0x6, 0xfe, 0xa1, 0x0, 0x0, 0x0, 0x0, 0x2c,
    0xdf, 0xd0, 0x0, 0x0, 0x0, 0x0, 0x0, 0xdf,
    0x60, 0x0, 0x0, 0x0, 0x0, 0x7, 0xfd, 0x0,
    0x0, 0x0, 0x0, 0x0, 0xcf, 0xf4, 0x0, 0x0,
    0x0, 0x0, 0x2f, 0xef, 0xa0, 0x0, 0x0, 0x0,
    0x8, 0xf6, 0xef, 0x10, 0x0, 0x0, 0x0, 0xef,
    0x19, 0xf7, 0x0, 0x0, 0x0, 0x5f, 0xc0, 0x3f,
    0xe0, 0x0, 0x0, 0xc, 0xf6, 0x0, 0xdf, 0x40,
    0x0, 0x2, 0xff, 0x10, 0x6, 0xfb, 0x0, 0x0,
    0x8f, 0xa0, 0x0, 0xf, 0xf3, 0x0, 0xe, 0xf5,
    0x0, 0x0, 0x7f, 0xfc, 0x65, 0xfe, 0x0, 0x0,
    0x0, 0x7d, 0xfb,

    /* U+03BC "?" */
    0x8f, 0x90, 0x0, 0x8, 0xf9, 0x8, 0xf9, 0x0,
    0x0, 0x8f, 0x90, 0x8f, 0x90, 0x0, 0x8, 0xf9,
    0x8, 0xf9, 0x0, 0x0, 0x8f, 0x90, 0x8f, 0x90,
    0x0, 0x8, 0xf9, 0x8, 0xf9, 0x0, 0x0, 0x8f,
    0x90, 0x8f, 0x90, 0x0, 0x8, 0xf9, 0x8, 0xfb,
    0x0, 0x0, 0xaf, 0x90, 0x8f, 0xf3, 0x0, 0x2f,
    0xf9, 0x8, 0xfe, 0xfb, 0xbf, 0xcf, 0xf9, 0x8f,
    0x98, 0xee, 0x90, 0x8e, 0xe8, 0xf9, 0x0, 0x0,
    0x0, 0x0, 0x8f, 0x90, 0x0, 0x0, 0x0, 0x8,
    0xf9, 0x0, 0x0, 0x0, 0x0, 0x8f, 0x90, 0x0,
    0x0, 0x0, 0x0,

    /* U+03BD "?" */
    0x8e, 0xa0, 0x0, 0x0, 0xf, 0xf4, 0x6f, 0xf9,
    0x0, 0x0, 0x5f, 0xe0, 0x3, 0xff, 0x0, 0x0,
    0xbf, 0x80, 0x0, 0xdf, 0x60, 0x1, 0xff, 0x20,
    0x0, 0x7f, 0xb0, 0x6, 0xfc, 0x0, 0x0, 0x1f,
    0xf1, 0xb, 0xf6, 0x0, 0x0, 0xb, 0xf6, 0x1f,
    0xf1, 0x0, 0x0, 0x5, 0xfb, 0x5f, 0xa0, 0x0,
    0x0, 0x0, 0xef, 0xaf, 0x40, 0x0, 0x0, 0x0,
    0x9f, 0xfe, 0x0, 0x0, 0x0, 0x0, 0x3f, 0xf8,
    0x0, 0x0,

    /* U+03BE "?" */
    0x6f, 0xff, 0xff, 0xff, 0xa4, 0xab, 0xef, 0xcb,
    0xa6, 0x6, 0xe8, 0x0, 0x0, 0x2, 0xfe, 0x0,
    0x0, 0x0, 0x4f, 0xe0, 0x0, 0x0, 0x0, 0xef,
    0xa2, 0x0, 0x0, 0x1, 0x8c, 0xff, 0xff, 0x0,
    0x5c, 0xfe, 0xcc, 0xb0, 0x6f, 0xc2, 0x0, 0x0,
    0xd, 0xf3, 0x0, 0x0, 0x0, 0xff, 0x30, 0x0,
    0x0, 0xc, 0xfc, 0x10, 0x0, 0x0, 0x3f, 0xff,
    0xdc, 0xb7, 0x0, 0x29, 0xdf, 0xff, 0xf9, 0x0,
    0x0, 0x0, 0x2f, 0xe0, 0x0, 0x0, 0x0, 0xff,
    0x0, 0x0, 0x0, 0xf, 0xf0,

    /* U+03BF "?" */
    0x0, 0x5, 0xce, 0xfc, 0x60, 0x0, 0x0, 0x9f,
    0xfe, 0xef, 0xfa, 0x0, 0x5, 0xff, 0x50, 0x4,
    0xff, 0x60, 0xb, 0xf8, 0x0, 0x0, 0x7f, 0xd0,
    0xf, 0xf3, 0x0, 0x0, 0x2f, 0xf0, 0xf, 0xf2,
    0x0, 0x0, 0xf, 0xf1, 0xf, 0xf3, 0x0, 0x0,
    0x2f, 0xf0, 0xc, 0xf8, 0x0, 0x0, 0x7f, 0xd0,
    0x5, 0xff, 0x40, 0x3, 0xff, 0x60, 0x0, 0x9f,
    0xfd, 0xdf, 0xfa, 0x0, 0x0, 0x5, 0xcf, 0xfc,
    0x60, 0x0,

    /* U+03C0 "?" */
    0xaf, 0xff, 0xff, 0xff, 0xff, 0xfe, 0x7b, 0xff,
    0xcb, 0xbc, 0xff, 0xba, 0x0, 0xef, 0x30, 0x1,
    0xff, 0x0, 0x0, 0xef, 0x30, 0x1, 0xff, 0x0,
    0x0, 0xef, 0x30, 0x1, 0xff, 0x0, 0x0, 0xef,
    0x30, 0x1, 0xff, 0x0, 0x0, 0xef, 0x30, 0x1,
    0xff, 0x0, 0x0, 0xef, 0x30, 0x1, 0xff, 0x0,
    0x0, 0xef, 0x30, 0x1, 0xff, 0x10, 0x0, 0xef,
    0x30, 0x0, 0xef, 0xe8, 0x0, 0xef, 0x30, 0x0,
    0x3d, 0xfc,

    /* U+03C1 "?" */
    0x0, 0x29, 0xef, 0xd8, 0x10, 0x0, 0x2e, 0xff,
    0xdf, 0xfe, 0x20, 0xc, 0xfa, 0x0, 0x1c, 0xfb,
    0x3, 0xfe, 0x0, 0x0, 0x2f, 0xf1, 0x7f, 0xa0,
    0x0, 0x0, 0xdf, 0x58, 0xf9, 0x0, 0x0, 0xc,
    0xf6, 0x8f, 0xa0, 0x0, 0x0, 0xef, 0x58, 0xff,
    0x0, 0x0, 0x2f, 0xf2, 0x8f, 0xfa, 0x0, 0x1c,
    0xfc, 0x8, 0xfa, 0xef, 0xdf, 0xfe, 0x20, 0x8f,
    0x92, 0xbf, 0xea, 0x20, 0x8, 0xf9, 0x0, 0x0,
    0x0, 0x0, 0x8f, 0x90, 0x0, 0x0, 0x0, 0x8,
    0xf9, 0x0, 0x0, 0x0, 0x0, 0x8f, 0x90, 0x0,
    0x0, 0x0, 0x0,

    /* U+03C2 "?" */
    0x0, 0x5, 0xce, 0xec, 0x60, 0x0, 0x8, 0xff,
    0xee, 0xff, 0x90, 0x4, 0xff, 0x50, 0x4, 0xff,
    0x40, 0xbf, 0x80, 0x0, 0x6, 0x72, 0xf, 0xf3,
    0x0, 0x0, 0x0, 0x0, 0xff, 0x20, 0x0, 0x0,
    0x0, 0xf, 0xf3, 0x0, 0x0, 0x0, 0x0, 0xcf,
    0x80, 0x0, 0x0, 0x0, 0x6, 0xff, 0x30, 0x0,
    0x0, 0x0, 0xa, 0xff, 0xdc, 0xb6, 0x0, 0x0,
    0x6, 0xcf, 0xff, 0xfa, 0x0, 0x0, 0x0, 0x0,
    0x2e, 0xf1, 0x0, 0x0, 0x0, 0x0, 0xbf, 0x30,
    0x0, 0x0, 0x0, 0xb, 0xf4,

    /* U+03C3 "?" */
    0x0, 0x5, 0xcf, 0xff, 0xff, 0xff, 0x40, 0x9,
    0xff, 0xdc, 0xff, 0xbb, 0xb3, 0x5, 0xff, 0x30,
    0x2, 0xeb, 0x0, 0x0, 0xcf, 0x70, 0x0, 0x6,
    0xf8, 0x0, 0xf, 0xf3, 0x0, 0x0, 0x2f, 0xf0,
    0x0, 0xff, 0x20, 0x0, 0x0, 0xff, 0x10, 0xf,
    0xf3, 0x0, 0x0, 0x2f, 0xf0, 0x0, 0xbf, 0x80,
    0x0, 0x7, 0xfd, 0x0, 0x5, 0xff, 0x40, 0x4,
    0xff, 0x70, 0x0, 0x9, 0xff, 0xed, 0xff, 0xb0,
    0x0, 0x0, 0x5, 0xcf, 0xfc, 0x60, 0x0, 0x0,

    /* U+03C4 "?" */
    0xcf, 0xff, 0xff, 0xff, 0xf6, 0xad, 0xdd, 0xff,
    0xdd, 0xd5, 0x0, 0x4, 0xfe, 0x0, 0x0, 0x0,
    0x4, 0xfe, 0x0, 0x0, 0x0, 0x4, 0xfe, 0x0,
    0x0, 0x0, 0x4, 0xfe, 0x0, 0x0, 0x0, 0x4,
    0xfe, 0x0, 0x0, 0x0, 0x4, 0xfe, 0x0, 0x0,
    0x0, 0x3, 0xff, 0x0, 0x0, 0x0, 0x0, 0xef,
    0xed, 0x10, 0x0, 0x0, 0x3b, 0xfe, 0x30,

    /* U+03C5 "?" */
    0x8f, 0x90, 0x0, 0x9, 0xf9, 0x8f, 0x90, 0x0,
    0x9, 0xf9, 0x8f, 0x90, 0x0, 0x9, 0xf9, 0x8f,
    0x90, 0x0, 0x9, 0xf9, 0x8f, 0x90, 0x0, 0x9,
    0xf9, 0x8f, 0x90, 0x0, 0x9, 0xf9, 0x8f, 0x90,
    0x0, 0x9, 0xf9, 0x7f, 0xb0, 0x0, 0xb, 0xf8,
    0x3f, 0xf5, 0x0, 0x5f, 0xf4, 0xa, 0xff, 0xff,
    0xff, 0xb0, 0x0, 0x7d, 0xff, 0xd7, 0x0,

    /* U+03C6 "?" */
    0x0, 0x7, 0x70, 0x4, 0xdf, 0xd7, 0x0, 0x0,
    0xaf, 0xe0, 0x2f, 0xfe, 0xff, 0xb0, 0x5, 0xfe,
    0x20, 0x8f, 0xb0, 0x1e, 0xf5, 0xb, 0xf6, 0x0,
    0xaf, 0x70, 0x6, 0xfb, 0xf, 0xf2, 0x0, 0xaf,
    0x70, 0x3, 0xfe, 0xf, 0xf1, 0x0, 0xaf, 0x70,
    0x2, 0xff, 0xf, 0xf3, 0x0, 0xaf, 0x70, 0x4,
    0xfd, 0xb, 0xf8, 0x0, 0xaf, 0x70, 0xa, 0xf9,
    0x4, 0xff, 0x60, 0xaf, 0x70, 0x8f, 0xf2, 0x0,
    0x8f, 0xff, 0xef, 0xef, 0xff, 0x50, 0x0, 0x4,
    0xbe, 0xff, 0xfe, 0x92, 0x0, 0x0, 0x0, 0x0,
    0xaf, 0x70, 0x0, 0x0, 0x0, 0x0, 0x0, 0xaf,
    0x70, 0x0, 0x0, 0x0, 0x0, 0x0, 0xaf, 0x70,
    0x0, 0x0, 0x0, 0x0, 0x0, 0xaf, 0x70, 0x0,
    0x0,

    /* U+03C7 "?" */
    0xcf, 0xa0, 0x0, 0x0, 0x8f, 0xa0, 0xaf, 0xfa,
    0x0, 0x1, 0xff, 0x20, 0x1, 0xef, 0x30, 0x9,
    0xf9, 0x0, 0x0, 0x7f, 0xc0, 0x2f, 0xf1, 0x0,
    0x0, 0xe, 0xf4, 0xaf, 0x80, 0x0, 0x0, 0x6,
    0xfd, 0xfe, 0x10, 0x0, 0x0, 0x0, 0xdf, 0xf7,
    0x0, 0x0, 0x0, 0x0, 0x7f, 0xf0, 0x0, 0x0,
    0x0, 0x0, 0xdf, 0xf6, 0x0, 0x0, 0x0, 0x7,
    0xfe, 0xfe, 0x0, 0x0, 0x0, 0xe, 0xf3, 0xbf,
    0x70, 0x0, 0x0, 0x8f, 0xb0, 0x3f, 0xe0, 0x0,
    0x1, 0xff, 0x30, 0xb, 0xf8, 0x0, 0x9, 0xfa,
    0x0, 0x2, 0xff, 0xd4, 0x2f, 0xf2, 0x0, 0x0,
    0x5d, 0xf5,

    /* U+03C8 "?" */
    0x0, 0x0, 0x0, 0x88, 0x0, 0x0, 0x0, 0x0,
    0x0, 0x1, 0xff, 0x0, 0x0, 0x0, 0x0, 0x0,
    0x1, 0xff, 0x0, 0x0, 0x0, 0x8f, 0x90, 0x1,
    0xff, 0x0, 0xa, 0xf7, 0x8f, 0x90, 0x1, 0xff,
    0x0, 0xa, 0xf7, 0x8f, 0x90, 0x1, 0xff, 0x0,
    0xa, 0xf7, 0x8f, 0x90, 0x1, 0xff, 0x0, 0xa,
    0xf7, 0x8f, 0x90, 0x1, 0xff, 0x0, 0xa, 0xf7,
    0x8f, 0x90, 0x1, 0xff, 0x0, 0xb, 0xf7, 0x7f,
    0xb0, 0x1, 0xff, 0x0, 0xc, 0xf5, 0x3f, 0xe0,
    0x1, 0xff, 0x0, 0x1f, 0xf2, 0xd, 0xfb, 0x11,
    0xff, 0x2, 0xcf, 0xb0, 0x3, 0xef, 0xfe, 0xff,
    0xef, 0xfe, 0x20, 0x0, 0x19, 0xdf, 0xff, 0xfd,
    0x81, 0x0, 0x0, 0x0, 0x1, 0xff, 0x0, 0x0,
    0x0, 0x0, 0x0, 0x1, 0xff, 0x0, 0x0, 0x0,
    0x0, 0x0, 0x1, 0xff, 0x0, 0x0, 0x0, 0x0,
    0x0, 0x1, 0xff, 0x0, 0x0, 0x0,

    /* U+03C9 "?" */
    0x0, 0x2f, 0xf3, 0x0, 0x0, 0x1e, 0xf6, 0x0,
    0x0, 0xdf, 0x70, 0x0, 0x0, 0x3, 0xff, 0x20,
    0x5, 0xfe, 0x0, 0x0, 0x0, 0x0, 0xaf, 0xa0,
    0xb, 0xf7, 0x0, 0x2, 0x20, 0x0, 0x3f, 0xf0,
    0xe, 0xf3, 0x0, 0xd, 0xf2, 0x0, 0xf, 0xf3,
    0xf, 0xf2, 0x0, 0xd, 0xf2, 0x0, 0xd, 0xf4,
    0xf, 0xf2, 0x0, 0xe, 0xf3, 0x0, 0xd, 0xf4,
    0xe, 0xf4, 0x0, 0xf, 0xf5, 0x0, 0xf, 0xf2,
    0x9, 0xfc, 0x0, 0x7f, 0xfb, 0x0, 0x8f, 0xd0,
    0x1, 0xef, 0xfd, 0xfb, 0x7f, 0xee, 0xff, 0x40,
    0x0, 0x2a, 0xef, 0xa1, 0x8, 0xef, 0xc4, 0x0,

    /* U+03CA "?" */
    0x7f, 0x50, 0x5f, 0x8b, 0xf9, 0x9, 0xfc, 0x26,
    0x10, 0x16, 0x20, 0x8, 0xf9, 0x0, 0x0, 0x8f,
    0x90, 0x0, 0x8, 0xf9, 0x0, 0x0, 0x8f, 0x90,
    0x0, 0x8, 0xf9, 0x0, 0x0, 0x8f, 0x90, 0x0,
    0x8, 0xf9, 0x0, 0x0, 0x8f, 0x90, 0x0, 0x8,
    0xfa, 0x0, 0x0, 0x5f, 0xfd, 0x30, 0x0, 0x8e,
    0xf5,

    /* U+03CB "?" */
    0x1, 0xdc, 0x0, 0xce, 0x10, 0x3, 0xff, 0x11,
    0xff, 0x40, 0x0, 0x54, 0x0, 0x45, 0x0, 0x8f,
    0x90, 0x0, 0x9, 0xf9, 0x8f, 0x90, 0x0, 0x9,
    0xf9, 0x8f, 0x90, 0x0, 0x9, 0xf9, 0x8f, 0x90,
    0x0, 0x9, 0xf9, 0x8f, 0x90, 0x0, 0x9, 0xf9,
    0x8f, 0x90, 0x0, 0x9, 0xf9, 0x8f, 0x90, 0x0,
    0x9, 0xf9, 0x7f, 0xb0, 0x0, 0xb, 0xf8, 0x3f,
    0xf5, 0x0, 0x5f, 0xf4, 0xa, 0xff, 0xff, 0xff,
    0xb0, 0x0, 0x7d, 0xff, 0xd7, 0x0,

    /* U+03CC "?" */
    0x0, 0x0, 0x6, 0xf9, 0x0, 0x0, 0x0, 0x0,
    0x8, 0xf3, 0x0, 0x0, 0x0, 0x0, 0x8, 0xc0,
    0x0, 0x0, 0x0, 0x0, 0x0, 0x0, 0x0, 0x0,
    0x0, 0x5, 0xce, 0xfc, 0x60, 0x0, 0x0, 0x9f,
    0xfe, 0xef, 0xfa, 0x0, 0x5, 0xff, 0x50, 0x4,
    0xff, 0x60, 0xb, 0xf8, 0x0, 0x0, 0x7f, 0xd0,
    0xf, 0xf3, 0x0, 0x0, 0x2f, 0xf0, 0xf, 0xf2,
    0x0, 0x0, 0xf, 0xf1, 0xf, 0xf3, 0x0, 0x0,
    0x2f, 0xf0, 0xc, 0xf8, 0x0, 0x0, 0x7f, 0xd0,
    0x5, 0xff, 0x40, 0x3, 0xff, 0x60, 0x0, 0x9f,
    0xfd, 0xdf, 0xfa, 0x0, 0x0, 0x5, 0xcf, 0xfc,
    0x60, 0x0,

    /* U+03CD "?" */
    0x0, 0x0, 0x6f, 0x90, 0x0, 0x0, 0x0, 0x8f,
    0x30, 0x0, 0x0, 0x0, 0x9c, 0x0, 0x0, 0x0,
    0x0, 0x0, 0x0, 0x0, 0x8f, 0x90, 0x0, 0x9,
    0xf9, 0x8f, 0x90, 0x0, 0x9, 0xf9, 0x8f, 0x90,
    0x0, 0x9, 0xf9, 0x8f, 0x90, 0x0, 0x9, 0xf9,
    0x8f, 0x90, 0x0, 0x9, 0xf9, 0x8f, 0x90, 0x0,
    0x9, 0xf9, 0x8f, 0x90, 0x0, 0x9, 0xf9, 0x7f,
    0xb0, 0x0, 0xb, 0xf8, 0x3f, 0xf5, 0x0, 0x5f,
    0xf4, 0xa, 0xff, 0xff, 0xff, 0xb0, 0x0, 0x7d,
    0xff, 0xd7, 0x0,

    /* U+03CE "?" */
    0x0, 0x0, 0x0, 0x4, 0xfb, 0x0, 0x0, 0x0,
    0x0, 0x0, 0x0, 0x6, 0xf5, 0x0, 0x0, 0x0,
    0x0, 0x0, 0x0, 0x7, 0xd0, 0x0, 0x0, 0x0,
    0x0, 0x0, 0x0, 0x0, 0x0, 0x0, 0x0, 0x0,
    0x0, 0x2f, 0xf3, 0x0, 0x0, 0x1e, 0xf6, 0x0,
    0x0, 0xdf, 0x70, 0x0, 0x0, 0x3, 0xff, 0x20,
    0x5, 0xfe, 0x0, 0x0, 0x0, 0x0, 0xaf, 0xa0,
    0xb, 0xf7, 0x0, 0x2, 0x20, 0x0, 0x3f, 0xf0,
    0xe, 0xf3, 0x0, 0xd, 0xf2, 0x0, 0xf, 0xf3,
    0xf, 0xf2, 0x0, 0xd, 0xf2, 0x0, 0xd, 0xf4,
    0xf, 0xf2, 0x0, 0xe, 0xf3, 0x0, 0xd, 0xf4,
    0xe, 0xf4, 0x0, 0xf, 0xf5, 0x0, 0xf, 0xf2,
    0x9, 0xfc, 0x0, 0x7f, 0xfb, 0x0, 0x8f, 0xd0,
    0x1, 0xef, 0xfd, 0xfb, 0x7f, 0xee, 0xff, 0x40,
    0x0, 0x2a, 0xef, 0xa1, 0x8, 0xef, 0xc4, 0x0,

    /* U+03CF "?" */
    0x6f, 0xd0, 0x0, 0x0, 0x3f, 0xfa, 0x6, 0xfd,
    0x0, 0x0, 0x2e, 0xfb, 0x0, 0x6f, 0xd0, 0x0,
    0x2e, 0xfc, 0x0, 0x6, 0xfd, 0x0, 0x1d, 0xfc,
    0x0, 0x0, 0x6f, 0xd0, 0xd, 0xfd, 0x10, 0x0,
    0x6, 0xfd, 0xb, 0xfd, 0x10, 0x0, 0x0, 0x6f,
    0xd9, 0xff, 0xb0, 0x0, 0x0, 0x6, 0xff, 0xfd,
    0xff, 0x70, 0x0, 0x0, 0x6f, 0xfd, 0x16, 0xff,
    0x30, 0x0, 0x6, 0xfe, 0x10, 0xa, 0xfe, 0x10,
    0x0, 0x6f, 0xd0, 0x0, 0xd, 0xfa, 0x0, 0x6,
    0xfd, 0x0, 0x0, 0x3f, 0xf6, 0x0, 0x6f, 0xd0,
    0x0, 0x0, 0x7f, 0xf2, 0x6, 0xfd, 0x0, 0x0,
    0x0, 0xbf, 0xd0, 0x0, 0x0, 0x0, 0x0, 0xb,
    0xfd, 0x0, 0x0, 0x0, 0x0, 0x6, 0xff, 0x20,
    0x0, 0x0, 0x0, 0x2, 0xff, 0x60, 0x0, 0x0,
    0x0, 0x0, 0x1b, 0xb0, 0x0, 0x0, 0x0, 0x0,
    0x0, 0x0, 0x0, 0x0,

    /* U+03D0 "?" */
    0x0, 0x5, 0xce, 0xfb, 0x30, 0x0, 0x9, 0xff,
    0xde, 0xff, 0x10, 0x5, 0xfd, 0x20, 0x3f, 0xf3,
    0x0, 0xcf, 0xff, 0xff, 0xfd, 0x0, 0x1f, 0xc5,
    0x9a, 0xa6, 0x0, 0x4, 0xf9, 0x4b, 0xff, 0xc5,
    0x0, 0x6f, 0xef, 0xfe, 0xff, 0xf6, 0x6, 0xff,
    0xb1, 0x0, 0xaf, 0xf0, 0x6f, 0xf2, 0x0, 0x1,
    0xff, 0x44, 0xff, 0x0, 0x0, 0xf, 0xf5, 0x1f,
    0xf2, 0x0, 0x3, 0xff, 0x30, 0xbf, 0xb0, 0x1,
    0xcf, 0xd0, 0x2, 0xef, 0xfe, 0xff, 0xf3, 0x0,
    0x1, 0x9e, 0xfe, 0xa2, 0x0,

    /* U+03D1 "?" */
    0x0, 0x2, 0xbe, 0xea, 0x10, 0x0, 0x1, 0xef,
    0xff, 0xfc, 0x0, 0x0, 0x7f, 0xd1, 0x4f, 0xf3,
    0x0, 0x9, 0xfa, 0x0, 0xff, 0x50, 0x0, 0x8f,
    0xc0, 0xf, 0xf6, 0x0, 0x3, 0xff, 0x40, 0xff,
    0x60, 0x0, 0x9, 0xff, 0x9f, 0xf9, 0x3b, 0xf8,
    0x8, 0xff, 0xff, 0xf9, 0xbf, 0x80, 0x1, 0x6f,
    0xfb, 0x3b, 0xf8, 0x0, 0x0, 0xff, 0x60, 0xaf,
    0xa0, 0x0, 0x1f, 0xf4, 0x5, 0xff, 0x50, 0xa,
    0xff, 0x10, 0xb, 0xff, 0xff, 0xff, 0x60, 0x0,
    0x7, 0xdf, 0xfb, 0x40, 0x0,

    /* U+03D2 "?" */
    0xe, 0xf9, 0x0, 0x0, 0x2, 0xcf, 0xa0, 0xef,
    0xf8, 0x0, 0x0, 0xcf, 0xf8, 0x0, 0x7f, 0xf0,
    0x0, 0x4f, 0xf3, 0x0, 0x0, 0xdf, 0x60, 0xb,
    0xf8, 0x0, 0x0, 0x6, 0xfd, 0x2, 0xff, 0x10,
    0x0, 0x0, 0xe, 0xf5, 0x9f, 0x90, 0x0, 0x0,
    0x0, 0x7f, 0xcf, 0xf2, 0x0, 0x0, 0x0, 0x0,
    0xef, 0xfa, 0x0, 0x0, 0x0, 0x0, 0x8, 0xff,
    0x20, 0x0, 0x0, 0x0, 0x0, 0x4f, 0xf0, 0x0,
    0x0, 0x0, 0x0, 0x4, 0xff, 0x0, 0x0, 0x0,
    0x0, 0x0, 0x4f, 0xf0, 0x0, 0x0, 0x0, 0x0,
    0x4, 0xff, 0x0, 0x0, 0x0, 0x0, 0x0, 0x4f,
    0xf0, 0x0, 0x0,

    /* U+03D3 "?" */
    0xd, 0xf2, 0x3e, 0xe7, 0x0, 0x0, 0x4, 0xdf,
    0x70, 0xfd, 0x1, 0xff, 0xf4, 0x0, 0x0, 0xef,
    0xf5, 0xf, 0x70, 0x1, 0xaf, 0xc0, 0x0, 0x7f,
    0xd1, 0x0, 0x10, 0x0, 0x1, 0xff, 0x30, 0xe,
    0xf5, 0x0, 0x0, 0x0, 0x0, 0x9, 0xfa, 0x5,
    0xfd, 0x0, 0x0, 0x0, 0x0, 0x0, 0x2f, 0xf1,
    0xcf, 0x60, 0x0, 0x0, 0x0, 0x0, 0x0, 0xaf,
    0xcf, 0xe0, 0x0, 0x0, 0x0, 0x0, 0x0, 0x3,
    0xff, 0xf7, 0x0, 0x0, 0x0, 0x0, 0x0, 0x0,
    0xb, 0xfe, 0x0, 0x0, 0x0, 0x0, 0x0, 0x0,
    0x0, 0x7f, 0xb0, 0x0, 0x0, 0x0, 0x0, 0x0,
    0x0, 0x7, 0xfb, 0x0, 0x0, 0x0, 0x0, 0x0,
    0x0, 0x0, 0x7f, 0xb0, 0x0, 0x0, 0x0, 0x0,
    0x0, 0x0, 0x7, 0xfb, 0x0, 0x0, 0x0, 0x0,
    0x0, 0x0, 0x0, 0x7f, 0xb0, 0x0, 0x0,

    /* U+03D4 "?" */
    0x0, 0x0, 0x63, 0x0, 0x54, 0x0, 0x0, 0x0,
    0x6f, 0xe0, 0x3f, 0xf1, 0x0, 0x0, 0x3, 0xea,
    0x1, 0xdc, 0x0, 0x0, 0x0, 0x0, 0x0, 0x0,
    0x0, 0x0, 0x0, 0x0, 0x0, 0x0, 0x0, 0x0,
    0x0, 0xef, 0x90, 0x0, 0x0, 0x2c, 0xfa, 0xe,
    0xff, 0x80, 0x0, 0xc, 0xff, 0x80, 0x7, 0xff,
    0x0, 0x4, 0xff, 0x30, 0x0, 0xd, 0xf6, 0x0,
    0xbf, 0x80, 0x0, 0x0, 0x6f, 0xd0, 0x2f, 0xf1,
    0x0, 0x0, 0x0, 0xef, 0x59, 0xf9, 0x0, 0x0,
    0x0, 0x7, 0xfc, 0xff, 0x20, 0x0, 0x0, 0x0,
    0xe, 0xff, 0xa0, 0x0, 0x0, 0x0, 0x0, 0x8f,
    0xf2, 0x0, 0x0, 0x0, 0x0, 0x4, 0xff, 0x0,
    0x0, 0x0, 0x0, 0x0, 0x4f, 0xf0, 0x0, 0x0,
    0x0, 0x0, 0x4, 0xff, 0x0, 0x0, 0x0, 0x0,
    0x0, 0x4f, 0xf0, 0x0, 0x0, 0x0, 0x0, 0x4,
    0xff, 0x0, 0x0, 0x0,

    /* U+03D5 "?" */
    0x0, 0x0, 0x0, 0xff, 0x10, 0x0, 0x0, 0x0,
    0x0, 0x0, 0xff, 0x10, 0x0, 0x0, 0x0, 0x0,
    0x0, 0xff, 0x10, 0x0, 0x0, 0x0, 0x5, 0xce,
    0xff, 0xfc, 0x60, 0x0, 0x0, 0x9f, 0xfe, 0xff,
    0xef, 0xfb, 0x0, 0x5, 0xff, 0x50, 0xff, 0x13,
    0xef, 0x70, 0xb, 0xf8, 0x0, 0xff, 0x10, 0x6f,
    0xd0, 0xf, 0xf3, 0x0, 0xff, 0x10, 0x1f, 0xf1,
    0xf, 0xf2, 0x0, 0xff, 0x10, 0xf, 0xf2, 0xf,
    0xf3, 0x0, 0xff, 0x10, 0x1f, 0xf1, 0xc, 0xf8,
    0x0, 0xff, 0x10, 0x6f, 0xd0, 0x5, 0xff, 0x40,
    0xff, 0x13, 0xef, 0x70, 0x0, 0x9f, 0xfd, 0xff,
    0xdf, 0xfb, 0x0, 0x0, 0x5, 0xcf, 0xff, 0xfc,
    0x60, 0x0, 0x0, 0x0, 0x0, 0xff, 0x10, 0x0,
    0x0, 0x0, 0x0, 0x0, 0xff, 0x10, 0x0, 0x0,
    0x0, 0x0, 0x0, 0xff, 0x10, 0x0, 0x0, 0x0,
    0x0, 0x0, 0xff, 0x10, 0x0, 0x0,

    /* U+03D6 "?" */
    0x1f, 0xff, 0xff, 0xff, 0xff, 0xff, 0xff, 0xff,
    0x31, 0xcf, 0xfc, 0xbb, 0xbb, 0xbb, 0xbb, 0xff,
    0xc2, 0x4, 0xfe, 0x0, 0x0, 0x0, 0x0, 0xd,
    0xf6, 0x0, 0x8f, 0xa0, 0x0, 0x24, 0x30, 0x0,
    0x8f, 0xa0, 0xa, 0xf8, 0x0, 0xa, 0xfc, 0x0,
    0x6, 0xfc, 0x0, 0xaf, 0x70, 0x0, 0xaf, 0xc0,
    0x0, 0x5f, 0xd0, 0xa, 0xf8, 0x0, 0xa, 0xfc,
    0x0, 0x6, 0xfc, 0x0, 0x8f, 0xc0, 0x0, 0xdf,
    0xe0, 0x0, 0xaf, 0x90, 0x3, 0xff, 0x40, 0x5f,
    0xff, 0x60, 0x3f, 0xf4, 0x0, 0xa, 0xff, 0xef,
    0xf4, 0xff, 0xef, 0xfc, 0x0, 0x0, 0x8, 0xef,
    0xc4, 0x3, 0xcf, 0xe9, 0x0, 0x0,

    /* U+03D7 "?" */
    0x8f, 0x90, 0x0, 0x4f, 0xf5, 0x8f, 0x90, 0x1,
    0xef, 0x90, 0x8f, 0x90, 0xa, 0xfc, 0x0, 0x8f,
    0x90, 0x6f, 0xe2, 0x0, 0x8f, 0x92, 0xff, 0x40,
    0x0, 0x8f, 0xff, 0xf8, 0x0, 0x0, 0x8f, 0xee,
    0xfb, 0x0, 0x0, 0x8f, 0x91, 0xdf, 0x90, 0x0,
    0x8f, 0x90, 0x2e, 0xf7, 0x0, 0x8f, 0x90, 0x3,
    0xff, 0x50, 0x8f, 0x90, 0x0, 0x4f, 0xf3, 0x0,
    0x0, 0x0, 0x3f, 0xf3, 0x0, 0x0, 0x0, 0xdf,
    0x50, 0x0, 0x0, 0xa, 0xf8, 0x0, 0x0, 0x0,
    0xb, 0xa0, 0x0, 0x0, 0x0, 0x0, 0x0, 0x0,

    /* U+03DC "?" */
    0x6f, 0xff, 0xff, 0xff, 0xfa, 0x6f, 0xfe, 0xee,
    0xee, 0xe9, 0x6f, 0xd0, 0x0, 0x0, 0x0, 0x6f,
    0xd0, 0x0, 0x0, 0x0, 0x6f, 0xd0, 0x0, 0x0,
    0x0, 0x6f, 0xd0, 0x0, 0x0, 0x0, 0x6f, 0xfe,
    0xee, 0xee, 0xe9, 0x6f, 0xff, 0xff, 0xff, 0xfa,
    0x6f, 0xd0, 0x0, 0x0, 0x0, 0x6f, 0xd0, 0x0,
    0x0, 0x0, 0x6f, 0xd0, 0x0, 0x0, 0x0, 0x6f,
    0xd0, 0x0, 0x0, 0x0, 0x6f, 0xd0, 0x0, 0x0,
    0x0, 0x6f, 0xd0, 0x0, 0x0, 0x0,

    /* U+03DD "?" */
    0x8f, 0xff, 0xff, 0xff, 0x88, 0xfe, 0xdd, 0xdd,
    0xd7, 0x8f, 0x90, 0x0, 0x0, 0x8, 0xf9, 0x0,
    0x0, 0x0, 0x8f, 0x90, 0x0, 0x0, 0x8, 0xf9,
    0x0, 0x0, 0x0, 0x8f, 0xff, 0xff, 0xff, 0x88,
    0xfe, 0xcc, 0xcc, 0xc6, 0x8f, 0x90, 0x0, 0x0,
    0x8, 0xf9, 0x0, 0x0, 0x0, 0x8f, 0x90, 0x0,
    0x0, 0x8, 0xf9, 0x0, 0x0, 0x0, 0x8f, 0x90,
    0x0, 0x0, 0x8, 0xf9, 0x0, 0x0, 0x0, 0x8f,
    0x90, 0x0, 0x0, 0x0,

    /* U+03F0 "?" */
    0xcf, 0xc4, 0x0, 0x0, 0xd, 0xf4, 0xb, 0xff,
    0xf2, 0x0, 0xa, 0xf9, 0x0, 0x0, 0xdf, 0x70,
    0x6, 0xff, 0x40, 0x0, 0x9, 0xf9, 0x2, 0xff,
    0xf4, 0x0, 0x0, 0x9f, 0x90, 0xdf, 0xff, 0x40,
    0x0, 0x9, 0xf9, 0x9f, 0x9d, 0xf4, 0x0, 0x0,
    0x9f, 0xef, 0xd0, 0xdf, 0x40, 0x0, 0x9, 0xff,
    0xf2, 0xd, 0xf4, 0x0, 0x0, 0x9f, 0xf6, 0x0,
    0xbf, 0x80, 0x0, 0xa, 0xfa, 0x0, 0x5, 0xff,
    0xe8, 0x4, 0xfe, 0x10, 0x0, 0x7, 0xdf, 0x80,

    /* U+03F1 "?" */
    0x0, 0x19, 0xef, 0xd8, 0x10, 0x0, 0x2e, 0xff,
    0xef, 0xfd, 0x10, 0xb, 0xfd, 0x10, 0x2d, 0xfa,
    0x2, 0xff, 0x40, 0x0, 0x5f, 0xf0, 0x5f, 0xf0,
    0x0, 0x1, 0xff, 0x36, 0xfe, 0x0, 0x0, 0xf,
    0xf5, 0x6f, 0xf0, 0x0, 0x0, 0xff, 0x45, 0xff,
    0x30, 0x0, 0x5f, 0xf1, 0x3f, 0xfd, 0x30, 0x3e,
    0xfb, 0x0, 0xfd, 0xff, 0xff, 0xfe, 0x20, 0xb,
    0xe3, 0x9c, 0xc8, 0x10, 0x0, 0x3f, 0xb1, 0x0,
    0x0, 0x0, 0x0, 0x6f, 0xfb, 0x73, 0x0, 0x0,
    0x0, 0x2a, 0xff, 0xfb, 0x0, 0x0, 0x0, 0x0,
    0x3c, 0xf6, 0x0, 0x0, 0x0, 0x0, 0x25, 0x20,

    /* U+03F2 "?" */
    0x0, 0x5, 0xce, 0xec, 0x60, 0x0, 0x9, 0xff,
    0xee, 0xff, 0xa0, 0x5, 0xff, 0x40, 0x4, 0xff,
    0x40, 0xbf, 0x80, 0x0, 0x5, 0x62, 0xf, 0xf3,
    0x0, 0x0, 0x0, 0x0, 0xff, 0x20, 0x0, 0x0,
    0x0, 0xf, 0xf3, 0x0, 0x0, 0x0, 0x0, 0xcf,
    0x80, 0x0, 0x5, 0x72, 0x5, 0xff, 0x40, 0x3,
    0xef, 0x40, 0x9, 0xff, 0xed, 0xff, 0x90, 0x0,
    0x5, 0xcf, 0xfc, 0x50, 0x0,

    /* U+03F3 "?" */
    0x0, 0x7f, 0x70, 0xc, 0xfc, 0x0, 0x27, 0x20,
    0x9, 0xf9, 0x0, 0x9f, 0x90, 0x9, 0xf9, 0x0,
    0x9f, 0x90, 0x9, 0xf9, 0x0, 0x9f, 0x90, 0x9,
    0xf9, 0x0, 0x9f, 0x90, 0x9, 0xf9, 0x0, 0x9f,
    0x90, 0x9, 0xf9, 0x0, 0x9f, 0x90, 0xc, 0xf7,
    0x4e, 0xff, 0x25, 0xfc, 0x30,

    /* U+03F4 "?" */
    0x0, 0x3, 0xad, 0xfe, 0xb5, 0x0, 0x0, 0x0,
    0x8f, 0xff, 0xff, 0xff, 0xc1, 0x0, 0x7, 0xff,
    0x82, 0x1, 0x6e, 0xfc, 0x0, 0x2f, 0xf6, 0x0,
    0x0, 0x2, 0xff, 0x70, 0x8f, 0xc0, 0x0, 0x0,
    0x0, 0x6f, 0xd0, 0xbf, 0x70, 0x0, 0x0, 0x0,
    0x2f, 0xf1, 0xdf, 0xff, 0xff, 0xff, 0xff, 0xff,
    0xf2, 0xdf, 0xca, 0xaa, 0xaa, 0xaa, 0xbf, 0xf2,
    0xbf, 0x80, 0x0, 0x0, 0x0, 0x3f, 0xf1, 0x8f,
    0xd0, 0x0, 0x0, 0x0, 0x8f, 0xd0, 0x2f, 0xf7,
    0x0, 0x0, 0x3, 0xff, 0x70, 0x8, 0xff, 0x92,
    0x1, 0x6e, 0xfc, 0x0, 0x0, 0x8f, 0xff, 0xff,
    0xff, 0xc1, 0x0, 0x0, 0x3, 0xad, 0xfe, 0xb6,
    0x0, 0x0,

    /* U+03F5 "?" */
    0x0, 0x19, 0xef, 0xff, 0x80, 0x2e, 0xff, 0xdd,
    0xd7, 0xb, 0xfd, 0x20, 0x0, 0x1, 0xff, 0x60,
    0x0, 0x0, 0x4f, 0xf1, 0x0, 0x0, 0x5, 0xff,
    0xff, 0xfc, 0x0, 0x4f, 0xfc, 0xcc, 0x90, 0x1,
    0xff, 0x30, 0x0, 0x0, 0xb, 0xfb, 0x10, 0x0,
    0x0, 0x2e, 0xff, 0xdd, 0xd7, 0x0, 0x19, 0xef,
    0xff, 0x80,

    /* U+03F6 "?" */
    0x5f, 0xff, 0xea, 0x20, 0x4, 0xdd, 0xdf, 0xff,
    0x40, 0x0, 0x0, 0xc, 0xfe, 0x0, 0x0, 0x0,
    0x3f, 0xf4, 0x0, 0x0, 0x0, 0xef, 0x70, 0x9,
    0xff, 0xff, 0xf8, 0x0, 0x7c, 0xcc, 0xff, 0x70,
    0x0, 0x0, 0xf, 0xf4, 0x0, 0x0, 0x9, 0xfe,
    0x4, 0xdd, 0xdf, 0xff, 0x40, 0x5f, 0xff, 0xea,
    0x30, 0x0,

    /* U+03F9 "?" */
    0x0, 0x3, 0xad, 0xfe, 0xb6, 0x0, 0x0, 0x8,
    0xff, 0xff, 0xff, 0xfc, 0x10, 0x8, 0xff, 0x93,
    0x2, 0x6e, 0xfc, 0x2, 0xff, 0x70, 0x0, 0x0,
    0x2f, 0xf4, 0x8f, 0xd0, 0x0, 0x0, 0x0, 0x7a,
    0x5b, 0xf7, 0x0, 0x0, 0x0, 0x0, 0x0, 0xdf,
    0x50, 0x0, 0x0, 0x0, 0x0, 0xd, 0xf5, 0x0,
    0x0, 0x0, 0x0, 0x0, 0xbf, 0x70, 0x0, 0x0,
    0x0, 0x0, 0x8, 0xfc, 0x0, 0x0, 0x0, 0x7,
    0xa5, 0x2f, 0xf6, 0x0, 0x0, 0x2, 0xff, 0x40,
    0x8f, 0xf9, 0x30, 0x26, 0xef, 0xc0, 0x0, 0x8f,
    0xff, 0xff, 0xff, 0xc1, 0x0, 0x0, 0x3a, 0xdf,
    0xeb, 0x60, 0x0,

    /* U+03FA "?" */
    0x6f, 0xff, 0x10, 0x0, 0x0, 0x0, 0xdf, 0xfa,
    0x6f, 0xff, 0x70, 0x0, 0x0, 0x3, 0xff, 0xfa,
    0x6f, 0xef, 0xd0, 0x0, 0x0, 0xa, 0xfe, 0xfa,
    0x6f, 0xbd, 0xf4, 0x0, 0x0, 0xf, 0xf9, 0xfa,
    0x6f, 0xc8, 0xfa, 0x0, 0x0, 0x6f, 0xb8, 0xfa,
    0x6f, 0xc3, 0xff, 0x10, 0x0, 0xcf, 0x68, 0xfa,
    0x6f, 0xc0, 0xdf, 0x70, 0x2, 0xff, 0x19, 0xfa,
    0x6f, 0xc0, 0x6f, 0xd0, 0x9, 0xfa, 0x9, 0xfa,
    0x6f, 0xc0, 0x1f, 0xf3, 0xe, 0xf4, 0x9, 0xfa,
    0x6f, 0xc0, 0xa, 0xf8, 0x4f, 0xd0, 0x9, 0xfa,
    0x6f, 0xc0, 0x3, 0xfd, 0x8f, 0x70, 0x9, 0xfa,
    0x6f, 0xc0, 0x0, 0xdf, 0xef, 0x10, 0x9, 0xfa,
    0x6f, 0xc0, 0x0, 0x6f, 0xfa, 0x0, 0x9, 0xfa,
    0x6f, 0xc0, 0x0, 0x1f, 0xf4, 0x0, 0x9, 0xfa,

    /* U+03FC "?" */
    0x0, 0x0, 0x29, 0xef, 0xd8, 0x10, 0x0, 0x0,
    0x2e, 0xff, 0xdf, 0xfe, 0x20, 0x0, 0xc, 0xfa,
    0x0, 0x1c, 0xfb, 0x0, 0x3, 0xfe, 0x0, 0x0,
    0x2f, 0xf1, 0x0, 0x7f, 0xa0, 0x0, 0x0, 0xdf,
    0x50, 0x8, 0xf9, 0x0, 0x0, 0xc, 0xf6, 0x0,
    0x8f, 0xa0, 0x0, 0x0, 0xef, 0x50, 0x8, 0xff,
    0x0, 0x0, 0x2f, 0xf2, 0x0, 0x8f, 0xfa, 0x0,
    0x1c, 0xfc, 0x0, 0x8, 0xfa, 0xef, 0xdf, 0xfe,
    0x20, 0x0, 0x8f, 0x92, 0xbf, 0xea, 0x20, 0x0,
    0x2b, 0xfb, 0x22, 0x0, 0x0, 0x0, 0x5f, 0xff,
    0xff, 0xf3, 0x0, 0x0, 0x1, 0x5e, 0xfe, 0x55,
    0x10, 0x0, 0x0, 0x0, 0x8f, 0x90, 0x0, 0x0,
    0x0, 0x0,

    /* U+03FD "?" */
    0x0, 0x18, 0xdf, 0xfd, 0x81, 0x0, 0x0, 0x4f,
    0xff, 0xff, 0xff, 0xe4, 0x0, 0x2f, 0xfc, 0x41,
    0x14, 0xcf, 0xf3, 0xa, 0xfc, 0x0, 0x0, 0x0,
    0xcf, 0xc0, 0x9a, 0x40, 0x0, 0x0, 0x2, 0xff,
    0x20, 0x0, 0x0, 0x0, 0x0, 0xd, 0xf6, 0x0,
    0x0, 0x0, 0x0, 0x0, 0xbf, 0x80, 0x0, 0x0,
    0x0, 0x0, 0xb, 0xf8, 0x0, 0x0, 0x0, 0x0,
    0x0, 0xdf, 0x69, 0xa4, 0x0, 0x0, 0x0, 0x2f,
    0xf3, 0xaf, 0xc0, 0x0, 0x0, 0xb, 0xfc, 0x2,
    0xff, 0xc4, 0x11, 0x4c, 0xff, 0x30, 0x4, 0xef,
    0xff, 0xff, 0xfe, 0x40, 0x0, 0x1, 0x8d, 0xff,
    0xd8, 0x10, 0x0,

    /* U+03FE "?" */
    0x0, 0x3, 0xad, 0xfe, 0xc6, 0x0, 0x0, 0x8,
    0xff, 0xff, 0xff, 0xfd, 0x20, 0x8, 0xff, 0x93,
    0x1, 0x5d, 0xfd, 0x2, 0xff, 0x70, 0x0, 0x0,
    0x1e, 0xf6, 0x8f, 0xd0, 0x0, 0x0, 0x0, 0x24,
    0x2b, 0xf7, 0x0, 0x4c, 0x70, 0x0, 0x0, 0xdf,
    0x50, 0xc, 0xff, 0x0, 0x0, 0xd, 0xf5, 0x0,
    0x6f, 0x90, 0x0, 0x0, 0xbf, 0x70, 0x0, 0x0,
    0x0, 0x0, 0x8, 0xfc, 0x0, 0x0, 0x0, 0xa,
    0xe7, 0x2f, 0xf6, 0x0, 0x0, 0x3, 0xff, 0x30,
    0x8f, 0xf9, 0x30, 0x27, 0xff, 0xb0, 0x0, 0x8f,
    0xff, 0xff, 0xff, 0xb0, 0x0, 0x0, 0x3a, 0xdf,
    0xeb, 0x50, 0x0,

    /* U+03FF "?" */
    0x0, 0x29, 0xdf, 0xfd, 0x81, 0x0, 0x0, 0x6f,
    0xff, 0xff, 0xff, 0xe4, 0x0, 0x4f, 0xfb, 0x41,
    0x14, 0xcf, 0xf3, 0xb, 0xfa, 0x0, 0x0, 0x0,
    0xcf, 0xc0, 0x44, 0x10, 0x0, 0x0, 0x2, 0xff,
    0x20, 0x0, 0x1, 0xbb, 0x0, 0xd, 0xf6, 0x0,
    0x0, 0x6f, 0xf5, 0x0, 0xbf, 0x80, 0x0, 0x2,
    0xdd, 0x10, 0xb, 0xf8, 0x0, 0x0, 0x0, 0x0,
    0x0, 0xdf, 0x6c, 0xe5, 0x0, 0x0, 0x0, 0x2f,
    0xf3, 0x9f, 0xd0, 0x0, 0x0, 0xb, 0xfc, 0x1,
    0xef, 0xd5, 0x11, 0x4c, 0xff, 0x30, 0x3, 0xef,
    0xff, 0xff, 0xfe, 0x40, 0x0, 0x1, 0x8d, 0xff,
    0xd8, 0x10, 0x0,

    /* U+0400 "?" */
    0x0, 0x3e, 0xd0, 0x0, 0x0, 0x0, 0x9, 0xf6,
    0x0, 0x0, 0x0, 0x0, 0xdd, 0x0, 0x0, 0x0,
    0x0, 0x0, 0x0, 0x0, 0x0, 0x0, 0x0, 0x0,
    0x0, 0x6f, 0xff, 0xff, 0xff, 0xfc, 0x6f, 0xfe,
    0xee, 0xee, 0xeb, 0x6f, 0xd0, 0x0, 0x0, 0x0,
    0x6f, 0xd0, 0x0, 0x0, 0x0, 0x6f, 0xd0, 0x0,
    0x0, 0x0, 0x6f, 0xd0, 0x0, 0x0, 0x0, 0x6f,
    0xff, 0xff, 0xff, 0xf4, 0x6f, 0xfe, 0xee, 0xee,
    0xe4, 0x6f, 0xd0, 0x0, 0x0, 0x0, 0x6f, 0xd0,
    0x0, 0x0, 0x0, 0x6f, 0xd0, 0x0, 0x0, 0x0,
    0x6f, 0xd0, 0x0, 0x0, 0x0, 0x6f, 0xfe, 0xee,
    0xee, 0xec, 0x6f, 0xff, 0xff, 0xff, 0xfd,

    /* U+0401 "?" */
    0x0, 0x35, 0x0, 0x26, 0x0, 0x1, 0xff, 0x40,
    0xdf, 0x70, 0x0, 0xce, 0x20, 0x9f, 0x40, 0x0,
    0x0, 0x0, 0x0, 0x0, 0x0, 0x0, 0x0, 0x0,
    0x0, 0x6f, 0xff, 0xff, 0xff, 0xfc, 0x6f, 0xfe,
    0xee, 0xee, 0xeb, 0x6f, 0xd0, 0x0, 0x0, 0x0,
    0x6f, 0xd0, 0x0, 0x0, 0x0, 0x6f, 0xd0, 0x0,
    0x0, 0x0, 0x6f, 0xd0, 0x0, 0x0, 0x0, 0x6f,
    0xff, 0xff, 0xff, 0xf4, 0x6f, 0xfe, 0xee, 0xee,
    0xe4, 0x6f, 0xd0, 0x0, 0x0, 0x0, 0x6f, 0xd0,
    0x0, 0x0, 0x0, 0x6f, 0xd0, 0x0, 0x0, 0x0,
    0x6f, 0xd0, 0x0, 0x0, 0x0, 0x6f, 0xfe, 0xee,
    0xee, 0xec, 0x6f, 0xff, 0xff, 0xff, 0xfd,

    /* U+0402 "?" */
    0x2f, 0xff, 0xff, 0xff, 0xff, 0xff, 0x20, 0x0,
    0x1e, 0xee, 0xef, 0xff, 0xee, 0xee, 0x20, 0x0,
    0x0, 0x0, 0x9, 0xfa, 0x0, 0x0, 0x0, 0x0,
    0x0, 0x0, 0x9, 0xfa, 0x0, 0x0, 0x0, 0x0,
    0x0, 0x0, 0x9, 0xfa, 0x0, 0x0, 0x0, 0x0,
    0x0, 0x0, 0x9, 0xfa, 0x6c, 0xfe, 0xb4, 0x0,
    0x0, 0x0, 0x9, 0xff, 0xff, 0xff, 0xff, 0x80,
    0x0, 0x0, 0x9, 0xff, 0xd4, 0x12, 0x9f, 0xf5,
    0x0, 0x0, 0x9, 0xff, 0x10, 0x0, 0xa, 0xfc,
    0x0, 0x0, 0x9, 0xff, 0x0, 0x0, 0x5, 0xfe,
    0x0, 0x0, 0x9, 0xfc, 0x0, 0x0, 0x5, 0xff,
    0x0, 0x0, 0x9, 0xfa, 0x0, 0x0, 0xa, 0xfc,
    0x0, 0x0, 0x9, 0xfa, 0x0, 0x2, 0x8f, 0xf5,
    0x0, 0x0, 0x9, 0xfa, 0x5, 0xff, 0xff, 0x90,
    0x0, 0x0, 0x0, 0x0, 0x5, 0xfe, 0xb4, 0x0,

    /* U+0403 "?" */
    0x0, 0x0, 0x7, 0xe8, 0x0, 0x0, 0x0, 0xe,
    0xe1, 0x0, 0x0, 0x0, 0x6f, 0x50, 0x0, 0x0,
    0x0, 0x0, 0x0, 0x0, 0x0, 0x0, 0x0, 0x0,
    0x0, 0x6f, 0xff, 0xff, 0xff, 0xfb, 0x6f, 0xfe,
    0xee, 0xee, 0xea, 0x6f, 0xd0, 0x0, 0x0, 0x0,
    0x6f, 0xd0, 0x0, 0x0, 0x0, 0x6f, 0xd0, 0x0,
    0x0, 0x0, 0x6f, 0xd0, 0x0, 0x0, 0x0, 0x6f,
    0xd0, 0x0, 0x0, 0x0, 0x6f, 0xd0, 0x0, 0x0,
    0x0, 0x6f, 0xd0, 0x0, 0x0, 0x0, 0x6f, 0xd0,
    0x0, 0x0, 0x0, 0x6f, 0xd0, 0x0, 0x0, 0x0,
    0x6f, 0xd0, 0x0, 0x0, 0x0, 0x6f, 0xd0, 0x0,
    0x0, 0x0, 0x6f, 0xd0, 0x0, 0x0, 0x0,

    /* U+0404 "?" */
    0x0, 0x3, 0xad, 0xfe, 0xc7, 0x0, 0x0, 0x8,
    0xff, 0xff, 0xff, 0xfe, 0x30, 0x8, 0xfe, 0x72,
    0x1, 0x5d, 0xfe, 0x12, 0xff, 0x30, 0x0, 0x0,
    0xd, 0xf7, 0x8f, 0x90, 0x0, 0x0, 0x0, 0x1,
    0xb, 0xfe, 0xee, 0xee, 0xe1, 0x0, 0x0, 0xdf,
    0xff, 0xff, 0xff, 0x10, 0x0, 0xd, 0xf6, 0x0,
    0x0, 0x0, 0x0, 0x0, 0xbf, 0x90, 0x0, 0x0,
    0x0, 0x12, 0x18, 0xfe, 0x0, 0x0, 0x0, 0xc,
    0xf7, 0x2f, 0xf8, 0x0, 0x0, 0x4, 0xff, 0x20,
    0x8f, 0xfa, 0x20, 0x27, 0xff, 0x90, 0x0, 0x8f,
    0xff, 0xff, 0xff, 0xa0, 0x0, 0x0, 0x3a, 0xdf,
    0xeb, 0x50, 0x0,

    /* U+0405 "?" */
    0x0, 0x4a, 0xef, 0xeb, 0x50, 0x0, 0x8f, 0xff,
    0xff, 0xff, 0xa0, 0x3f, 0xf8, 0x10, 0x6, 0xff,
    0x58, 0xfc, 0x0, 0x0, 0x8, 0xd8, 0x7f, 0xd0,
    0x0, 0x0, 0x0, 0x1, 0xef, 0xc5, 0x0, 0x0,
    0x0, 0x2, 0xcf, 0xff, 0xc8, 0x20, 0x0, 0x0,
    0x27, 0xcf, 0xff, 0x80, 0x0, 0x0, 0x0, 0x6,
    0xff, 0x71, 0x10, 0x0, 0x0, 0x6, 0xfd, 0xef,
    0x70, 0x0, 0x0, 0x7f, 0xd8, 0xff, 0x61, 0x1,
    0x7f, 0xf8, 0xc, 0xff, 0xff, 0xff, 0xfc, 0x0,
    0x6, 0xce, 0xfe, 0xb6, 0x0,

    /* U+0406 "?" */
    0x6f, 0xd6, 0xfd, 0x6f, 0xd6, 0xfd, 0x6f, 0xd6,
    0xfd, 0x6f, 0xd6, 0xfd, 0x6f, 0xd6, 0xfd, 0x6f,
    0xd6, 0xfd, 0x6f, 0xd6, 0xfd,

    /* U+0407 "?" */
    0x6, 0x20, 0x5, 0x30, 0x8f, 0xc0, 0x5f, 0xf0,
    0x4f, 0x80, 0x2e, 0xb0, 0x0, 0x0, 0x0, 0x0,
    0x0, 0x0, 0x0, 0x0, 0x0, 0x6f, 0xd0, 0x0,
    0x0, 0x6f, 0xd0, 0x0, 0x0, 0x6f, 0xd0, 0x0,
    0x0, 0x6f, 0xd0, 0x0, 0x0, 0x6f, 0xd0, 0x0,
    0x0, 0x6f, 0xd0, 0x0, 0x0, 0x6f, 0xd0, 0x0,
    0x0, 0x6f, 0xd0, 0x0, 0x0, 0x6f, 0xd0, 0x0,
    0x0, 0x6f, 0xd0, 0x0, 0x0, 0x6f, 0xd0, 0x0,
    0x0, 0x6f, 0xd0, 0x0, 0x0, 0x6f, 0xd0, 0x0,
    0x0, 0x6f, 0xd0, 0x0,

    /* U+0408 "?" */
    0x0, 0x0, 0x0, 0x5, 0xfe, 0x0, 0x0, 0x0,
    0x5, 0xfe, 0x0, 0x0, 0x0, 0x5, 0xfe, 0x0,
    0x0, 0x0, 0x5, 0xfe, 0x0, 0x0, 0x0, 0x5,
    0xfe, 0x0, 0x0, 0x0, 0x5, 0xfe, 0x0, 0x0,
    0x0, 0x5, 0xfe, 0x0, 0x0, 0x0, 0x5, 0xfe,
    0x0, 0x0, 0x0, 0x5, 0xfe, 0x1f, 0xf1, 0x0,
    0x5, 0xfe, 0xf, 0xf3, 0x0, 0x7, 0xfd, 0xc,
    0xfc, 0x10, 0x2e, 0xf9, 0x4, 0xff, 0xfe, 0xff,
    0xe1, 0x0, 0x3a, 0xef, 0xe9, 0x10,

    /* U+0409 "?" */
    0x0, 0x0, 0xef, 0xff, 0xff, 0xff, 0xf1, 0x0,
    0x0, 0x0, 0x0, 0x0, 0x0, 0xff, 0xdd, 0xdd,
    0xdf, 0xf1, 0x0, 0x0, 0x0, 0x0, 0x0, 0x1,
    0xff, 0x0, 0x0, 0x2f, 0xf1, 0x0, 0x0, 0x0,
    0x0, 0x0, 0x3, 0xfe, 0x0, 0x0, 0x2f, 0xf1,
    0x0, 0x0, 0x0, 0x0, 0x0, 0x4, 0xfd, 0x0,
    0x0, 0x2f, 0xf1, 0x0, 0x0, 0x0, 0x0, 0x0,
    0x5, 0xfb, 0x0, 0x0, 0x2f, 0xff, 0xff, 0xfe,
    0x92, 0x0, 0x0, 0x7, 0xfa, 0x0, 0x0, 0x2f,
    0xfe, 0xee, 0xef, 0xff, 0x40, 0x0, 0x8, 0xf9,
    0x0, 0x0, 0x2f, 0xf1, 0x0, 0x1, 0xbf, 0xe0,
    0x0, 0x9, 0xf7, 0x0, 0x0, 0x2f, 0xf1, 0x0,
    0x0, 0x1f, 0xf3, 0x0, 0xb, 0xf5, 0x0, 0x0,
    0x2f, 0xf1, 0x0, 0x0, 0xe, 0xf5, 0x0, 0xe,
    0xf3, 0x0, 0x0, 0x2f, 0xf1, 0x0, 0x0, 0x1f,
    0xf3, 0x0, 0x5f, 0xf0, 0x0, 0x0, 0x2f, 0xf1,
    0x0, 0x1, 0xcf, 0xd0, 0x1e, 0xff, 0x80, 0x0,
    0x0, 0x2f, 0xfd, 0xdd, 0xef, 0xff, 0x30, 0x2f,
    0xd8, 0x0, 0x0, 0x0, 0x2f, 0xff, 0xff, 0xfe,
    0x92, 0x0,

    /* U+040A "?" */
    0x6f, 0xc0, 0x0, 0x0, 0x0, 0xff, 0x40, 0x0,
    0x0, 0x0, 0x6, 0xfc, 0x0, 0x0, 0x0, 0xf,
    0xf4, 0x0, 0x0, 0x0, 0x0, 0x6f, 0xc0, 0x0,
    0x0, 0x0, 0xff, 0x40, 0x0, 0x0, 0x0, 0x6,
    0xfc, 0x0, 0x0, 0x0, 0xf, 0xf4, 0x0, 0x0,
    0x0, 0x0, 0x6f, 0xc0, 0x0, 0x0, 0x0, 0xff,
    0x40, 0x0, 0x0, 0x0, 0x6, 0xff, 0xff, 0xff,
    0xff, 0xff, 0xff, 0xff, 0xfe, 0xb4, 0x0, 0x6f,
    0xfd, 0xdd, 0xdd, 0xdd, 0xff, 0xdd, 0xdd, 0xff,
    0xf7, 0x6, 0xfc, 0x0, 0x0, 0x0, 0xf, 0xf4,
    0x0, 0x0, 0x8f, 0xf2, 0x6f, 0xc0, 0x0, 0x0,
    0x0, 0xff, 0x40, 0x0, 0x0, 0xdf, 0x76, 0xfc,
    0x0, 0x0, 0x0, 0xf, 0xf4, 0x0, 0x0, 0xb,
    0xf8, 0x6f, 0xc0, 0x0, 0x0, 0x0, 0xff, 0x40,
    0x0, 0x0, 0xdf, 0x76, 0xfc, 0x0, 0x0, 0x0,
    0xf, 0xf4, 0x0, 0x1, 0x9f, 0xf2, 0x6f, 0xc0,
    0x0, 0x0, 0x0, 0xff, 0xee, 0xee, 0xff, 0xf6,
    0x6, 0xfc, 0x0, 0x0, 0x0, 0xf, 0xff, 0xff,
    0xfe, 0xb3, 0x0,

    /* U+040B "?" */
    0x2f, 0xff, 0xff, 0xff, 0xff, 0xff, 0xc0, 0x0,
    0x1, 0xee, 0xee, 0xff, 0xfe, 0xee, 0xeb, 0x0,
    0x0, 0x0, 0x0, 0x9, 0xfa, 0x0, 0x0, 0x0,
    0x0, 0x0, 0x0, 0x0, 0x9f, 0xa0, 0x0, 0x0,
    0x0, 0x0, 0x0, 0x0, 0x9, 0xfa, 0x0, 0x0,
    0x0, 0x0, 0x0, 0x0, 0x0, 0x9f, 0xa4, 0xad,
    0xed, 0x92, 0x0, 0x0, 0x0, 0x9, 0xff, 0xff,
    0xff, 0xff, 0xf4, 0x0, 0x0, 0x0, 0x9f, 0xf9,
    0x31, 0x4, 0xdf, 0xd0, 0x0, 0x0, 0x9, 0xfa,
    0x0, 0x0, 0x3, 0xff, 0x20, 0x0, 0x0, 0x9f,
    0xa0, 0x0, 0x0, 0xf, 0xf4, 0x0, 0x0, 0x9,
    0xfa, 0x0, 0x0, 0x0, 0xef, 0x50, 0x0, 0x0,
    0x9f, 0xa0, 0x0, 0x0, 0xe, 0xf5, 0x0, 0x0,
    0x9, 0xfa, 0x0, 0x0, 0x0, 0xef, 0x50, 0x0,
    0x0, 0x9f, 0xa0, 0x0, 0x0, 0xe, 0xf5,

    /* U+040C "?" */
    0x0, 0x0, 0x0, 0xde, 0x20, 0x0, 0x0, 0x0,
    0x0, 0x6f, 0x80, 0x0, 0x0, 0x0, 0x0, 0xe,
    0xd0, 0x0, 0x0, 0x0, 0x0, 0x0, 0x0, 0x0,
    0x0, 0x0, 0x0, 0x0, 0x0, 0x0, 0x0, 0x0,
    0x6, 0xfd, 0x0, 0x0, 0x2, 0xff, 0x90, 0x6f,
    0xd0, 0x0, 0x0, 0xcf, 0xc0, 0x6, 0xfd, 0x0,
    0x0, 0x9f, 0xe1, 0x0, 0x6f, 0xd0, 0x0, 0x5f,
    0xf4, 0x0, 0x6, 0xfd, 0x0, 0x2f, 0xf7, 0x0,
    0x0, 0x6f, 0xd0, 0xd, 0xfb, 0x0, 0x0, 0x6,
    0xff, 0xff, 0xfd, 0x0, 0x0, 0x0, 0x6f, 0xfe,
    0xef, 0xf2, 0x0, 0x0, 0x6, 0xfd, 0x0, 0xbf,
    0xd0, 0x0, 0x0, 0x6f, 0xd0, 0x1, 0xdf, 0xb0,
    0x0, 0x6, 0xfd, 0x0, 0x3, 0xff, 0x70, 0x0,
    0x6f, 0xd0, 0x0, 0x6, 0xff, 0x40, 0x6, 0xfd,
    0x0, 0x0, 0x9, 0xfe, 0x10, 0x6f, 0xd0, 0x0,
    0x0, 0xc, 0xfc, 0x0,

    /* U+040D "?" */
    0x0, 0x0, 0xce, 0x20, 0x0, 0x0, 0x0, 0x0,
    0x4, 0xfa, 0x0, 0x0, 0x0, 0x0, 0x0, 0xa,
    0xf1, 0x0, 0x0, 0x0, 0x0, 0x0, 0x0, 0x0,
    0x0, 0x0, 0x0, 0x0, 0x0, 0x0, 0x0, 0x0,
    0x6, 0xfe, 0x0, 0x0, 0x0, 0x6f, 0xf8, 0x6f,
    0xe0, 0x0, 0x0, 0x1e, 0xff, 0x86, 0xfe, 0x0,
    0x0, 0xb, 0xff, 0xf8, 0x6f, 0xe0, 0x0, 0x5,
    0xfe, 0xaf, 0x86, 0xfe, 0x0, 0x1, 0xef, 0x5a,
    0xf8, 0x6f, 0xe0, 0x0, 0xaf, 0xc0, 0xbf, 0x86,
    0xfe, 0x0, 0x5f, 0xf2, 0xb, 0xf8, 0x6f, 0xd0,
    0x1e, 0xf7, 0x0, 0xbf, 0x86, 0xfd, 0xa, 0xfc,
    0x0, 0xb, 0xf8, 0x6f, 0xd3, 0xff, 0x20, 0x0,
    0xbf, 0x86, 0xfc, 0xcf, 0x70, 0x0, 0xb, 0xf8,
    0x6f, 0xff, 0xd0, 0x0, 0x0, 0xbf, 0x86, 0xff,
    0xf3, 0x0, 0x0, 0xb, 0xf8, 0x6f, 0xf8, 0x0,
    0x0, 0x0, 0xbf, 0x80,

    /* U+040E "?" */
    0x0, 0x7, 0xf0, 0x0, 0xf7, 0x0, 0x0, 0x0,
    0x2f, 0x92, 0x8f, 0x20, 0x0, 0x0, 0x0, 0x6f,
    0xff, 0x60, 0x0, 0x0, 0x0, 0x0, 0x13, 0x10,
    0x0, 0x0, 0x0, 0x0, 0x0, 0x0, 0x0, 0x0,
    0x4, 0xff, 0x30, 0x0, 0x0, 0x2f, 0xf4, 0xc,
    0xfb, 0x0, 0x0, 0x9, 0xfd, 0x0, 0x4f, 0xf2,
    0x0, 0x0, 0xff, 0x60, 0x0, 0xcf, 0xa0, 0x0,
    0x6f, 0xe0, 0x0, 0x4, 0xff, 0x10, 0xc, 0xf8,
    0x0, 0x0, 0xd, 0xf7, 0x3, 0xff, 0x10, 0x0,
    0x0, 0x5f, 0xd0, 0x9f, 0xa0, 0x0, 0x0, 0x0,
    0xdf, 0x3e, 0xf3, 0x0, 0x0, 0x0, 0x5, 0xfc,
    0xfc, 0x0, 0x0, 0x0, 0x0, 0xd, 0xff, 0x50,
    0x0, 0x0, 0x0, 0x0, 0x7f, 0xe0, 0x0, 0x0,
    0x0, 0x0, 0x1d, 0xf7, 0x0, 0x0, 0x0, 0x6,
    0xff, 0xfd, 0x0, 0x0, 0x0, 0x0, 0x7f, 0xea,
    0x10, 0x0, 0x0, 0x0,

    /* U+040F "?" */
    0x6f, 0xd0, 0x0, 0x0, 0x5, 0xfe, 0x6f, 0xd0,
    0x0, 0x0, 0x5, 0xfe, 0x6f, 0xd0, 0x0, 0x0,
    0x5, 0xfe, 0x6f, 0xd0, 0x0, 0x0, 0x5, 0xfe,
    0x6f, 0xd0, 0x0, 0x0, 0x5, 0xfe, 0x6f, 0xd0,
    0x0, 0x0, 0x5, 0xfe, 0x6f, 0xd0, 0x0, 0x0,
    0x5, 0xfe, 0x6f, 0xd0, 0x0, 0x0, 0x5, 0xfe,
    0x6f, 0xd0, 0x0, 0x0, 0x5, 0xfe, 0x6f, 0xd0,
    0x0, 0x0, 0x5, 0xfe, 0x6f, 0xd0, 0x0, 0x0,
    0x5, 0xfe, 0x6f, 0xd0, 0x0, 0x0, 0x5, 0xfe,
    0x6f, 0xfe, 0xee, 0xee, 0xef, 0xfe, 0x6f, 0xff,
    0xff, 0xff, 0xff, 0xfe, 0x0, 0x0, 0xd, 0xf5,
    0x0, 0x0, 0x0, 0x0, 0xd, 0xf4, 0x0, 0x0,
    0x0, 0x0, 0xd, 0xf4, 0x0, 0x0,

    /* U+0410 "?" */
    0x0, 0x0, 0x8, 0xff, 0x90, 0x0, 0x0, 0x0,
    0x0, 0xe, 0xff, 0xe0, 0x0, 0x0, 0x0, 0x0,
    0x4f, 0xcb, 0xf5, 0x0, 0x0, 0x0, 0x0, 0x9f,
    0x76, 0xfb, 0x0, 0x0, 0x0, 0x0, 0xff, 0x21,
    0xff, 0x10, 0x0, 0x0, 0x5, 0xfc, 0x0, 0xbf,
    0x70, 0x0, 0x0, 0xb, 0xf7, 0x0, 0x5f, 0xd0,
    0x0, 0x0, 0x1f, 0xf1, 0x0, 0xe, 0xf3, 0x0,
    0x0, 0x7f, 0xfd, 0xdd, 0xdf, 0xf9, 0x0, 0x0,
    0xdf, 0xff, 0xff, 0xff, 0xff, 0x0, 0x3, 0xff,
    0x10, 0x0, 0x0, 0xef, 0x50, 0x9, 0xfb, 0x0,
    0x0, 0x0, 0x9f, 0xb0, 0xe, 0xf6, 0x0, 0x0,
    0x0, 0x3f, 0xf2, 0x5f, 0xf1, 0x0, 0x0, 0x0,
    0xe, 0xf7,

    /* U+0411 "?" */
    0x6f, 0xff, 0xff, 0xff, 0xf9, 0x6, 0xff, 0xee,
    0xee, 0xee, 0x80, 0x6f, 0xd0, 0x0, 0x0, 0x0,
    0x6, 0xfd, 0x0, 0x0, 0x0, 0x0, 0x6f, 0xd0,
    0x0, 0x0, 0x0, 0x6, 0xff, 0xcc, 0xcc, 0xa5,
    0x0, 0x6f, 0xff, 0xff, 0xff, 0xfb, 0x6, 0xfd,
    0x0, 0x1, 0x6f, 0xf7, 0x6f, 0xd0, 0x0, 0x0,
    0x7f, 0xc6, 0xfd, 0x0, 0x0, 0x4, 0xfe, 0x6f,
    0xd0, 0x0, 0x0, 0x7f, 0xc6, 0xfd, 0x0, 0x0,
    0x4e, 0xf8, 0x6f, 0xfd, 0xdd, 0xff, 0xfc, 0x6,
    0xff, 0xff, 0xff, 0xd8, 0x0,

    /* U+0412 "?" */
    0x6f, 0xff, 0xff, 0xfd, 0x70, 0x0, 0x6f, 0xfe,
    0xee, 0xff, 0xfc, 0x0, 0x6f, 0xd0, 0x0, 0x5,
    0xff, 0x50, 0x6f, 0xd0, 0x0, 0x0, 0xbf, 0x80,
    0x6f, 0xd0, 0x0, 0x0, 0xcf, 0x60, 0x6f, 0xd0,
    0x0, 0x19, 0xfd, 0x0, 0x6f, 0xff, 0xff, 0xff,
    0xa0, 0x0, 0x6f, 0xfb, 0xbb, 0xcf, 0xfc, 0x10,
    0x6f, 0xd0, 0x0, 0x1, 0xcf, 0xb0, 0x6f, 0xd0,
    0x0, 0x0, 0x3f, 0xf0, 0x6f, 0xd0, 0x0, 0x0,
    0x3f, 0xf1, 0x6f, 0xd0, 0x0, 0x2, 0xcf, 0xd0,
    0x6f, 0xfe, 0xee, 0xff, 0xff, 0x40, 0x6f, 0xff,
    0xff, 0xfe, 0xa3, 0x0,

    /* U+0413 "?" */
    0x6f, 0xff, 0xff, 0xff, 0xfb, 0x6f, 0xfe, 0xee,
    0xee, 0xea, 0x6f, 0xd0, 0x0, 0x0, 0x0, 0x6f,
    0xd0, 0x0, 0x0, 0x0, 0x6f, 0xd0, 0x0, 0x0,
    0x0, 0x6f, 0xd0, 0x0, 0x0, 0x0, 0x6f, 0xd0,
    0x0, 0x0, 0x0, 0x6f, 0xd0, 0x0, 0x0, 0x0,
    0x6f, 0xd0, 0x0, 0x0, 0x0, 0x6f, 0xd0, 0x0,
    0x0, 0x0, 0x6f, 0xd0, 0x0, 0x0, 0x0, 0x6f,
    0xd0, 0x0, 0x0, 0x0, 0x6f, 0xd0, 0x0, 0x0,
    0x0, 0x6f, 0xd0, 0x0, 0x0, 0x0,

    /* U+0414 "?" */
    0x0, 0x0, 0x5f, 0xff, 0xff, 0xff, 0xff, 0x20,
    0x0, 0x0, 0x7f, 0xfe, 0xee, 0xee, 0xff, 0x20,
    0x0, 0x0, 0x8f, 0xa0, 0x0, 0x1, 0xff, 0x20,
    0x0, 0x0, 0x9f, 0x90, 0x0, 0x1, 0xff, 0x20,
    0x0, 0x0, 0xbf, 0x80, 0x0, 0x1, 0xff, 0x20,
    0x0, 0x0, 0xcf, 0x60, 0x0, 0x1, 0xff, 0x20,
    0x0, 0x0, 0xef, 0x50, 0x0, 0x1, 0xff, 0x20,
    0x0, 0x0, 0xff, 0x30, 0x0, 0x1, 0xff, 0x20,
    0x0, 0x2, 0xff, 0x0, 0x0, 0x1, 0xff, 0x20,
    0x0, 0x6, 0xfd, 0x0, 0x0, 0x1, 0xff, 0x20,
    0x0, 0xc, 0xf8, 0x0, 0x0, 0x1, 0xff, 0x20,
    0x0, 0x5f, 0xf1, 0x0, 0x0, 0x1, 0xff, 0x20,
    0x1e, 0xff, 0xfe, 0xee, 0xee, 0xee, 0xff, 0xec,
    0x2f, 0xff, 0xff, 0xff, 0xff, 0xff, 0xff, 0xfd,
    0x2f, 0xf0, 0x0, 0x0, 0x0, 0x0, 0x5, 0xfd,
    0x2f, 0xf0, 0x0, 0x0, 0x0, 0x0, 0x5, 0xfd,
    0x2f, 0xf0, 0x0, 0x0, 0x0, 0x0, 0x5, 0xfd,
    0x1, 0x10, 0x0, 0x0, 0x0, 0x0, 0x0, 0x11,

    /* U+0415 "?" */
    0x6f, 0xff, 0xff, 0xff, 0xfc, 0x6f, 0xfe, 0xee,
    0xee, 0xeb, 0x6f, 0xd0, 0x0, 0x0, 0x0, 0x6f,
    0xd0, 0x0, 0x0, 0x0, 0x6f, 0xd0, 0x0, 0x0,
    0x0, 0x6f, 0xd0, 0x0, 0x0, 0x0, 0x6f, 0xff,
    0xff, 0xff, 0xf4, 0x6f, 0xfe, 0xee, 0xee, 0xe4,
    0x6f, 0xd0, 0x0, 0x0, 0x0, 0x6f, 0xd0, 0x0,
    0x0, 0x0, 0x6f, 0xd0, 0x0, 0x0, 0x0, 0x6f,
    0xd0, 0x0, 0x0, 0x0, 0x6f, 0xfe, 0xee, 0xee,
    0xec, 0x6f, 0xff, 0xff, 0xff, 0xfd,

    /* U+0416 "?" */
    0xc, 0xfd, 0x0, 0x0, 0x2f, 0xf1, 0x0, 0x0,
    0xef, 0xb0, 0x2, 0xff, 0x70, 0x0, 0x2f, 0xf1,
    0x0, 0x8, 0xff, 0x20, 0x0, 0x7f, 0xf1, 0x0,
    0x2f, 0xf1, 0x0, 0x2f, 0xf7, 0x0, 0x0, 0xc,
    0xfa, 0x0, 0x2f, 0xf1, 0x0, 0xbf, 0xc0, 0x0,
    0x0, 0x3, 0xff, 0x40, 0x2f, 0xf1, 0x5, 0xff,
    0x20, 0x0, 0x0, 0x0, 0x8f, 0xd0, 0x2f, 0xf1,
    0xd, 0xf7, 0x0, 0x0, 0x0, 0x0, 0xe, 0xff,
    0xff, 0xff, 0xff, 0xe0, 0x0, 0x0, 0x0, 0x0,
    0x6f, 0xfe, 0xef, 0xfe, 0xef, 0xf5, 0x0, 0x0,
    0x0, 0x1, 0xef, 0x60, 0x2f, 0xf1, 0x8, 0xfe,
    0x0, 0x0, 0x0, 0xa, 0xfd, 0x0, 0x2f, 0xf1,
    0x0, 0xdf, 0x90, 0x0, 0x0, 0x4f, 0xf3, 0x0,
    0x2f, 0xf1, 0x0, 0x4f, 0xf3, 0x0, 0x0, 0xdf,
    0x90, 0x0, 0x2f, 0xf1, 0x0, 0xb, 0xfd, 0x0,
    0x8, 0xfe, 0x10, 0x0, 0x2f, 0xf1, 0x0, 0x2,
    0xff, 0x70, 0x2f, 0xf6, 0x0, 0x0, 0x2f, 0xf1,
    0x0, 0x0, 0x8f, 0xf1,

    /* U+0417 "?" */
    0x0, 0x5b, 0xef, 0xe9, 0x20, 0x0, 0xaf, 0xfe,
    0xef, 0xff, 0x30, 0x5f, 0xe4, 0x0, 0x1b, 0xfb,
    0x3, 0x64, 0x0, 0x0, 0x5f, 0xd0, 0x0, 0x0,
    0x0, 0x1b, 0xf8, 0x0, 0x0, 0x2c, 0xdf, 0xe8,
    0x0, 0x0, 0x3, 0xff, 0xfe, 0x80, 0x0, 0x0,
    0x0, 0x14, 0xdf, 0xb0, 0x0, 0x0, 0x0, 0x2,
    0xff, 0x31, 0x10, 0x0, 0x0, 0xd, 0xf6, 0xcf,
    0x90, 0x0, 0x1, 0xff, 0x56, 0xff, 0x60, 0x2,
    0xbf, 0xe0, 0xb, 0xff, 0xfe, 0xff, 0xf4, 0x0,
    0x5, 0xbe, 0xfd, 0x91, 0x0,

    /* U+0418 "?" */
    0x6f, 0xe0, 0x0, 0x0, 0x6, 0xff, 0x86, 0xfe,
    0x0, 0x0, 0x1, 0xef, 0xf8, 0x6f, 0xe0, 0x0,
    0x0, 0xbf, 0xff, 0x86, 0xfe, 0x0, 0x0, 0x5f,
    0xea, 0xf8, 0x6f, 0xe0, 0x0, 0x1e, 0xf5, 0xaf,
    0x86, 0xfe, 0x0, 0xa, 0xfc, 0xb, 0xf8, 0x6f,
    0xe0, 0x5, 0xff, 0x20, 0xbf, 0x86, 0xfd, 0x1,
    0xef, 0x70, 0xb, 0xf8, 0x6f, 0xd0, 0xaf, 0xc0,
    0x0, 0xbf, 0x86, 0xfd, 0x3f, 0xf2, 0x0, 0xb,
    0xf8, 0x6f, 0xcc, 0xf7, 0x0, 0x0, 0xbf, 0x86,
    0xff, 0xfd, 0x0, 0x0, 0xb, 0xf8, 0x6f, 0xff,
    0x30, 0x0, 0x0, 0xbf, 0x86, 0xff, 0x80, 0x0,
    0x0, 0xb, 0xf8,

    /* U+0419 "?" */
    0x0, 0x7, 0xf0, 0x0, 0xf7, 0x0, 0x0, 0x0,
    0x2f, 0x82, 0x9f, 0x20, 0x0, 0x0, 0x0, 0x6f,
    0xff, 0x60, 0x0, 0x0, 0x0, 0x0, 0x13, 0x10,
    0x0, 0x0, 0x0, 0x0, 0x0, 0x0, 0x0, 0x0,
    0x6, 0xfe, 0x0, 0x0, 0x0, 0x6f, 0xf8, 0x6f,
    0xe0, 0x0, 0x0, 0x1e, 0xff, 0x86, 0xfe, 0x0,
    0x0, 0xb, 0xff, 0xf8, 0x6f, 0xe0, 0x0, 0x5,
    0xfe, 0xaf, 0x86, 0xfe, 0x0, 0x1, 0xef, 0x5a,
    0xf8, 0x6f, 0xe0, 0x0, 0xaf, 0xc0, 0xbf, 0x86,
    0xfe, 0x0, 0x5f, 0xf2, 0xb, 0xf8, 0x6f, 0xd0,
    0x1e, 0xf7, 0x0, 0xbf, 0x86, 0xfd, 0xa, 0xfc,
    0x0, 0xb, 0xf8, 0x6f, 0xd3, 0xff, 0x20, 0x0,
    0xbf, 0x86, 0xfc, 0xcf, 0x70, 0x0, 0xb, 0xf8,
    0x6f, 0xff, 0xd0, 0x0, 0x0, 0xbf, 0x86, 0xff,
    0xf3, 0x0, 0x0, 0xb, 0xf8, 0x6f, 0xf8, 0x0,
    0x0, 0x0, 0xbf, 0x80,

    /* U+041A "?" */
    0x6f, 0xd0, 0x0, 0x0, 0x2f, 0xf9, 0x6, 0xfd,
    0x0, 0x0, 0xc, 0xfc, 0x0, 0x6f, 0xd0, 0x0,
    0x9, 0xfe, 0x10, 0x6, 0xfd, 0x0, 0x5, 0xff,
    0x40, 0x0, 0x6f, 0xd0, 0x2, 0xff, 0x70, 0x0,
    0x6, 0xfd, 0x0, 0xdf, 0xb0, 0x0, 0x0, 0x6f,
    0xff, 0xff, 0xd0, 0x0, 0x0, 0x6, 0xff, 0xee,
    0xff, 0x20, 0x0, 0x0, 0x6f, 0xd0, 0xb, 0xfd,
    0x0, 0x0, 0x6, 0xfd, 0x0, 0x1d, 0xfb, 0x0,
    0x0, 0x6f, 0xd0, 0x0, 0x3f, 0xf7, 0x0, 0x6,
    0xfd, 0x0, 0x0, 0x6f, 0xf4, 0x0, 0x6f, 0xd0,
    0x0, 0x0, 0x9f, 0xe1, 0x6, 0xfd, 0x0, 0x0,
    0x0, 0xcf, 0xc0,

    /* U+041B "?" */
    0x0, 0x0, 0xff, 0xff, 0xff, 0xff, 0xf5, 0x0,
    0x0, 0xff, 0xee, 0xee, 0xef, 0xf5, 0x0, 0x1,
    0xff, 0x10, 0x0, 0xd, 0xf5, 0x0, 0x3, 0xff,
    0x0, 0x0, 0xd, 0xf5, 0x0, 0x4, 0xfe, 0x0,
    0x0, 0xd, 0xf5, 0x0, 0x6, 0xfc, 0x0, 0x0,
    0xd, 0xf5, 0x0, 0x7, 0xfb, 0x0, 0x0, 0xd,
    0xf5, 0x0, 0x8, 0xfa, 0x0, 0x0, 0xd, 0xf5,
    0x0, 0xa, 0xf8, 0x0, 0x0, 0xd, 0xf5, 0x0,
    0xc, 0xf6, 0x0, 0x0, 0xd, 0xf5, 0x0, 0xe,
    0xf4, 0x0, 0x0, 0xd, 0xf5, 0x0, 0x6f, 0xf0,
    0x0, 0x0, 0xd, 0xf5, 0x1f, 0xff, 0x80, 0x0,
    0x0, 0xd, 0xf5, 0x2f, 0xd8, 0x0, 0x0, 0x0,
    0xd, 0xf5,

    /* U+041C "?" */
    0x6f, 0xff, 0x10, 0x0, 0x0, 0x0, 0xdf, 0xfa,
    0x6f, 0xff, 0x70, 0x0, 0x0, 0x3, 0xff, 0xfa,
    0x6f, 0xef, 0xd0, 0x0, 0x0, 0xa, 0xfe, 0xfa,
    0x6f, 0xbd, 0xf4, 0x0, 0x0, 0xf, 0xf9, 0xfa,
    0x6f, 0xc8, 0xfa, 0x0, 0x0, 0x6f, 0xb8, 0xfa,
    0x6f, 0xc3, 0xff, 0x10, 0x0, 0xcf, 0x68, 0xfa,
    0x6f, 0xc0, 0xdf, 0x70, 0x2, 0xff, 0x19, 0xfa,
    0x6f, 0xc0, 0x6f, 0xd0, 0x9, 0xfa, 0x9, 0xfa,
    0x6f, 0xc0, 0x1f, 0xf3, 0xe, 0xf4, 0x9, 0xfa,
    0x6f, 0xc0, 0xa, 0xf8, 0x4f, 0xd0, 0x9, 0xfa,
    0x6f, 0xc0, 0x3, 0xfd, 0x8f, 0x70, 0x9, 0xfa,
    0x6f, 0xc0, 0x0, 0xdf, 0xef, 0x10, 0x9, 0xfa,
    0x6f, 0xc0, 0x0, 0x6f, 0xfa, 0x0, 0x9, 0xfa,
    0x6f, 0xc0, 0x0, 0x1f, 0xf4, 0x0, 0x9, 0xfa,

    /* U+041D "?" */
    0x6f, 0xd0, 0x0, 0x0, 0x0, 0xff, 0x46, 0xfd,
    0x0, 0x0, 0x0, 0xf, 0xf4, 0x6f, 0xd0, 0x0,
    0x0, 0x0, 0xff, 0x46, 0xfd, 0x0, 0x0, 0x0,
    0xf, 0xf4, 0x6f, 0xd0, 0x0, 0x0, 0x0, 0xff,
    0x46, 0xfd, 0x0, 0x0, 0x0, 0xf, 0xf4, 0x6f,
    0xff, 0xff, 0xff, 0xff, 0xff, 0x46, 0xff, 0xee,
    0xee, 0xee, 0xef, 0xf4, 0x6f, 0xd0, 0x0, 0x0,
    0x0, 0xff, 0x46, 0xfd, 0x0, 0x0, 0x0, 0xf,
    0xf4, 0x6f, 0xd0, 0x0, 0x0, 0x0, 0xff, 0x46,
    0xfd, 0x0, 0x0, 0x0, 0xf, 0xf4, 0x6f, 0xd0,
    0x0, 0x0, 0x0, 0xff, 0x46, 0xfd, 0x0, 0x0,
    0x0, 0xf, 0xf4,

    /* U+041E "?" */
    0x0, 0x3, 0xad, 0xfe, 0xb5, 0x0, 0x0, 0x0,
    0x8f, 0xff, 0xff, 0xff, 0xc1, 0x0, 0x7, 0xff,
    0x93, 0x1, 0x6f, 0xfc, 0x0, 0x2f, 0xf7, 0x0,
    0x0, 0x2, 0xff, 0x70, 0x8f, 0xc0, 0x0, 0x0,
    0x0, 0x7f, 0xd0, 0xbf, 0x70, 0x0, 0x0, 0x0,
    0x2f, 0xf1, 0xdf, 0x50, 0x0, 0x0, 0x0, 0xf,
    0xf2, 0xdf, 0x50, 0x0, 0x0, 0x0, 0xf, 0xf2,
    0xbf, 0x70, 0x0, 0x0, 0x0, 0x2f, 0xf1, 0x8f,
    0xc0, 0x0, 0x0, 0x0, 0x7f, 0xd0, 0x2f, 0xf6,
    0x0, 0x0, 0x2, 0xff, 0x70, 0x8, 0xff, 0x93,
    0x1, 0x6e, 0xfc, 0x0, 0x0, 0x8f, 0xff, 0xff,
    0xff, 0xc1, 0x0, 0x0, 0x3, 0xad, 0xfe, 0xb6,
    0x0, 0x0,

    /* U+041F "?" */
    0x6f, 0xff, 0xff, 0xff, 0xff, 0xff, 0x46, 0xff,
    0xee, 0xee, 0xee, 0xef, 0xf4, 0x6f, 0xd0, 0x0,
    0x0, 0x0, 0xff, 0x46, 0xfd, 0x0, 0x0, 0x0,
    0xf, 0xf4, 0x6f, 0xd0, 0x0, 0x0, 0x0, 0xff,
    0x46, 0xfd, 0x0, 0x0, 0x0, 0xf, 0xf4, 0x6f,
    0xd0, 0x0, 0x0, 0x0, 0xff, 0x46, 0xfd, 0x0,
    0x0, 0x0, 0xf, 0xf4, 0x6f, 0xd0, 0x0, 0x0,
    0x0, 0xff, 0x46, 0xfd, 0x0, 0x0, 0x0, 0xf,
    0xf4, 0x6f, 0xd0, 0x0, 0x0, 0x0, 0xff, 0x46,
    0xfd, 0x0, 0x0, 0x0, 0xf, 0xf4, 0x6f, 0xd0,
    0x0, 0x0, 0x0, 0xff, 0x46, 0xfd, 0x0, 0x0,
    0x0, 0xf, 0xf4,

    /* U+0420 "?" */
    0x6f, 0xff, 0xff, 0xec, 0x60, 0x6, 0xff, 0xee,
    0xef, 0xff, 0xb0, 0x6f, 0xd0, 0x0, 0x6, 0xff,
    0x66, 0xfd, 0x0, 0x0, 0x9, 0xfb, 0x6f, 0xd0,
    0x0, 0x0, 0x6f, 0xd6, 0xfd, 0x0, 0x0, 0xa,
    0xfb, 0x6f, 0xd0, 0x0, 0x17, 0xff, 0x56, 0xff,
    0xff, 0xff, 0xff, 0xa0, 0x6f, 0xfe, 0xed, 0xda,
    0x50, 0x6, 0xfd, 0x0, 0x0, 0x0, 0x0, 0x6f,
    0xd0, 0x0, 0x0, 0x0, 0x6, 0xfd, 0x0, 0x0,
    0x0, 0x0, 0x6f, 0xd0, 0x0, 0x0, 0x0, 0x6,
    0xfd, 0x0, 0x0, 0x0, 0x0,

    /* U+0421 "?" */
    0x0, 0x3, 0xad, 0xfe, 0xb6, 0x0, 0x0, 0x8,
    0xff, 0xff, 0xff, 0xfc, 0x10, 0x8, 0xff, 0x93,
    0x2, 0x6e, 0xfc, 0x2, 0xff, 0x70, 0x0, 0x0,
    0x2f, 0xf4, 0x8f, 0xd0, 0x0, 0x0, 0x0, 0x7a,
    0x5b, 0xf7, 0x0, 0x0, 0x0, 0x0, 0x0, 0xdf,
    0x50, 0x0, 0x0, 0x0, 0x0, 0xd, 0xf5, 0x0,
    0x0, 0x0, 0x0, 0x0, 0xbf, 0x70, 0x0, 0x0,
    0x0, 0x0, 0x8, 0xfc, 0x0, 0x0, 0x0, 0x7,
    0xa5, 0x2f, 0xf6, 0x0, 0x0, 0x2, 0xff, 0x40,
    0x8f, 0xf9, 0x30, 0x26, 0xef, 0xc0, 0x0, 0x8f,
    0xff, 0xff, 0xff, 0xc1, 0x0, 0x0, 0x3a, 0xdf,
    0xeb, 0x60, 0x0,

    /* U+0422 "?" */
    0x2f, 0xff, 0xff, 0xff, 0xff, 0xff, 0x21, 0xee,
    0xee, 0xff, 0xfe, 0xee, 0xe2, 0x0, 0x0, 0x9,
    0xfa, 0x0, 0x0, 0x0, 0x0, 0x0, 0x9f, 0xa0,
    0x0, 0x0, 0x0, 0x0, 0x9, 0xfa, 0x0, 0x0,
    0x0, 0x0, 0x0, 0x9f, 0xa0, 0x0, 0x0, 0x0,
    0x0, 0x9, 0xfa, 0x0, 0x0, 0x0, 0x0, 0x0,
    0x9f, 0xa0, 0x0, 0x0, 0x0, 0x0, 0x9, 0xfa,
    0x0, 0x0, 0x0, 0x0, 0x0, 0x9f, 0xa0, 0x0,
    0x0, 0x0, 0x0, 0x9, 0xfa, 0x0, 0x0, 0x0,
    0x0, 0x0, 0x9f, 0xa0, 0x0, 0x0, 0x0, 0x0,
    0x9, 0xfa, 0x0, 0x0, 0x0, 0x0, 0x0, 0x9f,
    0xa0, 0x0, 0x0,

    /* U+0423 "?" */
    0x4f, 0xf3, 0x0, 0x0, 0x2, 0xff, 0x40, 0xcf,
    0xb0, 0x0, 0x0, 0x9f, 0xd0, 0x4, 0xff, 0x20,
    0x0, 0xf, 0xf6, 0x0, 0xc, 0xfa, 0x0, 0x6,
    0xfe, 0x0, 0x0, 0x4f, 0xf1, 0x0, 0xcf, 0x80,
    0x0, 0x0, 0xdf, 0x70, 0x3f, 0xf1, 0x0, 0x0,
    0x5, 0xfd, 0x9, 0xfa, 0x0, 0x0, 0x0, 0xd,
    0xf3, 0xef, 0x30, 0x0, 0x0, 0x0, 0x5f, 0xcf,
    0xc0, 0x0, 0x0, 0x0, 0x0, 0xdf, 0xf5, 0x0,
    0x0, 0x0, 0x0, 0x7, 0xfe, 0x0, 0x0, 0x0,
    0x0, 0x1, 0xdf, 0x70, 0x0, 0x0, 0x0, 0x6f,
    0xff, 0xd0, 0x0, 0x0, 0x0, 0x7, 0xfe, 0xa1,
    0x0, 0x0, 0x0,

    /* U+0424 "?" */
    0x0, 0x0, 0x0, 0x23, 0x10, 0x0, 0x0, 0x0,
    0x0, 0x0, 0xc, 0xf6, 0x0, 0x0, 0x0, 0x0,
    0x0, 0x0, 0xcf, 0x60, 0x0, 0x0, 0x0, 0x0,
    0x7c, 0xef, 0xff, 0xea, 0x40, 0x0, 0x2, 0xdf,
    0xff, 0xff, 0xff, 0xff, 0x90, 0x0, 0xdf, 0xc4,
    0xc, 0xf6, 0x16, 0xff, 0x70, 0x6f, 0xe1, 0x0,
    0xcf, 0x60, 0x6, 0xff, 0xb, 0xf8, 0x0, 0xc,
    0xf6, 0x0, 0xe, 0xf5, 0xdf, 0x50, 0x0, 0xcf,
    0x60, 0x0, 0xbf, 0x7d, 0xf5, 0x0, 0xc, 0xf6,
    0x0, 0xb, 0xf7, 0xbf, 0x80, 0x0, 0xcf, 0x60,
    0x0, 0xef, 0x56, 0xfe, 0x10, 0xc, 0xf6, 0x0,
    0x6f, 0xf0, 0xd, 0xfd, 0x40, 0xcf, 0x61, 0x7f,
    0xf7, 0x0, 0x2d, 0xff, 0xff, 0xff, 0xff, 0xf9,
    0x0, 0x0, 0x7, 0xce, 0xff, 0xfe, 0xa4, 0x0,
    0x0, 0x0, 0x0, 0xc, 0xf6, 0x0, 0x0, 0x0,
    0x0, 0x0, 0x0, 0xcf, 0x60, 0x0, 0x0, 0x0,

    /* U+0425 "?" */
    0xb, 0xfd, 0x0, 0x0, 0x0, 0xbf, 0xc0, 0x1,
    0xef, 0x80, 0x0, 0x7, 0xff, 0x20, 0x0, 0x5f,
    0xf3, 0x0, 0x2f, 0xf5, 0x0, 0x0, 0x9, 0xfd,
    0x0, 0xdf, 0xa0, 0x0, 0x0, 0x0, 0xdf, 0x87,
    0xfe, 0x10, 0x0, 0x0, 0x0, 0x3f, 0xff, 0xf3,
    0x0, 0x0, 0x0, 0x0, 0x8, 0xff, 0x80, 0x0,
    0x0, 0x0, 0x0, 0xb, 0xff, 0xd0, 0x0, 0x0,
    0x0, 0x0, 0x7f, 0xdd, 0xf9, 0x0, 0x0, 0x0,
    0x3, 0xff, 0x44, 0xff, 0x40, 0x0, 0x0, 0xd,
    0xf9, 0x0, 0x9f, 0xe1, 0x0, 0x0, 0xaf, 0xd0,
    0x0, 0xd, 0xfb, 0x0, 0x6, 0xff, 0x30, 0x0,
    0x3, 0xff, 0x60, 0x2f, 0xf7, 0x0, 0x0, 0x0,
    0x7f, 0xf2,

    /* U+0426 "?" */
    0x6f, 0xd0, 0x0, 0x0, 0x5, 0xfe, 0x0, 0x6f,
    0xd0, 0x0, 0x0, 0x5, 0xfe, 0x0, 0x6f, 0xd0,
    0x0, 0x0, 0x5, 0xfe, 0x0, 0x6f, 0xd0, 0x0,
    0x0, 0x5, 0xfe, 0x0, 0x6f, 0xd0, 0x0, 0x0,
    0x5, 0xfe, 0x0, 0x6f, 0xd0, 0x0, 0x0, 0x5,
    0xfe, 0x0, 0x6f, 0xd0, 0x0, 0x0, 0x5, 0xfe,
    0x0, 0x6f, 0xd0, 0x0, 0x0, 0x5, 0xfe, 0x0,
    0x6f, 0xd0, 0x0, 0x0, 0x5, 0xfe, 0x0, 0x6f,
    0xd0, 0x0, 0x0, 0x5, 0xfe, 0x0, 0x6f, 0xd0,
    0x0, 0x0, 0x5, 0xfe, 0x0, 0x6f, 0xd0, 0x0,
    0x0, 0x5, 0xfe, 0x0, 0x6f, 0xfe, 0xee, 0xee,
    0xef, 0xff, 0xe4, 0x6f, 0xff, 0xff, 0xff, 0xff,
    0xff, 0xf5, 0x0, 0x0, 0x0, 0x0, 0x0, 0xd,
    0xf5, 0x0, 0x0, 0x0, 0x0, 0x0, 0xd, 0xf4,
    0x0, 0x0, 0x0, 0x0, 0x0, 0xd, 0xf4,

    /* U+0427 "?" */
    0x8f, 0xa0, 0x0, 0x0, 0xc, 0xf7, 0x8f, 0xa0,
    0x0, 0x0, 0xc, 0xf7, 0x8f, 0xa0, 0x0, 0x0,
    0xc, 0xf7, 0x8f, 0xa0, 0x0, 0x0, 0xc, 0xf7,
    0x8f, 0xb0, 0x0, 0x0, 0xc, 0xf7, 0x6f, 0xe0,
    0x0, 0x0, 0xc, 0xf7, 0x2f, 0xfb, 0x30, 0x14,
    0xaf, 0xf7, 0x8, 0xff, 0xff, 0xff, 0xff, 0xf7,
    0x0, 0x4a, 0xde, 0xd9, 0x3c, 0xf7, 0x0, 0x0,
    0x0, 0x0, 0xc, 0xf7, 0x0, 0x0, 0x0, 0x0,
    0xc, 0xf7, 0x0, 0x0, 0x0, 0x0, 0xc, 0xf7,
    0x0, 0x0, 0x0, 0x0, 0xc, 0xf7, 0x0, 0x0,
    0x0, 0x0, 0xc, 0xf7,

    /* U+0428 "?" */
    0x6f, 0xd0, 0x0, 0x6, 0xfc, 0x0, 0x0, 0x7f,
    0xc6, 0xfd, 0x0, 0x0, 0x6f, 0xc0, 0x0, 0x7,
    0xfc, 0x6f, 0xd0, 0x0, 0x6, 0xfc, 0x0, 0x0,
    0x7f, 0xc6, 0xfd, 0x0, 0x0, 0x6f, 0xc0, 0x0,
    0x7, 0xfc, 0x6f, 0xd0, 0x0, 0x6, 0xfc, 0x0,
    0x0, 0x7f, 0xc6, 0xfd, 0x0, 0x0, 0x6f, 0xc0,
    0x0, 0x7, 0xfc, 0x6f, 0xd0, 0x0, 0x6, 0xfc,
    0x0, 0x0, 0x7f, 0xc6, 0xfd, 0x0, 0x0, 0x6f,
    0xc0, 0x0, 0x7, 0xfc, 0x6f, 0xd0, 0x0, 0x6,
    0xfc, 0x0, 0x0, 0x7f, 0xc6, 0xfd, 0x0, 0x0,
    0x6f, 0xc0, 0x0, 0x7, 0xfc, 0x6f, 0xd0, 0x0,
    0x6, 0xfc, 0x0, 0x0, 0x7f, 0xc6, 0xfd, 0x0,
    0x0, 0x6f, 0xc0, 0x0, 0x7, 0xfc, 0x6f, 0xfe,
    0xee, 0xef, 0xff, 0xee, 0xee, 0xff, 0xc6, 0xff,
    0xff, 0xff, 0xff, 0xff, 0xff, 0xff, 0xfc,

    /* U+0429 "?" */
    0x6f, 0xd0, 0x0, 0x6, 0xfc, 0x0, 0x0, 0x7f,
    0xc0, 0x6, 0xfd, 0x0, 0x0, 0x6f, 0xc0, 0x0,
    0x7, 0xfc, 0x0, 0x6f, 0xd0, 0x0, 0x6, 0xfc,
    0x0, 0x0, 0x7f, 0xc0, 0x6, 0xfd, 0x0, 0x0,
    0x6f, 0xc0, 0x0, 0x7, 0xfc, 0x0, 0x6f, 0xd0,
    0x0, 0x6, 0xfc, 0x0, 0x0, 0x7f, 0xc0, 0x6,
    0xfd, 0x0, 0x0, 0x6f, 0xc0, 0x0, 0x7, 0xfc,
    0x0, 0x6f, 0xd0, 0x0, 0x6, 0xfc, 0x0, 0x0,
    0x7f, 0xc0, 0x6, 0xfd, 0x0, 0x0, 0x6f, 0xc0,
    0x0, 0x7, 0xfc, 0x0, 0x6f, 0xd0, 0x0, 0x6,
    0xfc, 0x0, 0x0, 0x7f, 0xc0, 0x6, 0xfd, 0x0,
    0x0, 0x6f, 0xc0, 0x0, 0x7, 0xfc, 0x0, 0x6f,
    0xd0, 0x0, 0x6, 0xfc, 0x0, 0x0, 0x7f, 0xc0,
    0x6, 0xfd, 0x0, 0x0, 0x6f, 0xc0, 0x0, 0x7,
    0xfc, 0x0, 0x6f, 0xfe, 0xee, 0xef, 0xff, 0xee,
    0xee, 0xff, 0xfe, 0x36, 0xff, 0xff, 0xff, 0xff,
    0xff, 0xff, 0xff, 0xff, 0xf3, 0x0, 0x0, 0x0,
    0x0, 0x0, 0x0, 0x0, 0x0, 0xff, 0x30, 0x0,
    0x0, 0x0, 0x0, 0x0, 0x0, 0x0, 0xf, 0xf3,
    0x0, 0x0, 0x0, 0x0, 0x0, 0x0, 0x0, 0x0,
    0xff, 0x30,

    /* U+042A "?" */
    0x2f, 0xff, 0xff, 0xf3, 0x0, 0x0, 0x0, 0x0,
    0x1d, 0xdd, 0xdf, 0xf3, 0x0, 0x0, 0x0, 0x0,
    0x0, 0x0, 0xf, 0xf3, 0x0, 0x0, 0x0, 0x0,
    0x0, 0x0, 0xf, 0xf3, 0x0, 0x0, 0x0, 0x0,
    0x0, 0x0, 0xf, 0xf3, 0x0, 0x0, 0x0, 0x0,
    0x0, 0x0, 0xf, 0xff, 0xff, 0xfe, 0xa3, 0x0,
    0x0, 0x0, 0xf, 0xfe, 0xee, 0xef, 0xff, 0x50,
    0x0, 0x0, 0xf, 0xf3, 0x0, 0x1, 0xaf, 0xf1,
    0x0, 0x0, 0xf, 0xf3, 0x0, 0x0, 0xe, 0xf5,
    0x0, 0x0, 0xf, 0xf3, 0x0, 0x0, 0xc, 0xf7,
    0x0, 0x0, 0xf, 0xf3, 0x0, 0x0, 0xe, 0xf5,
    0x0, 0x0, 0xf, 0xf3, 0x0, 0x1, 0xbf, 0xf1,
    0x0, 0x0, 0xf, 0xfe, 0xee, 0xef, 0xff, 0x50,
    0x0, 0x0, 0xf, 0xff, 0xff, 0xfe, 0xa3, 0x0,

    /* U+042B "?" */
    0x6f, 0xd0, 0x0, 0x0, 0x0, 0x0, 0xf, 0xf4,
    0x6f, 0xd0, 0x0, 0x0, 0x0, 0x0, 0xf, 0xf4,
    0x6f, 0xd0, 0x0, 0x0, 0x0, 0x0, 0xf, 0xf4,
    0x6f, 0xd0, 0x0, 0x0, 0x0, 0x0, 0xf, 0xf4,
    0x6f, 0xd0, 0x0, 0x0, 0x0, 0x0, 0xf, 0xf4,
    0x6f, 0xff, 0xff, 0xfd, 0x81, 0x0, 0xf, 0xf4,
    0x6f, 0xfe, 0xee, 0xff, 0xfe, 0x20, 0xf, 0xf4,
    0x6f, 0xd0, 0x0, 0x3, 0xdf, 0xb0, 0xf, 0xf4,
    0x6f, 0xd0, 0x0, 0x0, 0x4f, 0xf0, 0xf, 0xf4,
    0x6f, 0xd0, 0x0, 0x0, 0x2f, 0xf1, 0xf, 0xf4,
    0x6f, 0xd0, 0x0, 0x0, 0x5f, 0xf0, 0xf, 0xf4,
    0x6f, 0xd0, 0x0, 0x3, 0xef, 0xa0, 0xf, 0xf4,
    0x6f, 0xfe, 0xee, 0xff, 0xfd, 0x10, 0xf, 0xf4,
    0x6f, 0xff, 0xff, 0xfd, 0x81, 0x0, 0xf, 0xf4,

    /* U+042C "?" */
    0x6f, 0xd0, 0x0, 0x0, 0x0, 0x0, 0x6f, 0xd0,
    0x0, 0x0, 0x0, 0x0, 0x6f, 0xd0, 0x0, 0x0,
    0x0, 0x0, 0x6f, 0xd0, 0x0, 0x0, 0x0, 0x0,
    0x6f, 0xd0, 0x0, 0x0, 0x0, 0x0, 0x6f, 0xff,
    0xff, 0xfd, 0x81, 0x0, 0x6f, 0xfe, 0xee, 0xff,
    0xfe, 0x20, 0x6f, 0xd0, 0x0, 0x3, 0xdf, 0xb0,
    0x6f, 0xd0, 0x0, 0x0, 0x4f, 0xf0, 0x6f, 0xd0,
    0x0, 0x0, 0x2f, 0xf1, 0x6f, 0xd0, 0x0, 0x0,
    0x5f, 0xf0, 0x6f, 0xd0, 0x0, 0x3, 0xef, 0xa0,
    0x6f, 0xfe, 0xee, 0xff, 0xfd, 0x10, 0x6f, 0xff,
    0xff, 0xfd, 0x81, 0x0,

    /* U+042D "?" */
    0x0, 0x29, 0xdf, 0xfd, 0x81, 0x0, 0x0, 0x7f,
    0xff, 0xff, 0xff, 0xe4, 0x0, 0x5f, 0xfa, 0x30,
    0x13, 0xaf, 0xf3, 0xc, 0xf9, 0x0, 0x0, 0x0,
    0x7f, 0xc0, 0x1, 0x0, 0x0, 0x0, 0x0, 0xef,
    0x20, 0x0, 0x6, 0xee, 0xee, 0xef, 0xf6, 0x0,
    0x0, 0x7f, 0xff, 0xff, 0xff, 0x80, 0x0, 0x0,
    0x0, 0x0, 0xb, 0xf8, 0x12, 0x0, 0x0, 0x0,
    0x0, 0xef, 0x6d, 0xf7, 0x0, 0x0, 0x0, 0x4f,
    0xf3, 0x7f, 0xe1, 0x0, 0x0, 0xd, 0xfc, 0x0,
    0xef, 0xd5, 0x10, 0x4d, 0xff, 0x30, 0x2, 0xdf,
    0xff, 0xff, 0xfe, 0x40, 0x0, 0x0, 0x7c, 0xff,
    0xd8, 0x10, 0x0,

    /* U+042E "?" */
    0x6f, 0xd0, 0x0, 0x0, 0x29, 0xdf, 0xec, 0x60,
    0x0, 0x6, 0xfd, 0x0, 0x0, 0x7f, 0xff, 0xff,
    0xff, 0xd2, 0x0, 0x6f, 0xd0, 0x0, 0x6f, 0xfb,
    0x30, 0x15, 0xef, 0xe1, 0x6, 0xfd, 0x0, 0xe,
    0xf9, 0x0, 0x0, 0x1, 0xef, 0x90, 0x6f, 0xd0,
    0x6, 0xfe, 0x0, 0x0, 0x0, 0x5, 0xff, 0x6,
    0xfd, 0x0, 0x9f, 0xa0, 0x0, 0x0, 0x0, 0xf,
    0xf3, 0x6f, 0xff, 0xff, 0xf8, 0x0, 0x0, 0x0,
    0x0, 0xef, 0x56, 0xff, 0xdd, 0xff, 0x70, 0x0,
    0x0, 0x0, 0xe, 0xf5, 0x6f, 0xd0, 0x9, 0xf9,
    0x0, 0x0, 0x0, 0x0, 0xff, 0x36, 0xfd, 0x0,
    0x6f, 0xe0, 0x0, 0x0, 0x0, 0x5f, 0xf0, 0x6f,
    0xd0, 0x0, 0xef, 0x90, 0x0, 0x0, 0x1e, 0xf9,
    0x6, 0xfd, 0x0, 0x6, 0xff, 0xa3, 0x1, 0x5d,
    0xfe, 0x10, 0x6f, 0xd0, 0x0, 0x7, 0xff, 0xff,
    0xff, 0xfd, 0x20, 0x6, 0xfd, 0x0, 0x0, 0x2,
    0x9d, 0xfe, 0xc7, 0x0, 0x0,

    /* U+042F "?" */
    0x0, 0x7, 0xcf, 0xff, 0xff, 0xf5, 0x0, 0xcf,
    0xff, 0xee, 0xef, 0xf5, 0x7, 0xff, 0x50, 0x0,
    0xe, 0xf5, 0xc, 0xf8, 0x0, 0x0, 0xe, 0xf5,
    0xe, 0xf6, 0x0, 0x0, 0xe, 0xf5, 0xc, 0xf8,
    0x0, 0x0, 0xe, 0xf5, 0x7, 0xff, 0x61, 0x0,
    0xe, 0xf5, 0x0, 0xbf, 0xff, 0xff, 0xff, 0xf5,
    0x0, 0x8, 0xff, 0xee, 0xef, 0xf5, 0x0, 0xd,
    0xfa, 0x0, 0xe, 0xf5, 0x0, 0x6f, 0xf2, 0x0,
    0xe, 0xf5, 0x1, 0xef, 0x80, 0x0, 0xe, 0xf5,
    0x9, 0xfe, 0x0, 0x0, 0xe, 0xf5, 0x2f, 0xf5,
    0x0, 0x0, 0xe, 0xf5,

    /* U+0430 "?" */
    0x0, 0x29, 0xef, 0xea, 0x30, 0x2, 0xff, 0xec,
    0xef, 0xf3, 0x9, 0xfa, 0x0, 0x9, 0xfb, 0x0,
    0x0, 0x0, 0x4, 0xfe, 0x0, 0x1, 0x47, 0x9d,
    0xfe, 0x2, 0xcf, 0xff, 0xfc, 0xfe, 0xe, 0xfb,
    0x51, 0x3, 0xfe, 0x2f, 0xf0, 0x0, 0x5, 0xfe,
    0x1f, 0xf3, 0x0, 0x2d, 0xfe, 0xa, 0xff, 0xcc,
    0xfb, 0xfe, 0x0, 0x8e, 0xfd, 0x72, 0xfe,

    /* U+0431 "?" */
    0x0, 0x0, 0x36, 0x89, 0xdf, 0x20, 0x0, 0x1c,
    0xff, 0xff, 0xd7, 0x0, 0x0, 0xdf, 0x83, 0x0,
    0x0, 0x0, 0x6, 0xf6, 0x6, 0xa9, 0x30, 0x0,
    0xb, 0xe3, 0xdf, 0xff, 0xf7, 0x0, 0xe, 0xce,
    0x81, 0x16, 0xff, 0x40, 0xf, 0xfa, 0x0, 0x0,
    0x8f, 0xb0, 0xf, 0xf3, 0x0, 0x0, 0x3f, 0xe0,
    0xf, 0xf1, 0x0, 0x0, 0x1f, 0xf0, 0xf, 0xf3,
    0x0, 0x0, 0x3f, 0xe0, 0xb, 0xf7, 0x0, 0x0,
    0x7f, 0xa0, 0x4, 0xff, 0x40, 0x3, 0xef, 0x40,
    0x0, 0x8f, 0xfe, 0xdf, 0xf7, 0x0, 0x0, 0x5,
    0xcf, 0xfc, 0x40, 0x0,

    /* U+0432 "?" */
    0x8f, 0xff, 0xff, 0xc6, 0x0, 0x8f, 0xed, 0xde,
    0xff, 0x90, 0x8f, 0x70, 0x0, 0x6f, 0xe0, 0x8f,
    0x70, 0x0, 0x3f, 0xd0, 0x8f, 0xc9, 0x9a, 0xed,
    0x30, 0x8f, 0xff, 0xff, 0xfb, 0x20, 0x8f, 0x70,
    0x0, 0x4f, 0xe1, 0x8f, 0x70, 0x0, 0xb, 0xf6,
    0x8f, 0x70, 0x0, 0x1e, 0xf6, 0x8f, 0xec, 0xcc,
    0xff, 0xe1, 0x8f, 0xff, 0xff, 0xea, 0x20,

    /* U+0433 "?" */
    0x8f, 0xff, 0xff, 0xf7, 0x8f, 0xed, 0xdd, 0xd6,
    0x8f, 0x90, 0x0, 0x0, 0x8f, 0x90, 0x0, 0x0,
    0x8f, 0x90, 0x0, 0x0, 0x8f, 0x90, 0x0, 0x0,
    0x8f, 0x90, 0x0, 0x0, 0x8f, 0x90, 0x0, 0x0,
    0x8f, 0x90, 0x0, 0x0, 0x8f, 0x90, 0x0, 0x0,
    0x8f, 0x90, 0x0, 0x0,

    /* U+0434 "?" */
    0x0, 0xf, 0xff, 0xff, 0xff, 0x80, 0x0, 0x0,
    0xff, 0xdd, 0xde, 0xf8, 0x0, 0x0, 0x2f, 0xe0,
    0x0, 0x9f, 0x80, 0x0, 0x3, 0xfd, 0x0, 0x9,
    0xf8, 0x0, 0x0, 0x4f, 0xb0, 0x0, 0x9f, 0x80,
    0x0, 0x6, 0xf9, 0x0, 0x9, 0xf8, 0x0, 0x0,
    0x9f, 0x70, 0x0, 0x9f, 0x80, 0x0, 0xd, 0xf4,
    0x0, 0x9, 0xf8, 0x0, 0x4, 0xfe, 0x0, 0x0,
    0x9f, 0x80, 0x8, 0xff, 0xfd, 0xdd, 0xde, 0xfe,
    0xd2, 0x9f, 0xff, 0xff, 0xff, 0xff, 0xff, 0x39,
    0xf8, 0x0, 0x0, 0x0, 0xe, 0xf3, 0x9f, 0x80,
    0x0, 0x0, 0x0, 0xef, 0x39, 0xf8, 0x0, 0x0,
    0x0, 0xe, 0xf3, 0x12, 0x10, 0x0, 0x0, 0x0,
    0x22, 0x0,

    /* U+0435 "?" */
    0x0, 0x5, 0xcf, 0xfb, 0x40, 0x0, 0x9, 0xff,
    0xdd, 0xff, 0x80, 0x5, 0xfe, 0x30, 0x3, 0xff,
    0x30, 0xbf, 0x50, 0x0, 0x8, 0xf9, 0xf, 0xfa,
    0x99, 0x99, 0xbf, 0xc0, 0xff, 0xff, 0xff, 0xff,
    0xfd, 0xf, 0xf2, 0x0, 0x0, 0x0, 0x0, 0xcf,
    0x70, 0x0, 0x1, 0x10, 0x5, 0xff, 0x40, 0x1,
    0xdf, 0x60, 0x9, 0xff, 0xec, 0xff, 0xc0, 0x0,
    0x5, 0xce, 0xfd, 0x70, 0x0,

    /* U+0436 "?" */
    0x1e, 0xf7, 0x0, 0xc, 0xf5, 0x0, 0xd, 0xf9,
    0x4, 0xff, 0x20, 0xc, 0xf5, 0x0, 0x9f, 0xd0,
    0x0, 0x9f, 0xc0, 0xc, 0xf5, 0x3, 0xff, 0x30,
    0x0, 0xd, 0xf7, 0xc, 0xf5, 0xd, 0xf7, 0x0,
    0x0, 0x2, 0xff, 0x2c, 0xf5, 0x9f, 0xb0, 0x0,
    0x0, 0x0, 0x7f, 0xff, 0xff, 0xff, 0x10, 0x0,
    0x0, 0x0, 0xcf, 0xef, 0xfe, 0xff, 0x60, 0x0,
    0x0, 0x9, 0xfe, 0x1c, 0xf5, 0x6f, 0xf3, 0x0,
    0x0, 0x6f, 0xf3, 0xc, 0xf5, 0x9, 0xfe, 0x10,
    0x3, 0xff, 0x50, 0xc, 0xf5, 0x0, 0xbf, 0xc0,
    0x1e, 0xf8, 0x0, 0xc, 0xf5, 0x0, 0x1d, 0xf9,

    /* U+0437 "?" */
    0x0, 0x4b, 0xff, 0xc4, 0x0, 0x5, 0xff, 0xcc,
    0xff, 0x40, 0xc, 0xf6, 0x0, 0x8f, 0xb0, 0x1,
    0x10, 0x0, 0x5f, 0xb0, 0x0, 0x0, 0x24, 0xdf,
    0x50, 0x0, 0x0, 0xff, 0xf6, 0x0, 0x0, 0x0,
    0x56, 0xdf, 0x90, 0x0, 0x0, 0x0, 0x2f, 0xf2,
    0x1e, 0xe3, 0x0, 0x5f, 0xf2, 0x9, 0xff, 0xdd,
    0xff, 0xa0, 0x0, 0x6c, 0xff, 0xc6, 0x0,

    /* U+0438 "?" */
    0x8f, 0x90, 0x0, 0xb, 0xf9, 0x8f, 0x90, 0x0,
    0x5f, 0xf9, 0x8f, 0x90, 0x1, 0xef, 0xf9, 0x8f,
    0x90, 0xa, 0xfe, 0xf9, 0x8f, 0x90, 0x5f, 0xb9,
    0xf9, 0x8f, 0x91, 0xee, 0x19, 0xf9, 0x8f, 0x9a,
    0xf5, 0x9, 0xf9, 0x8f, 0xef, 0xb0, 0x9, 0xf9,
    0x8f, 0xff, 0x10, 0x9, 0xf9, 0x8f, 0xf6, 0x0,
    0x9, 0xf9, 0x8f, 0xb0, 0x0, 0x9, 0xf9,

    /* U+0439 "?" */
    0x0, 0xeb, 0x23, 0xbe, 0x0, 0x0, 0x4e, 0xff,
    0xe4, 0x0, 0x0, 0x0, 0x33, 0x0, 0x0, 0x0,
    0x0, 0x0, 0x0, 0x0, 0x8f, 0x90, 0x0, 0xb,
    0xf9, 0x8f, 0x90, 0x0, 0x5f, 0xf9, 0x8f, 0x90,
    0x1, 0xef, 0xf9, 0x8f, 0x90, 0xa, 0xfe, 0xf9,
    0x8f, 0x90, 0x5f, 0xb9, 0xf9, 0x8f, 0x91, 0xee,
    0x19, 0xf9, 0x8f, 0x9a, 0xf5, 0x9, 0xf9, 0x8f,
    0xef, 0xb0, 0x9, 0xf9, 0x8f, 0xff, 0x10, 0x9,
    0xf9, 0x8f, 0xf6, 0x0, 0x9, 0xf9, 0x8f, 0xb0,
    0x0, 0x9, 0xf9,

    /* U+043A "?" */
    0x8f, 0x90, 0x0, 0x2f, 0xf7, 0x8f, 0x90, 0x0,
    0xdf, 0xb0, 0x8f, 0x90, 0x9, 0xfe, 0x10, 0x8f,
    0x90, 0x5f, 0xf4, 0x0, 0x8f, 0x91, 0xef, 0x80,
    0x0, 0x8f, 0xff, 0xfd, 0x0, 0x0, 0x8f, 0xed,
    0xff, 0x50, 0x0, 0x8f, 0x90, 0x8f, 0xf2, 0x0,
    0x8f, 0x90, 0xb, 0xfd, 0x0, 0x8f, 0x90, 0x1,
    0xdf, 0xb0, 0x8f, 0x90, 0x0, 0x2f, 0xf8,

    /* U+043B "?" */
    0x0, 0x8f, 0xff, 0xff, 0xff, 0x40, 0x8, 0xfe,
    0xdd, 0xdf, 0xf4, 0x0, 0x9f, 0x80, 0x0, 0xef,
    0x40, 0xa, 0xf7, 0x0, 0xe, 0xf4, 0x0, 0xaf,
    0x60, 0x0, 0xef, 0x40, 0xb, 0xf6, 0x0, 0xe,
    0xf4, 0x0, 0xcf, 0x40, 0x0, 0xef, 0x40, 0xe,
    0xf2, 0x0, 0xe, 0xf4, 0x4, 0xfe, 0x0, 0x0,
    0xef, 0x4a, 0xff, 0x80, 0x0, 0xe, 0xf4, 0xce,
    0x90, 0x0, 0x0, 0xef, 0x40,

    /* U+043C "?" */
    0x8f, 0xfe, 0x0, 0x0, 0x3, 0xff, 0xf3, 0x8f,
    0xff, 0x40, 0x0, 0xa, 0xff, 0xf3, 0x8f, 0xdf,
    0xa0, 0x0, 0xf, 0xed, 0xf3, 0x8f, 0x9f, 0xf1,
    0x0, 0x6f, 0xad, 0xf3, 0x8f, 0x8b, 0xf7, 0x0,
    0xcf, 0x4e, 0xf3, 0x8f, 0x85, 0xfd, 0x2, 0xfe,
    0xe, 0xf3, 0x8f, 0x90, 0xef, 0x27, 0xf9, 0xe,
    0xf3, 0x8f, 0x90, 0x8f, 0x7c, 0xf2, 0xe, 0xf3,
    0x8f, 0x90, 0x2f, 0xcf, 0xc0, 0xe, 0xf3, 0x8f,
    0x90, 0xb, 0xff, 0x50, 0xe, 0xf3, 0x8f, 0x90,
    0x4, 0xfe, 0x0, 0xe, 0xf3,

    /* U+043D "?" */
    0x8f, 0x90, 0x0, 0x9, 0xf8, 0x8f, 0x90, 0x0,
    0x9, 0xf8, 0x8f, 0x90, 0x0, 0x9, 0xf8, 0x8f,
    0x90, 0x0, 0x9, 0xf8, 0x8f, 0xed, 0xdd, 0xde,
    0xf8, 0x8f, 0xff, 0xff, 0xff, 0xf8, 0x8f, 0x90,
    0x0, 0x9, 0xf8, 0x8f, 0x90, 0x0, 0x9, 0xf8,
    0x8f, 0x90, 0x0, 0x9, 0xf8, 0x8f, 0x90, 0x0,
    0x9, 0xf8, 0x8f, 0x90, 0x0, 0x9, 0xf8,

    /* U+043E "?" */
    0x0, 0x5, 0xce, 0xfc, 0x60, 0x0, 0x0, 0x9f,
    0xfe, 0xef, 0xfa, 0x0, 0x5, 0xff, 0x50, 0x4,
    0xff, 0x60, 0xb, 0xf8, 0x0, 0x0, 0x7f, 0xd0,
    0xf, 0xf3, 0x0, 0x0, 0x2f, 0xf0, 0xf, 0xf2,
    0x0, 0x0, 0xf, 0xf1, 0xf, 0xf3, 0x0, 0x0,
    0x2f, 0xf0, 0xc, 0xf8, 0x0, 0x0, 0x7f, 0xd0,
    0x5, 0xff, 0x40, 0x3, 0xff, 0x60, 0x0, 0x9f,
    0xfd, 0xdf, 0xfa, 0x0, 0x0, 0x5, 0xcf, 0xfc,
    0x60, 0x0,

    /* U+043F "?" */
    0x8f, 0xff, 0xff, 0xff, 0xf7, 0x8f, 0xfd, 0xdd,
    0xdf, 0xf7, 0x8f, 0x90, 0x0, 0xa, 0xf7, 0x8f,
    0x90, 0x0, 0xa, 0xf7, 0x8f, 0x90, 0x0, 0xa,
    0xf7, 0x8f, 0x90, 0x0, 0xa, 0xf7, 0x8f, 0x90,
    0x0, 0xa, 0xf7, 0x8f, 0x90, 0x0, 0xa, 0xf7,
    0x8f, 0x90, 0x0, 0xa, 0xf7, 0x8f, 0x90, 0x0,
    0xa, 0xf7, 0x8f, 0x90, 0x0, 0xa, 0xf7,

    /* U+0440 "?" */
    0x8f, 0x83, 0xcf, 0xea, 0x20, 0x8, 0xfb, 0xfd,
    0xbe, 0xfe, 0x20, 0x8f, 0xf8, 0x0, 0xb, 0xfc,
    0x8, 0xfe, 0x0, 0x0, 0x2f, 0xf2, 0x8f, 0xa0,
    0x0, 0x0, 0xdf, 0x58, 0xf9, 0x0, 0x0, 0xc,
    0xf6, 0x8f, 0xb0, 0x0, 0x0, 0xef, 0x58, 0xff,
    0x0, 0x0, 0x3f, 0xf2, 0x8f, 0xfa, 0x0, 0x1c,
    0xfc, 0x8, 0xfa, 0xef, 0xdf, 0xfe, 0x20, 0x8f,
    0x92, 0xbf, 0xea, 0x20, 0x8, 0xf9, 0x0, 0x0,
    0x0, 0x0, 0x8f, 0x90, 0x0, 0x0, 0x0, 0x8,
    0xf9, 0x0, 0x0, 0x0, 0x0, 0x8f, 0x90, 0x0,
    0x0, 0x0, 0x0,

    /* U+0441 "?" */
    0x0, 0x5, 0xce, 0xec, 0x60, 0x0, 0x9, 0xff,
    0xee, 0xff, 0xa0, 0x5, 0xff, 0x40, 0x4, 0xff,
    0x40, 0xbf, 0x80, 0x0, 0x5, 0x62, 0xf, 0xf3,
    0x0, 0x0, 0x0, 0x0, 0xff, 0x20, 0x0, 0x0,
    0x0, 0xf, 0xf3, 0x0, 0x0, 0x0, 0x0, 0xcf,
    0x80, 0x0, 0x5, 0x72, 0x5, 0xff, 0x40, 0x3,
    0xef, 0x40, 0x9, 0xff, 0xed, 0xff, 0x90, 0x0,
    0x5, 0xcf, 0xfc, 0x50, 0x0,

    /* U+0442 "?" */
    0xcf, 0xff, 0xff, 0xff, 0xf6, 0xad, 0xdd, 0xff,
    0xdd, 0xd5, 0x0, 0x4, 0xfe, 0x0, 0x0, 0x0,
    0x4, 0xfe, 0x0, 0x0, 0x0, 0x4, 0xfe, 0x0,
    0x0, 0x0, 0x4, 0xfe, 0x0, 0x0, 0x0, 0x4,
    0xfe, 0x0, 0x0, 0x0, 0x4, 0xfe, 0x0, 0x0,
    0x0, 0x4, 0xfe, 0x0, 0x0, 0x0, 0x4, 0xfe,
    0x0, 0x0, 0x0, 0x4, 0xfe, 0x0, 0x0,

    /* U+0443 "?" */
    0x5f, 0xe0, 0x0, 0x0, 0x6f, 0xd0, 0xf, 0xf4,
    0x0, 0x0, 0xcf, 0x70, 0x9, 0xfa, 0x0, 0x2,
    0xff, 0x10, 0x3, 0xff, 0x0, 0x8, 0xfb, 0x0,
    0x0, 0xdf, 0x50, 0xd, 0xf5, 0x0, 0x0, 0x7f,
    0xb0, 0x3f, 0xe0, 0x0, 0x0, 0x1f, 0xf0, 0x8f,
    0x90, 0x0, 0x0, 0xb, 0xf5, 0xef, 0x20, 0x0,
    0x0, 0x5, 0xfb, 0xfc, 0x0, 0x0, 0x0, 0x0,
    0xef, 0xf6, 0x0, 0x0, 0x0, 0x0, 0x9f, 0xf1,
    0x0, 0x0, 0x0, 0x0, 0x9f, 0xa0, 0x0, 0x0,
    0x0, 0x1, 0xef, 0x30, 0x0, 0x0, 0x4, 0xdf,
    0xfa, 0x0, 0x0, 0x0, 0x8, 0xfe, 0x90, 0x0,
    0x0, 0x0,

    /* U+0444 "?" */
    0x0, 0x0, 0x0, 0xef, 0x40, 0x0, 0x0, 0x0,
    0x0, 0x0, 0xef, 0x40, 0x0, 0x0, 0x0, 0x0,
    0x0, 0xef, 0x40, 0x0, 0x0, 0x0, 0x5, 0xbe,
    0xff, 0xfd, 0x70, 0x0, 0x0, 0x8f, 0xfb, 0xff,
    0xce, 0xfd, 0x10, 0x4, 0xfe, 0x20, 0xef, 0x40,
    0xbf, 0xa0, 0xb, 0xf7, 0x0, 0xef, 0x40, 0x2f,
    0xf1, 0xf, 0xf2, 0x0, 0xef, 0x40, 0xd, 0xf4,
    0xf, 0xf1, 0x0, 0xef, 0x40, 0xb, 0xf6, 0xf,
    0xf2, 0x0, 0xef, 0x40, 0xd, 0xf4, 0xb, 0xf7,
    0x0, 0xef, 0x40, 0x2f, 0xf1, 0x5, 0xff, 0x30,
    0xef, 0x40, 0xcf, 0xa0, 0x0, 0x9f, 0xfc, 0xff,
    0xce, 0xfd, 0x10, 0x0, 0x5, 0xce, 0xff, 0xfd,
    0x80, 0x0, 0x0, 0x0, 0x0, 0xef, 0x40, 0x0,
    0x0, 0x0, 0x0, 0x0, 0xef, 0x40, 0x0, 0x0,
    0x0, 0x0, 0x0, 0xef, 0x40, 0x0, 0x0, 0x0,
    0x0, 0x0, 0xef, 0x40, 0x0, 0x0,

    /* U+0445 "?" */
    0xd, 0xf8, 0x0, 0x4, 0xff, 0x20, 0x3f, 0xf2,
    0x0, 0xdf, 0x70, 0x0, 0x9f, 0xb0, 0x8f, 0xc0,
    0x0, 0x0, 0xef, 0x5f, 0xf2, 0x0, 0x0, 0x4,
    0xff, 0xf7, 0x0, 0x0, 0x0, 0xe, 0xff, 0x0,
    0x0, 0x0, 0x7, 0xfe, 0xf9, 0x0, 0x0, 0x2,
    0xff, 0x2e, 0xf3, 0x0, 0x0, 0xcf, 0x80, 0x6f,
    0xd0, 0x0, 0x7f, 0xd0, 0x0, 0xcf, 0x90, 0x2f,
    0xf4, 0x0, 0x2, 0xff, 0x40,

    /* U+0446 "?" */
    0x8f, 0x90, 0x0, 0xa, 0xf7, 0x8, 0xf9, 0x0,
    0x0, 0xaf, 0x70, 0x8f, 0x90, 0x0, 0xa, 0xf7,
    0x8, 0xf9, 0x0, 0x0, 0xaf, 0x70, 0x8f, 0x90,
    0x0, 0xa, 0xf7, 0x8, 0xf9, 0x0, 0x0, 0xaf,
    0x70, 0x8f, 0x90, 0x0, 0xa, 0xf7, 0x8, 0xf9,
    0x0, 0x0, 0xaf, 0x70, 0x8f, 0x90, 0x0, 0xa,
    0xf7, 0x8, 0xfe, 0xdd, 0xdd, 0xff, 0xfc, 0x8f,
    0xff, 0xff, 0xff, 0xff, 0xf0, 0x0, 0x0, 0x0,
    0x3, 0xfe, 0x0, 0x0, 0x0, 0x0, 0x3f, 0xe0,
    0x0, 0x0, 0x0, 0x3, 0xfe,

    /* U+0447 "?" */
    0x8f, 0x90, 0x0, 0xe, 0xf4, 0x8f, 0x90, 0x0,
    0xe, 0xf4, 0x8f, 0x90, 0x0, 0xe, 0xf4, 0x8f,
    0x90, 0x0, 0xe, 0xf4, 0x7f, 0xb0, 0x0, 0xe,
    0xf4, 0x3f, 0xf6, 0x0, 0x2e, 0xf4, 0xa, 0xff,
    0xff, 0xff, 0xf4, 0x0, 0x5b, 0xdc, 0xaf, 0xf4,
    0x0, 0x0, 0x0, 0xe, 0xf4, 0x0, 0x0, 0x0,
    0xe, 0xf4, 0x0, 0x0, 0x0, 0xe, 0xf4,

    /* U+0448 "?" */
    0x8f, 0x90, 0x0, 0xbf, 0x60, 0x0, 0xef, 0x48,
    0xf9, 0x0, 0xb, 0xf6, 0x0, 0xe, 0xf4, 0x8f,
    0x90, 0x0, 0xbf, 0x60, 0x0, 0xef, 0x48, 0xf9,
    0x0, 0xb, 0xf6, 0x0, 0xe, 0xf4, 0x8f, 0x90,
    0x0, 0xbf, 0x60, 0x0, 0xef, 0x48, 0xf9, 0x0,
    0xb, 0xf6, 0x0, 0xe, 0xf4, 0x8f, 0x90, 0x0,
    0xbf, 0x60, 0x0, 0xef, 0x48, 0xf9, 0x0, 0xb,
    0xf6, 0x0, 0xe, 0xf4, 0x8f, 0x90, 0x0, 0xbf,
    0x60, 0x0, 0xef, 0x48, 0xfe, 0xdd, 0xdf, 0xfe,
    0xdd, 0xdf, 0xf4, 0x8f, 0xff, 0xff, 0xff, 0xff,
    0xff, 0xff, 0x40,

    /* U+0449 "?" */
    0x8f, 0x90, 0x0, 0xbf, 0x60, 0x0, 0xef, 0x40,
    0x8f, 0x90, 0x0, 0xbf, 0x60, 0x0, 0xef, 0x40,
    0x8f, 0x90, 0x0, 0xbf, 0x60, 0x0, 0xef, 0x40,
    0x8f, 0x90, 0x0, 0xbf, 0x60, 0x0, 0xef, 0x40,
    0x8f, 0x90, 0x0, 0xbf, 0x60, 0x0, 0xef, 0x40,
    0x8f, 0x90, 0x0, 0xbf, 0x60, 0x0, 0xef, 0x40,
    0x8f, 0x90, 0x0, 0xbf, 0x60, 0x0, 0xef, 0x40,
    0x8f, 0x90, 0x0, 0xbf, 0x60, 0x0, 0xef, 0x40,
    0x8f, 0x90, 0x0, 0xbf, 0x60, 0x0, 0xef, 0x40,
    0x8f, 0xed, 0xdd, 0xff, 0xed, 0xdd, 0xff, 0xf9,
    0x8f, 0xff, 0xff, 0xff, 0xff, 0xff, 0xff, 0xfb,
    0x0, 0x0, 0x0, 0x0, 0x0, 0x0, 0x7, 0xfb,
    0x0, 0x0, 0x0, 0x0, 0x0, 0x0, 0x7, 0xfb,
    0x0, 0x0, 0x0, 0x0, 0x0, 0x0, 0x7, 0xfb,

    /* U+044A "?" */
    0xcf, 0xff, 0xf5, 0x0, 0x0, 0x0, 0x8, 0xaa,
    0xff, 0x50, 0x0, 0x0, 0x0, 0x0, 0xd, 0xf5,
    0x0, 0x0, 0x0, 0x0, 0x0, 0xdf, 0x50, 0x0,
    0x0, 0x0, 0x0, 0xd, 0xff, 0xff, 0xec, 0x50,
    0x0, 0x0, 0xdf, 0xed, 0xde, 0xff, 0x70, 0x0,
    0xd, 0xf5, 0x0, 0x7, 0xff, 0x0, 0x0, 0xdf,
    0x50, 0x0, 0xf, 0xf2, 0x0, 0xd, 0xf5, 0x0,
    0x7, 0xff, 0x0, 0x0, 0xdf, 0xed, 0xde, 0xff,
    0x70, 0x0, 0xd, 0xff, 0xff, 0xfc, 0x50, 0x0,

    /* U+044B "?" */
    0x8f, 0x90, 0x0, 0x0, 0x0, 0x6f, 0xc8, 0xf9,
    0x0, 0x0, 0x0, 0x6, 0xfc, 0x8f, 0x90, 0x0,
    0x0, 0x0, 0x6f, 0xc8, 0xf9, 0x0, 0x0, 0x0,
    0x6, 0xfc, 0x8f, 0xff, 0xff, 0xd7, 0x0, 0x6f,
    0xc8, 0xfe, 0xdd, 0xef, 0xfc, 0x6, 0xfc, 0x8f,
    0x90, 0x0, 0x3f, 0xf4, 0x6f, 0xc8, 0xf9, 0x0,
    0x0, 0xcf, 0x66, 0xfc, 0x8f, 0x90, 0x0, 0x3f,
    0xf4, 0x6f, 0xc8, 0xfe, 0xdd, 0xef, 0xfb, 0x6,
    0xfc, 0x8f, 0xff, 0xff, 0xd8, 0x0, 0x6f, 0xc0,

    /* U+044C "?" */
    0x8f, 0x90, 0x0, 0x0, 0x0, 0x8f, 0x90, 0x0,
    0x0, 0x0, 0x8f, 0x90, 0x0, 0x0, 0x0, 0x8f,
    0x90, 0x0, 0x0, 0x0, 0x8f, 0xff, 0xff, 0xd7,
    0x0, 0x8f, 0xed, 0xde, 0xff, 0xc0, 0x8f, 0x90,
    0x0, 0x3f, 0xf4, 0x8f, 0x90, 0x0, 0xc, 0xf6,
    0x8f, 0x90, 0x0, 0x3f, 0xf4, 0x8f, 0xed, 0xde,
    0xff, 0xb0, 0x8f, 0xff, 0xff, 0xd8, 0x0,

    /* U+044D "?" */
    0x0, 0x29, 0xdf, 0xe9, 0x20, 0x0, 0x3f, 0xff,
    0xdf, 0xfe, 0x30, 0xc, 0xf9, 0x0, 0x9, 0xfd,
    0x0, 0x25, 0x0, 0x0, 0xd, 0xf4, 0x0, 0x0,
    0x9a, 0xaa, 0xdf, 0x70, 0x0, 0xe, 0xff, 0xff,
    0xf9, 0x0, 0x0, 0x0, 0x0, 0xbf, 0x70, 0x7b,
    0x10, 0x0, 0x1f, 0xf4, 0xb, 0xfa, 0x0, 0xb,
    0xfd, 0x0, 0x2e, 0xff, 0xdf, 0xfe, 0x30, 0x0,
    0x19, 0xdf, 0xe9, 0x20, 0x0,

    /* U+044E "?" */
    0x8f, 0x80, 0x0, 0x7, 0xdf, 0xec, 0x50, 0x0,
    0x8f, 0x80, 0x0, 0xcf, 0xfb, 0xcf, 0xf9, 0x0,
    0x8f, 0x80, 0x8, 0xfe, 0x20, 0x2, 0xef, 0x50,
    0x8f, 0x80, 0xe, 0xf6, 0x0, 0x0, 0x7f, 0xc0,
    0x8f, 0xec, 0xcf, 0xf2, 0x0, 0x0, 0x3f, 0xf0,
    0x8f, 0xff, 0xff, 0xf1, 0x0, 0x0, 0x2f, 0xf0,
    0x8f, 0x80, 0xf, 0xf2, 0x0, 0x0, 0x3f, 0xf0,
    0x8f, 0x80, 0xb, 0xf7, 0x0, 0x0, 0x8f, 0xc0,
    0x8f, 0x80, 0x4, 0xff, 0x40, 0x4, 0xff, 0x50,
    0x8f, 0x80, 0x0, 0x9f, 0xfd, 0xdf, 0xf9, 0x0,
    0x8f, 0x80, 0x0, 0x5, 0xcf, 0xfc, 0x50, 0x0,

    /* U+044F "?" */
    0x0, 0x5c, 0xff, 0xff, 0xfc, 0x7, 0xff, 0xec,
    0xcd, 0xfc, 0xf, 0xf7, 0x0, 0x4, 0xfc, 0x1f,
    0xf1, 0x0, 0x4, 0xfc, 0xf, 0xf5, 0x0, 0x4,
    0xfc, 0x7, 0xff, 0xca, 0xac, 0xfc, 0x0, 0x6f,
    0xff, 0xff, 0xfc, 0x0, 0x7f, 0xe0, 0x4, 0xfc,
    0x1, 0xff, 0x50, 0x4, 0xfc, 0xa, 0xfb, 0x0,
    0x4, 0xfc, 0x4f, 0xf2, 0x0, 0x4, 0xfc,

    /* U+0450 "?" */
    0x0, 0x7, 0xfa, 0x0, 0x0, 0x0, 0x0, 0xc,
    0xf2, 0x0, 0x0, 0x0, 0x0, 0x2e, 0x80, 0x0,
    0x0, 0x0, 0x0, 0x0, 0x0, 0x0, 0x0, 0x5,
    0xcf, 0xfb, 0x40, 0x0, 0x9, 0xff, 0xdd, 0xff,
    0x80, 0x5, 0xfe, 0x30, 0x3, 0xff, 0x30, 0xbf,
    0x50, 0x0, 0x8, 0xf9, 0xf, 0xfa, 0x99, 0x99,
    0xbf, 0xc0, 0xff, 0xff, 0xff, 0xff, 0xfd, 0xf,
    0xf2, 0x0, 0x0, 0x0, 0x0, 0xcf, 0x70, 0x0,
    0x1, 0x10, 0x5, 0xff, 0x40, 0x1, 0xdf, 0x60,
    0x9, 0xff, 0xec, 0xff, 0xc0, 0x0, 0x5, 0xce,
    0xfd, 0x70, 0x0,

    /* U+0451 "?" */
    0x0, 0x2e, 0xb0, 0xd, 0xd1, 0x0, 0x5, 0xff,
    0x2, 0xff, 0x30, 0x0, 0x6, 0x30, 0x4, 0x50,
    0x0, 0x0, 0x5c, 0xff, 0xb4, 0x0, 0x0, 0x9f,
    0xfd, 0xdf, 0xf8, 0x0, 0x5f, 0xe3, 0x0, 0x3f,
    0xf3, 0xb, 0xf5, 0x0, 0x0, 0x8f, 0x90, 0xff,
    0xa9, 0x99, 0x9b, 0xfc, 0xf, 0xff, 0xff, 0xff,
    0xff, 0xd0, 0xff, 0x20, 0x0, 0x0, 0x0, 0xc,
    0xf7, 0x0, 0x0, 0x11, 0x0, 0x5f, 0xf4, 0x0,
    0x1d, 0xf6, 0x0, 0x9f, 0xfe, 0xcf, 0xfc, 0x0,
    0x0, 0x5c, 0xef, 0xd7, 0x0,

    /* U+0452 "?" */
    0x29, 0xfa, 0x22, 0x10, 0x0, 0xf, 0xff, 0xff,
    0xf9, 0x0, 0x0, 0x5b, 0xfb, 0x55, 0x30, 0x0,
    0x0, 0x8f, 0x92, 0xbf, 0xea, 0x10, 0x8, 0xfa,
    0xef, 0xff, 0xfd, 0x0, 0x8f, 0xf8, 0x0, 0x5f,
    0xf5, 0x8, 0xfc, 0x0, 0x0, 0xbf, 0x80, 0x8f,
    0x90, 0x0, 0x9, 0xf9, 0x8, 0xf9, 0x0, 0x0,
    0x9f, 0x90, 0x8f, 0x90, 0x0, 0x9, 0xf9, 0x8,
    0xf9, 0x0, 0x0, 0x9f, 0x90, 0x8f, 0x90, 0x0,
    0x9, 0xf9, 0x8, 0xf9, 0x0, 0x0, 0x9f, 0x90,
    0x8f, 0x90, 0x0, 0x9, 0xf9, 0x0, 0x0, 0x0,
    0x0, 0x9f, 0x90, 0x0, 0x0, 0x0, 0xa, 0xf8,
    0x0, 0x0, 0x0, 0x8c, 0xff, 0x50, 0x0, 0x0,
    0xa, 0xfe, 0x70,

    /* U+0453 "?" */
    0x0, 0x0, 0xdf, 0x40, 0x0, 0x4, 0xfa, 0x0,
    0x0, 0xa, 0xd1, 0x0, 0x0, 0x0, 0x0, 0x0,
    0x8f, 0xff, 0xff, 0xf7, 0x8f, 0xed, 0xdd, 0xd6,
    0x8f, 0x90, 0x0, 0x0, 0x8f, 0x90, 0x0, 0x0,
    0x8f, 0x90, 0x0, 0x0, 0x8f, 0x90, 0x0, 0x0,
    0x8f, 0x90, 0x0, 0x0, 0x8f, 0x90, 0x0, 0x0,
    0x8f, 0x90, 0x0, 0x0, 0x8f, 0x90, 0x0, 0x0,
    0x8f, 0x90, 0x0, 0x0,

    /* U+0454 "?" */
    0x0, 0x5, 0xce, 0xfc, 0x60, 0x0, 0x9, 0xff,
    0xed, 0xff, 0xa0, 0x5, 0xfe, 0x30, 0x3, 0xef,
    0x50, 0xbf, 0x60, 0x0, 0x3, 0x40, 0xf, 0xfb,
    0xaa, 0xa4, 0x0, 0x0, 0xff, 0xff, 0xff, 0x70,
    0x0, 0xf, 0xf3, 0x0, 0x0, 0x0, 0x0, 0xcf,
    0x80, 0x0, 0x6, 0xa3, 0x5, 0xff, 0x40, 0x3,
    0xff, 0x40, 0x9, 0xff, 0xed, 0xff, 0x90, 0x0,
    0x5, 0xcf, 0xec, 0x50, 0x0,

    /* U+0455 "?" */
    0x0, 0x2a, 0xef, 0xe9, 0x10, 0x2, 0xff, 0xeb,
    0xef, 0xe1, 0x9, 0xfb, 0x0, 0xa, 0xe5, 0xa,
    0xf9, 0x0, 0x0, 0x0, 0x5, 0xff, 0xb7, 0x40,
    0x0, 0x0, 0x5d, 0xff, 0xff, 0x80, 0x0, 0x0,
    0x25, 0xaf, 0xf8, 0x0, 0x30, 0x0, 0x7, 0xfc,
    0xd, 0xf7, 0x0, 0xa, 0xfb, 0x5, 0xff, 0xdb,
    0xef, 0xf3, 0x0, 0x4b, 0xef, 0xea, 0x20,

    /* U+0456 "?" */
    0x7f, 0x8b, 0xfc, 0x27, 0x28, 0xf9, 0x8f, 0x98,
    0xf9, 0x8f, 0x98, 0xf9, 0x8f, 0x98, 0xf9, 0x8f,
    0x98, 0xf9, 0x8f, 0x98, 0xf9,

    /* U+0457 "?" */
    0x7f, 0x50, 0x5f, 0x8b, 0xf9, 0x8, 0xfc, 0x26,
    0x10, 0x6, 0x20, 0x8, 0xf9, 0x0, 0x0, 0x8f,
    0x90, 0x0, 0x8, 0xf9, 0x0, 0x0, 0x8f, 0x90,
    0x0, 0x8, 0xf9, 0x0, 0x0, 0x8f, 0x90, 0x0,
    0x8, 0xf9, 0x0, 0x0, 0x8f, 0x90, 0x0, 0x8,
    0xf9, 0x0, 0x0, 0x8f, 0x90, 0x0, 0x8, 0xf9,
    0x0,

    /* U+0458 "?" */
    0x0, 0x7f, 0x70, 0xc, 0xfc, 0x0, 0x27, 0x20,
    0x9, 0xf9, 0x0, 0x9f, 0x90, 0x9, 0xf9, 0x0,
    0x9f, 0x90, 0x9, 0xf9, 0x0, 0x9f, 0x90, 0x9,
    0xf9, 0x0, 0x9f, 0x90, 0x9, 0xf9, 0x0, 0x9f,
    0x90, 0x9, 0xf9, 0x0, 0x9f, 0x90, 0xc, 0xf7,
    0x4e, 0xff, 0x25, 0xfc, 0x30,

    /* U+0459 "?" */
    0x0, 0x5f, 0xff, 0xff, 0xff, 0xf0, 0x0, 0x0,
    0x0, 0x0, 0x5f, 0xfd, 0xdd, 0xff, 0xf0, 0x0,
    0x0, 0x0, 0x0, 0x6f, 0xb0, 0x0, 0xff, 0xf0,
    0x0, 0x0, 0x0, 0x0, 0x7f, 0xa0, 0x0, 0xff,
    0xf0, 0x0, 0x0, 0x0, 0x0, 0x7f, 0x90, 0x0,
    0xff, 0xff, 0xff, 0xd9, 0x10, 0x0, 0x8f, 0x90,
    0x0, 0xff, 0xfd, 0xdd, 0xff, 0xe1, 0x0, 0x9f,
    0x70, 0x0, 0xff, 0xf0, 0x0, 0x1d, 0xf8, 0x0,
    0xcf, 0x50, 0x0, 0xff, 0xf0, 0x0, 0x8, 0xfa,
    0x2, 0xff, 0x20, 0x0, 0xff, 0xf0, 0x0, 0x1d,
    0xf7, 0x8f, 0xfb, 0x0, 0x0, 0xff, 0xfd, 0xdd,
    0xff, 0xe1, 0xaf, 0xb1, 0x0, 0x0, 0xff, 0xff,
    0xff, 0xe9, 0x10,

    /* U+045A "?" */
    0x8f, 0x90, 0x0, 0xa, 0xf8, 0x0, 0x0, 0x0,
    0x8, 0xf9, 0x0, 0x0, 0xaf, 0x80, 0x0, 0x0,
    0x0, 0x8f, 0x90, 0x0, 0xa, 0xf8, 0x0, 0x0,
    0x0, 0x8, 0xf9, 0x0, 0x0, 0xaf, 0x80, 0x0,
    0x0, 0x0, 0x8f, 0xfd, 0xdd, 0xdf, 0xfe, 0xdd,
    0xca, 0x30, 0x8, 0xff, 0xff, 0xff, 0xff, 0xff,
    0xff, 0xff, 0x70, 0x8f, 0x90, 0x0, 0xa, 0xf8,
    0x0, 0x7, 0xff, 0x8, 0xf9, 0x0, 0x0, 0xaf,
    0x80, 0x0, 0xf, 0xf2, 0x8f, 0x90, 0x0, 0xa,
    0xf8, 0x0, 0x4, 0xff, 0x8, 0xf9, 0x0, 0x0,
    0xaf, 0xed, 0xde, 0xff, 0x80, 0x8f, 0x90, 0x0,
    0xa, 0xff, 0xff, 0xfc, 0x60, 0x0,

    /* U+045B "?" */
    0x2b, 0xfb, 0x22, 0x10, 0x0, 0xf, 0xff, 0xff,
    0xf9, 0x0, 0x0, 0x5e, 0xfe, 0x55, 0x30, 0x0,
    0x0, 0x8f, 0x92, 0xbf, 0xea, 0x10, 0x8, 0xfa,
    0xef, 0xff, 0xfd, 0x0, 0x8f, 0xf8, 0x0, 0x5f,
    0xf5, 0x8, 0xfc, 0x0, 0x0, 0xbf, 0x80, 0x8f,
    0x90, 0x0, 0x9, 0xf9, 0x8, 0xf9, 0x0, 0x0,
    0x9f, 0x90, 0x8f, 0x90, 0x0, 0x9, 0xf9, 0x8,
    0xf9, 0x0, 0x0, 0x9f, 0x90, 0x8f, 0x90, 0x0,
    0x9, 0xf9, 0x8, 0xf9, 0x0, 0x0, 0x9f, 0x90,
    0x8f, 0x90, 0x0, 0x9, 0xf9,

    /* U+045C "?" */
    0x0, 0x0, 0x2f, 0xe0, 0x0, 0x0, 0x0, 0xaf,
    0x40, 0x0, 0x0, 0x1, 0xe9, 0x0, 0x0, 0x0,
    0x0, 0x0, 0x0, 0x0, 0x8f, 0x90, 0x0, 0x2f,
    0xf7, 0x8f, 0x90, 0x0, 0xdf, 0xb0, 0x8f, 0x90,
    0x9, 0xfe, 0x10, 0x8f, 0x90, 0x5f, 0xf4, 0x0,
    0x8f, 0x91, 0xef, 0x80, 0x0, 0x8f, 0xff, 0xfd,
    0x0, 0x0, 0x8f, 0xed, 0xff, 0x50, 0x0, 0x8f,
    0x90, 0x8f, 0xf2, 0x0, 0x8f, 0x90, 0xb, 0xfd,
    0x0, 0x8f, 0x90, 0x1, 0xdf, 0xb0, 0x8f, 0x90,
    0x0, 0x2f, 0xf8,

    /* U+045D "?" */
    0x0, 0x6f, 0xb0, 0x0, 0x0, 0x0, 0xb, 0xf3,
    0x0, 0x0, 0x0, 0x1, 0xd9, 0x0, 0x0, 0x0,
    0x0, 0x0, 0x0, 0x0, 0x8f, 0x90, 0x0, 0xb,
    0xf9, 0x8f, 0x90, 0x0, 0x5f, 0xf9, 0x8f, 0x90,
    0x1, 0xef, 0xf9, 0x8f, 0x90, 0xa, 0xfe, 0xf9,
    0x8f, 0x90, 0x5f, 0xb9, 0xf9, 0x8f, 0x91, 0xee,
    0x19, 0xf9, 0x8f, 0x9a, 0xf5, 0x9, 0xf9, 0x8f,
    0xef, 0xb0, 0x9, 0xf9, 0x8f, 0xff, 0x10, 0x9,
    0xf9, 0x8f, 0xf6, 0x0, 0x9, 0xf9, 0x8f, 0xb0,
    0x0, 0x9, 0xf9,

    /* U+045E "?" */
    0x0, 0x18, 0x10, 0x5, 0x50, 0x0, 0x0, 0x1f,
    0xa2, 0x4f, 0x80, 0x0, 0x0, 0x5, 0xff, 0xfb,
    0x0, 0x0, 0x0, 0x0, 0x3, 0x20, 0x0, 0x0,
    0x0, 0x0, 0x0, 0x0, 0x0, 0x0, 0x5f, 0xe0,
    0x0, 0x0, 0x6f, 0xd0, 0xf, 0xf4, 0x0, 0x0,
    0xcf, 0x70, 0x9, 0xfa, 0x0, 0x2, 0xff, 0x10,
    0x3, 0xff, 0x0, 0x8, 0xfb, 0x0, 0x0, 0xdf,
    0x50, 0xd, 0xf5, 0x0, 0x0, 0x7f, 0xb0, 0x3f,
    0xe0, 0x0, 0x0, 0x1f, 0xf0, 0x8f, 0x90, 0x0,
    0x0, 0xb, 0xf5, 0xef, 0x20, 0x0, 0x0, 0x5,
    0xfb, 0xfc, 0x0, 0x0, 0x0, 0x0, 0xef, 0xf6,
    0x0, 0x0, 0x0, 0x0, 0x9f, 0xf1, 0x0, 0x0,
    0x0, 0x0, 0x9f, 0xa0, 0x0, 0x0, 0x0, 0x1,
    0xef, 0x30, 0x0, 0x0, 0x4, 0xdf, 0xfa, 0x0,
    0x0, 0x0, 0x8, 0xfe, 0x90, 0x0, 0x0, 0x0,

    /* U+045F "?" */
    0x8f, 0x90, 0x0, 0xa, 0xf7, 0x8f, 0x90, 0x0,
    0xa, 0xf7, 0x8f, 0x90, 0x0, 0xa, 0xf7, 0x8f,
    0x90, 0x0, 0xa, 0xf7, 0x8f, 0x90, 0x0, 0xa,
    0xf7, 0x8f, 0x90, 0x0, 0xa, 0xf7, 0x8f, 0x90,
    0x0, 0xa, 0xf7, 0x8f, 0x90, 0x0, 0xa, 0xf7,
    0x8f, 0x90, 0x0, 0xa, 0xf7, 0x8f, 0xed, 0xdd,
    0xdf, 0xf7, 0x8f, 0xff, 0xff, 0xff, 0xf7, 0x0,
    0x1, 0xff, 0x0, 0x0, 0x0, 0x1, 0xff, 0x0,
    0x0, 0x0, 0x1, 0xff, 0x0, 0x0,

    /* U+2010 "?" */
    0x3d, 0xdd, 0xdd, 0xd2, 0x4f, 0xff, 0xff, 0xf3,

    /* U+2011 "?" */
    0x3d, 0xdd, 0xdd, 0xd2, 0x4f, 0xff, 0xff, 0xf3,

    /* U+2012 "?" */
    0x2d, 0xdd, 0xdd, 0xdd, 0xdd, 0xdd, 0x12, 0xff,
    0xff, 0xff, 0xff, 0xff, 0xf1,

    /* U+2013 "?" */
    0xdd, 0xdd, 0xdd, 0xdd, 0xdd, 0xff, 0xff, 0xff,
    0xff, 0xff,

    /* U+2014 "?" */
    0xdd, 0xdd, 0xdd, 0xdd, 0xdd, 0xdd, 0xdd, 0xdd,
    0xdd, 0xdd, 0xff, 0xff, 0xff, 0xff, 0xff, 0xff,
    0xff, 0xff, 0xff, 0xff,

    /* U+2015 "?" */
    0xdd, 0xdd, 0xdd, 0xdd, 0xdd, 0xdd, 0xdd, 0xdd,
    0xdd, 0xdd, 0xff, 0xff, 0xff, 0xff, 0xff, 0xff,
    0xff, 0xff, 0xff, 0xff,

    /* U+2016 "?" */
    0x8f, 0x64, 0xfa, 0x8f, 0x64, 0xfa, 0x8f, 0x64,
    0xfa, 0x8f, 0x64, 0xfa, 0x8f, 0x64, 0xfa, 0x8f,
    0x64, 0xfa, 0x8f, 0x64, 0xfa, 0x8f, 0x64, 0xfa,
    0x8f, 0x64, 0xfa, 0x8f, 0x64, 0xfa, 0x8f, 0x64,
    0xfa, 0x8f, 0x64, 0xfa, 0x8f, 0x64, 0xfa, 0x8f,
    0x64, 0xfa, 0x8f, 0x64, 0xfa, 0x8f, 0x64, 0xfa,
    0x8f, 0x64, 0xfa, 0x8f, 0x64, 0xfa, 0x8f, 0x64,
    0xfa, 0x8f, 0x64, 0xfa, 0x8f, 0x64, 0xfa, 0x8f,
    0x64, 0xfa, 0x8f, 0x64, 0xfa, 0x8f, 0x64, 0xfa,

    /* U+2017 "?" */
    0xff, 0xff, 0xff, 0xff, 0xf2, 0x88, 0x88, 0x88,
    0x88, 0x81, 0x78, 0x88, 0x88, 0x88, 0x81, 0xff,
    0xff, 0xff, 0xff, 0xf2,

    /* U+2018 "?" */
    0x0, 0xfa, 0x3, 0xf8, 0x8, 0xf5, 0xc, 0xf3,
    0x1f, 0xf1, 0x3b, 0xa0,

    /* U+2019 "?" */
    0x6, 0xb7, 0xb, 0xf6, 0xe, 0xf2, 0xf, 0xd0,
    0x3f, 0x90, 0x5f, 0x40,

    /* U+201A "?" */
    0xa, 0xb2, 0x2f, 0xf0, 0x4f, 0xb0, 0x7f, 0x70,
    0x9f, 0x20, 0xce, 0x0,

    /* U+201B "?" */
    0x1f, 0xf2, 0xc, 0xf5, 0x7, 0xf7, 0x3, 0xfa,
    0x0, 0xec, 0x0, 0x7a,

    /* U+201C "?" */
    0x0, 0xfa, 0x0, 0xf9, 0x3, 0xf8, 0x4, 0xf7,
    0x8, 0xf5, 0x9, 0xf4, 0xc, 0xf3, 0xd, 0xf2,
    0x1f, 0xf1, 0x2f, 0xf0, 0x3b, 0xa0, 0x4b, 0x90,

    /* U+201D "?" */
    0x6, 0xb7, 0x8, 0xb5, 0xb, 0xf6, 0xd, 0xf4,
    0xe, 0xf2, 0xf, 0xf0, 0xf, 0xd0, 0x2f, 0xb0,
    0x3f, 0x90, 0x5f, 0x70, 0x5f, 0x40, 0x7f, 0x20,

    /* U+201E "?" */
    0xa, 0xb2, 0x1b, 0xb1, 0x2f, 0xf0, 0x4f, 0xe0,
    0x4f, 0xb0, 0x6f, 0x90, 0x7f, 0x70, 0x9f, 0x50,
    0x9f, 0x20, 0xbf, 0x0, 0xce, 0x0, 0xec, 0x0,

    /* U+201F "?" */
    0x1f, 0xf2, 0x3f, 0xf0, 0xc, 0xf5, 0xe, 0xf3,
    0x7, 0xf7, 0xa, 0xf5, 0x3, 0xfa, 0x5, 0xf7,
    0x0, 0xec, 0x1, 0xfa, 0x0, 0x7a, 0x0, 0x98,

    /* U+2020 "?" */
    0x0, 0xd, 0xf3, 0x0, 0x0, 0x0, 0xdf, 0x30,
    0x0, 0x0, 0xd, 0xf3, 0x0, 0xb, 0xff, 0xff,
    0xff, 0xf2, 0x7a, 0xae, 0xfb, 0xaa, 0x10, 0x0,
    0xdf, 0x30, 0x0, 0x0, 0xc, 0xf3, 0x0, 0x0,
    0x0, 0xbf, 0x20, 0x0, 0x0, 0xa, 0xf1, 0x0,
    0x0, 0x0, 0x8f, 0x0, 0x0, 0x0, 0x5, 0x90,
    0x0, 0x0,

    /* U+2021 "?" */
    0x0, 0xd, 0xf3, 0x0, 0x0, 0x0, 0xdf, 0x30,
    0x0, 0x7a, 0xae, 0xfb, 0xaa, 0x1b, 0xff, 0xff,
    0xff, 0xf2, 0x0, 0xd, 0xf3, 0x0, 0x0, 0x0,
    0xdf, 0x30, 0x0, 0x0, 0xd, 0xf3, 0x0, 0xb,
    0xff, 0xff, 0xff, 0xf2, 0x7a, 0xae, 0xfb, 0xaa,
    0x10, 0x0, 0xdf, 0x30, 0x0, 0x0, 0xc, 0xf3,
    0x0, 0x0, 0x0, 0xaf, 0x10, 0x0, 0x0, 0x9,
    0xf0, 0x0, 0x0, 0x0, 0x7e, 0x0, 0x0,

    /* U+2022 "?" */
    0x0, 0x12, 0x0, 0x0, 0x9f, 0xfe, 0x50, 0x6f,
    0xff, 0xff, 0x1b, 0xff, 0xff, 0xf6, 0xbf, 0xff,
    0xff, 0x54, 0xff, 0xff, 0xe0, 0x5, 0xdf, 0xb2,
    0x0,

    /* U+2023 "?" */
    0x91, 0x0, 0x0, 0xef, 0x70, 0x0, 0xef, 0xfd,
    0x40, 0xef, 0xff, 0xb1, 0xef, 0xe5, 0x0, 0xe8,
    0x0, 0x0, 0x20, 0x0, 0x0,

    /* U+2024 "?" */
    0xb, 0xb1, 0x5f, 0xf6, 0x1d, 0xd2,

    /* U+2025 "?" */
    0xb, 0xb1, 0x0, 0xa, 0xc1, 0x5f, 0xf6, 0x0,
    0x4f, 0xf7, 0x1d, 0xd2, 0x0, 0x1d, 0xe2,

    /* U+2026 "?" */
    0xb, 0xb1, 0x0, 0xa, 0xc1, 0x0, 0xa, 0xc2,
    0x5f, 0xf6, 0x0, 0x4f, 0xf7, 0x0, 0x3f, 0xf8,
    0x1d, 0xd2, 0x0, 0x1d, 0xe2, 0x0, 0xc, 0xe3,

    /* U+2027 "?" */
    0xb, 0xb1, 0x5f, 0xf6, 0x1d, 0xd2,

    /* U+20AC "?" */
    0x0, 0x0, 0x4, 0xbe, 0xfe, 0x92, 0x0, 0x0,
    0x9, 0xff, 0xff, 0xff, 0xf1, 0x0, 0x7, 0xff,
    0x82, 0x2, 0x9b, 0x0, 0x1, 0xff, 0x70, 0x0,
    0x0, 0x0, 0x1, 0x6f, 0xf2, 0x22, 0x22, 0x10,
    0x2, 0xff, 0xff, 0xff, 0xff, 0xf4, 0x0, 0x27,
    0xdf, 0xb7, 0x77, 0x75, 0x0, 0x2, 0xff, 0xff,
    0xff, 0xfe, 0x0, 0x0, 0x25, 0x9f, 0xe5, 0x55,
    0x30, 0x0, 0x0, 0x2, 0xff, 0x20, 0x0, 0x0,
    0x0, 0x0, 0xc, 0xfb, 0x0, 0x0, 0x1, 0x0,
    0x0, 0x3f, 0xfb, 0x30, 0x3b, 0xb0, 0x0, 0x0,
    0x5f, 0xff, 0xff, 0xff, 0x10, 0x0, 0x0, 0x2a,
    0xef, 0xea, 0x20
};


/*---------------------
 *  GLYPH DESCRIPTION
 *--------------------*/

static const lv_font_fmt_txt_glyph_dsc_t glyph_dsc[] = {
    {.bitmap_index = 0, .adv_w = 0, .box_w = 0, .box_h = 0, .ofs_x = 0, .ofs_y = 0} /* id = 0 reserved */,
    {.bitmap_index = 0, .adv_w = 85, .box_w = 0, .box_h = 0, .ofs_x = 0, .ofs_y = 0},
    {.bitmap_index = 0, .adv_w = 97, .box_w = 4, .box_h = 14, .ofs_x = 1, .ofs_y = 0},
    {.bitmap_index = 28, .adv_w = 158, .box_w = 6, .box_h = 6, .ofs_x = 2, .ofs_y = 8},
    {.bitmap_index = 46, .adv_w = 204, .box_w = 13, .box_h = 14, .ofs_x = 0, .ofs_y = 0},
    {.bitmap_index = 137, .adv_w = 207, .box_w = 11, .box_h = 19, .ofs_x = 1, .ofs_y = -2},
    {.bitmap_index = 242, .adv_w = 318, .box_w = 16, .box_h = 14, .ofs_x = 2, .ofs_y = 0},
    {.bitmap_index = 354, .adv_w = 209, .box_w = 13, .box_h = 14, .ofs_x = 0, .ofs_y = 0},
    {.bitmap_index = 445, .adv_w = 100, .box_w = 3, .box_h = 6, .ofs_x = 2, .ofs_y = 8},
    {.bitmap_index = 454, .adv_w = 118, .box_w = 6, .box_h = 19, .ofs_x = 1, .ofs_y = -3},
    {.bitmap_index = 511, .adv_w = 118, .box_w = 6, .box_h = 19, .ofs_x = 0, .ofs_y = -3},
    {.bitmap_index = 568, .adv_w = 167, .box_w = 9, .box_h = 9, .ofs_x = 1, .ofs_y = 5},
    {.bitmap_index = 609, .adv_w = 214, .box_w = 11, .box_h = 10, .ofs_x = 1, .ofs_y = 1},
    {.bitmap_index = 664, .adv_w = 97, .box_w = 4, .box_h = 6, .ofs_x = 1, .ofs_y = -4},
    {.bitmap_index = 676, .adv_w = 148, .box_w = 7, .box_h = 2, .ofs_x = 1, .ofs_y = 5},
    {.bitmap_index = 683, .adv_w = 97, .box_w = 4, .box_h = 3, .ofs_x = 1, .ofs_y = 0},
    {.bitmap_index = 689, .adv_w = 118, .box_w = 7, .box_h = 18, .ofs_x = 0, .ofs_y = -2},
    {.bitmap_index = 752, .adv_w = 207, .box_w = 11, .box_h = 14, .ofs_x = 1, .ofs_y = 0},
    {.bitmap_index = 829, .adv_w = 133, .box_w = 7, .box_h = 14, .ofs_x = 0, .ofs_y = 0},
    {.bitmap_index = 878, .adv_w = 197, .box_w = 11, .box_h = 14, .ofs_x = 1, .ofs_y = 0},
    {.bitmap_index = 955, .adv_w = 201, .box_w = 11, .box_h = 14, .ofs_x = 1, .ofs_y = 0},
    {.bitmap_index = 1032, .adv_w = 210, .box_w = 12, .box_h = 14, .ofs_x = 1, .ofs_y = 0},
    {.bitmap_index = 1116, .adv_w = 193, .box_w = 10, .box_h = 14, .ofs_x = 1, .ofs_y = 0},
    {.bitmap_index = 1186, .adv_w = 202, .box_w = 11, .box_h = 14, .ofs_x = 1, .ofs_y = 0},
    {.bitmap_index = 1263, .adv_w = 183, .box_w = 11, .box_h = 14, .ofs_x = 0, .ofs_y = 0},
    {.bitmap_index = 1340, .adv_w = 201, .box_w = 11, .box_h = 14, .ofs_x = 1, .ofs_y = 0},
    {.bitmap_index = 1417, .adv_w = 202, .box_w = 11, .box_h = 14, .ofs_x = 1, .ofs_y = 0},
    {.bitmap_index = 1494, .adv_w = 97, .box_w = 4, .box_h = 11, .ofs_x = 1, .ofs_y = 0},
    {.bitmap_index = 1516, .adv_w = 101, .box_w = 4, .box_h = 14, .ofs_x = 1, .ofs_y = -4},
    {.bitmap_index = 1544, .adv_w = 214, .box_w = 11, .box_h = 12, .ofs_x = 1, .ofs_y = 0},
    {.bitmap_index = 1610, .adv_w = 214, .box_w = 10, .box_h = 6, .ofs_x = 2, .ofs_y = 3},
    {.bitmap_index = 1640, .adv_w = 214, .box_w = 10, .box_h = 12, .ofs_x = 2, .ofs_y = 0},
    {.bitmap_index = 1700, .adv_w = 169, .box_w = 10, .box_h = 14, .ofs_x = 0, .ofs_y = 0},
    {.bitmap_index = 1770, .adv_w = 314, .box_w = 18, .box_h = 18, .ofs_x = 1, .ofs_y = -4},
    {.bitmap_index = 1932, .adv_w = 227, .box_w = 14, .box_h = 14, .ofs_x = 0, .ofs_y = 0},
    {.bitmap_index = 2030, .adv_w = 210, .box_w = 12, .box_h = 14, .ofs_x = 1, .ofs_y = 0},
    {.bitmap_index = 2114, .adv_w = 235, .box_w = 13, .box_h = 14, .ofs_x = 1, .ofs_y = 0},
    {.bitmap_index = 2205, .adv_w = 231, .box_w = 13, .box_h = 14, .ofs_x = 1, .ofs_y = 0},
    {.bitmap_index = 2296, .adv_w = 193, .box_w = 10, .box_h = 14, .ofs_x = 1, .ofs_y = 0},
    {.bitmap_index = 2366, .adv_w = 189, .box_w = 10, .box_h = 14, .ofs_x = 1, .ofs_y = 0},
    {.bitmap_index = 2436, .adv_w = 239, .box_w = 13, .box_h = 14, .ofs_x = 1, .ofs_y = 0},
    {.bitmap_index = 2527, .adv_w = 238, .box_w = 13, .box_h = 14, .ofs_x = 1, .ofs_y = 0},
    {.bitmap_index = 2618, .adv_w = 87, .box_w = 3, .box_h = 14, .ofs_x = 1, .ofs_y = 0},
    {.bitmap_index = 2639, .adv_w = 184, .box_w = 10, .box_h = 14, .ofs_x = 0, .ofs_y = 0},
    {.bitmap_index = 2709, .adv_w = 220, .box_w = 13, .box_h = 14, .ofs_x = 1, .ofs_y = 0},
    {.bitmap_index = 2800, .adv_w = 181, .box_w = 10, .box_h = 14, .ofs_x = 1, .ofs_y = 0},
    {.bitmap_index = 2870, .adv_w = 292, .box_w = 16, .box_h = 14, .ofs_x = 1, .ofs_y = 0},
    {.bitmap_index = 2982, .adv_w = 242, .box_w = 13, .box_h = 14, .ofs_x = 1, .ofs_y = 0},
    {.bitmap_index = 3073, .adv_w = 245, .box_w = 14, .box_h = 14, .ofs_x = 1, .ofs_y = 0},
    {.bitmap_index = 3171, .adv_w = 205, .box_w = 11, .box_h = 14, .ofs_x = 1, .ofs_y = 0},
    {.bitmap_index = 3248, .adv_w = 246, .box_w = 14, .box_h = 15, .ofs_x = 1, .ofs_y = -1},
    {.bitmap_index = 3353, .adv_w = 207, .box_w = 12, .box_h = 14, .ofs_x = 1, .ofs_y = 0},
    {.bitmap_index = 3437, .adv_w = 207, .box_w = 11, .box_h = 14, .ofs_x = 1, .ofs_y = 0},
    {.bitmap_index = 3514, .adv_w = 209, .box_w = 13, .box_h = 14, .ofs_x = 0, .ofs_y = 0},
    {.bitmap_index = 3605, .adv_w = 237, .box_w = 13, .box_h = 14, .ofs_x = 1, .ofs_y = 0},
    {.bitmap_index = 3696, .adv_w = 227, .box_w = 14, .box_h = 14, .ofs_x = 0, .ofs_y = 0},
    {.bitmap_index = 3794, .adv_w = 321, .box_w = 20, .box_h = 14, .ofs_x = 0, .ofs_y = 0},
    {.bitmap_index = 3934, .adv_w = 224, .box_w = 14, .box_h = 14, .ofs_x = 0, .ofs_y = 0},
    {.bitmap_index = 4032, .adv_w = 223, .box_w = 14, .box_h = 14, .ofs_x = 0, .ofs_y = 0},
    {.bitmap_index = 4130, .adv_w = 205, .box_w = 11, .box_h = 14, .ofs_x = 1, .ofs_y = 0},
    {.bitmap_index = 4207, .adv_w = 118, .box_w = 5, .box_h = 18, .ofs_x = 2, .ofs_y = -3},
    {.bitmap_index = 4252, .adv_w = 118, .box_w = 7, .box_h = 18, .ofs_x = 0, .ofs_y = -2},
    {.bitmap_index = 4315, .adv_w = 118, .box_w = 5, .box_h = 18, .ofs_x = 1, .ofs_y = -3},
    {.bitmap_index = 4360, .adv_w = 153, .box_w = 9, .box_h = 6, .ofs_x = 0, .ofs_y = 8},
    {.bitmap_index = 4387, .adv_w = 148, .box_w = 10, .box_h = 2, .ofs_x = 0, .ofs_y = -2},
    {.bitmap_index = 4397, .adv_w = 108, .box_w = 5, .box_h = 3, .ofs_x = 1, .ofs_y = 12},
    {.bitmap_index = 4405, .adv_w = 182, .box_w = 10, .box_h = 11, .ofs_x = 0, .ofs_y = 0},
    {.bitmap_index = 4460, .adv_w = 198, .box_w = 11, .box_h = 14, .ofs_x = 1, .ofs_y = 0},
    {.bitmap_index = 4537, .adv_w = 185, .box_w = 11, .box_h = 11, .ofs_x = 0, .ofs_y = 0},
    {.bitmap_index = 4598, .adv_w = 198, .box_w = 11, .box_h = 14, .ofs_x = 0, .ofs_y = 0},
    {.bitmap_index = 4675, .adv_w = 188, .box_w = 11, .box_h = 11, .ofs_x = 0, .ofs_y = 0},
    {.bitmap_index = 4736, .adv_w = 121, .box_w = 8, .box_h = 15, .ofs_x = 0, .ofs_y = 0},
    {.bitmap_index = 4796, .adv_w = 198, .box_w = 11, .box_h = 15, .ofs_x = 0, .ofs_y = -4},
    {.bitmap_index = 4879, .adv_w = 193, .box_w = 10, .box_h = 14, .ofs_x = 1, .ofs_y = 0},
    {.bitmap_index = 4949, .adv_w = 81, .box_w = 3, .box_h = 15, .ofs_x = 1, .ofs_y = 0},
    {.bitmap_index = 4972, .adv_w = 81, .box_w = 5, .box_h = 19, .ofs_x = -1, .ofs_y = -4},
    {.bitmap_index = 5020, .adv_w = 179, .box_w = 10, .box_h = 14, .ofs_x = 1, .ofs_y = 0},
    {.bitmap_index = 5090, .adv_w = 81, .box_w = 3, .box_h = 14, .ofs_x = 1, .ofs_y = 0},
    {.bitmap_index = 5111, .adv_w = 284, .box_w = 16, .box_h = 11, .ofs_x = 1, .ofs_y = 0},
    {.bitmap_index = 5199, .adv_w = 193, .box_w = 10, .box_h = 11, .ofs_x = 1, .ofs_y = 0},
    {.bitmap_index = 5254, .adv_w = 193, .box_w = 12, .box_h = 11, .ofs_x = 0, .ofs_y = 0},
    {.bitmap_index = 5320, .adv_w = 198, .box_w = 11, .box_h = 15, .ofs_x = 1, .ofs_y = -4},
    {.bitmap_index = 5403, .adv_w = 198, .box_w = 11, .box_h = 15, .ofs_x = 0, .ofs_y = -4},
    {.bitmap_index = 5486, .adv_w = 124, .box_w = 7, .box_h = 11, .ofs_x = 1, .ofs_y = 0},
    {.bitmap_index = 5525, .adv_w = 172, .box_w = 10, .box_h = 11, .ofs_x = 0, .ofs_y = 0},
    {.bitmap_index = 5580, .adv_w = 109, .box_w = 7, .box_h = 14, .ofs_x = 0, .ofs_y = 0},
    {.bitmap_index = 5629, .adv_w = 193, .box_w = 10, .box_h = 11, .ofs_x = 1, .ofs_y = 0},
    {.bitmap_index = 5684, .adv_w = 184, .box_w = 12, .box_h = 11, .ofs_x = 0, .ofs_y = 0},
    {.bitmap_index = 5750, .adv_w = 265, .box_w = 17, .box_h = 11, .ofs_x = 0, .ofs_y = 0},
    {.bitmap_index = 5844, .adv_w = 178, .box_w = 11, .box_h = 11, .ofs_x = 0, .ofs_y = 0},
    {.bitmap_index = 5905, .adv_w = 184, .box_w = 12, .box_h = 15, .ofs_x = 0, .ofs_y = -4},
    {.bitmap_index = 5995, .adv_w = 179, .box_w = 9, .box_h = 11, .ofs_x = 1, .ofs_y = 0},
    {.bitmap_index = 6045, .adv_w = 141, .box_w = 7, .box_h = 19, .ofs_x = 1, .ofs_y = -4},
    {.bitmap_index = 6112, .adv_w = 111, .box_w = 3, .box_h = 24, .ofs_x = 2, .ofs_y = -5},
    {.bitmap_index = 6148, .adv_w = 141, .box_w = 7, .box_h = 19, .ofs_x = 1, .ofs_y = -4},
    {.bitmap_index = 6215, .adv_w = 214, .box_w = 11, .box_h = 4, .ofs_x = 1, .ofs_y = 4},
    {.bitmap_index = 6237, .adv_w = 85, .box_w = 0, .box_h = 0, .ofs_x = 0, .ofs_y = 0},
    {.bitmap_index = 6237, .adv_w = 97, .box_w = 4, .box_h = 15, .ofs_x = 1, .ofs_y = -4},
    {.bitmap_index = 6267, .adv_w = 185, .box_w = 11, .box_h = 14, .ofs_x = 0, .ofs_y = 0},
    {.bitmap_index = 6344, .adv_w = 198, .box_w = 11, .box_h = 14, .ofs_x = 1, .ofs_y = 0},
    {.bitmap_index = 6421, .adv_w = 236, .box_w = 13, .box_h = 13, .ofs_x = 1, .ofs_y = 0},
    {.bitmap_index = 6506, .adv_w = 178, .box_w = 11, .box_h = 14, .ofs_x = 0, .ofs_y = 0},
    {.bitmap_index = 6583, .adv_w = 94, .box_w = 3, .box_h = 17, .ofs_x = 1, .ofs_y = -3},
    {.bitmap_index = 6609, .adv_w = 182, .box_w = 10, .box_h = 18, .ofs_x = 1, .ofs_y = -4},
    {.bitmap_index = 6699, .adv_w = 193, .box_w = 8, .box_h = 3, .ofs_x = 2, .ofs_y = 13},
    {.bitmap_index = 6711, .adv_w = 293, .box_w = 16, .box_h = 15, .ofs_x = 1, .ofs_y = 0},
    {.bitmap_index = 6831, .adv_w = 146, .box_w = 9, .box_h = 8, .ofs_x = 0, .ofs_y = 7},
    {.bitmap_index = 6867, .adv_w = 195, .box_w = 12, .box_h = 10, .ofs_x = 0, .ofs_y = 1},
    {.bitmap_index = 6927, .adv_w = 214, .box_w = 9, .box_h = 5, .ofs_x = 2, .ofs_y = 3},
    {.bitmap_index = 6950, .adv_w = 213, .box_w = 13, .box_h = 13, .ofs_x = 0, .ofs_y = 3},
    {.bitmap_index = 7035, .adv_w = 149, .box_w = 7, .box_h = 2, .ofs_x = 1, .ofs_y = 13},
    {.bitmap_index = 7042, .adv_w = 146, .box_w = 7, .box_h = 7, .ofs_x = 1, .ofs_y = 8},
    {.bitmap_index = 7067, .adv_w = 214, .box_w = 11, .box_h = 10, .ofs_x = 1, .ofs_y = 1},
    {.bitmap_index = 7122, .adv_w = 143, .box_w = 7, .box_h = 8, .ofs_x = 1, .ofs_y = 9},
    {.bitmap_index = 7150, .adv_w = 145, .box_w = 9, .box_h = 8, .ofs_x = 0, .ofs_y = 9},
    {.bitmap_index = 7186, .adv_w = 108, .box_w = 5, .box_h = 3, .ofs_x = 1, .ofs_y = 12},
    {.bitmap_index = 7194, .adv_w = 192, .box_w = 11, .box_h = 15, .ofs_x = 1, .ofs_y = -4},
    {.bitmap_index = 7277, .adv_w = 192, .box_w = 11, .box_h = 14, .ofs_x = 0, .ofs_y = 0},
    {.bitmap_index = 7354, .adv_w = 97, .box_w = 4, .box_h = 3, .ofs_x = 1, .ofs_y = 5},
    {.bitmap_index = 7360, .adv_w = 96, .box_w = 5, .box_h = 6, .ofs_x = 1, .ofs_y = -5},
    {.bitmap_index = 7375, .adv_w = 100, .box_w = 5, .box_h = 8, .ofs_x = 1, .ofs_y = 9},
    {.bitmap_index = 7395, .adv_w = 155, .box_w = 9, .box_h = 8, .ofs_x = 0, .ofs_y = 7},
    {.bitmap_index = 7431, .adv_w = 195, .box_w = 12, .box_h = 10, .ofs_x = 0, .ofs_y = 1},
    {.bitmap_index = 7491, .adv_w = 261, .box_w = 16, .box_h = 15, .ofs_x = 0, .ofs_y = -1},
    {.bitmap_index = 7611, .adv_w = 275, .box_w = 17, .box_h = 16, .ofs_x = 0, .ofs_y = -1},
    {.bitmap_index = 7747, .adv_w = 286, .box_w = 18, .box_h = 16, .ofs_x = 0, .ofs_y = -1},
    {.bitmap_index = 7891, .adv_w = 169, .box_w = 10, .box_h = 15, .ofs_x = 0, .ofs_y = -4},
    {.bitmap_index = 7966, .adv_w = 227, .box_w = 14, .box_h = 19, .ofs_x = 0, .ofs_y = 0},
    {.bitmap_index = 8099, .adv_w = 227, .box_w = 14, .box_h = 19, .ofs_x = 0, .ofs_y = 0},
    {.bitmap_index = 8232, .adv_w = 227, .box_w = 14, .box_h = 19, .ofs_x = 0, .ofs_y = 0},
    {.bitmap_index = 8365, .adv_w = 227, .box_w = 14, .box_h = 19, .ofs_x = 0, .ofs_y = 0},
    {.bitmap_index = 8498, .adv_w = 227, .box_w = 14, .box_h = 19, .ofs_x = 0, .ofs_y = 0},
    {.bitmap_index = 8631, .adv_w = 227, .box_w = 14, .box_h = 21, .ofs_x = 0, .ofs_y = 0},
    {.bitmap_index = 8778, .adv_w = 321, .box_w = 19, .box_h = 14, .ofs_x = 0, .ofs_y = 0},
    {.bitmap_index = 8911, .adv_w = 235, .box_w = 13, .box_h = 18, .ofs_x = 1, .ofs_y = -4},
    {.bitmap_index = 9028, .adv_w = 193, .box_w = 10, .box_h = 19, .ofs_x = 1, .ofs_y = 0},
    {.bitmap_index = 9123, .adv_w = 193, .box_w = 10, .box_h = 19, .ofs_x = 1, .ofs_y = 0},
    {.bitmap_index = 9218, .adv_w = 193, .box_w = 10, .box_h = 19, .ofs_x = 1, .ofs_y = 0},
    {.bitmap_index = 9313, .adv_w = 193, .box_w = 10, .box_h = 19, .ofs_x = 1, .ofs_y = 0},
    {.bitmap_index = 9408, .adv_w = 87, .box_w = 4, .box_h = 19, .ofs_x = 0, .ofs_y = 0},
    {.bitmap_index = 9446, .adv_w = 87, .box_w = 5, .box_h = 19, .ofs_x = 1, .ofs_y = 0},
    {.bitmap_index = 9494, .adv_w = 87, .box_w = 8, .box_h = 19, .ofs_x = -1, .ofs_y = 0},
    {.bitmap_index = 9570, .adv_w = 87, .box_w = 8, .box_h = 19, .ofs_x = -1, .ofs_y = 0},
    {.bitmap_index = 9646, .adv_w = 238, .box_w = 14, .box_h = 14, .ofs_x = 0, .ofs_y = 0},
    {.bitmap_index = 9744, .adv_w = 242, .box_w = 13, .box_h = 19, .ofs_x = 1, .ofs_y = 0},
    {.bitmap_index = 9868, .adv_w = 245, .box_w = 14, .box_h = 19, .ofs_x = 1, .ofs_y = 0},
    {.bitmap_index = 10001, .adv_w = 245, .box_w = 14, .box_h = 19, .ofs_x = 1, .ofs_y = 0},
    {.bitmap_index = 10134, .adv_w = 245, .box_w = 14, .box_h = 19, .ofs_x = 1, .ofs_y = 0},
    {.bitmap_index = 10267, .adv_w = 245, .box_w = 14, .box_h = 20, .ofs_x = 1, .ofs_y = 0},
    {.bitmap_index = 10407, .adv_w = 245, .box_w = 14, .box_h = 19, .ofs_x = 1, .ofs_y = 0},
    {.bitmap_index = 10540, .adv_w = 214, .box_w = 11, .box_h = 11, .ofs_x = 1, .ofs_y = 0},
    {.bitmap_index = 10601, .adv_w = 245, .box_w = 14, .box_h = 16, .ofs_x = 1, .ofs_y = -1},
    {.bitmap_index = 10713, .adv_w = 237, .box_w = 13, .box_h = 19, .ofs_x = 1, .ofs_y = 0},
    {.bitmap_index = 10837, .adv_w = 237, .box_w = 13, .box_h = 19, .ofs_x = 1, .ofs_y = 0},
    {.bitmap_index = 10961, .adv_w = 237, .box_w = 13, .box_h = 19, .ofs_x = 1, .ofs_y = 0},
    {.bitmap_index = 11085, .adv_w = 237, .box_w = 13, .box_h = 19, .ofs_x = 1, .ofs_y = 0},
    {.bitmap_index = 11209, .adv_w = 223, .box_w = 14, .box_h = 19, .ofs_x = 0, .ofs_y = 0},
    {.bitmap_index = 11342, .adv_w = 207, .box_w = 11, .box_h = 14, .ofs_x = 1, .ofs_y = 0},
    {.bitmap_index = 11419, .adv_w = 202, .box_w = 11, .box_h = 14, .ofs_x = 1, .ofs_y = 0},
    {.bitmap_index = 11496, .adv_w = 182, .box_w = 10, .box_h = 15, .ofs_x = 0, .ofs_y = 0},
    {.bitmap_index = 11571, .adv_w = 182, .box_w = 10, .box_h = 15, .ofs_x = 0, .ofs_y = 0},
    {.bitmap_index = 11646, .adv_w = 182, .box_w = 10, .box_h = 16, .ofs_x = 0, .ofs_y = 0},
    {.bitmap_index = 11726, .adv_w = 182, .box_w = 10, .box_h = 15, .ofs_x = 0, .ofs_y = 0},
    {.bitmap_index = 11801, .adv_w = 182, .box_w = 10, .box_h = 15, .ofs_x = 0, .ofs_y = 0},
    {.bitmap_index = 11876, .adv_w = 182, .box_w = 10, .box_h = 18, .ofs_x = 0, .ofs_y = 0},
    {.bitmap_index = 11966, .adv_w = 293, .box_w = 18, .box_h = 11, .ofs_x = 0, .ofs_y = 0},
    {.bitmap_index = 12065, .adv_w = 185, .box_w = 11, .box_h = 15, .ofs_x = 0, .ofs_y = -4},
    {.bitmap_index = 12148, .adv_w = 188, .box_w = 11, .box_h = 15, .ofs_x = 0, .ofs_y = 0},
    {.bitmap_index = 12231, .adv_w = 188, .box_w = 11, .box_h = 15, .ofs_x = 0, .ofs_y = 0},
    {.bitmap_index = 12314, .adv_w = 188, .box_w = 11, .box_h = 16, .ofs_x = 0, .ofs_y = 0},
    {.bitmap_index = 12402, .adv_w = 188, .box_w = 11, .box_h = 15, .ofs_x = 0, .ofs_y = 0},
    {.bitmap_index = 12485, .adv_w = 81, .box_w = 5, .box_h = 15, .ofs_x = -1, .ofs_y = 0},
    {.bitmap_index = 12523, .adv_w = 81, .box_w = 5, .box_h = 15, .ofs_x = 1, .ofs_y = 0},
    {.bitmap_index = 12561, .adv_w = 81, .box_w = 7, .box_h = 15, .ofs_x = -1, .ofs_y = 0},
    {.bitmap_index = 12614, .adv_w = 81, .box_w = 7, .box_h = 15, .ofs_x = -1, .ofs_y = 0},
    {.bitmap_index = 12667, .adv_w = 188, .box_w = 11, .box_h = 16, .ofs_x = 0, .ofs_y = 0},
    {.bitmap_index = 12755, .adv_w = 193, .box_w = 10, .box_h = 15, .ofs_x = 1, .ofs_y = 0},
    {.bitmap_index = 12830, .adv_w = 193, .box_w = 12, .box_h = 15, .ofs_x = 0, .ofs_y = 0},
    {.bitmap_index = 12920, .adv_w = 193, .box_w = 12, .box_h = 15, .ofs_x = 0, .ofs_y = 0},
    {.bitmap_index = 13010, .adv_w = 193, .box_w = 12, .box_h = 16, .ofs_x = 0, .ofs_y = 0},
    {.bitmap_index = 13106, .adv_w = 193, .box_w = 12, .box_h = 15, .ofs_x = 0, .ofs_y = 0},
    {.bitmap_index = 13196, .adv_w = 193, .box_w = 12, .box_h = 15, .ofs_x = 0, .ofs_y = 0},
    {.bitmap_index = 13286, .adv_w = 214, .box_w = 11, .box_h = 10, .ofs_x = 1, .ofs_y = 1},
    {.bitmap_index = 13341, .adv_w = 193, .box_w = 12, .box_h = 13, .ofs_x = 0, .ofs_y = -1},
    {.bitmap_index = 13419, .adv_w = 193, .box_w = 10, .box_h = 15, .ofs_x = 1, .ofs_y = 0},
    {.bitmap_index = 13494, .adv_w = 193, .box_w = 10, .box_h = 15, .ofs_x = 1, .ofs_y = 0},
    {.bitmap_index = 13569, .adv_w = 193, .box_w = 10, .box_h = 16, .ofs_x = 1, .ofs_y = 0},
    {.bitmap_index = 13649, .adv_w = 193, .box_w = 10, .box_h = 15, .ofs_x = 1, .ofs_y = 0},
    {.bitmap_index = 13724, .adv_w = 184, .box_w = 12, .box_h = 19, .ofs_x = 0, .ofs_y = -4},
    {.bitmap_index = 13838, .adv_w = 198, .box_w = 11, .box_h = 18, .ofs_x = 1, .ofs_y = -4},
    {.bitmap_index = 13937, .adv_w = 184, .box_w = 12, .box_h = 19, .ofs_x = 0, .ofs_y = -4},
    {.bitmap_index = 14051, .adv_w = 227, .box_w = 14, .box_h = 18, .ofs_x = 0, .ofs_y = 0},
    {.bitmap_index = 14177, .adv_w = 182, .box_w = 10, .box_h = 14, .ofs_x = 0, .ofs_y = 0},
    {.bitmap_index = 14247, .adv_w = 227, .box_w = 14, .box_h = 19, .ofs_x = 0, .ofs_y = 0},
    {.bitmap_index = 14380, .adv_w = 182, .box_w = 10, .box_h = 16, .ofs_x = 0, .ofs_y = 0},
    {.bitmap_index = 14460, .adv_w = 227, .box_w = 15, .box_h = 18, .ofs_x = 0, .ofs_y = -4},
    {.bitmap_index = 14595, .adv_w = 182, .box_w = 11, .box_h = 15, .ofs_x = 0, .ofs_y = -4},
    {.bitmap_index = 14678, .adv_w = 235, .box_w = 13, .box_h = 19, .ofs_x = 1, .ofs_y = 0},
    {.bitmap_index = 14802, .adv_w = 185, .box_w = 11, .box_h = 15, .ofs_x = 0, .ofs_y = 0},
    {.bitmap_index = 14885, .adv_w = 235, .box_w = 13, .box_h = 19, .ofs_x = 1, .ofs_y = 0},
    {.bitmap_index = 15009, .adv_w = 185, .box_w = 11, .box_h = 16, .ofs_x = 0, .ofs_y = 0},
    {.bitmap_index = 15097, .adv_w = 235, .box_w = 13, .box_h = 19, .ofs_x = 1, .ofs_y = 0},
    {.bitmap_index = 15221, .adv_w = 185, .box_w = 11, .box_h = 15, .ofs_x = 0, .ofs_y = 0},
    {.bitmap_index = 15304, .adv_w = 235, .box_w = 13, .box_h = 19, .ofs_x = 1, .ofs_y = 0},
    {.bitmap_index = 15428, .adv_w = 185, .box_w = 11, .box_h = 16, .ofs_x = 0, .ofs_y = 0},
    {.bitmap_index = 15516, .adv_w = 231, .box_w = 13, .box_h = 19, .ofs_x = 1, .ofs_y = 0},
    {.bitmap_index = 15640, .adv_w = 232, .box_w = 15, .box_h = 16, .ofs_x = 0, .ofs_y = 0},
    {.bitmap_index = 15760, .adv_w = 238, .box_w = 14, .box_h = 14, .ofs_x = 0, .ofs_y = 0},
    {.bitmap_index = 15858, .adv_w = 198, .box_w = 13, .box_h = 14, .ofs_x = 0, .ofs_y = 0},
    {.bitmap_index = 15949, .adv_w = 193, .box_w = 10, .box_h = 18, .ofs_x = 1, .ofs_y = 0},
    {.bitmap_index = 16039, .adv_w = 188, .box_w = 11, .box_h = 14, .ofs_x = 0, .ofs_y = 0},
    {.bitmap_index = 16116, .adv_w = 193, .box_w = 10, .box_h = 19, .ofs_x = 1, .ofs_y = 0},
    {.bitmap_index = 16211, .adv_w = 188, .box_w = 11, .box_h = 16, .ofs_x = 0, .ofs_y = 0},
    {.bitmap_index = 16299, .adv_w = 193, .box_w = 10, .box_h = 19, .ofs_x = 1, .ofs_y = 0},
    {.bitmap_index = 16394, .adv_w = 188, .box_w = 11, .box_h = 15, .ofs_x = 0, .ofs_y = 0},
    {.bitmap_index = 16477, .adv_w = 193, .box_w = 11, .box_h = 18, .ofs_x = 1, .ofs_y = -4},
    {.bitmap_index = 16576, .adv_w = 188, .box_w = 11, .box_h = 15, .ofs_x = 0, .ofs_y = -4},
    {.bitmap_index = 16659, .adv_w = 193, .box_w = 10, .box_h = 19, .ofs_x = 1, .ofs_y = 0},
    {.bitmap_index = 16754, .adv_w = 188, .box_w = 11, .box_h = 16, .ofs_x = 0, .ofs_y = 0},
    {.bitmap_index = 16842, .adv_w = 239, .box_w = 13, .box_h = 19, .ofs_x = 1, .ofs_y = 0},
    {.bitmap_index = 16966, .adv_w = 198, .box_w = 11, .box_h = 20, .ofs_x = 0, .ofs_y = -4},
    {.bitmap_index = 17076, .adv_w = 239, .box_w = 13, .box_h = 19, .ofs_x = 1, .ofs_y = 0},
    {.bitmap_index = 17200, .adv_w = 198, .box_w = 11, .box_h = 20, .ofs_x = 0, .ofs_y = -4},
    {.bitmap_index = 17310, .adv_w = 239, .box_w = 13, .box_h = 19, .ofs_x = 1, .ofs_y = 0},
    {.bitmap_index = 17434, .adv_w = 198, .box_w = 11, .box_h = 19, .ofs_x = 0, .ofs_y = -4},
    {.bitmap_index = 17539, .adv_w = 239, .box_w = 13, .box_h = 19, .ofs_x = 1, .ofs_y = -5},
    {.bitmap_index = 17663, .adv_w = 198, .box_w = 11, .box_h = 21, .ofs_x = 0, .ofs_y = -4},
    {.bitmap_index = 17779, .adv_w = 238, .box_w = 13, .box_h = 19, .ofs_x = 1, .ofs_y = 0},
    {.bitmap_index = 17903, .adv_w = 193, .box_w = 12, .box_h = 19, .ofs_x = -1, .ofs_y = 0},
    {.bitmap_index = 18017, .adv_w = 252, .box_w = 15, .box_h = 14, .ofs_x = 0, .ofs_y = 0},
    {.bitmap_index = 18122, .adv_w = 193, .box_w = 11, .box_h = 14, .ofs_x = 0, .ofs_y = 0},
    {.bitmap_index = 18199, .adv_w = 87, .box_w = 7, .box_h = 19, .ofs_x = -1, .ofs_y = 0},
    {.bitmap_index = 18266, .adv_w = 81, .box_w = 7, .box_h = 15, .ofs_x = -1, .ofs_y = 0},
    {.bitmap_index = 18319, .adv_w = 87, .box_w = 7, .box_h = 18, .ofs_x = -1, .ofs_y = 0},
    {.bitmap_index = 18382, .adv_w = 81, .box_w = 7, .box_h = 14, .ofs_x = -1, .ofs_y = 0},
    {.bitmap_index = 18431, .adv_w = 87, .box_w = 7, .box_h = 19, .ofs_x = -1, .ofs_y = 0},
    {.bitmap_index = 18498, .adv_w = 81, .box_w = 7, .box_h = 15, .ofs_x = -1, .ofs_y = 0},
    {.bitmap_index = 18551, .adv_w = 87, .box_w = 5, .box_h = 18, .ofs_x = 0, .ofs_y = -4},
    {.bitmap_index = 18596, .adv_w = 81, .box_w = 6, .box_h = 19, .ofs_x = -1, .ofs_y = -4},
    {.bitmap_index = 18653, .adv_w = 87, .box_w = 4, .box_h = 19, .ofs_x = 1, .ofs_y = 0},
    {.bitmap_index = 18691, .adv_w = 81, .box_w = 3, .box_h = 11, .ofs_x = 1, .ofs_y = 0},
    {.bitmap_index = 18708, .adv_w = 271, .box_w = 15, .box_h = 14, .ofs_x = 1, .ofs_y = 0},
    {.bitmap_index = 18813, .adv_w = 161, .box_w = 8, .box_h = 19, .ofs_x = 1, .ofs_y = -4},
    {.bitmap_index = 18889, .adv_w = 184, .box_w = 13, .box_h = 19, .ofs_x = 0, .ofs_y = 0},
    {.bitmap_index = 19013, .adv_w = 81, .box_w = 7, .box_h = 19, .ofs_x = -1, .ofs_y = -4},
    {.bitmap_index = 19080, .adv_w = 220, .box_w = 13, .box_h = 19, .ofs_x = 1, .ofs_y = -5},
    {.bitmap_index = 19204, .adv_w = 179, .box_w = 10, .box_h = 19, .ofs_x = 1, .ofs_y = -5},
    {.bitmap_index = 19299, .adv_w = 175, .box_w = 10, .box_h = 11, .ofs_x = 1, .ofs_y = 0},
    {.bitmap_index = 19354, .adv_w = 181, .box_w = 10, .box_h = 19, .ofs_x = 1, .ofs_y = 0},
    {.bitmap_index = 19449, .adv_w = 81, .box_w = 5, .box_h = 19, .ofs_x = 1, .ofs_y = 0},
    {.bitmap_index = 19497, .adv_w = 181, .box_w = 10, .box_h = 19, .ofs_x = 1, .ofs_y = -5},
    {.bitmap_index = 19592, .adv_w = 81, .box_w = 4, .box_h = 19, .ofs_x = 0, .ofs_y = -5},
    {.bitmap_index = 19630, .adv_w = 181, .box_w = 10, .box_h = 15, .ofs_x = 1, .ofs_y = 0},
    {.bitmap_index = 19705, .adv_w = 115, .box_w = 6, .box_h = 15, .ofs_x = 1, .ofs_y = 0},
    {.bitmap_index = 19750, .adv_w = 182, .box_w = 10, .box_h = 14, .ofs_x = 1, .ofs_y = 0},
    {.bitmap_index = 19820, .adv_w = 125, .box_w = 7, .box_h = 14, .ofs_x = 1, .ofs_y = 0},
    {.bitmap_index = 19869, .adv_w = 191, .box_w = 12, .box_h = 14, .ofs_x = 0, .ofs_y = 0},
    {.bitmap_index = 19953, .adv_w = 81, .box_w = 7, .box_h = 14, .ofs_x = -1, .ofs_y = 0},
    {.bitmap_index = 20002, .adv_w = 242, .box_w = 13, .box_h = 19, .ofs_x = 1, .ofs_y = 0},
    {.bitmap_index = 20126, .adv_w = 193, .box_w = 10, .box_h = 15, .ofs_x = 1, .ofs_y = 0},
    {.bitmap_index = 20201, .adv_w = 242, .box_w = 13, .box_h = 19, .ofs_x = 1, .ofs_y = -5},
    {.bitmap_index = 20325, .adv_w = 193, .box_w = 10, .box_h = 16, .ofs_x = 1, .ofs_y = -5},
    {.bitmap_index = 20405, .adv_w = 242, .box_w = 13, .box_h = 19, .ofs_x = 1, .ofs_y = 0},
    {.bitmap_index = 20529, .adv_w = 193, .box_w = 10, .box_h = 15, .ofs_x = 1, .ofs_y = 0},
    {.bitmap_index = 20604, .adv_w = 242, .box_w = 13, .box_h = 18, .ofs_x = 1, .ofs_y = -4},
    {.bitmap_index = 20721, .adv_w = 193, .box_w = 10, .box_h = 15, .ofs_x = 1, .ofs_y = -4},
    {.bitmap_index = 20796, .adv_w = 245, .box_w = 14, .box_h = 19, .ofs_x = 1, .ofs_y = 0},
    {.bitmap_index = 20929, .adv_w = 193, .box_w = 12, .box_h = 14, .ofs_x = 0, .ofs_y = 0},
    {.bitmap_index = 21013, .adv_w = 245, .box_w = 14, .box_h = 19, .ofs_x = 1, .ofs_y = 0},
    {.bitmap_index = 21146, .adv_w = 193, .box_w = 12, .box_h = 16, .ofs_x = 0, .ofs_y = 0},
    {.bitmap_index = 21242, .adv_w = 245, .box_w = 14, .box_h = 19, .ofs_x = 1, .ofs_y = 0},
    {.bitmap_index = 21375, .adv_w = 193, .box_w = 12, .box_h = 15, .ofs_x = 0, .ofs_y = 0},
    {.bitmap_index = 21465, .adv_w = 323, .box_w = 18, .box_h = 14, .ofs_x = 1, .ofs_y = 0},
    {.bitmap_index = 21591, .adv_w = 319, .box_w = 19, .box_h = 11, .ofs_x = 0, .ofs_y = 0},
    {.bitmap_index = 21696, .adv_w = 207, .box_w = 12, .box_h = 19, .ofs_x = 1, .ofs_y = 0},
    {.bitmap_index = 21810, .adv_w = 124, .box_w = 7, .box_h = 15, .ofs_x = 1, .ofs_y = 0},
    {.bitmap_index = 21863, .adv_w = 207, .box_w = 12, .box_h = 19, .ofs_x = 1, .ofs_y = -5},
    {.bitmap_index = 21977, .adv_w = 124, .box_w = 8, .box_h = 16, .ofs_x = 0, .ofs_y = -5},
    {.bitmap_index = 22041, .adv_w = 207, .box_w = 12, .box_h = 19, .ofs_x = 1, .ofs_y = 0},
    {.bitmap_index = 22155, .adv_w = 124, .box_w = 8, .box_h = 15, .ofs_x = 0, .ofs_y = 0},
    {.bitmap_index = 22215, .adv_w = 207, .box_w = 11, .box_h = 19, .ofs_x = 1, .ofs_y = 0},
    {.bitmap_index = 22320, .adv_w = 172, .box_w = 10, .box_h = 15, .ofs_x = 0, .ofs_y = 0},
    {.bitmap_index = 22395, .adv_w = 207, .box_w = 11, .box_h = 19, .ofs_x = 1, .ofs_y = 0},
    {.bitmap_index = 22500, .adv_w = 172, .box_w = 10, .box_h = 16, .ofs_x = 0, .ofs_y = 0},
    {.bitmap_index = 22580, .adv_w = 207, .box_w = 11, .box_h = 18, .ofs_x = 1, .ofs_y = -4},
    {.bitmap_index = 22679, .adv_w = 172, .box_w = 10, .box_h = 15, .ofs_x = 0, .ofs_y = -4},
    {.bitmap_index = 22754, .adv_w = 207, .box_w = 11, .box_h = 19, .ofs_x = 1, .ofs_y = 0},
    {.bitmap_index = 22859, .adv_w = 172, .box_w = 10, .box_h = 16, .ofs_x = 0, .ofs_y = 0},
    {.bitmap_index = 22939, .adv_w = 209, .box_w = 13, .box_h = 18, .ofs_x = 0, .ofs_y = -4},
    {.bitmap_index = 23056, .adv_w = 109, .box_w = 7, .box_h = 18, .ofs_x = 0, .ofs_y = -4},
    {.bitmap_index = 23119, .adv_w = 209, .box_w = 13, .box_h = 19, .ofs_x = 0, .ofs_y = 0},
    {.bitmap_index = 23243, .adv_w = 127, .box_w = 8, .box_h = 16, .ofs_x = 0, .ofs_y = 0},
    {.bitmap_index = 23307, .adv_w = 209, .box_w = 13, .box_h = 14, .ofs_x = 0, .ofs_y = 0},
    {.bitmap_index = 23398, .adv_w = 109, .box_w = 7, .box_h = 14, .ofs_x = 0, .ofs_y = 0},
    {.bitmap_index = 23447, .adv_w = 237, .box_w = 13, .box_h = 20, .ofs_x = 1, .ofs_y = 0},
    {.bitmap_index = 23577, .adv_w = 193, .box_w = 10, .box_h = 15, .ofs_x = 1, .ofs_y = 0},
    {.bitmap_index = 23652, .adv_w = 237, .box_w = 13, .box_h = 19, .ofs_x = 1, .ofs_y = 0},
    {.bitmap_index = 23776, .adv_w = 193, .box_w = 10, .box_h = 14, .ofs_x = 1, .ofs_y = 0},
    {.bitmap_index = 23846, .adv_w = 237, .box_w = 13, .box_h = 19, .ofs_x = 1, .ofs_y = 0},
    {.bitmap_index = 23970, .adv_w = 193, .box_w = 10, .box_h = 16, .ofs_x = 1, .ofs_y = 0},
    {.bitmap_index = 24050, .adv_w = 237, .box_w = 13, .box_h = 21, .ofs_x = 1, .ofs_y = 0},
    {.bitmap_index = 24187, .adv_w = 193, .box_w = 10, .box_h = 18, .ofs_x = 1, .ofs_y = 0},
    {.bitmap_index = 24277, .adv_w = 237, .box_w = 13, .box_h = 19, .ofs_x = 1, .ofs_y = 0},
    {.bitmap_index = 24401, .adv_w = 193, .box_w = 10, .box_h = 15, .ofs_x = 1, .ofs_y = 0},
    {.bitmap_index = 24476, .adv_w = 237, .box_w = 13, .box_h = 18, .ofs_x = 1, .ofs_y = -4},
    {.bitmap_index = 24593, .adv_w = 193, .box_w = 11, .box_h = 15, .ofs_x = 1, .ofs_y = -4},
    {.bitmap_index = 24676, .adv_w = 321, .box_w = 20, .box_h = 19, .ofs_x = 0, .ofs_y = 0},
    {.bitmap_index = 24866, .adv_w = 265, .box_w = 17, .box_h = 15, .ofs_x = 0, .ofs_y = 0},
    {.bitmap_index = 24994, .adv_w = 223, .box_w = 14, .box_h = 19, .ofs_x = 0, .ofs_y = 0},
    {.bitmap_index = 25127, .adv_w = 184, .box_w = 12, .box_h = 20, .ofs_x = 0, .ofs_y = -4},
    {.bitmap_index = 25247, .adv_w = 223, .box_w = 14, .box_h = 19, .ofs_x = 0, .ofs_y = 0},
    {.bitmap_index = 25380, .adv_w = 205, .box_w = 11, .box_h = 19, .ofs_x = 1, .ofs_y = 0},
    {.bitmap_index = 25485, .adv_w = 179, .box_w = 9, .box_h = 15, .ofs_x = 1, .ofs_y = 0},
    {.bitmap_index = 25553, .adv_w = 205, .box_w = 11, .box_h = 19, .ofs_x = 1, .ofs_y = 0},
    {.bitmap_index = 25658, .adv_w = 179, .box_w = 9, .box_h = 15, .ofs_x = 1, .ofs_y = 0},
    {.bitmap_index = 25726, .adv_w = 205, .box_w = 11, .box_h = 19, .ofs_x = 1, .ofs_y = 0},
    {.bitmap_index = 25831, .adv_w = 179, .box_w = 9, .box_h = 15, .ofs_x = 1, .ofs_y = 0},
    {.bitmap_index = 25899, .adv_w = 104, .box_w = 6, .box_h = 15, .ofs_x = 1, .ofs_y = 0},
    {.bitmap_index = 25944, .adv_w = 88, .box_w = 4, .box_h = 6, .ofs_x = 1, .ofs_y = 8},
    {.bitmap_index = 25956, .adv_w = 89, .box_w = 4, .box_h = 4, .ofs_x = 1, .ofs_y = -4},
    {.bitmap_index = 25964, .adv_w = 242, .box_w = 13, .box_h = 14, .ofs_x = 1, .ofs_y = 0},
    {.bitmap_index = 26055, .adv_w = 89, .box_w = 4, .box_h = 4, .ofs_x = 1, .ofs_y = -5},
    {.bitmap_index = 26063, .adv_w = 185, .box_w = 11, .box_h = 11, .ofs_x = 0, .ofs_y = 0},
    {.bitmap_index = 26124, .adv_w = 185, .box_w = 11, .box_h = 11, .ofs_x = 0, .ofs_y = 0},
    {.bitmap_index = 26185, .adv_w = 185, .box_w = 11, .box_h = 11, .ofs_x = 0, .ofs_y = 0},
    {.bitmap_index = 26246, .adv_w = 101, .box_w = 4, .box_h = 14, .ofs_x = 1, .ofs_y = -4},
    {.bitmap_index = 26274, .adv_w = 184, .box_w = 10, .box_h = 14, .ofs_x = 0, .ofs_y = 0},
    {.bitmap_index = 26344, .adv_w = 94, .box_w = 4, .box_h = 3, .ofs_x = 1, .ofs_y = 12},
    {.bitmap_index = 26350, .adv_w = 220, .box_w = 10, .box_h = 5, .ofs_x = 2, .ofs_y = 13},
    {.bitmap_index = 26375, .adv_w = 227, .box_w = 14, .box_h = 14, .ofs_x = 0, .ofs_y = 0},
    {.bitmap_index = 26473, .adv_w = 97, .box_w = 4, .box_h = 3, .ofs_x = 1, .ofs_y = 8},
    {.bitmap_index = 26479, .adv_w = 242, .box_w = 14, .box_h = 14, .ofs_x = 0, .ofs_y = 0},
    {.bitmap_index = 26577, .adv_w = 288, .box_w = 17, .box_h = 14, .ofs_x = 0, .ofs_y = 0},
    {.bitmap_index = 26696, .adv_w = 137, .box_w = 7, .box_h = 14, .ofs_x = 0, .ofs_y = 0},
    {.bitmap_index = 26745, .adv_w = 282, .box_w = 17, .box_h = 14, .ofs_x = 0, .ofs_y = 0},
    {.bitmap_index = 26864, .adv_w = 290, .box_w = 18, .box_h = 14, .ofs_x = 0, .ofs_y = 0},
    {.bitmap_index = 26990, .adv_w = 284, .box_w = 17, .box_h = 14, .ofs_x = 0, .ofs_y = 0},
    {.bitmap_index = 27109, .adv_w = 92, .box_w = 7, .box_h = 19, .ofs_x = -1, .ofs_y = 0},
    {.bitmap_index = 27176, .adv_w = 227, .box_w = 14, .box_h = 14, .ofs_x = 0, .ofs_y = 0},
    {.bitmap_index = 27274, .adv_w = 210, .box_w = 12, .box_h = 14, .ofs_x = 1, .ofs_y = 0},
    {.bitmap_index = 27358, .adv_w = 186, .box_w = 10, .box_h = 14, .ofs_x = 1, .ofs_y = 0},
    {.bitmap_index = 27428, .adv_w = 225, .box_w = 14, .box_h = 14, .ofs_x = 0, .ofs_y = 0},
    {.bitmap_index = 27526, .adv_w = 193, .box_w = 10, .box_h = 14, .ofs_x = 1, .ofs_y = 0},
    {.bitmap_index = 27596, .adv_w = 205, .box_w = 11, .box_h = 14, .ofs_x = 1, .ofs_y = 0},
    {.bitmap_index = 27673, .adv_w = 238, .box_w = 13, .box_h = 14, .ofs_x = 1, .ofs_y = 0},
    {.bitmap_index = 27764, .adv_w = 245, .box_w = 14, .box_h = 14, .ofs_x = 1, .ofs_y = 0},
    {.bitmap_index = 27862, .adv_w = 87, .box_w = 3, .box_h = 14, .ofs_x = 1, .ofs_y = 0},
    {.bitmap_index = 27883, .adv_w = 220, .box_w = 13, .box_h = 14, .ofs_x = 1, .ofs_y = 0},
    {.bitmap_index = 27974, .adv_w = 227, .box_w = 14, .box_h = 14, .ofs_x = 0, .ofs_y = 0},
    {.bitmap_index = 28072, .adv_w = 292, .box_w = 16, .box_h = 14, .ofs_x = 1, .ofs_y = 0},
    {.bitmap_index = 28184, .adv_w = 242, .box_w = 13, .box_h = 14, .ofs_x = 1, .ofs_y = 0},
    {.bitmap_index = 28275, .adv_w = 213, .box_w = 12, .box_h = 14, .ofs_x = 1, .ofs_y = 0},
    {.bitmap_index = 28359, .adv_w = 245, .box_w = 14, .box_h = 14, .ofs_x = 1, .ofs_y = 0},
    {.bitmap_index = 28457, .adv_w = 238, .box_w = 13, .box_h = 14, .ofs_x = 1, .ofs_y = 0},
    {.bitmap_index = 28548, .adv_w = 205, .box_w = 11, .box_h = 14, .ofs_x = 1, .ofs_y = 0},
    {.bitmap_index = 28625, .adv_w = 221, .box_w = 12, .box_h = 14, .ofs_x = 1, .ofs_y = 0},
    {.bitmap_index = 28709, .adv_w = 209, .box_w = 13, .box_h = 14, .ofs_x = 0, .ofs_y = 0},
    {.bitmap_index = 28800, .adv_w = 223, .box_w = 14, .box_h = 14, .ofs_x = 0, .ofs_y = 0},
    {.bitmap_index = 28898, .adv_w = 283, .box_w = 16, .box_h = 16, .ofs_x = 1, .ofs_y = -1},
    {.bitmap_index = 29026, .adv_w = 224, .box_w = 14, .box_h = 14, .ofs_x = 0, .ofs_y = 0},
    {.bitmap_index = 29124, .adv_w = 283, .box_w = 16, .box_h = 14, .ofs_x = 1, .ofs_y = 0},
    {.bitmap_index = 29236, .adv_w = 248, .box_w = 14, .box_h = 14, .ofs_x = 1, .ofs_y = 0},
    {.bitmap_index = 29334, .adv_w = 87, .box_w = 8, .box_h = 19, .ofs_x = -1, .ofs_y = 0},
    {.bitmap_index = 29410, .adv_w = 223, .box_w = 14, .box_h = 19, .ofs_x = 0, .ofs_y = 0},
    {.bitmap_index = 29543, .adv_w = 216, .box_w = 13, .box_h = 15, .ofs_x = 0, .ofs_y = 0},
    {.bitmap_index = 29641, .adv_w = 174, .box_w = 10, .box_h = 15, .ofs_x = 0, .ofs_y = 0},
    {.bitmap_index = 29716, .adv_w = 193, .box_w = 10, .box_h = 19, .ofs_x = 1, .ofs_y = -4},
    {.bitmap_index = 29811, .adv_w = 92, .box_w = 5, .box_h = 15, .ofs_x = 1, .ofs_y = 0},
    {.bitmap_index = 29849, .adv_w = 193, .box_w = 10, .box_h = 18, .ofs_x = 1, .ofs_y = 0},
    {.bitmap_index = 29939, .adv_w = 216, .box_w = 13, .box_h = 11, .ofs_x = 0, .ofs_y = 0},
    {.bitmap_index = 30011, .adv_w = 192, .box_w = 10, .box_h = 18, .ofs_x = 1, .ofs_y = -4},
    {.bitmap_index = 30101, .adv_w = 184, .box_w = 12, .box_h = 15, .ofs_x = 0, .ofs_y = -4},
    {.bitmap_index = 30191, .adv_w = 189, .box_w = 11, .box_h = 14, .ofs_x = 0, .ofs_y = 0},
    {.bitmap_index = 30268, .adv_w = 174, .box_w = 10, .box_h = 11, .ofs_x = 0, .ofs_y = 0},
    {.bitmap_index = 30323, .adv_w = 166, .box_w = 10, .box_h = 17, .ofs_x = 0, .ofs_y = -3},
    {.bitmap_index = 30408, .adv_w = 193, .box_w = 10, .box_h = 15, .ofs_x = 1, .ofs_y = -4},
    {.bitmap_index = 30483, .adv_w = 199, .box_w = 11, .box_h = 14, .ofs_x = 1, .ofs_y = 0},
    {.bitmap_index = 30560, .adv_w = 92, .box_w = 5, .box_h = 11, .ofs_x = 1, .ofs_y = 0},
    {.bitmap_index = 30588, .adv_w = 175, .box_w = 10, .box_h = 11, .ofs_x = 1, .ofs_y = 0},
    {.bitmap_index = 30643, .adv_w = 210, .box_w = 13, .box_h = 14, .ofs_x = 0, .ofs_y = 0},
    {.bitmap_index = 30734, .adv_w = 192, .box_w = 11, .box_h = 15, .ofs_x = 1, .ofs_y = -4},
    {.bitmap_index = 30817, .adv_w = 191, .box_w = 12, .box_h = 11, .ofs_x = 0, .ofs_y = 0},
    {.bitmap_index = 30883, .adv_w = 179, .box_w = 9, .box_h = 17, .ofs_x = 1, .ofs_y = -3},
    {.bitmap_index = 30960, .adv_w = 193, .box_w = 12, .box_h = 11, .ofs_x = 0, .ofs_y = 0},
    {.bitmap_index = 31026, .adv_w = 197, .box_w = 12, .box_h = 11, .ofs_x = 0, .ofs_y = 0},
    {.bitmap_index = 31092, .adv_w = 198, .box_w = 11, .box_h = 15, .ofs_x = 1, .ofs_y = -4},
    {.bitmap_index = 31175, .adv_w = 184, .box_w = 11, .box_h = 14, .ofs_x = 0, .ofs_y = -3},
    {.bitmap_index = 31252, .adv_w = 203, .box_w = 13, .box_h = 11, .ofs_x = 0, .ofs_y = 0},
    {.bitmap_index = 31324, .adv_w = 154, .box_w = 10, .box_h = 11, .ofs_x = 0, .ofs_y = 0},
    {.bitmap_index = 31379, .adv_w = 193, .box_w = 10, .box_h = 11, .ofs_x = 1, .ofs_y = 0},
    {.bitmap_index = 31434, .adv_w = 239, .box_w = 14, .box_h = 15, .ofs_x = 0, .ofs_y = -4},
    {.bitmap_index = 31539, .adv_w = 186, .box_w = 12, .box_h = 15, .ofs_x = 0, .ofs_y = -4},
    {.bitmap_index = 31629, .adv_w = 255, .box_w = 14, .box_h = 18, .ofs_x = 1, .ofs_y = -4},
    {.bitmap_index = 31755, .adv_w = 261, .box_w = 16, .box_h = 11, .ofs_x = 0, .ofs_y = 0},
    {.bitmap_index = 31843, .adv_w = 92, .box_w = 7, .box_h = 14, .ofs_x = -1, .ofs_y = 0},
    {.bitmap_index = 31892, .adv_w = 193, .box_w = 10, .box_h = 14, .ofs_x = 1, .ofs_y = 0},
    {.bitmap_index = 31962, .adv_w = 193, .box_w = 12, .box_h = 15, .ofs_x = 0, .ofs_y = 0},
    {.bitmap_index = 32052, .adv_w = 193, .box_w = 10, .box_h = 15, .ofs_x = 1, .ofs_y = 0},
    {.bitmap_index = 32127, .adv_w = 261, .box_w = 16, .box_h = 15, .ofs_x = 0, .ofs_y = 0},
    {.bitmap_index = 32247, .adv_w = 220, .box_w = 13, .box_h = 19, .ofs_x = 1, .ofs_y = -5},
    {.bitmap_index = 32371, .adv_w = 207, .box_w = 11, .box_h = 14, .ofs_x = 1, .ofs_y = 0},
    {.bitmap_index = 32448, .adv_w = 207, .box_w = 11, .box_h = 14, .ofs_x = 1, .ofs_y = 0},
    {.bitmap_index = 32525, .adv_w = 219, .box_w = 13, .box_h = 14, .ofs_x = 0, .ofs_y = 0},
    {.bitmap_index = 32616, .adv_w = 279, .box_w = 17, .box_h = 14, .ofs_x = 0, .ofs_y = 0},
    {.bitmap_index = 32735, .adv_w = 219, .box_w = 13, .box_h = 19, .ofs_x = 0, .ofs_y = 0},
    {.bitmap_index = 32859, .adv_w = 226, .box_w = 14, .box_h = 18, .ofs_x = 0, .ofs_y = -4},
    {.bitmap_index = 32985, .adv_w = 274, .box_w = 17, .box_h = 11, .ofs_x = 0, .ofs_y = 0},
    {.bitmap_index = 33079, .adv_w = 175, .box_w = 10, .box_h = 16, .ofs_x = 1, .ofs_y = -5},
    {.bitmap_index = 33159, .adv_w = 190, .box_w = 10, .box_h = 14, .ofs_x = 1, .ofs_y = 0},
    {.bitmap_index = 33229, .adv_w = 171, .box_w = 9, .box_h = 15, .ofs_x = 1, .ofs_y = -4},
    {.bitmap_index = 33297, .adv_w = 236, .box_w = 13, .box_h = 11, .ofs_x = 1, .ofs_y = 0},
    {.bitmap_index = 33369, .adv_w = 207, .box_w = 11, .box_h = 16, .ofs_x = 1, .ofs_y = -5},
    {.bitmap_index = 33457, .adv_w = 185, .box_w = 11, .box_h = 11, .ofs_x = 0, .ofs_y = 0},
    {.bitmap_index = 33518, .adv_w = 81, .box_w = 5, .box_h = 18, .ofs_x = -1, .ofs_y = -4},
    {.bitmap_index = 33563, .adv_w = 245, .box_w = 14, .box_h = 14, .ofs_x = 1, .ofs_y = 0},
    {.bitmap_index = 33661, .adv_w = 147, .box_w = 9, .box_h = 11, .ofs_x = 0, .ofs_y = 0},
    {.bitmap_index = 33711, .adv_w = 147, .box_w = 9, .box_h = 11, .ofs_x = 0, .ofs_y = 0},
    {.bitmap_index = 33761, .adv_w = 235, .box_w = 13, .box_h = 14, .ofs_x = 1, .ofs_y = 0},
    {.bitmap_index = 33852, .adv_w = 292, .box_w = 16, .box_h = 14, .ofs_x = 1, .ofs_y = 0},
    {.bitmap_index = 33964, .adv_w = 198, .box_w = 13, .box_h = 15, .ofs_x = -1, .ofs_y = -4},
    {.bitmap_index = 34062, .adv_w = 235, .box_w = 13, .box_h = 14, .ofs_x = 1, .ofs_y = 0},
    {.bitmap_index = 34153, .adv_w = 235, .box_w = 13, .box_h = 14, .ofs_x = 1, .ofs_y = 0},
    {.bitmap_index = 34244, .adv_w = 235, .box_w = 13, .box_h = 14, .ofs_x = 1, .ofs_y = 0},
    {.bitmap_index = 34335, .adv_w = 193, .box_w = 10, .box_h = 19, .ofs_x = 1, .ofs_y = 0},
    {.bitmap_index = 34430, .adv_w = 193, .box_w = 10, .box_h = 19, .ofs_x = 1, .ofs_y = 0},
    {.bitmap_index = 34525, .adv_w = 271, .box_w = 16, .box_h = 15, .ofs_x = 0, .ofs_y = -1},
    {.bitmap_index = 34645, .adv_w = 186, .box_w = 10, .box_h = 19, .ofs_x = 1, .ofs_y = 0},
    {.bitmap_index = 34740, .adv_w = 235, .box_w = 13, .box_h = 14, .ofs_x = 1, .ofs_y = 0},
    {.bitmap_index = 34831, .adv_w = 207, .box_w = 11, .box_h = 14, .ofs_x = 1, .ofs_y = 0},
    {.bitmap_index = 34908, .adv_w = 87, .box_w = 3, .box_h = 14, .ofs_x = 1, .ofs_y = 0},
    {.bitmap_index = 34929, .adv_w = 87, .box_w = 8, .box_h = 19, .ofs_x = -1, .ofs_y = 0},
    {.bitmap_index = 35005, .adv_w = 184, .box_w = 10, .box_h = 14, .ofs_x = 0, .ofs_y = 0},
    {.bitmap_index = 35075, .adv_w = 357, .box_w = 22, .box_h = 14, .ofs_x = 0, .ofs_y = 0},
    {.bitmap_index = 35229, .adv_w = 360, .box_w = 21, .box_h = 14, .ofs_x = 1, .ofs_y = 0},
    {.bitmap_index = 35376, .adv_w = 284, .box_w = 17, .box_h = 14, .ofs_x = 0, .ofs_y = 0},
    {.bitmap_index = 35495, .adv_w = 220, .box_w = 13, .box_h = 19, .ofs_x = 1, .ofs_y = 0},
    {.bitmap_index = 35619, .adv_w = 242, .box_w = 13, .box_h = 19, .ofs_x = 1, .ofs_y = 0},
    {.bitmap_index = 35743, .adv_w = 208, .box_w = 13, .box_h = 19, .ofs_x = 0, .ofs_y = 0},
    {.bitmap_index = 35867, .adv_w = 232, .box_w = 12, .box_h = 17, .ofs_x = 1, .ofs_y = -3},
    {.bitmap_index = 35969, .adv_w = 227, .box_w = 14, .box_h = 14, .ofs_x = 0, .ofs_y = 0},
    {.bitmap_index = 36067, .adv_w = 207, .box_w = 11, .box_h = 14, .ofs_x = 1, .ofs_y = 0},
    {.bitmap_index = 36144, .adv_w = 210, .box_w = 12, .box_h = 14, .ofs_x = 1, .ofs_y = 0},
    {.bitmap_index = 36228, .adv_w = 186, .box_w = 10, .box_h = 14, .ofs_x = 1, .ofs_y = 0},
    {.bitmap_index = 36298, .adv_w = 267, .box_w = 16, .box_h = 18, .ofs_x = 0, .ofs_y = -4},
    {.bitmap_index = 36442, .adv_w = 193, .box_w = 10, .box_h = 14, .ofs_x = 1, .ofs_y = 0},
    {.bitmap_index = 36512, .adv_w = 319, .box_w = 20, .box_h = 14, .ofs_x = 0, .ofs_y = 0},
    {.bitmap_index = 36652, .adv_w = 201, .box_w = 11, .box_h = 14, .ofs_x = 1, .ofs_y = 0},
    {.bitmap_index = 36729, .adv_w = 242, .box_w = 13, .box_h = 14, .ofs_x = 1, .ofs_y = 0},
    {.bitmap_index = 36820, .adv_w = 242, .box_w = 13, .box_h = 19, .ofs_x = 1, .ofs_y = 0},
    {.bitmap_index = 36944, .adv_w = 220, .box_w = 13, .box_h = 14, .ofs_x = 1, .ofs_y = 0},
    {.bitmap_index = 37035, .adv_w = 240, .box_w = 14, .box_h = 14, .ofs_x = 0, .ofs_y = 0},
    {.bitmap_index = 37133, .adv_w = 292, .box_w = 16, .box_h = 14, .ofs_x = 1, .ofs_y = 0},
    {.bitmap_index = 37245, .adv_w = 238, .box_w = 13, .box_h = 14, .ofs_x = 1, .ofs_y = 0},
    {.bitmap_index = 37336, .adv_w = 245, .box_w = 14, .box_h = 14, .ofs_x = 1, .ofs_y = 0},
    {.bitmap_index = 37434, .adv_w = 238, .box_w = 13, .box_h = 14, .ofs_x = 1, .ofs_y = 0},
    {.bitmap_index = 37525, .adv_w = 205, .box_w = 11, .box_h = 14, .ofs_x = 1, .ofs_y = 0},
    {.bitmap_index = 37602, .adv_w = 235, .box_w = 13, .box_h = 14, .ofs_x = 1, .ofs_y = 0},
    {.bitmap_index = 37693, .adv_w = 209, .box_w = 13, .box_h = 14, .ofs_x = 0, .ofs_y = 0},
    {.bitmap_index = 37784, .adv_w = 208, .box_w = 13, .box_h = 14, .ofs_x = 0, .ofs_y = 0},
    {.bitmap_index = 37875, .adv_w = 266, .box_w = 15, .box_h = 17, .ofs_x = 1, .ofs_y = -1},
    {.bitmap_index = 38003, .adv_w = 224, .box_w = 14, .box_h = 14, .ofs_x = 0, .ofs_y = 0},
    {.bitmap_index = 38101, .adv_w = 236, .box_w = 14, .box_h = 17, .ofs_x = 1, .ofs_y = -3},
    {.bitmap_index = 38220, .adv_w = 225, .box_w = 12, .box_h = 14, .ofs_x = 1, .ofs_y = 0},
    {.bitmap_index = 38304, .adv_w = 310, .box_w = 17, .box_h = 14, .ofs_x = 1, .ofs_y = 0},
    {.bitmap_index = 38423, .adv_w = 316, .box_w = 19, .box_h = 17, .ofs_x = 1, .ofs_y = -3},
    {.bitmap_index = 38585, .adv_w = 263, .box_w = 16, .box_h = 14, .ofs_x = 0, .ofs_y = 0},
    {.bitmap_index = 38697, .adv_w = 286, .box_w = 16, .box_h = 14, .ofs_x = 1, .ofs_y = 0},
    {.bitmap_index = 38809, .adv_w = 209, .box_w = 12, .box_h = 14, .ofs_x = 1, .ofs_y = 0},
    {.bitmap_index = 38893, .adv_w = 235, .box_w = 13, .box_h = 14, .ofs_x = 1, .ofs_y = 0},
    {.bitmap_index = 38984, .adv_w = 328, .box_w = 19, .box_h = 14, .ofs_x = 1, .ofs_y = 0},
    {.bitmap_index = 39117, .adv_w = 207, .box_w = 12, .box_h = 14, .ofs_x = 0, .ofs_y = 0},
    {.bitmap_index = 39201, .adv_w = 182, .box_w = 10, .box_h = 11, .ofs_x = 0, .ofs_y = 0},
    {.bitmap_index = 39256, .adv_w = 192, .box_w = 12, .box_h = 14, .ofs_x = 0, .ofs_y = 0},
    {.bitmap_index = 39340, .adv_w = 182, .box_w = 10, .box_h = 11, .ofs_x = 1, .ofs_y = 0},
    {.bitmap_index = 39395, .adv_w = 141, .box_w = 8, .box_h = 11, .ofs_x = 1, .ofs_y = 0},
    {.bitmap_index = 39439, .adv_w = 201, .box_w = 13, .box_h = 15, .ofs_x = 0, .ofs_y = -4},
    {.bitmap_index = 39537, .adv_w = 188, .box_w = 11, .box_h = 11, .ofs_x = 0, .ofs_y = 0},
    {.bitmap_index = 39598, .adv_w = 265, .box_w = 16, .box_h = 11, .ofs_x = 0, .ofs_y = 0},
    {.bitmap_index = 39686, .adv_w = 161, .box_w = 10, .box_h = 11, .ofs_x = 0, .ofs_y = 0},
    {.bitmap_index = 39741, .adv_w = 193, .box_w = 10, .box_h = 11, .ofs_x = 1, .ofs_y = 0},
    {.bitmap_index = 39796, .adv_w = 193, .box_w = 10, .box_h = 15, .ofs_x = 1, .ofs_y = 0},
    {.bitmap_index = 39871, .adv_w = 178, .box_w = 10, .box_h = 11, .ofs_x = 1, .ofs_y = 0},
    {.bitmap_index = 39926, .adv_w = 187, .box_w = 11, .box_h = 11, .ofs_x = 0, .ofs_y = 0},
    {.bitmap_index = 39987, .adv_w = 251, .box_w = 14, .box_h = 11, .ofs_x = 1, .ofs_y = 0},
    {.bitmap_index = 40064, .adv_w = 192, .box_w = 10, .box_h = 11, .ofs_x = 1, .ofs_y = 0},
    {.bitmap_index = 40119, .adv_w = 193, .box_w = 12, .box_h = 11, .ofs_x = 0, .ofs_y = 0},
    {.bitmap_index = 40185, .adv_w = 191, .box_w = 10, .box_h = 11, .ofs_x = 1, .ofs_y = 0},
    {.bitmap_index = 40240, .adv_w = 198, .box_w = 11, .box_h = 15, .ofs_x = 1, .ofs_y = -4},
    {.bitmap_index = 40323, .adv_w = 185, .box_w = 11, .box_h = 11, .ofs_x = 0, .ofs_y = 0},
    {.bitmap_index = 40384, .adv_w = 154, .box_w = 10, .box_h = 11, .ofs_x = 0, .ofs_y = 0},
    {.bitmap_index = 40439, .adv_w = 184, .box_w = 12, .box_h = 15, .ofs_x = 0, .ofs_y = -4},
    {.bitmap_index = 40529, .adv_w = 229, .box_w = 14, .box_h = 18, .ofs_x = 0, .ofs_y = -4},
    {.bitmap_index = 40655, .adv_w = 178, .box_w = 11, .box_h = 11, .ofs_x = 0, .ofs_y = 0},
    {.bitmap_index = 40716, .adv_w = 197, .box_w = 11, .box_h = 14, .ofs_x = 1, .ofs_y = -3},
    {.bitmap_index = 40793, .adv_w = 187, .box_w = 10, .box_h = 11, .ofs_x = 1, .ofs_y = 0},
    {.bitmap_index = 40848, .adv_w = 267, .box_w = 15, .box_h = 11, .ofs_x = 1, .ofs_y = 0},
    {.bitmap_index = 40931, .adv_w = 273, .box_w = 16, .box_h = 14, .ofs_x = 1, .ofs_y = -3},
    {.bitmap_index = 41043, .adv_w = 210, .box_w = 13, .box_h = 11, .ofs_x = 0, .ofs_y = 0},
    {.bitmap_index = 41115, .adv_w = 243, .box_w = 13, .box_h = 11, .ofs_x = 1, .ofs_y = 0},
    {.bitmap_index = 41187, .adv_w = 182, .box_w = 10, .box_h = 11, .ofs_x = 1, .ofs_y = 0},
    {.bitmap_index = 41242, .adv_w = 185, .box_w = 11, .box_h = 11, .ofs_x = 0, .ofs_y = 0},
    {.bitmap_index = 41303, .adv_w = 272, .box_w = 16, .box_h = 11, .ofs_x = 1, .ofs_y = 0},
    {.bitmap_index = 41391, .adv_w = 180, .box_w = 10, .box_h = 11, .ofs_x = 0, .ofs_y = 0},
    {.bitmap_index = 41446, .adv_w = 188, .box_w = 11, .box_h = 15, .ofs_x = 0, .ofs_y = 0},
    {.bitmap_index = 41529, .adv_w = 188, .box_w = 11, .box_h = 14, .ofs_x = 0, .ofs_y = 0},
    {.bitmap_index = 41606, .adv_w = 193, .box_w = 11, .box_h = 18, .ofs_x = 0, .ofs_y = -4},
    {.bitmap_index = 41705, .adv_w = 141, .box_w = 8, .box_h = 15, .ofs_x = 1, .ofs_y = 0},
    {.bitmap_index = 41765, .adv_w = 185, .box_w = 11, .box_h = 11, .ofs_x = 0, .ofs_y = 0},
    {.bitmap_index = 41826, .adv_w = 172, .box_w = 10, .box_h = 11, .ofs_x = 0, .ofs_y = 0},
    {.bitmap_index = 41881, .adv_w = 81, .box_w = 3, .box_h = 14, .ofs_x = 1, .ofs_y = 0},
    {.bitmap_index = 41902, .adv_w = 81, .box_w = 7, .box_h = 14, .ofs_x = -1, .ofs_y = 0},
    {.bitmap_index = 41951, .adv_w = 81, .box_w = 5, .box_h = 18, .ofs_x = -1, .ofs_y = -4},
    {.bitmap_index = 41996, .adv_w = 298, .box_w = 18, .box_h = 11, .ofs_x = 0, .ofs_y = 0},
    {.bitmap_index = 42095, .adv_w = 290, .box_w = 17, .box_h = 11, .ofs_x = 1, .ofs_y = 0},
    {.bitmap_index = 42189, .adv_w = 193, .box_w = 11, .box_h = 14, .ofs_x = 0, .ofs_y = 0},
    {.bitmap_index = 42266, .adv_w = 178, .box_w = 10, .box_h = 15, .ofs_x = 1, .ofs_y = 0},
    {.bitmap_index = 42341, .adv_w = 193, .box_w = 10, .box_h = 15, .ofs_x = 1, .ofs_y = 0},
    {.bitmap_index = 42416, .adv_w = 184, .box_w = 12, .box_h = 20, .ofs_x = 0, .ofs_y = -4},
    {.bitmap_index = 42536, .adv_w = 191, .box_w = 10, .box_h = 14, .ofs_x = 1, .ofs_y = -3},
    {.bitmap_index = 42606, .adv_w = 125, .box_w = 8, .box_h = 2, .ofs_x = 0, .ofs_y = 5},
    {.bitmap_index = 42614, .adv_w = 125, .box_w = 8, .box_h = 2, .ofs_x = 0, .ofs_y = 5},
    {.bitmap_index = 42622, .adv_w = 207, .box_w = 13, .box_h = 2, .ofs_x = 0, .ofs_y = 6},
    {.bitmap_index = 42635, .adv_w = 160, .box_w = 10, .box_h = 2, .ofs_x = 0, .ofs_y = 5},
    {.bitmap_index = 42645, .adv_w = 320, .box_w = 20, .box_h = 2, .ofs_x = 0, .ofs_y = 5},
    {.bitmap_index = 42665, .adv_w = 320, .box_w = 20, .box_h = 2, .ofs_x = 0, .ofs_y = 5},
    {.bitmap_index = 42685, .adv_w = 163, .box_w = 6, .box_h = 24, .ofs_x = 2, .ofs_y = -5},
    {.bitmap_index = 42757, .adv_w = 147, .box_w = 10, .box_h = 4, .ofs_x = 0, .ofs_y = -4},
    {.bitmap_index = 42777, .adv_w = 89, .box_w = 4, .box_h = 6, .ofs_x = 1, .ofs_y = 8},
    {.bitmap_index = 42789, .adv_w = 89, .box_w = 4, .box_h = 6, .ofs_x = 1, .ofs_y = 9},
    {.bitmap_index = 42801, .adv_w = 82, .box_w = 4, .box_h = 6, .ofs_x = 1, .ofs_y = -4},
    {.bitmap_index = 42813, .adv_w = 89, .box_w = 4, .box_h = 6, .ofs_x = 0, .ofs_y = 8},
    {.bitmap_index = 42825, .adv_w = 152, .box_w = 8, .box_h = 6, .ofs_x = 1, .ofs_y = 8},
    {.bitmap_index = 42849, .adv_w = 151, .box_w = 8, .box_h = 6, .ofs_x = 1, .ofs_y = 9},
    {.bitmap_index = 42873, .adv_w = 144, .box_w = 8, .box_h = 6, .ofs_x = 1, .ofs_y = -4},
    {.bitmap_index = 42897, .adv_w = 151, .box_w = 8, .box_h = 6, .ofs_x = 0, .ofs_y = 8},
    {.bitmap_index = 42921, .adv_w = 167, .box_w = 9, .box_h = 11, .ofs_x = 1, .ofs_y = 3},
    {.bitmap_index = 42971, .adv_w = 167, .box_w = 9, .box_h = 14, .ofs_x = 1, .ofs_y = 0},
    {.bitmap_index = 43034, .adv_w = 171, .box_w = 7, .box_h = 7, .ofs_x = 2, .ofs_y = 3},
    {.bitmap_index = 43059, .adv_w = 171, .box_w = 6, .box_h = 7, .ofs_x = 3, .ofs_y = 2},
    {.bitmap_index = 43080, .adv_w = 97, .box_w = 4, .box_h = 3, .ofs_x = 1, .ofs_y = 0},
    {.bitmap_index = 43086, .adv_w = 194, .box_w = 10, .box_h = 3, .ofs_x = 1, .ofs_y = 0},
    {.bitmap_index = 43101, .adv_w = 291, .box_w = 16, .box_h = 3, .ofs_x = 1, .ofs_y = 0},
    {.bitmap_index = 43125, .adv_w = 97, .box_w = 4, .box_h = 3, .ofs_x = 1, .ofs_y = 5},
    {.bitmap_index = 43131, .adv_w = 215, .box_w = 13, .box_h = 14, .ofs_x = 0, .ofs_y = 0}
};

/*---------------------
 *  CHARACTER MAPPING
 *--------------------*/

static const uint8_t glyph_id_ofs_list_4[] = {
    0, 1, 2, 0, 0, 0, 3, 4,
    5, 6, 7, 8, 0, 0, 0, 0,
    9, 10, 11, 12, 13, 14, 15, 0,
    16
};

static const uint16_t unicode_list_7[] = {
    0x0, 0x1, 0x14, 0x15, 0x16, 0x17, 0x18, 0x19,
    0x1a, 0x1d, 0x1e
};

/*Collect the unicode lists and glyph_id offsets*/
static const lv_font_fmt_txt_cmap_t cmaps[] =
{
    {
        .range_start = 32, .range_length = 95, .glyph_id_start = 1,
        .unicode_list = NULL, .glyph_id_ofs_list = NULL, .list_length = 0, .type = LV_FONT_FMT_TXT_CMAP_FORMAT0_TINY
    },
    {
        .range_start = 160, .range_length = 13, .glyph_id_start = 96,
        .unicode_list = NULL, .glyph_id_ofs_list = NULL, .list_length = 0, .type = LV_FONT_FMT_TXT_CMAP_FORMAT0_TINY
    },
    {
        .range_start = 174, .range_length = 155, .glyph_id_start = 109,
        .unicode_list = NULL, .glyph_id_ofs_list = NULL, .list_length = 0, .type = LV_FONT_FMT_TXT_CMAP_FORMAT0_TINY
    },
    {
        .range_start = 330, .range_length = 54, .glyph_id_start = 264,
        .unicode_list = NULL, .glyph_id_ofs_list = NULL, .list_length = 0, .type = LV_FONT_FMT_TXT_CMAP_FORMAT0_TINY
    },
    {
        .range_start = 884, .range_length = 25, .glyph_id_start = 318,
        .unicode_list = NULL, .glyph_id_ofs_list = glyph_id_ofs_list_4, .list_length = 25, .type = LV_FONT_FMT_TXT_CMAP_FORMAT0_FULL
    },
    {
        .range_start = 910, .range_length = 20, .glyph_id_start = 335,
        .unicode_list = NULL, .glyph_id_ofs_list = NULL, .list_length = 0, .type = LV_FONT_FMT_TXT_CMAP_FORMAT0_TINY
    },
    {
        .range_start = 931, .range_length = 53, .glyph_id_start = 355,
        .unicode_list = NULL, .glyph_id_ofs_list = NULL, .list_length = 0, .type = LV_FONT_FMT_TXT_CMAP_FORMAT0_TINY
    },
    {
        .range_start = 988, .range_length = 31, .glyph_id_start = 408,
        .unicode_list = unicode_list_7, .glyph_id_ofs_list = NULL, .list_length = 11, .type = LV_FONT_FMT_TXT_CMAP_SPARSE_TINY
    },
    {
        .range_start = 1020, .range_length = 100, .glyph_id_start = 419,
        .unicode_list = NULL, .glyph_id_ofs_list = NULL, .list_length = 0, .type = LV_FONT_FMT_TXT_CMAP_FORMAT0_TINY
    },
    {
        .range_start = 8208, .range_length = 24, .glyph_id_start = 519,
        .unicode_list = NULL, .glyph_id_ofs_list = NULL, .list_length = 0, .type = LV_FONT_FMT_TXT_CMAP_FORMAT0_TINY
    },
    {
        .range_start = 8364, .range_length = 1, .glyph_id_start = 543,
        .unicode_list = NULL, .glyph_id_ofs_list = NULL, .list_length = 0, .type = LV_FONT_FMT_TXT_CMAP_FORMAT0_TINY
    }
};

/*-----------------
 *    KERNING
 *----------------*/


/*Map glyph_ids to kern left classes*/
static const uint8_t kern_left_class_mapping[] =
{
    0, 0, 0, 1, 0, 2, 3, 4,
    1, 5, 6, 7, 8, 9, 8, 9,
    10, 11, 12, 13, 14, 15, 16, 17,
    18, 14, 11, 19, 19, 0, 20, 21,
    22, 23, 0, 0, 0, 0, 0, 0,
    0, 0, 0, 0, 0, 0, 0, 0,
    0, 0, 0, 0, 0, 0, 0, 0,
    0, 0, 0, 0, 5, 24, 6, 7,
    25, 0, 0, 0, 0, 0, 0, 0,
    0, 0, 0, 0, 0, 0, 0, 0,
    0, 0, 0, 0, 0, 0, 0, 0,
    0, 0, 0, 0, 5, 12, 6, 8,
    0, 26, 27, 0, 0, 0, 0, 0,
    0, 23, 0, 28, 0, 29, 0, 7,
    20, 0, 0, 0, 30, 12, 31, 0,
    0, 0, 32, 0, 0, 0, 33, 0,
    0, 0, 0, 0, 0, 0, 0, 0,
    0, 0, 0, 0, 0, 0, 0, 0,
    0, 0, 0, 0, 0, 0, 34, 0,
    0, 0, 0, 0, 0, 0, 0, 0,
    0, 0, 0, 0, 0, 0, 0, 0,
    0, 0, 0, 0, 0, 0, 0, 0,
    0, 0, 0, 0, 0, 0, 8, 0,
    0, 0, 0, 0, 0, 0, 0, 0,
    0, 0, 0, 0, 0, 0, 0, 0,
    0, 0, 0, 0, 0, 0, 0, 0,
    0, 0, 0, 0, 0, 0, 0, 0,
    0, 0, 0, 0, 0, 0, 0, 0,
    0, 0, 0, 0, 0, 0, 0, 0,
    0, 0, 0, 0, 0, 0, 0, 0,
    0, 0, 0, 0, 0, 0, 0, 0,
    0, 0, 0, 0, 0, 0, 0, 0,
    0, 0, 0, 0, 0, 0, 0, 0,
    0, 0, 0, 0, 0, 0, 0, 0,
    0, 0, 0, 0, 0, 0, 0, 0,
    0, 0, 0, 0, 0, 0, 0, 0,
    0, 0, 0, 0, 0, 0, 0, 0,
    0, 0, 0, 0, 0, 0, 0, 0,
    0, 0, 0, 0, 0, 0, 0, 0,
    0, 0, 0, 0, 0, 0, 0, 0,
    0, 0, 0, 0, 0, 0, 0, 0,
    0, 0, 1, 0, 0, 0, 0, 0,
    0, 0, 0, 0, 0, 35, 0, 0,
    0, 0, 0, 0, 0, 0, 0, 0,
    0, 0, 0, 0, 0, 0, 0, 0,
    0, 0, 0, 0, 0, 0, 0, 0,
    0, 0, 0, 0, 0, 0, 0, 0,
    0, 0, 0, 0, 0, 0, 0, 0,
    0, 0, 0, 0, 0, 0, 0, 0,
    0, 0, 0, 0, 0, 0, 0, 0,
    0, 0, 0, 0, 0, 0, 0, 0,
    0, 0, 0, 0, 0, 0, 0, 0,
    0, 0, 0, 0, 0, 0, 0, 0,
    0, 0, 0, 0, 0, 0, 0, 0,
    0, 0, 0, 0, 0, 0, 0, 0,
    0, 0, 0, 0, 0, 0, 0, 0,
    0, 0, 0, 0, 0, 0, 0, 0,
    0, 0, 0, 0, 0, 0, 0, 0,
    0, 0, 0, 0, 0, 0, 0, 0,
    0, 0, 0, 0, 0, 0, 0, 0,
    0, 0, 0, 0, 0, 0, 0, 0,
    0, 0, 0, 0, 0, 0, 0, 0,
    0, 0, 0, 0, 0, 0, 0, 0,
    0, 0, 0, 0, 0, 0, 0, 0,
    0, 0, 0, 0, 0, 0, 0, 0,
    0, 0, 0, 0, 0, 0, 0, 36,
    37, 38, 0, 36, 37, 38, 0, 39,
    39, 34, 34, 0, 0, 40, 0, 0
};

/*Map glyph_ids to kern right classes*/
static const uint8_t kern_right_class_mapping[] =
{
    0, 1, 2, 3, 4, 5, 0, 6,
    3, 0, 7, 8, 9, 10, 9, 10,
    11, 12, 13, 14, 15, 16, 17, 12,
    18, 19, 20, 21, 21, 22, 23, 0,
    24, 25, 0, 0, 0, 0, 0, 0,
    0, 0, 0, 0, 0, 0, 0, 0,
    0, 0, 0, 0, 0, 0, 0, 0,
    0, 0, 0, 0, 0, 26, 7, 8,
    27, 0, 0, 0, 0, 0, 0, 0,
    0, 0, 0, 0, 0, 0, 0, 0,
    0, 0, 0, 0, 0, 0, 0, 0,
    0, 0, 0, 0, 0, 28, 7, 29,
    0, 0, 30, 0, 0, 0, 0, 0,
    0, 25, 0, 31, 32, 33, 0, 8,
    23, 0, 0, 0, 34, 35, 9, 0,
    0, 0, 36, 0, 0, 0, 37, 0,
    0, 0, 0, 0, 0, 0, 0, 0,
    0, 0, 0, 0, 0, 0, 0, 0,
    0, 0, 0, 0, 0, 0, 36, 0,
    0, 0, 0, 0, 0, 0, 0, 0,
    0, 0, 0, 0, 0, 0, 0, 0,
    0, 0, 0, 0, 0, 0, 0, 0,
    0, 0, 0, 0, 0, 0, 9, 0,
    0, 0, 0, 0, 0, 0, 0, 0,
    0, 0, 0, 0, 0, 0, 0, 0,
    0, 0, 0, 0, 0, 0, 0, 0,
    0, 0, 0, 0, 0, 0, 0, 0,
    0, 0, 0, 0, 0, 0, 0, 0,
    0, 0, 0, 0, 0, 0, 0, 0,
    0, 0, 0, 0, 0, 0, 0, 0,
    0, 0, 0, 0, 0, 0, 0, 0,
    0, 0, 0, 0, 0, 0, 0, 0,
    0, 0, 0, 0, 0, 0, 0, 0,
    0, 0, 0, 0, 0, 0, 0, 0,
    0, 0, 0, 0, 0, 0, 0, 0,
    0, 0, 0, 0, 0, 0, 0, 0,
    0, 0, 0, 0, 0, 0, 0, 0,
    0, 0, 0, 0, 0, 0, 0, 0,
    0, 0, 0, 0, 0, 0, 0, 0,
    0, 0, 0, 0, 0, 0, 0, 0,
    0, 0, 0, 0, 0, 0, 0, 0,
    0, 0, 3, 0, 0, 0, 0, 0,
    0, 0, 0, 0, 0, 38, 0, 0,
    0, 0, 0, 0, 0, 0, 0, 0,
    0, 0, 0, 0, 0, 0, 0, 0,
    0, 0, 0, 0, 0, 0, 0, 0,
    0, 0, 0, 0, 0, 0, 0, 0,
    0, 0, 0, 0, 0, 0, 0, 0,
    0, 0, 0, 0, 0, 0, 0, 0,
    0, 0, 0, 0, 0, 0, 0, 0,
    0, 0, 0, 0, 0, 0, 0, 0,
    0, 0, 0, 0, 0, 0, 0, 0,
    0, 0, 0, 0, 0, 0, 0, 0,
    0, 0, 0, 0, 0, 0, 0, 0,
    0, 0, 0, 0, 0, 0, 0, 0,
    0, 0, 0, 0, 0, 0, 0, 0,
    0, 0, 0, 0, 0, 0, 0, 0,
    0, 0, 0, 0, 0, 0, 0, 0,
    0, 0, 0, 0, 0, 0, 0, 0,
    0, 0, 0, 0, 0, 0, 0, 0,
    0, 0, 0, 0, 0, 0, 0, 0,
    0, 0, 0, 0, 0, 0, 0, 0,
    0, 0, 0, 0, 0, 0, 0, 0,
    0, 0, 0, 0, 0, 0, 0, 0,
    0, 0, 0, 0, 0, 0, 0, 0,
    0, 0, 0, 0, 0, 0, 0, 39,
    40, 41, 42, 39, 40, 41, 43, 44,
    44, 36, 36, 0, 0, 10, 0, 0
};

/*Kern values between classes*/
static const int8_t kern_class_values[] =
{
    0, 0, 0, 0, 0, -11, 0, 0,
    0, -27, 0, 0, 0, 0, 0, -20,
    0, 0, 0, 0, 0, 0, 0, 0,
    0, 0, 0, 0, 0, -5, 0, 0,
    0, 0, 0, 0, 0, -25, 0, 0,
    0, 0, 0, 0, 0, 0, 0, 0,
    0, 0, 0, 0, 0, 0, 0, 0,
    0, 0, 0, 0, 0, 0, 0, 0,
    0, 0, 0, 0, 0, 0, 0, 0,
    0, 0, 0, 0, 0, 0, 0, 0,
    0, -2, 0, 0, 0, 0, 0, 0,
    0, 0, 0, 0, 0, 0, 0, 0,
    0, 0, 0, 0, 0, 0, 0, 0,
    0, 0, 0, 0, 0, 0, 0, 0,
    0, 0, 0, 0, 0, 0, 0, 0,
    0, 0, 0, 0, 0, 0, -20, -22,
    0, 0, 0, 0, 0, 0, -11, 0,
    0, 0, 0, 0, 0, 0, 0, 0,
    0, 0, 0, 0, 0, 0, 0, 0,
    0, 0, 0, 0, 0, -20, 0, 0,
    0, 0, 0, 0, -7, 0, 0, 0,
    0, 0, -29, 0, 0, 0, 0, -13,
    0, 0, 0, 0, 0, 0, 0, 0,
    0, 0, 0, 0, 0, 0, 0, 0,
    0, 0, 0, 0, 0, 0, 0, 0,
    0, 0, 0, 2, 0, -3, 0, 0,
    0, 0, 0, 0, 0, 0, 0, 0,
    0, 0, 0, 0, 0, 0, 0, 0,
    0, 0, 0, 0, 0, 0, 0, 0,
    0, 0, 0, 0, 0, 0, 0, 0,
    0, 0, 0, 0, 0, 0, 0, 0,
    0, 0, 0, 0, 0, 0, 0, 0,
    0, 0, -11, 0, 0, 0, 0, 0,
    0, 0, 0, 0, 0, -11, 0, 0,
    0, -44, 0, 0, 0, 0, 0, -15,
    0, 0, 0, 0, 0, 0, 0, 0,
    -4, 0, -22, 0, 0, 0, 0, 0,
    0, 0, 0, 0, 0, -27, 0, 0,
    0, 0, 0, 0, 0, 0, 0, 0,
    0, 0, 0, 0, 0, 0, 0, 0,
    0, -10, -3, 0, 0, -8, 0, 0,
    0, 0, 0, 0, 0, -16, 0, 0,
    0, 0, 0, 0, 0, 0, -4, 0,
    0, -11, -16, 0, 0, 0, 0, 0,
    -3, -1, -28, 0, 0, 0, 0, 0,
    0, 0, 0, -9, -28, 0, -8, 0,
    -4, -6, -8, -3, 0, 0, 0, -28,
    -14, 0, 0, 0, 0, 0, 0, 0,
    0, 0, -16, 0, 0, 0, 0, -22,
    0, -44, -44, 0, 0, 0, 0, 0,
    0, 0, 0, 0, 0, -13, 0, 0,
    0, 0, 0, 0, 0, 0, 0, 0,
    0, 0, 0, 0, 0, 1, 0, 0,
    0, 0, 0, 0, 0, 0, 0, 0,
    0, -8, 0, 0, 0, 0, 0, 0,
    0, 0, 0, 0, 0, 0, 0, 0,
    0, -9, 0, 0, 0, 0, 0, 0,
    0, -6, 0, 0, 0, 0, 0, 0,
    0, -5, -15, 0, 0, 0, 0, 0,
    0, 0, 0, 0, 0, 0, -15, 0,
    -16, 0, 0, 0, 0, 0, 0, 0,
    0, 0, 2, 0, 0, 0, 0, 0,
    0, 0, 0, 0, 0, 0, 0, 0,
    0, 0, 0, 0, 0, 0, 2, 0,
    0, 0, 0, 0, 0, 0, 0, 0,
    0, 0, 0, 0, 0, 0, 0, 0,
    0, 0, 0, 0, 0, 0, 0, 0,
    0, 0, 0, 0, 0, 0, 0, -5,
    0, 0, 0, 0, 0, 0, 0, 0,
    0, 0, 0, 0, 0, 0, 0, 0,
    0, 0, 0, 0, 0, 0, 0, 0,
    0, 0, 0, 0, 0, 0, 0, 0,
    0, 0, 0, -4, 0, -7, 0, 0,
    0, 0, 0, 0, 0, 0, 0, 0,
    0, 0, 0, 0, 0, 0, 0, 0,
    0, 0, -11, 0, 0, 0, 0, 0,
    0, 0, 0, 0, -16, 0, 0, 0,
    0, 0, 0, 0, 0, 0, 0, -8,
    0, -11, 0, 0, -8, 0, 0, 0,
    0, 0, 0, 0, 0, 0, 0, 0,
    0, 0, 0, 0, 0, 0, 0, 0,
    -2, 0, -13, 0, 0, 0, 0, 0,
    0, 0, 0, 0, 0, 0, 0, 0,
    0, 0, 0, -1, 0, -8, 0, 0,
    0, 0, 0, 0, 0, 0, 0, 0,
    0, 0, 0, 0, 0, 0, 0, 0,
    0, 0, 0, 0, -2, 0, 0, 0,
    0, 0, 0, 0, 0, 0, 0, 0,
    0, 0, 0, 0, 0, 0, 0, 0,
    0, -10, 0, 0, 0, 0, 0, 0,
    0, 0, 0, 0, 0, 0, 0, 0,
    0, 0, -15, 0, 0, 0, 0, 0,
    0, 0, 0, 0, 0, 0, 0, 0,
    -15, 0, 0, 0, 0, 0, 0, -18,
    0, -15, 0, 0, 0, -40, 0, -5,
    0, 0, -5, -19, -3, 6, -5, -3,
    -11, -29, 0, 0, 0, 0, -51, 0,
    0, -16, -20, 0, 0, 0, 0, 0,
    0, -35, 0, 0, -45, 0, 0, 0,
    0, 0, 0, 0, 0, 0, 0, 0,
    0, 0, 0, 0, 0, 0, 0, 0,
    0, 0, 0, 0, 0, 0, 0, 0,
    0, -20, 0, 0, 0, 0, 0, 0,
    0, 0, 0, 0, 0, 0, -15, 0,
    0, 0, 0, 0, 0, 0, 0, 0,
    0, 0, 0, 0, 0, 0, 0, 0,
    0, 0, 0, 0, 0, 0, 0, 0,
    0, 0, 0, 0, 0, -22, 0, 0,
    0, 0, 0, 0, 0, 0, 0, 0,
    0, -16, -18, 0, 0, 0, 0, 0,
    0, 0, 0, 0, 0, 0, 0, 0,
    0, 0, 0, 0, 0, 0, 0, 0,
    0, -24, 0, 0, 0, 0, 0, 0,
    0, -24, 0, 0, 0, 0, 0, 0,
    0, 0, 0, 0, 0, -4, -31, 0,
    0, 0, 0, 0, 0, 0, 0, 0,
    0, 0, 0, 0, 0, 0, 0, 0,
    0, 0, 0, 0, 0, 0, 0, 0,
    0, 0, 0, 0, 0, 0, 0, 0,
    0, 0, 0, 0, 0, 0, 0, 0,
    0, -20, 0, 0, 0, 0, 0, 0,
    0, 0, 0, 0, 0, 0, 0, 0,
    0, -14, -13, 0, 0, 0, 0, 0,
    0, 0, 0, 0, 0, 0, 0, 0,
    0, -11, -13, 0, 0, 0, 0, 0,
    -2, 0, 0, 0, 0, -12, -11, 0,
    -13, 0, 0, 0, 0, 0, -25, 0,
    -2, 0, 0, -27, -11, 0, 5, 0,
    -12, 0, 0, 0, 0, 0, 0, 0,
    0, -4, -16, -20, -12, -16, 0, 0,
    -11, -2, -11, -11, -23, 0, -16, -11,
    0, 5, -14, -18, 0, 0, 0, -24,
    0, 0, 0, 0, 0, 0, 0, -22,
    0, 0, 0, -15, -35, 0, -15, -18,
    -15, 0, -15, -15, 0, 0, 0, 0,
    -13, -25, 0, 11, 0, 0, 0, 0,
    0, 0, -15, 0, 0, 0, -13, 0,
    0, 0, 0, 0, 0, 0, 0, 0,
    0, 0, 0, 0, 0, 0, 0, 0,
    0, 0, 0, 0, 0, 0, 0, 0,
    0, 0, 0, 0, 0, -11, 0, 0,
    0, 0, 0, 0, 0, 0, 0, 0,
    0, 0, -11, 0, 0, 0, 0, 0,
    0, 0, -5, 0, 0, 0, -4, 0,
    0, 0, 0, 0, -11, 0, 0, 0,
    0, 0, 0, 0, 0, 0, 0, 0,
    0, -17, 0, 0, 0, 0, 0, 0,
    -4, 0, 0, 0, 0, -11, -20, -7,
    0, 0, 0, -11, 0, 0, 0, 0,
    0, 0, 0, 0, 0, 0, 0, 0,
    0, 0, 0, 0, 0, 0, 0, 0,
    0, 0, 0, 0, 0, 0, 0, 0,
    0, 0, 0, 0, 0, 0, 0, 0,
    0, -11, 0, 0, 0, 0, 0, 0,
    0, 0, 0, 0, 0, -11, 0, 0,
    0, 0, 0, 0, 0, 0, 0, -16,
    0, 0, 0, 0, 0, 0, 0, 0,
    -2, 0, 0, 0, 0, -9, 0, 0,
    0, 0, 0, 0, 0, -23, 0, 0,
    0, 0, 0, 0, 0, 0, 0, 0,
    0, 0, 0, 0, -12, 0, -11, 0,
    0, 0, 0, 0, 0, 0, 0, 0,
    0, -13, 0, 0, 0, 0, -11, 0,
    -12, 0, 0, -11, 0, 0, 0, 0,
    0, 0, -16, 5, 0, 0, 0, 0,
    0, 0, 0, 0, 0, 0, 0, 0,
    0, 0, 0, 0, 0, -10, -3, 0,
    0, -8, 0, 0, 0, 0, 0, 0,
    0, -13, 0, 0, 0, 0, 0, 0,
    0, 0, -4, 0, 0, -11, -16, 0,
    0, 0, 0, 0, 0, 0, 0, 0,
    0, 0, 0, 0, 0, 0, 0, 0,
    -13, -16, -15, 0, 0, -16, -11, 0,
    0, 0, 0, 0, 0, -20, 0, 0,
    0, 0, 0, 0, 0, 0, 0, 0,
    0, -11, -27, 0, 0, 0, 0, 0,
    0, 0, 0, 0, 0, 0, 0, 0,
    0, 0, 0, 0, 0, 0, 0, 0,
    0, 0, 0, 0, 0, 0, 0, 0,
    0, -29, 0, 0, 0, 0, 0, 0,
    0, 0, 0, 0, 0, 0, -20, -11,
    0, 0, 0, 0, 0, 0, 0, 0,
    0, 0, 0, 0, 0, 0, 0, 0,
    0, 0, 0, 0, 0, 0, 0, 0,
    0, 0, 0, 0, 0, -13, 0, 0,
    0, 0, 0, 0, 0, 0, 0, 0,
    0, -11, 0, 0, 0, 0, 0, 0,
    0, 0, -25, 0, -2, 0, 0, -27,
    -11, 0, 5, 0, -12, 0, 0, 0,
    0, 0, 0, 0, 0, -4, -16, -20,
    -12, -23, 0, 0, -11, -2, -11, -11,
    -23, 0, -16, -11, 0, 5, -42, -33,
    0, 0, 0, -24, 0, 0, 0, 0,
    0, -20, 0, 0, 0, -30, -31, 0,
    0, 0, 0, -20, 0, 0, 0, 0,
    0, 0, 0, 0, 0, 0, 0, 0,
    0, -12, 0, 0, 0, 0, 0, 0,
    -20, -31, 0, 0, -24, 0, 0, 0,
    0, 0, 0, -40, 0, -22, 0, 0,
    -19, -35, -45, -15, 0, 0, 0, -31,
    0, -20, -13, 0, -18, -31, -18, 0,
    -18, 0, -13, 0, -15, -20, -27, -19,
    0, -15, -4, 0, -22, -44, 0, 0,
    0, 0, 0, 0, 0, 0, 0, 0,
    0, 0, 0, 0, 0, 0, 0, 0,
    -22, 0, 0, 0, 0, 0, 0, 0,
    0, 0, 0, 0, -12, -29, 0, 0,
    0, 0, 0, 0, 0, 0, 0, 0,
    0, 0, -40, -31, 0, 0, 0, 0,
    0, 0, 0, 0, 0, -13, 0, 0,
    0, 0, 0, 0, 0, 0, 0, 0,
    0, 0, 0, 0, 0, 0, 0, 0,
    0, 0, 0, 0, 0, -11, 0, 0,
    0, 0, 0, 0, 0, -24, 0, 0,
    0, 0, 0, 0, -3, -1, -28, 0,
    0, 0, 0, 0, 0, 0, 0, -9,
    -28, 0, -8, 0, -4, -6, -8, -3,
    0, 0, 0, -28, -14, 0, 0, 0,
    0, 0, 0, 0, 0, 0, -16, 0,
    0, 0, 0, -22, 0, -44, -58, 0
};


/*Collect the kern class' data in one place*/
static const lv_font_fmt_txt_kern_classes_t kern_classes =
{
    .class_pair_values   = kern_class_values,
    .left_class_mapping  = kern_left_class_mapping,
    .right_class_mapping = kern_right_class_mapping,
    .left_class_cnt      = 40,
    .right_class_cnt     = 44,
};

/*--------------------
 *  ALL CUSTOM DATA
 *--------------------*/

#if LVGL_VERSION_MAJOR == 8
/*Store all the custom data of the font*/
static  lv_font_fmt_txt_glyph_cache_t cache;
#endif

#if LVGL_VERSION_MAJOR >= 8
static const lv_font_fmt_txt_dsc_t font_dsc = {
#else
static lv_font_fmt_txt_dsc_t font_dsc = {
#endif
    .glyph_bitmap = glyph_bitmap,
    .glyph_dsc = glyph_dsc,
    .cmaps = cmaps,
    .kern_dsc = &kern_classes,
    .kern_scale = 16,
    .cmap_num = 11,
    .bpp = 4,
    .kern_classes = 1,
    .bitmap_format = 0,
#if LVGL_VERSION_MAJOR == 8
    .cache = &cache
#endif
};

extern const lv_font_t lv_font_montserrat_20;


/*-----------------
 *  PUBLIC FONT
 *----------------*/

/*Initialize a public general font descriptor*/
#if LVGL_VERSION_MAJOR >= 8
const lv_font_t owl_font_20 = {
#else
lv_font_t owl_font_20 = {
#endif
    .get_glyph_dsc = lv_font_get_glyph_dsc_fmt_txt,    /*Function pointer to get glyph's data*/
    .get_glyph_bitmap = lv_font_get_bitmap_fmt_txt,    /*Function pointer to get glyph's bitmap*/
    .line_height = 26,          /*The maximum line height required by the font*/
    .base_line = 5,             /*Baseline measured from the bottom of the line*/
#if !(LVGL_VERSION_MAJOR == 6 && LVGL_VERSION_MINOR == 0)
    .subpx = LV_FONT_SUBPX_NONE,
#endif
#if LV_VERSION_CHECK(7, 4, 0) || LVGL_VERSION_MAJOR >= 8
    .underline_position = -3,
    .underline_thickness = 2,
#endif
    .dsc = &font_dsc,          /*The custom font data. Will be accessed by `get_glyph_bitmap/dsc` */
#if LV_VERSION_CHECK(8, 2, 0) || LVGL_VERSION_MAJOR >= 9
    .fallback = &lv_font_montserrat_20,
#endif
    .user_data = NULL,
};



#endif /*#if OWL_FONT_20*/

